timestamp,rainfall_intensity,water_level,rate_of_rise,rainfall_change,water_level_change,rolling_rainfall_3h,rolling_water_level_trend,temperature,scenario,flood_risk
2026-07-15T00:10:00,1.94,1.203,0.0174,-0.06,0.0029,1.99,0.003,23.1,normal,LOW
2026-07-15T00:20:00,3.76,1.196,-0.0426,1.82,-0.0071,2.14,-0.004,23.2,normal,LOW
2026-07-15T00:30:00,3.16,1.178,-0.105,-0.6,-0.0175,2.22,-0.022,22.3,normal,LOW
2026-07-15T00:40:00,3.7,1.162,-0.0942,0.54,-0.0157,2.33,-0.038,23.2,normal,LOW
2026-07-15T00:50:00,3.31,1.124,-0.228,-0.39,-0.038,2.39,-0.076,23.0,normal,LOW
2026-07-15T01:00:00,4.18,1.125,0.0036,0.87,0.0006,2.5,-0.075,23.2,normal,LOW
2026-07-15T01:10:00,4.5,1.156,0.189,0.32,0.0315,2.62,-0.044,23.3,normal,LOW
2026-07-15T01:20:00,4.34,1.165,0.051,-0.16,0.0085,2.72,-0.035,23.0,normal,LOW
2026-07-15T01:30:00,3.44,1.178,0.0768,-0.9,0.0128,2.8,-0.022,23.0,normal,LOW
2026-07-15T01:40:00,4.55,1.159,-0.1152,1.11,-0.0192,2.94,-0.041,23.4,normal,LOW
2026-07-15T01:50:00,6.07,1.191,0.192,1.53,0.032,3.16,-0.009,23.1,normal,LOW
2026-07-15T02:00:00,4.72,1.188,-0.015,-1.36,-0.0025,3.32,-0.012,23.8,normal,LOW
2026-07-15T02:10:00,3.88,1.195,0.0408,-0.83,0.0068,3.42,-0.005,23.7,normal,LOW
2026-07-15T02:20:00,5.3,1.186,-0.0516,1.42,-0.0086,3.6,-0.014,23.4,normal,LOW
2026-07-15T02:30:00,5.56,1.218,0.1914,0.26,0.0319,3.8,0.018,23.5,normal,LOW
2026-07-15T02:40:00,5.02,1.239,0.1272,-0.54,0.0212,3.97,0.039,24.0,normal,LOW
2026-07-15T02:50:00,5.63,1.243,0.0198,0.61,0.0033,4.17,0.043,24.0,normal,LOW
2026-07-15T03:00:00,6.25,1.249,0.0348,0.62,0.0058,4.41,0.046,24.2,normal,LOW
2026-07-15T03:10:00,6.05,1.253,0.0246,-0.19,0.0041,4.63,0.057,23.3,normal,LOW
2026-07-15T03:20:00,6.58,1.255,0.0138,0.53,0.0023,4.79,0.077,23.9,normal,LOW
2026-07-15T03:30:00,5.86,1.274,0.1134,-0.73,0.0189,4.94,0.111,23.8,normal,LOW
2026-07-15T03:40:00,4.86,1.291,0.1026,-1.0,0.0171,5.01,0.166,24.0,normal,LOW
2026-07-15T03:50:00,6.5,1.297,0.0366,1.64,0.0061,5.18,0.172,23.8,normal,LOW
2026-07-15T04:00:00,5.8,1.289,-0.0492,-0.7,-0.0082,5.27,0.132,23.5,normal,LOW
2026-07-15T04:10:00,5.28,1.294,0.0336,-0.52,0.0056,5.32,0.129,23.9,normal,LOW
2026-07-15T04:20:00,4.89,1.288,-0.0384,-0.39,-0.0064,5.35,0.11,24.1,normal,LOW
2026-07-15T04:30:00,4.68,1.313,0.1494,-0.2,0.0249,5.42,0.154,24.1,normal,LOW
2026-07-15T04:40:00,3.63,1.305,-0.048,-1.05,-0.008,5.37,0.114,24.8,normal,LOW
2026-07-15T04:50:00,3.27,1.29,-0.0888,-0.36,-0.0148,5.21,0.102,24.0,normal,LOW
2026-07-15T05:00:00,3.58,1.306,0.0948,0.31,0.0158,5.15,0.111,24.4,normal,LOW
2026-07-15T05:10:00,3.03,1.323,0.1032,-0.55,0.0172,5.1,0.137,24.6,normal,LOW
2026-07-15T05:20:00,4.41,1.296,-0.1644,1.38,-0.0274,5.05,0.078,24.1,normal,LOW
2026-07-15T05:30:00,4.48,1.309,0.0768,0.07,0.0128,4.99,0.069,24.3,normal,LOW
2026-07-15T05:40:00,3.94,1.28,-0.174,-0.53,-0.029,4.93,0.037,24.5,normal,LOW
2026-07-15T05:50:00,5.12,1.275,-0.0246,1.18,-0.0041,4.9,0.027,24.2,normal,LOW
2026-07-15T06:00:00,3.93,1.287,0.0708,-1.19,0.0118,4.77,0.035,24.0,normal,LOW
2026-07-15T06:10:00,5.79,1.339,0.3078,1.86,0.0513,4.76,0.084,24.3,normal,LOW
2026-07-15T06:20:00,6.68,1.342,0.0216,0.89,0.0036,4.76,0.068,24.7,normal,LOW
2026-07-15T06:30:00,6.81,1.323,-0.1134,0.13,-0.0189,4.82,0.032,24.7,normal,LOW
2026-07-15T06:40:00,6.26,1.328,0.0264,-0.55,0.0044,4.89,0.031,24.3,normal,LOW
2026-07-15T06:50:00,5.1,1.298,-0.1806,-1.15,-0.0301,4.82,0.009,24.9,normal,LOW
2026-07-15T07:00:00,5.28,1.276,-0.1296,0.18,-0.0216,4.79,-0.018,24.9,normal,LOW
2026-07-15T07:10:00,5.39,1.302,0.1542,0.11,0.0257,4.79,0.014,24.8,normal,LOW
2026-07-15T07:20:00,6.15,1.297,-0.0276,0.76,-0.0046,4.86,-0.016,24.5,normal,LOW
2026-07-15T07:30:00,5.99,1.293,-0.027,-0.15,-0.0045,4.94,-0.012,25.1,normal,LOW
2026-07-15T07:40:00,6.27,1.289,-0.0222,0.28,-0.0037,5.08,-0.001,25.6,normal,LOW
2026-07-15T07:50:00,5.0,1.306,0.1038,-1.27,0.0173,5.18,0.0,24.8,normal,LOW
2026-07-15T08:00:00,4.36,1.296,-0.0636,-0.64,-0.0106,5.22,-0.027,25.0,normal,LOW
2026-07-15T08:10:00,3.46,1.303,0.0408,-0.9,0.0068,5.25,0.007,24.7,normal,LOW
2026-07-15T08:20:00,4.08,1.287,-0.0936,0.62,-0.0156,5.23,-0.022,25.1,normal,LOW
2026-07-15T08:30:00,4.03,1.284,-0.0204,-0.05,-0.0034,5.2,0.004,25.1,normal,LOW
2026-07-15T08:40:00,4.34,1.281,-0.0162,0.31,-0.0027,5.22,0.005,24.6,normal,LOW
2026-07-15T08:50:00,6.01,1.304,0.1398,1.67,0.0233,5.27,0.017,24.7,normal,LOW
2026-07-15T09:00:00,6.2,1.315,0.0636,0.19,0.0106,5.4,-0.024,25.2,normal,LOW
2026-07-15T09:10:00,7.06,1.334,0.117,0.85,0.0195,5.47,-0.008,25.5,normal,LOW
2026-07-15T09:20:00,7.21,1.354,0.1182,0.15,0.0197,5.5,0.03,25.3,normal,LOW
2026-07-15T09:30:00,7.33,1.323,-0.186,0.12,-0.031,5.53,-0.005,25.2,normal,LOW
2026-07-15T09:40:00,5.52,1.365,0.2544,-1.81,0.0424,5.49,0.068,24.6,normal,LOW
2026-07-15T09:50:00,4.9,1.357,-0.0516,-0.62,-0.0086,5.48,0.081,24.9,normal,LOW
2026-07-15T10:00:00,5.0,1.333,-0.1398,0.11,-0.0233,5.46,0.032,25.4,normal,LOW
2026-07-15T10:10:00,6.69,1.369,0.2148,1.69,0.0358,5.53,0.072,25.6,normal,LOW
2026-07-15T10:20:00,8.11,1.329,-0.2424,1.42,-0.0404,5.64,0.036,25.3,normal,LOW
2026-07-15T10:30:00,8.17,1.3,-0.174,0.06,-0.029,5.76,0.011,25.0,normal,LOW
2026-07-15T10:40:00,7.79,1.296,-0.021,-0.39,-0.0035,5.85,-0.01,25.1,normal,LOW
2026-07-15T10:50:00,8.02,1.329,0.1944,0.23,0.0324,6.02,0.033,25.4,normal,LOW
2026-07-15T11:00:00,8.71,1.304,-0.1452,0.69,-0.0242,6.26,0.002,25.2,normal,LOW
2026-07-15T11:10:00,7.7,1.347,0.2562,-1.01,0.0427,6.49,0.06,25.4,normal,LOW
2026-07-15T11:20:00,6.83,1.34,-0.042,-0.87,-0.007,6.65,0.057,25.0,normal,LOW
2026-07-15T11:30:00,7.19,1.367,0.1584,0.36,0.0264,6.82,0.086,25.4,normal,LOW
2026-07-15T11:40:00,7.02,1.387,0.12,-0.17,0.02,6.97,0.083,25.5,normal,LOW
2026-07-15T11:50:00,7.1,1.383,-0.0228,0.07,-0.0038,7.03,0.068,25.7,normal,LOW
2026-07-15T12:00:00,7.12,1.41,0.1632,0.02,0.0272,7.08,0.076,25.1,normal,LOW
2026-07-15T12:10:00,7.14,1.404,-0.0348,0.02,-0.0058,7.09,0.05,25.7,normal,LOW
2026-07-15T12:20:00,7.83,1.406,0.0078,0.69,0.0013,7.12,0.083,25.4,normal,LOW
2026-07-15T12:30:00,6.88,1.389,-0.1014,-0.95,-0.0169,7.1,0.023,25.4,normal,LOW
2026-07-15T12:40:00,7.0,1.401,0.075,0.12,0.0125,7.18,0.044,25.7,normal,LOW
2026-07-15T12:50:00,7.05,1.412,0.0654,0.05,0.0109,7.3,0.079,25.8,normal,LOW
2026-07-15T13:00:00,7.22,1.404,-0.0456,0.17,-0.0076,7.42,0.035,25.7,normal,LOW
2026-07-15T13:10:00,6.33,1.418,0.0834,-0.89,0.0139,7.4,0.09,26.1,normal,LOW
2026-07-15T13:20:00,6.66,1.435,0.099,0.32,0.0165,7.32,0.135,25.7,normal,LOW
2026-07-15T13:30:00,5.98,1.438,0.021,-0.68,0.0035,7.2,0.142,25.6,normal,LOW
2026-07-15T13:40:00,6.75,1.429,-0.0564,0.78,-0.0094,7.14,0.1,25.9,normal,LOW
2026-07-15T13:50:00,6.02,1.407,-0.1308,-0.73,-0.0218,7.03,0.103,26.1,normal,LOW
2026-07-15T14:00:00,6.03,1.409,0.0108,0.0,0.0018,6.88,0.062,25.9,normal,LOW
2026-07-15T14:10:00,4.69,1.394,-0.0924,-1.34,-0.0154,6.71,0.053,25.1,normal,LOW
2026-07-15T14:20:00,6.77,1.37,-0.1398,2.08,-0.0233,6.71,0.004,25.7,normal,LOW
2026-07-15T14:30:00,6.06,1.391,0.1218,-0.7,0.0203,6.65,0.004,25.7,normal,LOW
2026-07-15T14:40:00,6.93,1.375,-0.0924,0.86,-0.0154,6.64,-0.008,25.9,normal,LOW
2026-07-15T14:50:00,6.32,1.359,-0.096,-0.6,-0.016,6.6,-0.051,25.6,normal,LOW
2026-07-15T15:00:00,5.94,1.359,0.0006,-0.38,0.0001,6.53,-0.045,26.3,normal,LOW
2026-07-15T15:10:00,5.62,1.352,-0.0438,-0.32,-0.0073,6.45,-0.054,25.6,normal,LOW
2026-07-15T15:20:00,4.75,1.349,-0.0174,-0.86,-0.0029,6.28,-0.04,25.6,normal,LOW
2026-07-15T15:30:00,5.84,1.345,-0.0222,1.09,-0.0037,6.22,-0.056,25.4,normal,LOW
2026-07-15T15:40:00,6.34,1.347,0.0066,0.49,0.0011,6.18,-0.065,25.9,normal,LOW
2026-07-15T15:50:00,5.48,1.341,-0.0318,-0.85,-0.0053,6.1,-0.063,26.6,normal,LOW
2026-07-15T16:00:00,6.26,1.381,0.2388,0.78,0.0398,6.04,-0.037,25.7,normal,LOW
2026-07-15T16:10:00,6.35,1.394,0.0756,0.1,0.0126,6.04,-0.041,25.5,normal,LOW
2026-07-15T16:20:00,5.93,1.342,-0.3126,-0.43,-0.0521,6.0,-0.097,25.8,normal,LOW
2026-07-15T16:30:00,5.19,1.342,0.0024,-0.74,0.0004,5.96,-0.087,26.1,normal,LOW
2026-07-15T16:40:00,5.02,1.308,-0.2034,-0.16,-0.0339,5.86,-0.099,26.5,normal,LOW
2026-07-15T16:50:00,6.22,1.302,-0.0342,1.2,-0.0057,5.87,-0.107,26.0,normal,LOW
2026-07-15T17:00:00,5.34,1.298,-0.0282,-0.88,-0.0047,5.84,-0.096,26.3,normal,LOW
2026-07-15T17:10:00,5.22,1.294,-0.021,-0.13,-0.0035,5.87,-0.076,26.0,normal,LOW
2026-07-15T17:20:00,6.72,1.297,0.0186,1.51,0.0031,5.86,-0.093,26.0,normal,LOW
2026-07-15T17:30:00,7.07,1.269,-0.1692,0.34,-0.0282,5.92,-0.106,25.6,normal,LOW
2026-07-15T17:40:00,7.53,1.247,-0.135,0.47,-0.0225,5.95,-0.113,26.4,normal,LOW
2026-07-15T17:50:00,6.42,1.294,0.2862,-1.11,0.0477,5.96,-0.065,26.0,normal,LOW
2026-07-15T18:00:00,7.96,1.343,0.2898,1.54,0.0483,6.07,-0.009,26.5,normal,LOW
2026-07-15T18:10:00,7.96,1.34,-0.0186,0.0,-0.0031,6.2,-0.01,26.4,normal,LOW
2026-07-15T18:20:00,7.32,1.361,0.1296,-0.64,0.0216,6.34,0.016,25.5,normal,LOW
2026-07-15T18:30:00,7.24,1.356,-0.0282,-0.08,-0.0047,6.42,0.01,26.1,normal,LOW
2026-07-15T18:40:00,6.59,1.385,0.1734,-0.65,0.0289,6.43,0.044,25.6,normal,LOW
2026-07-15T18:50:00,7.33,1.397,0.0708,0.75,0.0118,6.54,0.016,25.9,normal,LOW
2026-07-15T19:00:00,7.38,1.351,-0.2784,0.05,-0.0464,6.6,-0.043,26.0,normal,LOW
2026-07-15T19:10:00,7.37,1.349,-0.012,-0.02,-0.002,6.66,0.007,25.7,normal,LOW
2026-07-15T19:20:00,6.97,1.346,-0.0174,-0.4,-0.0029,6.71,0.004,26.3,normal,LOW
2026-07-15T19:30:00,6.95,1.335,-0.0654,-0.01,-0.0109,6.81,0.027,25.8,normal,LOW
2026-07-15T19:40:00,5.5,1.328,-0.0438,-1.46,-0.0073,6.84,0.025,25.7,normal,LOW
2026-07-15T19:50:00,4.92,1.276,-0.312,-0.58,-0.052,6.77,-0.022,26.0,normal,LOW
2026-07-15T20:00:00,5.88,1.264,-0.072,0.96,-0.012,6.79,-0.031,26.1,normal,LOW
2026-07-15T20:10:00,7.22,1.259,-0.0282,1.35,-0.0047,6.91,-0.038,25.8,normal,LOW
2026-07-15T20:20:00,6.57,1.259,0.003,-0.65,0.0005,6.9,-0.01,25.3,normal,LOW
2026-07-15T20:30:00,6.43,1.221,-0.2304,-0.14,-0.0384,6.86,-0.026,26.2,normal,LOW
2026-07-15T20:40:00,6.8,1.293,0.4326,0.37,0.0721,6.82,-0.001,26.3,normal,LOW
2026-07-15T20:50:00,6.46,1.246,-0.2814,-0.34,-0.0469,6.82,-0.096,25.7,normal,LOW
2026-07-15T21:00:00,5.62,1.237,-0.0528,-0.84,-0.0088,6.69,-0.102,25.6,normal,LOW
2026-07-15T21:10:00,4.89,1.258,0.1248,-0.73,0.0208,6.52,-0.103,26.3,normal,LOW
2026-07-15T21:20:00,5.44,1.262,0.0228,0.54,0.0038,6.42,-0.094,25.7,normal,LOW
2026-07-15T21:30:00,5.54,1.296,0.2034,0.1,0.0339,6.32,-0.089,25.8,normal,LOW
2026-07-15T21:40:00,4.97,1.311,0.093,-0.57,0.0155,6.23,-0.086,26.5,normal,LOW
2026-07-15T21:50:00,4.84,1.309,-0.015,-0.12,-0.0025,6.1,-0.042,25.8,normal,LOW
2026-07-15T22:00:00,4.12,1.289,-0.1212,-0.72,-0.0202,5.91,-0.06,25.8,normal,LOW
2026-07-15T22:10:00,3.33,1.27,-0.1122,-0.79,-0.0187,5.69,-0.076,25.1,normal,LOW
2026-07-15T22:20:00,5.36,1.266,-0.0234,2.03,-0.0039,5.6,-0.069,25.6,normal,LOW
2026-07-15T22:30:00,6.74,1.277,0.0678,1.37,0.0113,5.59,-0.05,25.7,normal,LOW
2026-07-15T22:40:00,6.73,1.284,0.0402,-0.01,0.0067,5.66,0.009,26.1,normal,LOW
2026-07-15T22:50:00,7.22,1.275,-0.0576,0.49,-0.0096,5.79,0.011,25.7,normal,LOW
2026-07-15T23:00:00,6.3,1.246,-0.174,-0.92,-0.029,5.81,-0.013,25.9,normal,LOW
2026-07-15T23:10:00,4.55,1.262,0.0996,-1.75,0.0166,5.66,0.003,25.5,normal,LOW
2026-07-15T23:20:00,4.93,1.249,-0.0768,0.38,-0.0128,5.57,0.028,25.8,normal,LOW
2026-07-15T23:30:00,4.45,1.264,0.0906,-0.48,0.0151,5.46,-0.029,26.1,normal,LOW
2026-07-15T23:40:00,5.38,1.216,-0.288,0.93,-0.048,5.38,-0.03,25.5,normal,LOW
2026-07-15T23:50:00,5.22,1.224,0.0456,-0.15,0.0076,5.31,-0.013,25.9,normal,LOW
2026-07-16T00:00:00,6.99,1.242,0.1056,1.77,0.0176,5.39,-0.017,25.6,normal,LOW
2026-07-16T00:10:00,5.92,1.241,-0.0048,-1.07,-0.0008,5.45,-0.021,25.9,normal,LOW
2026-07-16T00:20:00,6.51,1.266,0.15,0.59,0.025,5.5,-0.03,25.6,normal,LOW
2026-07-16T00:30:00,6.02,1.295,0.177,-0.48,0.0295,5.53,-0.016,25.5,normal,LOW
2026-07-16T00:40:00,4.42,1.291,-0.0264,-1.6,-0.0044,5.5,-0.018,26.2,normal,LOW
2026-07-16T00:50:00,3.98,1.302,0.0636,-0.45,0.0106,5.45,0.013,25.9,normal,LOW
2026-07-16T01:00:00,4.73,1.268,-0.204,0.75,-0.034,5.49,-0.002,26.0,normal,LOW
2026-07-16T01:10:00,4.37,1.29,0.1368,-0.36,0.0228,5.54,0.024,25.9,normal,LOW
2026-07-16T01:20:00,5.43,1.28,-0.0606,1.06,-0.0101,5.55,0.003,25.3,normal,LOW
2026-07-16T01:30:00,5.7,1.289,0.054,0.27,0.009,5.49,0.005,25.5,normal,LOW
2026-07-16T01:40:00,6.94,1.288,-0.0072,1.25,-0.0012,5.5,0.013,25.3,normal,LOW
2026-07-16T01:50:00,7.25,1.282,-0.0342,0.31,-0.0057,5.5,0.037,25.8,normal,LOW
2026-07-16T02:00:00,7.83,1.299,0.0966,0.57,0.0161,5.59,0.036,26.1,normal,LOW
2026-07-16T02:10:00,6.34,1.29,-0.054,-1.49,-0.009,5.69,0.04,25.5,normal,LOW
2026-07-16T02:20:00,6.45,1.305,0.0936,0.11,0.0156,5.77,0.041,25.4,normal,LOW
2026-07-16T02:30:00,5.62,1.356,0.3066,-0.83,0.0511,5.84,0.14,25.4,normal,LOW
2026-07-16T02:40:00,6.61,1.355,-0.0084,0.99,-0.0014,5.91,0.131,25.6,normal,LOW
2026-07-16T02:50:00,7.07,1.362,0.0414,0.46,0.0069,6.01,0.12,25.5,normal,LOW
2026-07-16T03:00:00,6.54,1.389,0.165,-0.53,0.0275,5.98,0.148,25.2,normal,LOW
2026-07-16T03:10:00,7.43,1.401,0.069,0.89,0.0115,6.07,0.135,26.1,normal,LOW
2026-07-16T03:20:00,7.16,1.391,-0.0564,-0.27,-0.0094,6.11,0.096,25.2,normal,LOW
2026-07-16T03:30:00,8.08,1.343,-0.2916,0.92,-0.0486,6.22,0.052,25.2,normal,LOW
2026-07-16T03:40:00,7.61,1.337,-0.0336,-0.47,-0.0056,6.4,0.036,25.8,normal,LOW
2026-07-16T03:50:00,6.07,1.331,-0.039,-1.55,-0.0065,6.51,0.063,25.2,normal,LOW
2026-07-16T04:00:00,5.2,1.32,-0.0624,-0.87,-0.0104,6.54,0.03,25.4,normal,LOW
2026-07-16T04:10:00,5.04,1.325,0.0306,-0.16,0.0051,6.58,0.045,24.9,normal,LOW
2026-07-16T04:20:00,6.35,1.376,0.3006,1.3,0.0501,6.63,0.086,25.2,normal,LOW
2026-07-16T04:30:00,4.85,1.378,0.0126,-1.5,0.0021,6.58,0.09,25.1,normal,LOW
2026-07-16T04:40:00,4.41,1.364,-0.0822,-0.43,-0.0137,6.44,0.082,24.9,normal,LOW
2026-07-16T04:50:00,5.58,1.303,-0.366,1.17,-0.061,6.35,0.004,24.4,normal,LOW
2026-07-16T05:00:00,5.19,1.293,-0.0594,-0.39,-0.0099,6.2,0.004,24.9,normal,LOW
2026-07-16T05:10:00,6.14,1.305,0.0702,0.96,0.0117,6.19,-0.0,25.2,normal,LOW
2026-07-16T05:20:00,5.23,1.32,0.0942,-0.91,0.0157,6.12,-0.036,25.3,normal,LOW
2026-07-16T05:30:00,3.9,1.297,-0.1416,-1.33,-0.0236,6.03,-0.058,25.0,normal,LOW
2026-07-16T05:40:00,3.48,1.264,-0.195,-0.42,-0.0325,5.85,-0.097,25.1,normal,LOW
2026-07-16T05:50:00,3.43,1.241,-0.1428,-0.05,-0.0238,5.65,-0.149,24.9,normal,LOW
2026-07-16T06:00:00,3.82,1.218,-0.1374,0.39,-0.0229,5.5,-0.183,25.0,normal,LOW
2026-07-16T06:10:00,2.93,1.251,0.1998,-0.9,0.0333,5.25,-0.14,24.4,normal,LOW
2026-07-16T06:20:00,2.85,1.214,-0.2202,-0.08,-0.0367,5.01,-0.129,24.9,normal,LOW
2026-07-16T06:30:00,4.4,1.174,-0.2412,1.55,-0.0402,4.8,-0.163,24.2,normal,LOW
2026-07-16T06:40:00,5.52,1.174,0.0006,1.12,0.0001,4.69,-0.157,24.8,normal,LOW
2026-07-16T06:50:00,6.99,1.189,0.0918,1.47,0.0153,4.74,-0.131,24.6,normal,LOW
2026-07-16T07:00:00,6.32,1.208,0.1098,-0.67,0.0183,4.8,-0.118,24.1,normal,LOW
2026-07-16T07:10:00,6.26,1.209,0.0102,-0.05,0.0017,4.87,-0.166,24.2,normal,LOW
2026-07-16T07:20:00,5.71,1.221,0.072,-0.55,0.012,4.83,-0.156,24.3,normal,LOW
2026-07-16T07:30:00,6.23,1.244,0.138,0.52,0.023,4.91,-0.119,24.4,normal,LOW
2026-07-16T07:40:00,5.28,1.253,0.0498,-0.96,0.0083,4.96,-0.05,24.8,normal,LOW
2026-07-16T07:50:00,5.16,1.265,0.0726,-0.12,0.0121,4.94,-0.028,24.4,normal,LOW
2026-07-16T08:00:00,5.45,1.254,-0.0648,0.29,-0.0108,4.95,-0.051,24.4,normal,LOW
2026-07-16T08:10:00,4.59,1.258,0.0234,-0.87,0.0039,4.86,-0.063,23.9,normal,LOW
2026-07-16T08:20:00,4.89,1.24,-0.1074,0.31,-0.0179,4.84,-0.057,23.9,normal,LOW
2026-07-16T08:30:00,5.93,1.211,-0.1758,1.03,-0.0293,4.96,-0.054,24.9,normal,LOW
2026-07-16T08:40:00,6.84,1.205,-0.0324,0.91,-0.0054,5.14,-0.035,24.5,normal,LOW
2026-07-16T08:50:00,5.85,1.184,-0.1284,-0.99,-0.0214,5.28,-0.034,24.2,normal,LOW
2026-07-16T09:00:00,5.78,1.218,0.2034,-0.07,0.0339,5.39,-0.033,24.0,normal,LOW
2026-07-16T09:10:00,4.97,1.216,-0.0114,-0.81,-0.0019,5.5,0.002,24.7,normal,LOW
2026-07-16T09:20:00,5.0,1.235,0.1152,0.03,0.0192,5.62,0.061,23.9,normal,LOW
2026-07-16T09:30:00,63.67,2.5,7.59,58.68,1.265,8.91,1.326,17.1,flash_flood,HIGH
2026-07-16T09:40:00,81.1,2.652,0.9108,17.42,0.1518,13.11,1.462,17.3,flash_flood,HIGH
2026-07-16T09:50:00,100.17,2.797,0.8724,19.08,0.1454,18.29,1.59,17.1,flash_flood,HIGH
2026-07-16T10:00:00,113.31,2.958,0.9672,13.14,0.1612,24.23,1.749,16.8,flash_flood,HIGH
2026-07-16T10:10:00,98.67,3.154,1.1748,-14.64,0.1958,29.37,1.933,16.6,flash_flood,HIGH
2026-07-16T10:20:00,109.48,3.305,0.9036,10.81,0.1506,35.13,2.06,16.9,flash_flood,HIGH
2026-07-16T10:30:00,112.11,3.478,1.0374,2.63,0.1729,41.01,2.225,17.0,flash_flood,HIGH
2026-07-16T10:40:00,111.48,3.661,1.1004,-0.63,0.1834,46.91,2.396,17.6,flash_flood,HIGH
2026-07-16T10:50:00,106.65,3.868,1.239,-4.84,0.2065,52.55,2.614,17.0,flash_flood,HIGH
2026-07-16T11:00:00,112.12,4.054,1.116,5.47,0.186,58.48,2.796,16.0,flash_flood,HIGH
2026-07-16T11:10:00,127.72,4.236,1.0944,15.6,0.1824,65.32,2.996,17.1,flash_flood,HIGH
2026-07-16T11:20:00,126.87,4.404,1.005,-0.85,0.1675,72.1,3.193,17.5,flash_flood,HIGH
2026-07-16T11:30:00,119.68,4.545,0.846,-7.19,0.141,78.41,3.339,18.3,flash_flood,HIGH
2026-07-16T11:40:00,110.05,4.683,0.8334,-9.63,0.1389,84.15,3.5,16.9,flash_flood,HIGH
2026-07-16T11:50:00,114.19,4.846,0.9756,4.13,0.1626,90.17,3.628,17.0,flash_flood,HIGH
2026-07-16T12:00:00,109.17,5.009,0.9798,-5.02,0.1633,95.91,3.794,17.4,flash_flood,HIGH
2026-07-16T12:10:00,115.25,5.165,0.9318,6.08,0.1553,102.04,3.93,16.5,flash_flood,HIGH
2026-07-16T12:20:00,125.14,5.322,0.9432,9.89,0.1572,108.71,2.822,17.4,flash_flood,HIGH
2026-07-16T12:30:00,126.12,5.497,1.0518,0.98,0.1753,112.18,2.845,16.9,flash_flood,HIGH
2026-07-16T12:40:00,127.47,5.682,1.1088,1.35,0.1848,114.76,2.885,16.7,flash_flood,HIGH
2026-07-16T12:50:00,112.92,5.83,0.8874,-14.55,0.1479,115.47,2.871,17.2,flash_flood,HIGH
2026-07-16T13:00:00,118.65,5.995,0.9936,5.72,0.1656,115.76,2.841,16.3,flash_flood,HIGH
2026-07-16T13:10:00,113.58,6.157,0.9726,-5.07,0.1621,116.59,2.853,16.1,flash_flood,HIGH
2026-07-16T13:20:00,137.14,6.338,1.0824,23.57,0.1804,118.13,2.86,17.5,flash_flood,HIGH
2026-07-16T13:30:00,123.38,6.489,0.9048,-13.77,0.1508,118.75,2.827,16.9,flash_flood,HIGH
2026-07-16T13:40:00,102.92,6.647,0.9486,-20.45,0.1581,118.28,2.779,16.9,flash_flood,HIGH
2026-07-16T13:50:00,110.02,6.785,0.828,7.1,0.138,118.47,2.731,17.0,flash_flood,HIGH
2026-07-16T14:00:00,120.89,6.8,0.0918,10.87,0.0153,118.95,2.564,17.5,flash_flood,HIGH
2026-07-16T14:10:00,134.82,6.8,0.0,13.93,0.0,119.35,2.396,17.6,flash_flood,HIGH
2026-07-16T14:20:00,132.97,6.8,0.0,-1.85,0.0,119.69,2.255,17.0,flash_flood,HIGH
2026-07-16T14:30:00,118.74,6.8,0.0,-14.23,0.0,119.63,2.117,16.4,flash_flood,HIGH
2026-07-16T14:40:00,124.97,6.8,0.0,6.23,0.0,120.46,1.954,16.7,flash_flood,HIGH
2026-07-16T14:50:00,117.16,6.8,0.0,-7.8,0.0,120.63,1.791,17.1,flash_flood,HIGH
2026-07-16T15:00:00,103.79,6.8,0.0,-13.37,0.0,120.33,1.635,17.2,flash_flood,HIGH
2026-07-16T15:10:00,104.77,6.8,0.0,0.98,0.0,119.75,1.478,16.9,flash_flood,HIGH
2026-07-16T15:20:00,93.99,6.8,0.0,-10.78,0.0,118.02,1.303,17.1,flash_flood,HIGH
2026-07-16T15:30:00,97.03,6.8,0.0,3.04,0.0,116.4,1.118,16.8,flash_flood,HIGH
2026-07-16T15:40:00,100.4,6.8,0.0,3.37,0.0,114.9,0.97,17.3,flash_flood,HIGH
2026-07-16T15:50:00,100.13,6.8,0.0,-0.27,0.0,114.19,0.805,16.9,flash_flood,HIGH
2026-07-16T16:00:00,101.93,6.8,0.0,1.8,0.0,113.26,0.643,16.6,flash_flood,HIGH
2026-07-16T16:10:00,107.22,6.8,0.0,5.29,0.0,112.9,0.462,16.8,flash_flood,HIGH
2026-07-16T16:20:00,121.93,6.8,0.0,14.71,0.0,112.06,0.311,16.4,flash_flood,HIGH
2026-07-16T16:30:00,134.37,6.8,0.0,12.44,0.0,112.67,0.153,17.4,flash_flood,HIGH
2026-07-16T16:40:00,131.44,6.8,0.0,-2.93,0.0,114.25,0.015,16.8,flash_flood,HIGH
2026-07-16T16:50:00,135.2,6.8,0.0,3.77,0.0,115.65,0.0,16.8,flash_flood,HIGH
2026-07-16T17:00:00,128.03,6.8,0.0,-7.17,0.0,116.05,0.0,16.5,flash_flood,HIGH
2026-07-16T17:10:00,129.96,6.8,0.0,1.93,0.0,115.78,0.0,17.3,flash_flood,HIGH
2026-07-16T17:20:00,129.31,6.8,0.0,-0.64,0.0,115.58,0.0,17.1,flash_flood,HIGH
2026-07-16T17:30:00,122.17,6.8,0.0,-7.14,0.0,115.77,0.0,17.3,flash_flood,HIGH
2026-07-16T17:40:00,129.62,6.8,0.0,7.45,0.0,116.03,0.0,16.3,flash_flood,HIGH
2026-07-16T17:50:00,117.54,6.8,0.0,-12.09,0.0,116.05,0.0,17.2,flash_flood,HIGH
2026-07-16T18:00:00,104.41,6.8,0.0,-13.13,0.0,116.08,0.0,16.5,flash_flood,HIGH
2026-07-16T18:10:00,99.38,6.8,0.0,-5.03,0.0,115.78,0.0,18.0,flash_flood,HIGH
2026-07-16T18:20:00,101.77,6.8,0.0,2.39,0.0,116.21,0.0,17.4,flash_flood,HIGH
2026-07-16T18:30:00,118.83,6.8,0.0,17.06,0.0,117.42,0.0,16.7,flash_flood,HIGH
2026-07-16T18:40:00,109.29,6.8,0.0,-9.54,0.0,117.92,0.0,17.0,flash_flood,HIGH
2026-07-16T18:50:00,109.02,6.8,0.0,-0.27,0.0,118.41,0.0,17.0,flash_flood,HIGH
2026-07-16T19:00:00,117.86,6.8,0.0,8.84,0.0,119.3,0.0,16.4,flash_flood,HIGH
2026-07-16T19:10:00,130.39,6.8,0.0,12.53,0.0,120.58,0.0,17.2,flash_flood,HIGH
2026-07-16T19:20:00,115.68,6.8,0.0,-14.71,0.0,120.24,0.0,17.4,flash_flood,HIGH
2026-07-16T19:30:00,112.84,6.8,0.0,-2.84,0.0,119.04,0.0,17.6,flash_flood,HIGH
2026-07-16T19:40:00,118.35,6.8,0.0,5.52,0.0,118.31,0.0,16.9,flash_flood,HIGH
2026-07-16T19:50:00,123.01,6.8,0.0,4.66,0.0,117.64,0.0,16.7,flash_flood,HIGH
2026-07-16T20:00:00,111.66,6.8,0.0,-11.35,0.0,116.73,0.0,16.8,flash_flood,HIGH
2026-07-16T20:10:00,114.19,6.8,0.0,2.53,0.0,115.85,0.0,16.2,flash_flood,HIGH
2026-07-16T20:20:00,117.49,6.8,0.0,3.3,0.0,115.19,0.0,17.2,flash_flood,HIGH
2026-07-16T20:30:00,116.67,6.8,0.0,-0.82,0.0,114.89,0.0,16.6,flash_flood,HIGH
2026-07-16T20:40:00,113.63,6.8,0.0,-3.04,0.0,114.0,0.0,16.3,flash_flood,HIGH
2026-07-16T20:50:00,105.89,6.8,0.0,-7.75,0.0,113.35,0.0,17.0,flash_flood,HIGH
2026-07-16T21:00:00,119.6,6.8,0.0,13.71,0.0,114.2,0.0,17.4,flash_flood,HIGH
2026-07-16T21:10:00,135.05,6.8,0.0,15.45,0.0,116.18,0.0,18.3,flash_flood,HIGH
2026-07-16T21:20:00,117.18,6.8,0.0,-17.87,0.0,117.04,0.0,16.2,flash_flood,HIGH
2026-07-16T21:30:00,120.75,6.8,0.0,3.57,0.0,117.14,0.0,16.4,flash_flood,HIGH
2026-07-16T21:40:00,112.21,6.8,0.0,-8.54,0.0,117.31,0.0,17.3,flash_flood,HIGH
2026-07-16T21:50:00,125.75,6.8,0.0,13.54,0.0,118.23,0.0,16.3,flash_flood,HIGH
2026-07-16T22:00:00,126.81,6.8,0.0,1.06,0.0,118.73,0.0,16.9,flash_flood,HIGH
2026-07-16T22:10:00,119.88,6.8,0.0,-6.93,0.0,118.15,0.0,17.8,flash_flood,HIGH
2026-07-16T22:20:00,128.14,6.8,0.0,8.27,0.0,118.84,0.0,16.6,flash_flood,HIGH
2026-07-16T22:30:00,122.04,6.8,0.0,-6.1,0.0,119.35,0.0,17.0,flash_flood,HIGH
2026-07-16T22:40:00,121.27,6.8,0.0,-0.78,0.0,119.51,0.0,16.7,flash_flood,HIGH
2026-07-16T22:50:00,111.87,6.8,0.0,-9.4,0.0,118.89,0.0,16.7,flash_flood,HIGH
2026-07-16T23:00:00,110.35,6.8,0.0,-1.51,0.0,118.82,0.0,16.4,flash_flood,HIGH
2026-07-16T23:10:00,109.78,6.8,0.0,-0.57,0.0,118.58,0.0,16.2,flash_flood,HIGH
2026-07-16T23:20:00,116.89,6.8,0.0,7.11,0.0,118.54,0.0,17.5,flash_flood,HIGH
2026-07-16T23:30:00,115.46,6.8,0.0,-1.44,0.0,118.48,0.0,16.7,flash_flood,HIGH
2026-07-16T23:40:00,127.11,6.8,0.0,11.65,0.0,119.22,0.0,16.8,flash_flood,HIGH
2026-07-16T23:50:00,107.18,6.8,0.0,-19.93,0.0,119.3,0.0,17.1,flash_flood,HIGH
2026-07-17T00:00:00,111.69,6.8,0.0,4.52,0.0,118.86,0.0,15.8,flash_flood,HIGH
2026-07-17T00:10:00,117.72,6.8,0.0,6.02,0.0,117.89,0.0,17.1,flash_flood,HIGH
2026-07-17T00:20:00,106.99,6.8,0.0,-10.72,0.0,117.33,0.0,17.0,flash_flood,HIGH
2026-07-17T00:30:00,98.82,6.8,0.0,-8.18,0.0,116.11,0.0,17.3,flash_flood,HIGH
2026-07-17T00:40:00,94.2,6.8,0.0,-4.61,0.0,115.11,0.0,16.4,flash_flood,HIGH
2026-07-17T00:50:00,113.65,6.8,0.0,19.45,0.0,114.44,0.0,17.3,flash_flood,HIGH
2026-07-17T01:00:00,121.13,6.8,0.0,7.48,0.0,114.12,0.0,17.1,flash_flood,HIGH
2026-07-17T01:10:00,126.4,6.8,0.0,5.27,0.0,114.48,0.0,17.4,flash_flood,HIGH
2026-07-17T01:20:00,124.56,6.8,0.0,-1.84,0.0,114.28,0.0,16.4,flash_flood,HIGH
2026-07-17T01:30:00,115.2,6.8,0.0,-9.36,0.0,113.9,0.0,16.7,flash_flood,HIGH
2026-07-17T01:40:00,117.59,6.8,0.0,2.39,0.0,113.7,0.0,16.9,flash_flood,HIGH
2026-07-17T01:50:00,128.39,6.8,0.0,10.8,0.0,114.62,0.0,16.3,flash_flood,HIGH
2026-07-17T02:00:00,123.46,6.8,0.0,-4.92,0.0,115.35,0.0,16.3,flash_flood,HIGH
2026-07-17T02:10:00,115.65,6.8,0.0,-7.82,0.0,115.67,0.0,18.1,flash_flood,HIGH
2026-07-17T02:20:00,120.38,6.8,0.0,4.73,0.0,115.86,0.0,17.0,flash_flood,HIGH
2026-07-17T02:30:00,121.89,6.8,0.0,1.52,0.0,116.22,0.0,17.0,flash_flood,HIGH
2026-07-17T02:40:00,125.82,6.8,0.0,3.93,0.0,116.15,0.0,17.1,flash_flood,HIGH
2026-07-17T02:50:00,124.51,6.8,0.0,-1.31,0.0,117.11,0.0,17.4,flash_flood,HIGH
2026-07-17T03:00:00,124.65,6.8,0.0,0.13,0.0,117.83,0.0,17.6,flash_flood,HIGH
2026-07-17T03:10:00,126.16,6.8,0.0,1.51,0.0,118.3,0.0,17.0,flash_flood,HIGH
2026-07-17T03:20:00,109.43,6.8,0.0,-16.73,0.0,118.44,0.0,16.4,flash_flood,HIGH
2026-07-17T03:30:00,114.04,6.8,0.0,4.61,0.0,119.28,0.0,18.2,flash_flood,HIGH
2026-07-17T03:40:00,108.0,6.8,0.0,-6.04,0.0,120.05,0.0,17.8,flash_flood,HIGH
2026-07-17T03:50:00,122.56,6.8,0.0,14.56,0.0,120.55,0.0,16.7,flash_flood,HIGH
2026-07-17T04:00:00,116.42,6.8,0.0,-6.14,0.0,120.28,0.0,17.3,flash_flood,HIGH
2026-07-17T04:10:00,123.0,6.8,0.0,6.58,0.0,120.1,0.0,16.8,flash_flood,HIGH
2026-07-17T04:20:00,124.47,6.8,0.0,1.47,0.0,120.09,0.0,18.1,flash_flood,HIGH
2026-07-17T04:30:00,124.95,6.8,0.0,0.48,0.0,120.63,0.0,16.8,flash_flood,HIGH
2026-07-17T04:40:00,126.93,6.8,0.0,1.97,0.0,121.15,0.0,17.8,flash_flood,HIGH
2026-07-17T04:50:00,120.04,6.8,0.0,-6.89,0.0,120.69,0.0,17.2,flash_flood,HIGH
2026-07-17T05:00:00,128.57,6.8,0.0,8.54,0.0,120.97,0.0,17.2,flash_flood,HIGH
2026-07-17T05:10:00,119.75,6.8,0.0,-8.82,0.0,121.2,0.0,17.0,flash_flood,HIGH
2026-07-17T05:20:00,122.53,6.8,0.0,2.77,0.0,121.32,0.0,16.5,flash_flood,HIGH
2026-07-17T05:30:00,115.0,6.8,0.0,-7.53,0.0,120.94,0.0,17.4,flash_flood,HIGH
2026-07-17T05:40:00,99.67,6.8,0.0,-15.33,0.0,119.48,0.0,16.7,flash_flood,HIGH
2026-07-17T05:50:00,105.97,6.8,0.0,6.3,0.0,118.45,0.0,17.9,flash_flood,HIGH
2026-07-17T06:00:00,96.52,6.8,0.0,-9.45,0.0,116.89,0.0,16.7,flash_flood,HIGH
2026-07-17T06:10:00,108.77,6.8,0.0,12.26,0.0,115.92,0.0,16.6,flash_flood,HIGH
2026-07-17T06:20:00,117.79,6.8,0.0,9.02,0.0,116.39,0.0,17.8,flash_flood,HIGH
2026-07-17T06:30:00,117.55,6.8,0.0,-0.24,0.0,116.58,0.0,17.6,flash_flood,HIGH
2026-07-17T06:40:00,119.85,6.8,0.0,2.3,0.0,117.24,0.0,16.7,flash_flood,HIGH
2026-07-17T06:50:00,118.33,6.8,0.0,-1.52,0.0,117.01,0.0,16.9,flash_flood,HIGH
2026-07-17T07:00:00,104.18,6.8,0.0,-14.15,0.0,116.33,0.0,16.7,flash_flood,HIGH
2026-07-17T07:10:00,105.18,6.8,0.0,0.99,0.0,115.34,0.0,17.4,flash_flood,HIGH
2026-07-17T07:20:00,92.95,6.8,0.0,-12.23,0.0,113.58,0.0,17.2,flash_flood,HIGH
2026-07-17T07:30:00,106.74,6.8,0.0,13.79,0.0,112.57,0.0,17.6,flash_flood,HIGH
2026-07-17T07:40:00,97.02,6.8,0.0,-9.72,0.0,110.91,0.0,16.8,flash_flood,HIGH
2026-07-17T07:50:00,98.12,6.8,0.0,1.09,0.0,109.69,0.0,17.4,flash_flood,HIGH
2026-07-17T08:00:00,91.06,6.8,0.0,-7.06,0.0,107.61,0.0,16.7,flash_flood,HIGH
2026-07-17T08:10:00,109.93,6.8,0.0,18.87,0.0,107.06,0.0,16.9,flash_flood,HIGH
2026-07-17T08:20:00,106.73,6.8,0.0,-3.2,0.0,106.19,0.0,16.4,flash_flood,HIGH
2026-07-17T08:30:00,108.36,6.8,0.0,1.63,0.0,105.82,0.0,17.1,flash_flood,HIGH
2026-07-17T08:40:00,119.64,6.8,0.0,11.28,0.0,106.93,0.0,16.7,flash_flood,HIGH
2026-07-17T08:50:00,112.6,6.8,0.0,-7.04,0.0,107.3,0.0,15.7,flash_flood,HIGH
2026-07-17T09:00:00,114.61,6.8,0.0,2.01,0.0,108.3,0.0,17.5,flash_flood,HIGH
2026-07-17T09:10:00,113.08,6.8,0.0,-1.52,0.0,108.54,0.0,17.3,flash_flood,HIGH
2026-07-17T09:20:00,107.76,6.8,0.0,-5.32,0.0,107.98,0.0,17.1,flash_flood,HIGH
2026-07-17T09:30:00,105.57,6.8,0.0,-2.19,0.0,107.32,0.0,16.5,flash_flood,HIGH
2026-07-17T09:40:00,119.96,6.8,0.0,14.39,0.0,107.32,0.0,17.5,flash_flood,HIGH
2026-07-17T09:50:00,130.63,6.8,0.0,10.67,0.0,108.01,0.0,17.0,flash_flood,HIGH
2026-07-17T10:00:00,120.84,6.8,0.0,-9.79,0.0,108.93,0.0,17.0,flash_flood,HIGH
2026-07-17T10:10:00,125.99,6.8,0.0,5.15,0.0,110.09,0.0,17.4,flash_flood,HIGH
2026-07-17T10:20:00,108.0,6.8,0.0,-18.0,0.0,110.92,0.0,16.9,flash_flood,HIGH
2026-07-17T10:30:00,111.56,6.8,0.0,3.56,0.0,111.19,0.0,16.7,flash_flood,HIGH
2026-07-17T10:40:00,110.46,6.8,0.0,-1.1,0.0,111.94,0.0,17.7,flash_flood,HIGH
2026-07-17T10:50:00,103.1,6.8,0.0,-7.35,0.0,112.22,0.0,16.6,flash_flood,HIGH
2026-07-17T11:00:00,110.5,6.8,0.0,7.4,0.0,113.3,0.0,17.7,flash_flood,HIGH
2026-07-17T11:10:00,103.23,6.8,0.0,-7.27,0.0,112.92,0.0,17.2,flash_flood,HIGH
2026-07-17T11:20:00,112.69,6.8,0.0,9.46,0.0,113.25,0.0,17.3,flash_flood,HIGH
2026-07-17T11:30:00,106.88,6.8,0.0,-5.82,0.0,113.17,0.0,16.0,flash_flood,HIGH
2026-07-17T11:40:00,111.82,6.8,0.0,4.94,0.0,112.74,0.0,16.9,flash_flood,HIGH
2026-07-17T11:50:00,106.24,6.8,0.0,-5.58,0.0,112.38,0.0,17.2,flash_flood,HIGH
2026-07-17T12:00:00,118.88,6.8,0.0,12.63,0.0,112.62,0.0,16.4,flash_flood,HIGH
2026-07-17T12:10:00,114.55,6.8,0.0,-4.33,0.0,112.7,0.0,16.9,flash_flood,HIGH
2026-07-17T12:20:00,107.59,6.8,0.0,-6.96,0.0,112.69,0.0,18.1,flash_flood,HIGH
2026-07-17T12:30:00,103.57,6.8,0.0,-4.01,0.0,112.58,0.0,17.5,flash_flood,HIGH
2026-07-17T12:40:00,112.75,6.8,0.0,9.17,0.0,112.18,0.0,17.5,flash_flood,HIGH
2026-07-17T12:50:00,126.23,6.8,0.0,13.48,0.0,111.94,0.0,17.2,flash_flood,HIGH
2026-07-17T13:00:00,115.22,6.8,0.0,-11.0,0.0,111.62,0.0,17.3,flash_flood,HIGH
2026-07-17T13:10:00,111.71,6.8,0.0,-3.52,0.0,110.83,0.0,17.2,flash_flood,HIGH
2026-07-17T13:20:00,110.94,6.8,0.0,-0.77,0.0,110.99,0.0,17.1,flash_flood,HIGH
2026-07-17T13:30:00,105.54,6.8,0.0,-5.4,0.0,110.66,0.0,15.8,flash_flood,HIGH
2026-07-17T13:40:00,109.06,6.8,0.0,3.52,0.0,110.58,0.0,16.1,flash_flood,HIGH
2026-07-17T13:50:00,109.83,6.8,0.0,0.77,0.0,110.96,0.0,17.5,flash_flood,HIGH
2026-07-17T14:00:00,118.8,6.8,0.0,8.97,0.0,111.42,0.0,16.6,flash_flood,HIGH
2026-07-17T14:10:00,106.85,6.8,0.0,-11.95,0.0,111.62,0.0,16.8,flash_flood,HIGH
2026-07-17T14:20:00,103.52,6.8,0.0,-3.33,0.0,111.11,0.0,17.0,flash_flood,HIGH
2026-07-17T14:30:00,107.92,6.8,0.0,4.4,0.0,111.17,0.0,16.5,flash_flood,HIGH
2026-07-17T14:40:00,101.08,6.8,0.0,-6.84,0.0,110.57,0.0,16.5,flash_flood,HIGH
2026-07-17T14:50:00,99.94,6.8,0.0,-1.14,0.0,110.22,0.0,16.4,flash_flood,HIGH
2026-07-17T15:00:00,99.24,6.8,0.0,-0.7,0.0,109.13,0.0,17.3,flash_flood,HIGH
2026-07-17T15:10:00,101.21,6.8,0.0,1.96,0.0,108.39,0.0,16.8,flash_flood,HIGH
2026-07-17T15:20:00,109.7,6.8,0.0,8.5,0.0,108.51,0.0,17.3,flash_flood,HIGH
2026-07-17T15:30:00,124.61,6.8,0.0,14.9,0.0,109.67,0.0,17.6,flash_flood,HIGH
2026-07-17T15:40:00,112.43,6.8,0.0,-12.18,0.0,109.66,0.0,17.2,flash_flood,HIGH
2026-07-17T15:50:00,101.94,6.8,0.0,-10.49,0.0,108.31,0.0,17.0,flash_flood,HIGH
2026-07-17T16:00:00,100.66,6.8,0.0,-1.28,0.0,107.5,0.0,16.1,flash_flood,HIGH
2026-07-17T16:10:00,114.9,6.8,0.0,14.24,0.0,107.68,0.0,17.1,flash_flood,HIGH
2026-07-17T16:20:00,121.0,6.8,0.0,6.09,0.0,108.23,0.0,16.9,flash_flood,HIGH
2026-07-17T16:30:00,122.08,6.8,0.0,1.08,0.0,109.15,0.0,16.8,flash_flood,HIGH
2026-07-17T16:40:00,114.04,6.8,0.0,-8.04,0.0,109.43,0.0,17.4,flash_flood,HIGH
2026-07-17T16:50:00,112.54,6.8,0.0,-1.5,0.0,109.58,0.0,17.8,flash_flood,HIGH
2026-07-17T17:00:00,113.84,6.8,0.0,1.3,0.0,109.3,0.0,18.3,flash_flood,HIGH
2026-07-17T17:10:00,123.75,6.8,0.0,9.91,0.0,110.24,0.0,17.4,flash_flood,HIGH
2026-07-17T17:20:00,130.33,6.8,0.0,6.58,0.0,111.73,0.0,17.6,flash_flood,HIGH
2026-07-17T17:30:00,123.24,6.8,0.0,-7.09,0.0,112.58,0.0,17.6,flash_flood,HIGH
2026-07-17T17:40:00,115.32,6.8,0.0,-7.92,0.0,113.38,0.0,16.6,flash_flood,HIGH
2026-07-17T17:50:00,101.86,6.8,0.0,-13.46,0.0,113.48,0.0,16.3,flash_flood,HIGH
2026-07-17T18:00:00,110.28,6.8,0.0,8.42,0.0,114.1,0.0,17.0,flash_flood,HIGH
2026-07-17T18:10:00,105.24,6.8,0.0,-5.04,0.0,114.32,0.0,17.0,flash_flood,HIGH
2026-07-17T18:20:00,109.2,6.8,0.0,3.96,0.0,114.29,0.0,17.0,flash_flood,HIGH
2026-07-17T18:30:00,103.77,6.8,0.0,-5.42,0.0,113.13,0.0,17.5,flash_flood,HIGH
2026-07-17T18:40:00,122.8,6.8,0.0,19.03,0.0,113.71,0.0,16.8,flash_flood,HIGH
2026-07-17T18:50:00,117.0,6.8,0.0,-5.8,0.0,114.55,0.0,16.6,flash_flood,HIGH
2026-07-17T19:00:00,115.85,6.8,0.0,-1.15,0.0,115.39,0.0,17.4,flash_flood,HIGH
2026-07-17T19:10:00,112.29,6.8,0.0,-3.56,0.0,115.25,0.0,16.3,flash_flood,HIGH
2026-07-17T19:20:00,117.78,6.8,0.0,5.49,0.0,115.07,0.0,16.3,flash_flood,HIGH
2026-07-17T19:30:00,129.97,6.8,0.0,12.19,0.0,115.51,0.0,17.8,flash_flood,HIGH
2026-07-17T19:40:00,134.59,6.8,0.0,4.61,0.0,116.65,0.0,16.3,flash_flood,HIGH
2026-07-17T19:50:00,116.33,6.8,0.0,-18.25,0.0,116.86,0.0,17.1,flash_flood,HIGH
2026-07-17T20:00:00,120.11,6.8,0.0,3.78,0.0,117.21,0.0,17.1,flash_flood,HIGH
2026-07-17T20:10:00,105.28,6.8,0.0,-14.84,0.0,116.18,0.0,17.0,flash_flood,HIGH
2026-07-17T20:20:00,100.33,6.8,0.0,-4.94,0.0,114.51,0.0,16.7,flash_flood,HIGH
2026-07-17T20:30:00,113.85,6.8,0.0,13.52,0.0,113.99,0.0,16.8,flash_flood,HIGH
2026-07-17T20:40:00,108.56,6.8,0.0,-5.29,0.0,113.62,0.0,18.0,flash_flood,HIGH
2026-07-17T20:50:00,111.19,6.8,0.0,2.63,0.0,114.14,0.0,16.9,flash_flood,HIGH
2026-07-17T21:00:00,117.46,6.8,0.0,6.27,0.0,114.53,0.0,17.1,flash_flood,HIGH
2026-07-17T21:10:00,129.71,6.8,0.0,12.25,0.0,115.89,0.0,17.3,flash_flood,HIGH
2026-07-17T21:20:00,128.08,6.8,0.0,-1.63,0.0,116.94,0.0,17.3,flash_flood,HIGH
2026-07-17T21:30:00,120.04,6.8,0.0,-8.04,0.0,117.85,0.0,16.6,flash_flood,HIGH
2026-07-17T21:40:00,121.86,6.8,0.0,1.82,0.0,117.79,0.0,17.0,flash_flood,HIGH
2026-07-17T21:50:00,116.12,6.8,0.0,-5.74,0.0,117.75,0.0,17.1,flash_flood,HIGH
2026-07-17T22:00:00,123.38,6.8,0.0,7.27,0.0,118.16,0.0,16.8,flash_flood,HIGH
2026-07-17T22:10:00,119.73,6.8,0.0,-3.65,0.0,118.58,0.0,16.9,flash_flood,HIGH
2026-07-17T22:20:00,107.78,1.327,-32.8362,-11.95,-5.4727,118.02,-5.473,21.9,false_alarm,LOW
2026-07-17T22:30:00,87.18,1.308,-0.1188,-20.6,-0.0198,115.64,-5.492,21.9,false_alarm,LOW
2026-07-17T22:40:00,86.82,1.472,0.9858,-0.36,0.1643,112.99,-5.328,22.7,false_alarm,MEDIUM
2026-07-17T22:50:00,92.05,1.155,-1.8996,5.23,-0.3166,111.64,-5.645,21.8,false_alarm,LOW
2026-07-17T23:00:00,111.49,1.312,0.939,19.44,0.1565,111.16,-5.488,21.5,false_alarm,LOW
2026-07-17T23:10:00,92.17,1.527,1.2906,-19.32,0.2151,110.43,-5.273,21.9,false_alarm,MEDIUM
2026-07-17T23:20:00,119.47,1.463,-0.381,27.3,-0.0635,111.5,-5.337,21.2,false_alarm,MEDIUM
2026-07-17T23:30:00,85.95,1.039,-2.5446,-33.52,-0.4241,109.95,-5.761,22.4,false_alarm,LOW
2026-07-17T23:40:00,103.85,1.299,1.5576,17.9,0.2596,109.69,-5.501,22.0,false_alarm,LOW
2026-07-17T23:50:00,88.69,1.394,0.5724,-15.16,0.0954,108.44,-5.406,21.8,false_alarm,LOW
2026-07-18T00:00:00,112.15,1.579,1.1076,23.45,0.1846,108.14,-5.221,22.6,false_alarm,MEDIUM
2026-07-18T00:10:00,92.13,1.314,-1.5882,-20.01,-0.2647,106.05,-5.486,22.5,false_alarm,LOW
2026-07-18T00:20:00,105.22,1.381,0.4008,13.08,0.0668,104.78,-5.419,21.7,false_alarm,LOW
2026-07-18T00:30:00,112.93,1.238,-0.8592,7.71,-0.1432,104.39,-5.562,22.0,false_alarm,LOW
2026-07-18T00:40:00,90.53,1.418,1.08,-22.4,0.18,102.65,-5.382,22.4,false_alarm,MEDIUM
2026-07-18T00:50:00,112.76,1.19,-1.365,22.24,-0.2275,102.46,-5.61,21.8,false_alarm,LOW
2026-07-18T01:00:00,91.45,1.536,2.0778,-21.32,0.3463,100.69,-5.264,21.8,false_alarm,MEDIUM
2026-07-18T01:10:00,107.9,1.091,-2.6706,16.45,-0.4451,100.03,-0.236,23.0,false_alarm,LOW
2026-07-18T01:20:00,87.92,1.529,2.6292,-19.98,0.4382,98.93,0.222,21.5,false_alarm,MEDIUM
2026-07-18T01:30:00,113.13,1.303,-1.3578,25.2,-0.2263,100.37,-0.169,22.0,false_alarm,LOW
2026-07-18T01:40:00,119.44,1.401,0.5856,6.32,0.0976,102.18,0.246,22.2,false_alarm,MEDIUM
2026-07-18T01:50:00,107.21,1.1,-1.8072,-12.23,-0.3012,103.02,-0.212,21.9,false_alarm,LOW
2026-07-18T02:00:00,90.68,1.008,-0.552,-16.54,-0.092,101.87,-0.519,22.5,false_alarm,LOW
2026-07-18T02:10:00,104.59,1.316,1.8534,13.91,0.3089,102.56,-0.147,22.3,false_alarm,LOW
2026-07-18T02:20:00,87.78,1.439,0.735,-16.81,0.1225,100.8,0.4,22.2,false_alarm,MEDIUM
2026-07-18T02:30:00,91.56,1.515,0.456,3.78,0.076,101.11,0.216,22.1,false_alarm,MEDIUM
2026-07-18T02:40:00,109.86,1.189,-1.9578,18.3,-0.3263,101.44,-0.205,22.7,false_alarm,LOW
2026-07-18T02:50:00,101.49,1.493,1.8264,-8.37,0.3044,102.15,-0.086,20.9,false_alarm,MEDIUM
2026-07-18T03:00:00,102.3,1.497,0.024,0.81,0.004,101.6,0.183,21.7,false_alarm,MEDIUM
2026-07-18T03:10:00,96.73,1.104,-2.3562,-5.57,-0.3927,101.86,-0.276,22.4,false_alarm,LOW
2026-07-18T03:20:00,88.52,1.144,0.2382,-8.21,0.0397,100.93,-0.094,22.3,false_alarm,LOW
2026-07-18T03:30:00,89.97,1.209,0.3888,1.45,0.0648,99.66,-0.209,22.8,false_alarm,LOW
2026-07-18T03:40:00,107.79,1.373,0.9828,17.82,0.1638,100.62,0.183,21.8,false_alarm,LOW
2026-07-18T03:50:00,97.33,1.505,0.7938,-10.46,0.1323,99.76,-0.032,22.2,false_alarm,MEDIUM
2026-07-18T04:00:00,107.19,1.076,-2.5746,9.86,-0.4291,100.63,-0.016,22.0,false_alarm,LOW
2026-07-18T04:10:00,108.67,1.195,0.7158,1.47,0.1193,100.68,-0.334,21.8,false_alarm,LOW
2026-07-18T04:20:00,91.12,1.513,1.9104,-17.55,0.3184,100.85,0.21,22.1,false_alarm,MEDIUM
2026-07-18T04:30:00,92.95,1.502,-0.0672,1.83,-0.0112,99.73,0.101,22.4,false_alarm,MEDIUM
2026-07-18T04:40:00,109.3,1.308,-1.1676,16.34,-0.1946,99.17,0.208,21.3,false_alarm,LOW
2026-07-18T04:50:00,95.69,1.128,-1.08,-13.61,-0.18,98.53,0.12,22.3,false_alarm,LOW
2026-07-18T05:00:00,115.49,1.46,1.9926,19.81,0.3321,99.91,0.143,22.1,false_alarm,MEDIUM
2026-07-18T05:10:00,112.6,1.399,-0.3636,-2.9,-0.0606,100.35,-0.04,22.2,false_alarm,LOW
2026-07-18T05:20:00,108.48,1.336,-0.3762,-4.12,-0.0627,101.5,-0.179,21.9,false_alarm,LOW
2026-07-18T05:30:00,88.88,1.268,-0.408,-19.59,-0.068,101.35,0.08,22.6,false_alarm,LOW
2026-07-18T05:40:00,104.13,1.228,-0.24,15.25,-0.04,101.04,-0.265,21.9,false_alarm,LOW
2026-07-18T05:50:00,119.19,1.066,-0.9708,15.06,-0.1618,102.02,-0.431,21.7,false_alarm,LOW
2026-07-18T06:00:00,110.9,1.551,2.9064,-8.29,0.4844,102.5,0.447,22.0,false_alarm,MEDIUM
2026-07-18T06:10:00,94.8,1.515,-0.2148,-16.1,-0.0358,102.39,0.371,22.3,false_alarm,MEDIUM
2026-07-18T06:20:00,111.39,1.483,-0.1926,16.59,-0.0321,103.66,0.274,21.9,false_alarm,MEDIUM
2026-07-18T06:30:00,85.63,1.578,0.5682,-25.76,0.0947,103.42,0.205,21.5,false_alarm,MEDIUM
2026-07-18T06:40:00,114.03,1.169,-2.4528,28.4,-0.4088,103.76,-0.336,22.5,false_alarm,LOW
2026-07-18T06:50:00,115.55,1.068,-0.6084,1.52,-0.1014,104.78,-0.008,22.2,false_alarm,LOW
2026-07-18T07:00:00,88.38,1.145,0.4656,-27.17,0.0776,103.73,-0.05,22.9,false_alarm,LOW
2026-07-18T07:10:00,85.43,1.281,0.8166,-2.94,0.1361,102.44,-0.232,22.4,false_alarm,LOW
2026-07-18T07:20:00,95.4,1.18,-0.6078,9.97,-0.1013,102.68,-0.322,21.2,false_alarm,LOW
2026-07-18T07:30:00,111.01,1.029,-0.9066,15.61,-0.1511,103.68,-0.279,22.5,false_alarm,LOW
2026-07-18T07:40:00,116.23,1.111,0.4938,5.22,0.0823,104.07,-0.016,22.9,false_alarm,LOW
2026-07-18T07:50:00,87.76,1.144,0.195,-28.47,0.0325,103.63,-0.316,22.0,false_alarm,LOW
2026-07-18T08:00:00,87.23,1.499,2.1306,-0.54,0.3551,102.06,0.1,22.6,false_alarm,MEDIUM
2026-07-18T08:10:00,105.96,1.069,-2.5794,18.74,-0.4299,101.69,-0.267,22.5,false_alarm,LOW
2026-07-18T08:20:00,115.76,1.343,1.6446,9.8,0.2741,102.09,0.075,22.3,false_alarm,LOW
2026-07-18T08:30:00,103.11,1.258,-0.5088,-12.65,-0.0848,102.88,0.03,21.7,false_alarm,LOW
2026-07-18T08:40:00,112.09,1.361,0.6174,8.98,0.1029,103.33,0.295,21.1,false_alarm,LOW
2026-07-18T08:50:00,116.24,1.266,-0.5706,4.15,-0.0951,103.16,-0.285,22.8,false_alarm,LOW
2026-07-18T09:00:00,105.71,1.422,0.9336,-10.53,0.1556,102.87,-0.093,22.7,false_alarm,MEDIUM
2026-07-18T09:10:00,93.31,1.307,-0.6852,-12.4,-0.1142,102.79,-0.176,21.9,false_alarm,LOW
2026-07-18T09:20:00,102.07,1.391,0.5034,8.76,0.0839,102.27,-0.186,21.6,false_alarm,LOW
2026-07-18T09:30:00,118.27,1.36,-0.1854,16.2,-0.0309,104.09,0.191,22.0,false_alarm,LOW
2026-07-18T09:40:00,107.19,1.043,-1.9068,-11.07,-0.3178,103.71,-0.025,22.8,false_alarm,LOW
2026-07-18T09:50:00,93.9,1.217,1.0476,-13.29,0.1746,102.5,0.072,21.7,false_alarm,LOW
2026-07-18T10:00:00,89.9,1.166,-0.306,-4.0,-0.051,102.59,-0.115,22.0,false_alarm,LOW
2026-07-18T10:10:00,119.0,1.199,0.1962,29.1,0.0327,104.45,0.019,21.3,false_alarm,LOW
2026-07-18T10:20:00,106.38,1.168,-0.1824,-12.63,-0.0304,105.06,0.14,22.0,false_alarm,LOW
2026-07-18T10:30:00,92.24,1.31,0.849,-14.13,0.1415,104.02,0.199,21.8,false_alarm,LOW
2026-07-18T10:40:00,113.09,1.343,0.1998,20.85,0.0333,103.85,0.2,21.6,false_alarm,LOW
2026-07-18T10:50:00,102.94,1.176,-1.0026,-10.15,-0.1671,104.69,-0.323,21.9,false_alarm,LOW
2026-07-18T11:00:00,88.05,1.37,1.1646,-14.9,0.1941,104.73,0.301,22.3,false_alarm,LOW
2026-07-18T11:10:00,88.98,1.207,-0.9786,0.94,-0.1631,103.79,-0.136,22.5,false_alarm,LOW
2026-07-18T11:20:00,102.27,1.421,1.2852,13.29,0.2142,103.04,0.163,22.0,false_alarm,MEDIUM
2026-07-18T11:30:00,119.75,1.079,-2.055,17.47,-0.3425,103.97,-0.282,21.6,false_alarm,LOW
2026-07-18T11:40:00,99.76,1.247,1.0062,-19.98,0.1677,103.28,-0.019,21.2,false_alarm,LOW
2026-07-18T11:50:00,116.77,1.428,1.0908,17.0,0.1818,103.31,0.007,21.2,false_alarm,MEDIUM
2026-07-18T12:00:00,113.83,1.573,0.8676,-2.93,0.1446,103.76,0.266,22.4,false_alarm,MEDIUM
2026-07-18T12:10:00,113.74,1.001,-3.4326,-0.09,-0.5721,104.9,-0.39,21.8,false_alarm,LOW
2026-07-18T12:20:00,94.02,1.036,0.2088,-19.73,0.0348,104.45,-0.325,22.1,false_alarm,LOW
2026-07-18T12:30:00,106.13,1.412,2.2572,12.12,0.3762,103.78,0.369,21.9,false_alarm,MEDIUM
2026-07-18T12:40:00,100.97,1.221,-1.143,-5.16,-0.1905,103.43,0.004,21.6,false_alarm,LOW
2026-07-18T12:50:00,89.24,1.251,0.1794,-11.73,0.0299,103.17,0.085,21.9,false_alarm,LOW
2026-07-18T13:00:00,87.81,1.213,-0.231,-1.43,-0.0385,103.05,0.014,22.0,false_alarm,LOW
2026-07-18T13:10:00,117.96,1.401,1.1298,30.15,0.1883,103.0,0.233,21.5,false_alarm,MEDIUM
2026-07-18T13:20:00,105.78,1.006,-2.3706,-12.18,-0.3951,102.96,-0.304,22.7,false_alarm,LOW
2026-07-18T13:30:00,107.26,1.548,3.2514,1.49,0.5419,103.8,0.205,22.5,false_alarm,MEDIUM
2026-07-18T13:40:00,110.34,1.072,-2.8536,3.08,-0.4756,103.64,-0.104,22.1,false_alarm,LOW
2026-07-18T13:50:00,116.59,1.04,-0.195,6.25,-0.0325,104.4,-0.33,21.4,false_alarm,LOW
2026-07-18T14:00:00,85.41,1.253,1.2804,-31.18,0.2134,104.26,0.046,22.1,false_alarm,LOW
2026-07-18T14:10:00,95.33,1.292,0.2304,9.92,0.0384,104.61,-0.13,21.7,false_alarm,LOW
2026-07-18T14:20:00,89.31,1.335,0.2616,-6.02,0.0436,103.89,0.256,22.0,false_alarm,LOW
2026-07-18T14:30:00,97.01,1.438,0.6138,7.71,0.1023,102.62,0.191,22.5,false_alarm,MEDIUM
2026-07-18T14:40:00,109.24,1.258,-1.077,12.23,-0.1795,103.15,-0.17,22.2,false_alarm,LOW
2026-07-18T14:50:00,108.55,1.165,-0.5562,-0.68,-0.0927,102.69,-0.408,22.5,false_alarm,LOW
2026-07-18T15:00:00,100.62,1.479,1.8828,-7.93,0.3138,101.96,0.478,21.7,false_alarm,MEDIUM
2026-07-18T15:10:00,113.78,1.515,0.213,13.16,0.0355,101.96,0.479,21.9,false_alarm,MEDIUM
2026-07-18T15:20:00,96.16,1.349,-0.9912,-17.62,-0.1652,102.08,-0.063,22.4,false_alarm,LOW
2026-07-18T15:30:00,97.99,1.361,0.0678,1.83,0.0113,101.63,0.139,22.5,false_alarm,LOW
2026-07-18T15:40:00,98.11,1.1,-1.563,0.12,-0.2605,101.47,-0.151,22.6,false_alarm,LOW
2026-07-18T15:50:00,100.07,1.086,-0.0876,1.96,-0.0146,102.07,-0.127,21.8,false_alarm,LOW
2026-07-18T16:00:00,90.41,1.015,-0.4218,-9.66,-0.0703,102.22,-0.386,22.4,false_alarm,LOW
2026-07-18T16:10:00,107.6,1.382,2.2014,17.2,0.3669,101.64,0.376,21.7,false_alarm,LOW
2026-07-18T16:20:00,99.34,1.187,-1.1724,-8.27,-0.1954,101.28,-0.361,21.9,false_alarm,LOW
2026-07-18T16:30:00,108.7,1.363,1.0602,9.36,0.1767,101.36,0.291,21.4,false_alarm,LOW
2026-07-18T16:40:00,119.58,1.272,-0.5466,10.88,-0.0911,101.88,0.233,21.7,false_alarm,LOW
2026-07-18T16:50:00,109.09,1.084,-1.1286,-10.49,-0.1881,101.46,-0.169,21.8,false_alarm,LOW
2026-07-18T17:00:00,102.69,1.578,2.9646,-6.4,0.4941,102.42,0.287,22.0,false_alarm,MEDIUM
2026-07-18T17:10:00,98.45,1.023,-3.33,-4.24,-0.555,102.59,-0.312,22.0,false_alarm,LOW
2026-07-18T17:20:00,90.6,1.014,-0.0564,-7.85,-0.0094,102.67,-0.423,21.8,false_alarm,LOW
2026-07-18T17:30:00,111.47,1.275,1.5666,20.87,0.2611,103.47,0.017,22.3,false_alarm,LOW
2026-07-18T17:40:00,89.06,1.574,1.7904,-22.4,0.2984,102.35,0.408,21.9,false_alarm,MEDIUM
2026-07-18T17:50:00,95.99,1.533,-0.243,6.92,-0.0405,101.65,0.054,22.6,false_alarm,MEDIUM
2026-07-18T18:00:00,119.44,1.173,-2.16,23.45,-0.36,102.7,-0.341,22.2,false_alarm,LOW
2026-07-18T18:10:00,118.64,1.234,0.3636,-0.8,0.0606,102.97,-0.116,21.2,false_alarm,LOW
2026-07-18T18:20:00,103.95,1.092,-0.8472,-14.69,-0.1412,103.4,-0.268,21.4,false_alarm,LOW
2026-07-18T18:30:00,104.38,1.325,1.395,0.43,0.2325,103.75,0.225,22.3,false_alarm,LOW
2026-07-18T18:40:00,100.42,1.181,-0.8616,-3.96,-0.1436,103.88,0.096,22.3,false_alarm,LOW
2026-07-18T18:50:00,94.08,1.117,-0.3876,-6.34,-0.0646,103.55,0.102,21.9,false_alarm,LOW
2026-07-18T19:00:00,94.46,1.58,2.7786,0.38,0.4631,103.77,0.198,21.8,false_alarm,MEDIUM
2026-07-18T19:10:00,104.52,1.208,-2.229,10.06,-0.3715,103.6,0.022,21.5,false_alarm,LOW
2026-07-18T19:20:00,100.54,1.376,1.0044,-3.98,0.1674,103.67,0.012,22.1,false_alarm,LOW
2026-07-18T19:30:00,102.11,1.241,-0.8082,1.57,-0.1347,103.3,-0.031,22.6,false_alarm,LOW
2026-07-18T19:40:00,106.72,1.121,-0.7218,4.61,-0.1203,102.59,0.036,23.0,false_alarm,LOW
2026-07-18T19:50:00,98.83,1.024,-0.5826,-7.89,-0.0971,102.02,-0.555,23.3,false_alarm,LOW
2026-07-18T20:00:00,92.97,1.578,3.3282,-5.86,0.5547,101.48,0.555,21.2,false_alarm,MEDIUM
2026-07-18T20:10:00,116.83,1.433,-0.8706,23.86,-0.1451,102.5,0.419,22.5,false_alarm,MEDIUM
2026-07-18T20:20:00,89.57,1.474,0.246,-27.26,0.041,102.44,0.199,22.0,false_alarm,MEDIUM
2026-07-18T20:30:00,89.37,1.477,0.0132,-0.2,0.0022,101.22,-0.097,22.3,false_alarm,MEDIUM
2026-07-18T20:40:00,118.04,1.089,-2.3232,28.67,-0.3872,102.83,-0.444,21.8,false_alarm,LOW
2026-07-18T20:50:00,101.19,1.589,2.9958,-16.85,0.4993,103.11,0.416,22.6,false_alarm,MEDIUM
2026-07-18T21:00:00,105.61,1.225,-2.1804,4.41,-0.3634,102.35,-0.008,22.0,false_alarm,LOW
2026-07-18T21:10:00,95.0,1.122,-0.6198,-10.6,-0.1033,101.03,0.029,21.7,false_alarm,LOW
2026-07-18T21:20:00,102.89,1.295,1.041,7.89,0.1735,100.97,-0.03,22.7,false_alarm,LOW
2026-07-18T21:30:00,105.2,1.519,1.344,2.31,0.224,101.02,0.338,22.0,false_alarm,MEDIUM
2026-07-18T21:40:00,113.96,1.459,-0.3636,8.76,-0.0606,101.77,0.342,22.1,false_alarm,MEDIUM
2026-07-18T21:50:00,105.07,1.574,0.6894,-8.89,0.1149,102.38,-0.006,21.9,false_alarm,MEDIUM
2026-07-18T22:00:00,114.89,1.263,-1.8606,9.82,-0.3101,103.52,0.055,21.9,false_alarm,LOW
2026-07-18T22:10:00,114.64,1.536,1.6344,-0.24,0.2724,104.08,0.16,22.3,false_alarm,MEDIUM
2026-07-18T22:20:00,106.93,1.556,0.12,-7.71,0.02,104.44,0.315,20.5,false_alarm,MEDIUM
2026-07-18T22:30:00,85.67,1.286,-1.6182,-21.26,-0.2697,103.52,0.165,22.6,false_alarm,LOW
2026-07-18T22:40:00,109.24,1.081,-1.2324,23.57,-0.2054,103.66,0.057,22.5,false_alarm,LOW
2026-07-18T22:50:00,95.48,1.215,0.8076,-13.76,0.1346,103.48,-0.363,21.7,false_alarm,LOW
2026-07-18T23:00:00,92.37,1.574,2.1552,-3.1,0.3592,103.44,0.141,22.4,false_alarm,MEDIUM
2026-07-18T23:10:00,85.31,1.599,0.1452,-7.06,0.0242,101.69,0.124,22.5,false_alarm,MEDIUM
2026-07-18T23:20:00,95.31,1.009,-3.5406,10.0,-0.5901,102.01,-0.468,22.3,false_alarm,LOW
2026-07-18T23:30:00,110.83,1.5,2.9514,15.51,0.4919,103.2,0.411,21.7,false_alarm,MEDIUM
2026-07-18T23:40:00,111.37,1.461,-0.2346,0.54,-0.0391,102.83,-0.127,22.2,false_alarm,MEDIUM
2026-07-18T23:50:00,108.05,1.46,-0.0102,-3.32,-0.0017,103.21,0.234,22.2,false_alarm,MEDIUM
2026-07-19T00:00:00,88.1,1.293,-1.0026,-19.95,-0.1671,102.24,0.171,22.5,false_alarm,LOW
2026-07-19T00:10:00,87.72,1.245,-0.2886,-0.38,-0.0481,101.84,-0.051,21.7,false_alarm,LOW
2026-07-19T00:20:00,97.21,1.067,-1.0674,9.49,-0.1779,101.52,-0.453,21.9,false_alarm,LOW
2026-07-19T00:30:00,113.29,1.569,3.012,16.08,0.502,101.97,0.11,21.1,false_alarm,MEDIUM
2026-07-19T00:40:00,87.69,1.3,-1.6092,-25.6,-0.2682,100.51,-0.273,22.1,false_alarm,LOW
2026-07-19T00:50:00,112.81,1.424,0.7434,25.12,0.1239,100.94,0.161,21.2,false_alarm,MEDIUM
2026-07-19T01:00:00,93.13,1.169,-1.5336,-19.67,-0.2556,99.73,-0.367,21.6,false_alarm,LOW
2026-07-19T01:10:00,113.12,1.558,2.3334,19.99,0.3889,99.65,0.002,22.4,false_alarm,MEDIUM
2026-07-19T01:20:00,96.25,1.286,-1.6302,-16.87,-0.2717,99.05,-0.0,21.9,false_alarm,LOW
2026-07-19T01:30:00,92.91,1.384,0.5904,-3.34,0.0984,99.46,0.304,22.0,false_alarm,LOW
2026-07-19T01:40:00,97.52,1.389,0.0264,4.61,0.0044,98.8,0.173,22.1,false_alarm,LOW
2026-07-19T01:50:00,89.3,1.533,0.867,-8.22,0.1445,98.46,-0.041,20.5,false_alarm,MEDIUM
2026-07-19T02:00:00,105.51,1.375,-0.9498,16.2,-0.1583,99.19,-0.224,22.1,false_alarm,LOW
2026-07-19T02:10:00,87.51,1.41,0.2082,-17.99,0.0347,99.31,0.401,22.4,false_alarm,MEDIUM
2026-07-19T02:20:00,113.79,1.482,0.4368,26.28,0.0728,100.34,-0.018,21.5,false_alarm,MEDIUM
2026-07-19T02:30:00,104.34,1.312,-1.0218,-9.45,-0.1703,99.98,-0.149,22.2,false_alarm,LOW
2026-07-19T02:40:00,94.5,1.298,-0.0846,-9.84,-0.0141,99.04,-0.162,21.7,false_alarm,LOW
2026-07-19T02:50:00,94.95,1.08,-1.3062,0.45,-0.2177,98.31,-0.212,21.7,false_alarm,LOW
2026-07-19T03:00:00,111.2,1.191,0.6618,16.25,0.1103,99.6,-0.054,22.1,false_alarm,LOW
2026-07-19T03:10:00,85.0,1.307,0.6966,-26.2,0.1161,99.45,0.24,21.8,false_alarm,LOW
2026-07-19T03:20:00,114.38,1.002,-1.8264,29.37,-0.3044,100.4,-0.566,22.1,false_alarm,LOW
2026-07-19T03:30:00,93.64,1.445,2.6538,-20.74,0.4423,99.31,0.144,21.7,false_alarm,MEDIUM
2026-07-19T03:40:00,97.61,1.162,-1.6938,3.97,-0.2823,99.86,-0.262,21.8,false_alarm,LOW
2026-07-19T03:50:00,114.49,1.188,0.1548,16.89,0.0258,99.95,0.019,22.1,false_alarm,LOW
2026-07-19T04:00:00,100.18,1.546,2.148,-14.31,0.358,100.35,-0.012,22.1,false_alarm,MEDIUM
2026-07-19T04:10:00,98.21,1.578,0.195,-1.98,0.0325,99.52,0.293,22.1,false_alarm,MEDIUM
2026-07-19T04:20:00,102.28,1.233,-2.0754,4.08,-0.3459,99.85,-0.152,21.7,false_alarm,LOW
2026-07-19T04:30:00,107.14,1.422,1.1382,4.86,0.1897,100.64,0.034,22.5,false_alarm,MEDIUM
2026-07-19T04:40:00,118.81,1.457,0.2058,11.67,0.0343,101.83,-0.077,22.6,false_alarm,MEDIUM
2026-07-19T04:50:00,118.28,1.422,-0.2106,-0.53,-0.0351,103.43,0.047,21.7,false_alarm,MEDIUM
2026-07-19T05:00:00,112.36,1.386,-0.21,-5.91,-0.035,103.82,-0.023,21.8,false_alarm,LOW
2026-07-19T05:10:00,86.69,1.216,-1.023,-25.68,-0.1705,103.77,-0.266,22.0,false_alarm,LOW
2026-07-19T05:20:00,100.15,1.275,0.3516,13.46,0.0586,103.01,-0.037,22.3,false_alarm,LOW
2026-07-19T05:30:00,92.31,1.221,-0.3204,-7.83,-0.0534,102.34,-0.077,21.7,false_alarm,LOW
2026-07-19T05:40:00,111.86,1.25,0.1722,19.55,0.0287,103.31,0.17,21.9,false_alarm,LOW
2026-07-19T05:50:00,113.78,1.51,1.5618,1.91,0.2603,104.35,0.32,22.3,false_alarm,MEDIUM
2026-07-19T06:00:00,101.53,1.528,0.1074,-12.25,0.0179,103.82,0.221,21.4,false_alarm,MEDIUM
2026-07-19T06:10:00,92.55,1.407,-0.7284,-8.98,-0.1214,104.24,0.404,21.2,false_alarm,MEDIUM
2026-07-19T06:20:00,89.78,1.391,-0.0942,-2.77,-0.0157,102.87,-0.054,22.4,false_alarm,LOW
2026-07-19T06:30:00,110.85,1.189,-1.2096,21.07,-0.2016,103.83,0.027,21.4,false_alarm,LOW
2026-07-19T06:40:00,109.96,1.12,-0.4188,-0.89,-0.0698,104.51,-0.068,22.8,false_alarm,LOW
2026-07-19T06:50:00,116.16,1.172,0.3174,6.2,0.0529,104.6,-0.374,21.7,false_alarm,LOW
2026-07-19T07:00:00,88.9,1.31,0.8226,-27.25,0.1371,103.98,-0.269,21.9,false_alarm,LOW
2026-07-19T07:10:00,94.37,1.501,1.1508,5.46,0.1918,103.76,0.269,21.9,false_alarm,MEDIUM
2026-07-19T07:20:00,102.25,1.243,-1.5522,7.88,-0.2587,103.76,-0.18,21.5,false_alarm,LOW
2026-07-19T07:30:00,103.58,1.357,0.687,1.33,0.1145,103.57,-0.1,22.0,false_alarm,LOW
2026-07-19T07:40:00,118.72,1.311,-0.2742,15.14,-0.0457,103.56,-0.11,21.9,false_alarm,LOW
2026-07-19T07:50:00,108.71,1.187,-0.7458,-10.01,-0.1243,103.03,-0.199,22.4,false_alarm,LOW
2026-07-19T08:00:00,103.25,1.586,2.391,-5.47,0.3985,102.52,0.37,22.4,false_alarm,MEDIUM
2026-07-19T08:10:00,89.39,1.01,-3.4524,-13.85,-0.5754,102.67,-0.264,22.3,false_alarm,LOW
2026-07-19T08:20:00,89.21,1.159,0.8952,-0.19,0.1492,102.06,-0.062,22.3,false_alarm,LOW
2026-07-19T08:30:00,85.61,1.176,0.0996,-3.59,0.0166,101.69,-0.074,22.1,false_alarm,LOW
2026-07-19T08:40:00,97.18,1.223,0.2826,11.57,0.0471,100.88,-0.287,22.8,false_alarm,LOW
2026-07-19T08:50:00,85.05,1.18,-0.2592,-12.14,-0.0432,99.28,-0.348,22.1,false_alarm,LOW
2026-07-19T09:00:00,114.65,1.014,-0.9942,29.6,-0.1657,100.01,-0.393,22.0,false_alarm,LOW
2026-07-19T09:10:00,116.45,1.47,2.7348,1.8,0.4558,101.34,0.079,21.9,false_alarm,MEDIUM
2026-07-19T09:20:00,98.93,1.182,-1.7292,-17.52,-0.2882,101.85,-0.008,22.7,false_alarm,LOW
2026-07-19T09:30:00,87.3,1.137,-0.2688,-11.63,-0.0448,100.54,0.017,21.9,false_alarm,LOW
2026-07-19T09:40:00,111.16,1.284,0.8838,23.86,0.1473,100.6,0.112,21.2,false_alarm,LOW
2026-07-19T09:50:00,87.02,1.575,1.7424,-24.14,0.2904,98.99,0.265,22.0,false_alarm,MEDIUM
2026-07-19T10:00:00,118.7,1.045,-3.1758,31.67,-0.5293,100.64,-0.456,22.1,false_alarm,LOW
2026-07-19T10:10:00,97.8,1.135,0.5394,-20.9,0.0899,100.83,-0.107,21.8,false_alarm,LOW
2026-07-19T10:20:00,106.78,1.469,2.0016,8.99,0.3336,101.08,0.112,21.8,false_alarm,MEDIUM
2026-07-19T10:30:00,105.24,1.088,-2.2836,-1.54,-0.3806,101.18,-0.223,22.2,false_alarm,LOW
2026-07-19T10:40:00,98.59,1.404,1.8978,-6.65,0.3163,100.06,0.217,22.6,false_alarm,MEDIUM
2026-07-19T10:50:00,94.1,1.207,-1.1844,-4.49,-0.1974,99.24,-0.378,21.9,false_alarm,LOW
2026-07-19T11:00:00,101.45,1.534,1.962,7.35,0.327,99.15,0.524,22.2,false_alarm,MEDIUM
2026-07-19T11:10:00,109.77,1.037,-2.9808,8.32,-0.4968,100.28,-0.122,21.6,false_alarm,LOW
2026-07-19T11:20:00,89.7,1.575,3.2244,-20.07,0.5374,100.3,0.399,23.0,false_alarm,MEDIUM
2026-07-19T11:30:00,103.54,1.145,-2.5776,13.84,-0.4296,101.3,-0.078,23.0,false_alarm,LOW
2026-07-19T11:40:00,87.67,1.165,0.1182,-15.87,0.0197,100.77,-0.015,22.0,false_alarm,LOW
2026-07-19T11:50:00,113.24,1.276,0.666,25.58,0.111,102.34,0.262,20.9,false_alarm,LOW
2026-07-19T12:00:00,86.54,1.099,-1.0578,-26.71,-0.1763,100.78,-0.37,22.8,false_alarm,LOW
2026-07-19T12:10:00,100.59,1.126,0.1566,14.06,0.0261,99.9,-0.056,21.8,false_alarm,LOW
2026-07-19T12:20:00,85.8,1.1,-0.153,-14.79,-0.0255,99.17,-0.037,21.7,recovery,MEDIUM
2026-07-19T12:30:00,73.2,1.1,0.0,-12.6,0.0,98.38,-0.184,20.5,recovery,MEDIUM
2026-07-19T12:40:00,62.28,1.1,0.0,-10.92,0.0,95.67,-0.475,21.0,recovery,MEDIUM
2026-07-19T12:50:00,52.69,1.1,0.0,-9.6,0.0,93.76,0.055,21.2,recovery,MEDIUM
2026-07-19T13:00:00,45.16,1.1,0.0,-7.52,0.0,89.67,-0.035,20.7,recovery,MEDIUM
2026-07-19T13:10:00,38.65,1.1,0.0,-6.51,0.0,86.39,-0.369,21.0,recovery,MEDIUM
2026-07-19T13:20:00,33.06,1.1,0.0,-5.6,0.0,82.29,0.012,21.2,recovery,MEDIUM
2026-07-19T13:30:00,27.57,1.1,0.0,-5.49,0.0,77.98,-0.304,21.4,recovery,MEDIUM
2026-07-19T13:40:00,23.32,1.1,0.0,-4.25,0.0,73.8,-0.107,21.3,recovery,MEDIUM
2026-07-19T13:50:00,20.06,1.1,0.0,-3.27,0.0,69.68,-0.434,21.3,recovery,MEDIUM
2026-07-19T14:00:00,15.99,1.1,0.0,-4.07,0.0,64.94,0.063,21.1,recovery,MEDIUM
2026-07-19T14:10:00,14.28,1.1,0.0,-1.7,0.0,59.63,-0.475,20.7,recovery,MEDIUM
2026-07-19T14:20:00,11.73,1.1,0.0,-2.55,0.0,55.3,-0.045,20.9,recovery,MEDIUM
2026-07-19T14:30:00,9.97,1.1,0.0,-1.76,0.0,50.1,-0.065,20.1,recovery,MEDIUM
2026-07-19T14:40:00,9.47,1.1,0.0,-0.5,0.0,45.76,-0.176,21.1,recovery,MEDIUM
2026-07-19T14:50:00,7.2,1.1,0.0,-2.27,0.0,39.87,0.001,21.4,recovery,LOW
2026-07-19T15:00:00,5.16,1.1,0.0,-2.04,0.0,35.34,-0.026,20.9,recovery,LOW
2026-07-19T15:10:00,4.63,1.1,0.0,-0.53,0.0,30.01,0.0,21.1,recovery,LOW
2026-07-19T15:20:00,3.5,1.1,0.0,-1.13,0.0,25.44,0.0,20.6,recovery,LOW
2026-07-19T15:30:00,3.22,1.1,0.0,-0.28,0.0,21.55,0.0,20.5,recovery,LOW
2026-07-19T15:40:00,2.36,1.1,0.0,-0.86,0.0,18.22,0.0,21.1,recovery,LOW
2026-07-19T15:50:00,2.45,1.1,0.0,0.09,0.0,15.43,0.0,20.9,recovery,LOW
2026-07-19T16:00:00,2.63,1.1,0.0,0.18,0.0,13.07,0.0,21.2,recovery,LOW
2026-07-19T16:10:00,2.29,1.1,0.0,-0.34,0.0,11.05,0.0,20.8,recovery,LOW
2026-07-19T16:20:00,1.55,1.1,0.0,-0.74,0.0,9.3,0.0,20.5,recovery,LOW
2026-07-19T16:30:00,1.37,1.1,0.0,-0.19,0.0,7.84,0.0,20.6,recovery,LOW
2026-07-19T16:40:00,0.69,1.1,0.0,-0.67,0.0,6.59,0.0,21.3,recovery,LOW
2026-07-19T16:50:00,0.26,1.1,0.0,-0.43,0.0,5.49,0.0,21.0,recovery,LOW
2026-07-19T17:00:00,0.88,1.1,0.0,0.62,0.0,4.65,0.0,21.0,recovery,LOW
2026-07-19T17:10:00,0.93,1.1,0.0,0.05,0.0,3.91,0.0,21.3,recovery,LOW
2026-07-19T17:20:00,0.0,1.1,0.0,-0.93,0.0,3.25,0.0,21.3,recovery,LOW
2026-07-19T17:30:00,0.0,1.1,0.0,0.0,0.0,2.7,0.0,20.7,recovery,LOW
2026-07-19T17:40:00,0.32,1.1,0.0,0.32,0.0,2.19,0.0,21.0,recovery,LOW
2026-07-19T17:50:00,0.83,1.1,0.0,0.51,0.0,1.84,0.0,20.7,recovery,LOW
2026-07-19T18:00:00,1.61,1.1,0.0,0.78,0.0,1.64,0.0,21.4,recovery,LOW
2026-07-19T18:10:00,0.94,1.1,0.0,-0.67,0.0,1.44,0.0,20.9,recovery,LOW
2026-07-19T18:20:00,0.39,1.1,0.0,-0.55,0.0,1.26,0.0,20.8,recovery,LOW
2026-07-19T18:30:00,0.0,1.1,0.0,-0.39,0.0,1.08,0.0,20.6,recovery,LOW
2026-07-19T18:40:00,0.0,1.1,0.0,0.0,0.0,0.95,0.0,20.5,recovery,LOW
2026-07-19T18:50:00,0.39,1.1,0.0,0.39,0.0,0.84,0.0,20.3,recovery,LOW
2026-07-19T19:00:00,0.18,1.1,0.0,-0.21,0.0,0.7,0.0,21.1,recovery,LOW
2026-07-19T19:10:00,0.24,1.1,0.0,0.06,0.0,0.59,0.0,21.2,recovery,LOW
2026-07-19T19:20:00,0.69,1.1,0.0,0.44,0.0,0.54,0.0,20.9,recovery,LOW
2026-07-19T19:30:00,0.45,1.1,0.0,-0.24,0.0,0.49,0.0,20.9,recovery,LOW
2026-07-19T19:40:00,0.34,1.1,0.0,-0.1,0.0,0.47,0.0,20.7,recovery,LOW
2026-07-19T19:50:00,0.66,1.1,0.0,0.32,0.0,0.49,0.0,21.5,recovery,LOW
2026-07-19T20:00:00,0.0,1.1,0.0,-0.66,0.0,0.44,0.0,20.4,recovery,LOW
2026-07-19T20:10:00,0.0,1.1,0.0,0.0,0.0,0.39,0.0,20.9,recovery,LOW
2026-07-19T20:20:00,0.15,1.1,0.0,0.15,0.0,0.4,0.0,21.4,recovery,LOW
2026-07-19T20:30:00,0.15,1.1,0.0,0.0,0.0,0.41,0.0,21.1,recovery,LOW
2026-07-19T20:40:00,1.05,1.1,0.0,0.9,0.0,0.45,0.0,21.4,recovery,LOW
2026-07-19T20:50:00,0.8,1.1,0.0,-0.25,0.0,0.45,0.0,21.1,recovery,LOW
2026-07-19T21:00:00,0.53,1.1,0.0,-0.27,0.0,0.39,0.0,21.3,recovery,LOW
2026-07-19T21:10:00,0.0,1.1,0.0,-0.53,0.0,0.33,0.0,21.0,recovery,LOW
2026-07-19T21:20:00,0.68,1.1,0.0,0.68,0.0,0.35,0.0,20.9,recovery,LOW
2026-07-19T21:30:00,0.59,1.1,0.0,-0.09,0.0,0.38,0.0,20.8,recovery,LOW
2026-07-19T21:40:00,0.25,1.1,0.0,-0.34,0.0,0.4,0.0,20.9,recovery,LOW
2026-07-19T21:50:00,0.55,1.1,0.0,0.3,0.0,0.41,0.0,21.3,recovery,LOW
2026-07-19T22:00:00,0.38,1.1,0.0,-0.18,0.0,0.42,0.0,21.2,recovery,LOW
2026-07-19T22:10:00,0.0,1.1,0.0,-0.38,0.0,0.4,0.0,21.4,recovery,LOW
2026-07-19T22:20:00,0.0,1.1,0.0,0.0,0.0,0.37,0.0,21.0,recovery,LOW
2026-07-19T22:30:00,0.35,1.1,0.0,0.35,0.0,0.36,0.0,21.1,recovery,LOW
2026-07-19T22:40:00,0.12,1.1,0.0,-0.23,0.0,0.35,0.0,21.4,recovery,LOW
2026-07-19T22:50:00,0.09,1.1,0.0,-0.03,0.0,0.32,0.0,21.1,recovery,LOW
2026-07-19T23:00:00,0.09,1.1,0.0,0.01,0.0,0.32,0.0,21.1,recovery,LOW
2026-07-19T23:10:00,12.71,1.8,4.2,12.62,0.7,1.03,0.7,19.5,heavy_rain,LOW
2026-07-19T23:20:00,20.82,1.811,0.0636,8.11,0.0106,2.18,0.711,19.0,heavy_rain,LOW
2026-07-19T23:30:00,35.3,1.815,0.0282,14.48,0.0047,4.13,0.715,19.3,heavy_rain,LOW
2026-07-19T23:40:00,42.46,1.836,0.1254,7.16,0.0209,6.43,0.736,20.0,heavy_rain,MEDIUM
2026-07-19T23:50:00,46.15,1.834,-0.0114,3.69,-0.0019,8.95,0.734,19.8,heavy_rain,LOW
2026-07-20T00:00:00,50.67,1.854,0.1206,4.52,0.0201,11.73,0.754,18.9,heavy_rain,MEDIUM
2026-07-20T00:10:00,57.66,1.874,0.1212,7.0,0.0202,14.94,0.774,19.7,heavy_rain,MEDIUM
2026-07-20T00:20:00,57.07,1.886,0.0678,-0.59,0.0113,18.07,0.786,20.2,heavy_rain,LOW
2026-07-20T00:30:00,49.05,1.913,0.1614,-8.02,0.0269,20.76,0.813,19.7,heavy_rain,MEDIUM
2026-07-20T00:40:00,50.4,1.931,0.111,1.35,0.0185,23.55,0.831,19.7,heavy_rain,MEDIUM
2026-07-20T00:50:00,54.29,1.952,0.126,3.89,0.021,26.53,0.852,19.6,heavy_rain,MEDIUM
2026-07-20T01:00:00,58.87,1.959,0.042,4.58,0.007,29.78,0.859,19.3,heavy_rain,LOW
2026-07-20T01:10:00,61.27,1.996,0.2214,2.4,0.0369,33.19,0.896,19.0,heavy_rain,MEDIUM
2026-07-20T01:20:00,63.77,2.023,0.1626,2.5,0.0271,36.73,0.923,19.7,heavy_rain,MEDIUM
2026-07-20T01:30:00,55.21,2.041,0.1068,-8.55,0.0178,39.78,0.941,19.1,heavy_rain,MEDIUM
2026-07-20T01:40:00,49.64,2.083,0.2532,-5.57,0.0422,42.53,0.983,19.4,heavy_rain,MEDIUM
2026-07-20T01:50:00,51.96,2.11,0.1626,2.32,0.0271,45.41,1.01,19.7,heavy_rain,MEDIUM
2026-07-20T02:00:00,59.11,2.12,0.0612,7.15,0.0102,48.69,0.32,19.6,heavy_rain,MEDIUM
2026-07-20T02:10:00,61.59,2.153,0.1968,2.48,0.0328,51.4,0.343,19.2,heavy_rain,MEDIUM
2026-07-20T02:20:00,59.09,2.179,0.1518,-2.5,0.0253,53.53,0.363,19.8,heavy_rain,MEDIUM
2026-07-20T02:30:00,57.44,2.189,0.0618,-1.65,0.0103,54.76,0.353,19.6,heavy_rain,MEDIUM
2026-07-20T02:40:00,61.92,2.235,0.2772,4.48,0.0462,55.84,0.401,19.2,heavy_rain,MEDIUM
2026-07-20T02:50:00,56.74,2.278,0.2568,-5.18,0.0428,56.43,0.424,20.3,heavy_rain,MEDIUM
2026-07-20T03:00:00,60.02,2.299,0.1236,3.28,0.0206,56.95,0.424,18.8,heavy_rain,MEDIUM
2026-07-20T03:10:00,54.29,2.305,0.0366,-5.72,0.0061,56.76,0.419,19.5,heavy_rain,MEDIUM
2026-07-20T03:20:00,58.36,2.332,0.1644,4.07,0.0274,56.83,0.419,19.3,heavy_rain,MEDIUM
2026-07-20T03:30:00,54.64,2.365,0.1986,-3.72,0.0331,57.14,0.434,19.4,heavy_rain,MEDIUM
2026-07-20T03:40:00,50.43,2.395,0.1788,-4.21,0.0298,57.15,0.443,19.1,heavy_rain,MEDIUM
2026-07-20T03:50:00,57.7,2.428,0.201,7.27,0.0335,57.34,0.469,19.4,heavy_rain,MEDIUM
2026-07-20T04:00:00,54.42,2.453,0.1476,-3.28,0.0246,57.09,0.457,18.8,heavy_rain,MEDIUM
2026-07-20T04:10:00,53.01,2.463,0.0624,-1.4,0.0104,56.63,0.44,19.7,heavy_rain,MEDIUM
2026-07-20T04:20:00,53.44,2.475,0.0702,0.42,0.0117,56.06,0.434,19.0,heavy_rain,MEDIUM
2026-07-20T04:30:00,54.25,2.49,0.087,0.82,0.0145,56.0,0.407,19.6,heavy_rain,MEDIUM
2026-07-20T04:40:00,57.98,2.517,0.1656,3.73,0.0276,56.47,0.407,19.8,heavy_rain,MEDIUM
2026-07-20T04:50:00,62.23,2.547,0.177,4.24,0.0295,57.04,0.426,20.3,heavy_rain,MEDIUM
2026-07-20T05:00:00,54.98,2.561,0.0852,-7.25,0.0142,56.81,0.408,19.7,heavy_rain,MEDIUM
2026-07-20T05:10:00,56.94,2.582,0.1278,1.96,0.0213,56.55,0.404,19.9,heavy_rain,MEDIUM
2026-07-20T05:20:00,59.1,2.604,0.1302,2.16,0.0217,56.55,0.415,19.7,heavy_rain,MEDIUM
2026-07-20T05:30:00,56.66,2.626,0.1314,-2.44,0.0219,56.51,0.391,20.5,heavy_rain,MEDIUM
2026-07-20T05:40:00,55.1,2.649,0.1404,-1.55,0.0234,56.13,0.371,19.3,heavy_rain,MEDIUM
2026-07-20T05:50:00,55.07,2.694,0.2706,-0.03,0.0451,56.03,0.396,18.9,heavy_rain,MEDIUM
2026-07-20T06:00:00,52.47,2.729,0.2106,-2.6,0.0351,55.62,0.425,19.9,heavy_rain,MEDIUM
2026-07-20T06:10:00,45.26,2.753,0.1434,-7.21,0.0239,55.11,0.421,19.6,heavy_rain,MEDIUM
2026-07-20T06:20:00,51.12,2.779,0.1512,5.86,0.0252,54.71,0.413,19.1,heavy_rain,MEDIUM
2026-07-20T06:30:00,47.23,2.797,0.1086,-3.9,0.0181,54.3,0.402,19.1,heavy_rain,MEDIUM
2026-07-20T06:40:00,50.47,2.817,0.1212,3.25,0.0202,54.3,0.388,19.6,heavy_rain,MEDIUM
2026-07-20T06:50:00,52.06,2.837,0.1236,1.59,0.0206,53.99,0.384,20.5,heavy_rain,MEDIUM
2026-07-20T07:00:00,52.82,2.848,0.0606,0.76,0.0101,53.9,0.384,19.8,heavy_rain,MEDIUM
2026-07-20T07:10:00,49.64,2.887,0.2358,-3.18,0.0393,53.71,0.412,19.6,heavy_rain,MEDIUM
2026-07-20T07:20:00,56.38,2.888,0.0048,6.74,0.0008,53.88,0.398,19.4,heavy_rain,MEDIUM
2026-07-20T07:30:00,57.14,2.908,0.1224,0.76,0.0204,54.04,0.391,19.2,heavy_rain,MEDIUM
2026-07-20T07:40:00,55.94,2.928,0.1212,-1.2,0.0202,53.92,0.382,19.9,heavy_rain,MEDIUM
2026-07-20T07:50:00,55.64,2.954,0.1524,-0.31,0.0254,53.56,0.393,20.0,heavy_rain,MEDIUM
2026-07-20T08:00:00,54.51,2.966,0.0768,-1.12,0.0128,53.53,0.384,19.2,heavy_rain,MEDIUM
2026-07-20T08:10:00,52.59,2.989,0.1326,-1.92,0.0221,53.29,0.385,19.3,heavy_rain,MEDIUM
2026-07-20T08:20:00,51.99,3.025,0.219,-0.6,0.0365,52.89,0.399,19.9,heavy_rain,MEDIUM
2026-07-20T08:30:00,49.78,3.037,0.0708,-2.21,0.0118,52.51,0.388,19.4,heavy_rain,MEDIUM
2026-07-20T08:40:00,55.28,3.062,0.1524,5.5,0.0254,52.52,0.368,20.1,heavy_rain,MEDIUM
2026-07-20T08:50:00,52.31,3.1,0.2232,-2.97,0.0372,52.37,0.37,19.8,heavy_rain,MEDIUM
2026-07-20T09:00:00,58.63,3.111,0.066,6.32,0.011,52.71,0.357,19.5,heavy_rain,MEDIUM
2026-07-20T09:10:00,62.89,3.14,0.18,4.27,0.03,53.69,0.362,19.3,heavy_rain,MEDIUM
2026-07-20T09:20:00,64.42,3.168,0.165,1.52,0.0275,54.43,0.371,19.6,heavy_rain,MEDIUM
2026-07-20T09:30:00,68.46,3.204,0.2154,4.04,0.0359,55.61,0.387,19.6,heavy_rain,MEDIUM
2026-07-20T09:40:00,68.44,3.229,0.1524,-0.01,0.0254,56.61,0.392,19.0,heavy_rain,MEDIUM
2026-07-20T09:50:00,65.74,3.25,0.1272,-2.71,0.0212,57.37,0.403,19.1,heavy_rain,MEDIUM
2026-07-20T10:00:00,58.7,3.287,0.2208,-7.03,0.0368,57.69,0.4,19.4,heavy_rain,MEDIUM
2026-07-20T10:10:00,56.6,3.33,0.2586,-2.1,0.0431,58.08,0.443,19.7,heavy_rain,MEDIUM
2026-07-20T10:20:00,62.04,3.367,0.219,5.44,0.0365,58.39,0.459,19.1,heavy_rain,MEDIUM
2026-07-20T10:30:00,58.55,3.399,0.1932,-3.5,0.0322,58.47,0.471,19.0,heavy_rain,MEDIUM
2026-07-20T10:40:00,53.2,3.4,0.006,-5.35,0.001,58.32,0.446,19.8,heavy_rain,MEDIUM
2026-07-20T10:50:00,57.18,3.4,0.0,3.99,0.0,58.41,0.434,19.7,heavy_rain,MEDIUM
2026-07-20T11:00:00,61.27,3.4,0.0,4.08,0.0,58.78,0.411,20.1,heavy_rain,MEDIUM
2026-07-20T11:10:00,60.13,3.4,0.0,-1.14,0.0,59.2,0.375,19.5,heavy_rain,MEDIUM
2026-07-20T11:20:00,56.95,3.4,0.0,-3.17,0.0,59.48,0.363,19.4,heavy_rain,MEDIUM
2026-07-20T11:30:00,63.0,3.4,0.0,6.04,0.0,60.21,0.338,19.7,heavy_rain,MEDIUM
2026-07-20T11:40:00,53.73,3.4,0.0,-9.26,0.0,60.12,0.3,19.2,heavy_rain,MEDIUM
2026-07-20T11:50:00,56.05,3.4,0.0,2.32,0.0,60.33,0.289,19.5,heavy_rain,MEDIUM
2026-07-20T12:00:00,59.2,3.4,0.0,3.15,0.0,60.36,0.26,19.8,heavy_rain,MEDIUM
2026-07-20T12:10:00,61.55,3.4,0.0,2.36,0.0,60.29,0.232,19.7,heavy_rain,MEDIUM
2026-07-20T12:20:00,63.18,3.4,0.0,1.63,0.0,60.22,0.196,19.6,heavy_rain,MEDIUM
2026-07-20T12:30:00,62.68,3.4,0.0,-0.5,0.0,59.9,0.171,19.4,heavy_rain,MEDIUM
2026-07-20T12:40:00,66.43,3.4,0.0,3.75,0.0,59.79,0.15,19.3,heavy_rain,MEDIUM
2026-07-20T12:50:00,65.5,3.4,0.0,-0.93,0.0,59.78,0.113,19.8,heavy_rain,MEDIUM
2026-07-20T13:00:00,65.85,3.4,0.0,0.35,0.0,60.17,0.07,19.2,heavy_rain,MEDIUM
2026-07-20T13:10:00,63.06,3.4,0.0,-2.79,0.0,60.53,0.033,20.3,heavy_rain,MEDIUM
2026-07-20T13:20:00,63.47,3.4,0.0,0.41,0.0,60.61,0.001,19.8,heavy_rain,MEDIUM
2026-07-20T13:30:00,60.53,3.4,0.0,-2.94,0.0,60.72,0.0,19.7,heavy_rain,MEDIUM
2026-07-20T13:40:00,57.39,3.4,0.0,-3.14,0.0,60.95,0.0,19.7,heavy_rain,MEDIUM
2026-07-20T13:50:00,57.07,3.4,0.0,-0.33,0.0,60.95,0.0,19.7,heavy_rain,MEDIUM
2026-07-20T14:00:00,62.96,3.4,0.0,5.9,0.0,61.04,0.0,20.7,heavy_rain,MEDIUM
2026-07-20T14:10:00,60.78,3.4,0.0,-2.19,0.0,61.08,0.0,19.7,heavy_rain,MEDIUM
2026-07-20T14:20:00,60.26,3.4,0.0,-0.52,0.0,61.26,0.0,19.9,heavy_rain,MEDIUM
2026-07-20T14:30:00,54.58,3.4,0.0,-5.68,0.0,60.79,0.0,19.6,heavy_rain,MEDIUM
2026-07-20T14:40:00,57.94,3.4,0.0,3.36,0.0,61.03,0.0,19.8,heavy_rain,MEDIUM
2026-07-20T14:50:00,56.03,3.4,0.0,-1.9,0.0,61.03,0.0,19.9,heavy_rain,MEDIUM
2026-07-20T15:00:00,60.43,3.4,0.0,4.4,0.0,61.09,0.0,19.5,heavy_rain,MEDIUM
2026-07-20T15:10:00,58.15,3.4,0.0,-2.28,0.0,60.91,0.0,19.4,heavy_rain,MEDIUM
2026-07-20T15:20:00,51.96,3.4,0.0,-6.19,0.0,60.28,0.0,19.2,heavy_rain,MEDIUM
2026-07-20T15:30:00,52.31,3.4,0.0,0.36,0.0,59.71,0.0,19.4,heavy_rain,MEDIUM
2026-07-20T15:40:00,58.35,3.4,0.0,6.04,0.0,59.26,0.0,19.3,heavy_rain,MEDIUM
2026-07-20T15:50:00,58.82,3.4,0.0,0.47,0.0,58.89,0.0,19.3,heavy_rain,MEDIUM
2026-07-20T16:00:00,55.17,3.4,0.0,-3.66,0.0,58.29,0.0,19.0,heavy_rain,MEDIUM
2026-07-20T16:10:00,52.46,3.4,0.0,-2.7,0.0,57.7,0.0,19.3,heavy_rain,MEDIUM
2026-07-20T16:20:00,55.95,3.4,0.0,3.49,0.0,57.29,0.0,19.4,heavy_rain,MEDIUM
2026-07-20T16:30:00,56.36,3.4,0.0,0.41,0.0,57.05,0.0,19.6,heavy_rain,MEDIUM
2026-07-20T16:40:00,58.35,3.4,0.0,1.99,0.0,57.11,0.0,19.8,heavy_rain,MEDIUM
2026-07-20T16:50:00,57.81,3.4,0.0,-0.54,0.0,57.15,0.0,19.9,heavy_rain,MEDIUM
2026-07-20T17:00:00,51.96,3.4,0.0,-5.84,0.0,56.54,0.0,18.6,heavy_rain,MEDIUM
2026-07-20T17:10:00,59.65,3.4,0.0,7.69,0.0,56.48,0.0,19.7,heavy_rain,MEDIUM
2026-07-20T17:20:00,57.79,3.4,0.0,-1.86,0.0,56.34,0.0,19.6,heavy_rain,MEDIUM
2026-07-20T17:30:00,62.28,3.4,0.0,4.49,0.0,56.77,0.0,19.5,heavy_rain,MEDIUM
2026-07-20T17:40:00,60.58,3.392,-0.0504,-1.71,-0.0084,56.91,-0.008,18.9,heavy_rain,MEDIUM
2026-07-20T17:50:00,65.11,3.4,0.0504,4.53,0.0084,57.42,0.0,18.8,heavy_rain,MEDIUM
2026-07-20T18:00:00,60.49,3.4,0.0,-4.61,0.0,57.42,0.0,19.6,heavy_rain,MEDIUM
2026-07-20T18:10:00,60.22,3.4,0.0,-0.28,0.0,57.54,0.0,20.4,heavy_rain,MEDIUM
2026-07-20T18:20:00,56.25,3.4,0.0,-3.97,0.0,57.77,0.0,19.8,heavy_rain,MEDIUM
2026-07-20T18:30:00,58.75,3.4,0.0,2.51,0.0,58.13,0.0,19.3,heavy_rain,MEDIUM
2026-07-20T18:40:00,53.75,3.4,0.0,-5.0,0.0,57.88,0.0,19.3,heavy_rain,MEDIUM
2026-07-20T18:50:00,50.41,3.4,0.0,-3.33,0.0,57.41,0.0,20.0,heavy_rain,MEDIUM
2026-07-20T19:00:00,50.12,3.4,0.0,-0.29,0.0,57.13,0.0,19.2,heavy_rain,MEDIUM
2026-07-20T19:10:00,54.9,3.4,0.0,4.77,0.0,57.26,0.0,19.1,heavy_rain,MEDIUM
2026-07-20T19:20:00,54.08,3.4,0.0,-0.82,0.0,57.16,0.0,19.7,heavy_rain,MEDIUM
2026-07-20T19:30:00,53.69,3.4,0.0,-0.39,0.0,57.01,0.0,19.2,heavy_rain,MEDIUM
2026-07-20T19:40:00,55.31,3.4,0.0,1.62,0.0,56.84,0.0,19.4,heavy_rain,MEDIUM
2026-07-20T19:50:00,53.95,3.4,0.0,-1.36,0.0,56.63,0.0,19.6,heavy_rain,MEDIUM
2026-07-20T20:00:00,54.31,3.4,0.0,0.36,0.0,56.76,0.0,19.4,heavy_rain,MEDIUM
2026-07-20T20:10:00,46.14,3.4,0.0,-8.16,0.0,56.01,0.0,19.3,heavy_rain,MEDIUM
2026-07-20T20:20:00,55.76,3.4,0.0,9.62,0.0,55.89,0.0,19.1,heavy_rain,MEDIUM
2026-07-20T20:30:00,57.93,3.4,0.0,2.17,0.0,55.65,0.008,19.7,heavy_rain,MEDIUM
2026-07-20T20:40:00,60.93,3.4,0.0,3.0,0.0,55.67,0.0,19.3,heavy_rain,MEDIUM
2026-07-20T20:50:00,58.68,3.4,0.0,-2.25,0.0,55.32,0.0,19.5,heavy_rain,MEDIUM
2026-07-20T21:00:00,54.72,3.4,0.0,-3.96,0.0,54.99,0.0,19.1,heavy_rain,MEDIUM
2026-07-20T21:10:00,52.42,3.4,0.0,-2.3,0.0,54.56,0.0,19.3,heavy_rain,MEDIUM
2026-07-20T21:20:00,59.09,3.4,0.0,6.67,0.0,54.72,0.0,19.3,heavy_rain,MEDIUM
2026-07-20T21:30:00,57.22,3.4,0.0,-1.87,0.0,54.64,0.0,19.4,heavy_rain,MEDIUM
2026-07-20T21:40:00,54.09,3.4,0.0,-3.14,0.0,54.65,0.0,19.6,heavy_rain,MEDIUM
2026-07-20T21:50:00,51.93,3.4,0.0,-2.15,0.0,54.74,0.0,19.5,heavy_rain,MEDIUM
2026-07-20T22:00:00,58.66,3.4,0.0,6.72,0.0,55.21,0.0,18.9,heavy_rain,MEDIUM
2026-07-20T22:10:00,61.92,3.4,0.0,3.27,0.0,55.6,0.0,19.1,heavy_rain,MEDIUM
2026-07-20T22:20:00,60.21,3.4,0.0,-1.71,0.0,55.94,0.0,19.9,heavy_rain,MEDIUM
2026-07-20T22:30:00,59.48,3.4,0.0,-0.73,0.0,56.27,0.0,18.8,heavy_rain,MEDIUM
2026-07-20T22:40:00,56.46,3.4,0.0,-3.02,0.0,56.33,0.0,19.0,heavy_rain,MEDIUM
2026-07-20T22:50:00,61.92,3.4,0.0,5.46,0.0,56.77,0.0,19.5,heavy_rain,MEDIUM
2026-07-20T23:00:00,51.95,3.4,0.0,-9.97,0.0,56.64,0.0,19.4,heavy_rain,MEDIUM
2026-07-20T23:10:00,57.19,3.4,0.0,5.24,0.0,57.25,0.0,19.1,heavy_rain,MEDIUM
2026-07-20T23:20:00,59.75,3.4,0.0,2.56,0.0,57.48,0.0,19.7,heavy_rain,MEDIUM
2026-07-20T23:30:00,59.43,3.4,0.0,-0.32,0.0,57.56,0.0,19.3,heavy_rain,MEDIUM
2026-07-20T23:40:00,56.0,3.4,0.0,-3.43,0.0,57.29,0.0,20.2,heavy_rain,MEDIUM
2026-07-20T23:50:00,50.4,3.4,0.0,-5.6,0.0,56.83,0.0,19.0,heavy_rain,MEDIUM
2026-07-21T00:00:00,52.98,3.4,0.0,2.58,0.0,56.73,0.0,19.1,heavy_rain,MEDIUM
2026-07-21T00:10:00,61.09,3.4,0.0,8.11,0.0,57.21,0.0,19.7,heavy_rain,MEDIUM
2026-07-21T00:20:00,63.78,3.4,0.0,2.69,0.0,57.47,0.0,19.8,heavy_rain,MEDIUM
2026-07-21T00:30:00,62.77,3.4,0.0,-1.01,0.0,57.78,0.0,19.5,heavy_rain,MEDIUM
2026-07-21T00:40:00,62.18,3.4,0.0,-0.59,0.0,58.23,0.0,19.5,heavy_rain,MEDIUM
2026-07-21T00:50:00,68.86,3.4,0.0,6.67,0.0,59.17,0.0,19.5,heavy_rain,MEDIUM
2026-07-21T01:00:00,65.36,3.4,0.0,-3.49,0.0,59.54,0.0,19.7,heavy_rain,MEDIUM
2026-07-21T01:10:00,63.79,3.4,0.0,-1.57,0.0,59.65,0.0,19.3,heavy_rain,MEDIUM
2026-07-21T01:20:00,62.81,3.4,0.0,-0.98,0.0,59.79,0.0,19.8,heavy_rain,MEDIUM
2026-07-21T01:30:00,64.2,3.4,0.0,1.39,0.0,60.05,0.0,19.5,heavy_rain,MEDIUM
2026-07-21T01:40:00,63.27,3.4,0.0,-0.92,0.0,60.43,0.0,19.3,heavy_rain,MEDIUM
2026-07-21T01:50:00,56.7,3.399,-0.0054,-6.57,-0.0009,60.14,-0.001,19.3,heavy_rain,MEDIUM
2026-07-21T02:00:00,56.79,3.4,0.0054,0.09,0.0009,60.41,0.0,19.7,heavy_rain,MEDIUM
2026-07-21T02:10:00,52.05,3.4,0.0,-4.74,0.0,60.12,0.0,19.6,heavy_rain,MEDIUM
2026-07-21T02:20:00,54.92,3.4,0.0,2.86,0.0,59.86,0.0,19.3,heavy_rain,MEDIUM
2026-07-21T02:30:00,55.63,3.4,0.0,0.71,0.0,59.64,0.0,19.5,heavy_rain,MEDIUM
2026-07-21T02:40:00,59.34,3.4,0.0,3.71,0.0,59.83,0.0,19.2,heavy_rain,MEDIUM
2026-07-21T02:50:00,55.98,3.4,0.0,-3.36,0.0,60.14,0.0,19.3,heavy_rain,MEDIUM
2026-07-21T03:00:00,55.36,3.4,0.0,-0.62,0.0,60.27,0.0,20.0,heavy_rain,MEDIUM
2026-07-21T03:10:00,60.36,3.4,0.0,5.0,0.0,60.23,0.0,19.0,heavy_rain,MEDIUM
2026-07-21T03:20:00,53.94,3.4,0.0,-6.41,0.0,59.68,0.0,18.8,heavy_rain,MEDIUM
2026-07-21T03:30:00,55.74,3.4,0.0,1.8,0.0,59.29,0.0,19.0,heavy_rain,MEDIUM
2026-07-21T03:40:00,51.88,3.4,0.0,-3.87,0.0,58.72,0.0,19.4,heavy_rain,MEDIUM
2026-07-21T03:50:00,54.52,3.4,0.0,2.64,0.0,57.92,0.0,20.2,heavy_rain,MEDIUM
2026-07-21T04:00:00,60.26,3.4,0.0,5.74,0.0,57.64,0.0,19.4,heavy_rain,MEDIUM
2026-07-21T04:10:00,64.44,3.4,0.0,4.18,0.0,57.68,0.0,19.0,heavy_rain,MEDIUM
2026-07-21T04:20:00,68.41,3.4,0.0,3.97,0.0,57.99,0.0,19.6,heavy_rain,MEDIUM
2026-07-21T04:30:00,65.94,3.4,0.0,-2.48,0.0,58.09,0.0,19.6,heavy_rain,MEDIUM
2026-07-21T04:40:00,63.33,3.4,0.0,-2.61,0.0,58.09,0.001,20.0,heavy_rain,MEDIUM
2026-07-21T04:50:00,59.94,3.4,0.0,-3.39,0.0,58.27,0.0,19.5,heavy_rain,MEDIUM
2026-07-21T05:00:00,61.8,3.4,0.0,1.85,0.0,58.55,0.0,18.8,heavy_rain,MEDIUM
2026-07-21T05:10:00,58.48,3.4,0.0,-3.31,0.0,58.9,0.0,19.2,heavy_rain,MEDIUM
2026-07-21T05:20:00,62.54,3.4,0.0,4.06,0.0,59.33,0.0,19.3,heavy_rain,MEDIUM
2026-07-21T05:30:00,61.87,3.4,0.0,-0.67,0.0,59.67,0.0,19.2,heavy_rain,MEDIUM
2026-07-21T05:40:00,65.89,3.4,0.0,4.02,0.0,60.04,0.0,19.0,heavy_rain,MEDIUM
2026-07-21T05:50:00,61.36,3.4,0.0,-4.53,0.0,60.34,0.0,19.0,heavy_rain,MEDIUM
2026-07-21T06:00:00,56.18,3.4,0.0,-5.18,0.0,60.38,0.0,19.3,heavy_rain,MEDIUM
2026-07-21T06:10:00,60.37,3.4,0.0,4.19,0.0,60.38,0.0,19.9,heavy_rain,MEDIUM
2026-07-21T06:20:00,59.28,3.4,0.0,-1.09,0.0,60.68,0.0,19.3,heavy_rain,MEDIUM
2026-07-21T06:30:00,62.33,3.4,0.0,3.06,0.0,61.05,0.0,18.7,heavy_rain,MEDIUM
2026-07-21T06:40:00,58.57,3.4,0.0,-3.76,0.0,61.42,0.0,19.5,heavy_rain,MEDIUM
2026-07-21T06:50:00,61.09,3.4,0.0,2.52,0.0,61.78,0.0,18.8,heavy_rain,MEDIUM
2026-07-21T07:00:00,67.98,3.4,0.0,6.89,0.0,62.21,0.0,19.6,heavy_rain,MEDIUM
2026-07-21T07:10:00,67.98,3.4,0.0,0.0,0.0,62.41,0.0,19.8,heavy_rain,MEDIUM
2026-07-21T07:20:00,55.86,3.4,0.0,-12.12,0.0,61.71,0.0,19.4,heavy_rain,MEDIUM
2026-07-21T07:30:00,58.15,3.4,0.0,2.29,0.0,61.28,0.0,19.5,heavy_rain,MEDIUM
2026-07-21T07:40:00,54.45,3.4,0.0,-3.69,0.0,60.78,0.0,19.2,heavy_rain,MEDIUM
2026-07-21T07:50:00,44.84,3.4,0.0,-9.61,0.0,59.95,0.0,19.1,heavy_rain,MEDIUM
2026-07-21T08:00:00,45.69,3.4,0.0,0.85,0.0,59.05,0.0,19.0,heavy_rain,MEDIUM
2026-07-21T08:10:00,51.23,3.4,0.0,5.54,0.0,58.65,0.0,19.3,heavy_rain,MEDIUM
2026-07-21T08:20:00,50.26,3.4,0.0,-0.97,0.0,57.97,0.0,19.2,heavy_rain,MEDIUM
2026-07-21T08:30:00,47.59,3.4,0.0,-2.68,0.0,57.17,0.0,19.1,heavy_rain,MEDIUM
2026-07-21T08:40:00,53.26,3.4,0.0,5.68,0.0,56.47,0.0,19.4,heavy_rain,MEDIUM
2026-07-21T08:50:00,56.68,3.4,0.0,3.42,0.0,56.21,0.0,18.9,heavy_rain,MEDIUM
2026-07-21T09:00:00,57.74,3.4,0.0,1.05,0.0,56.3,0.0,19.9,heavy_rain,MEDIUM
2026-07-21T09:10:00,58.86,3.4,0.0,1.13,0.0,56.21,0.0,19.2,heavy_rain,MEDIUM
2026-07-21T09:20:00,62.91,3.4,0.0,4.05,0.0,56.42,0.0,19.4,heavy_rain,MEDIUM
2026-07-21T09:30:00,68.25,3.4,0.0,5.33,0.0,56.74,0.0,19.3,heavy_rain,MEDIUM
2026-07-21T09:40:00,66.11,3.4,0.0,-2.14,0.0,57.16,0.0,20.2,heavy_rain,MEDIUM
2026-07-21T09:50:00,64.19,3.4,0.0,-1.92,0.0,57.34,0.0,19.4,heavy_rain,MEDIUM
2026-07-21T10:00:00,67.62,3.4,0.0,3.43,0.0,57.32,0.0,19.7,heavy_rain,MEDIUM
2026-07-21T10:10:00,63.27,3.4,0.0,-4.35,0.0,57.05,0.0,19.2,heavy_rain,MEDIUM
2026-07-21T10:20:00,67.04,3.4,0.0,3.77,0.0,57.67,0.0,19.9,heavy_rain,MEDIUM
2026-07-21T10:30:00,69.36,3.4,0.0,2.33,0.0,58.3,0.0,19.8,heavy_rain,MEDIUM
2026-07-21T10:40:00,68.62,3.4,0.0,-0.74,0.0,59.08,0.0,19.2,heavy_rain,MEDIUM
2026-07-21T10:50:00,60.31,3.4,0.0,-8.31,0.0,59.94,0.0,20.0,heavy_rain,MEDIUM
2026-07-21T11:00:00,57.91,3.4,0.0,-2.41,0.0,60.62,0.0,19.6,heavy_rain,MEDIUM
2026-07-21T11:10:00,51.31,3.4,0.0,-6.59,0.0,60.63,0.0,19.8,heavy_rain,MEDIUM
2026-07-21T11:20:00,51.33,3.4,0.0,0.01,0.0,60.69,0.0,19.5,heavy_rain,MEDIUM
2026-07-21T11:30:00,46.64,3.4,0.0,-4.68,0.0,60.63,0.0,19.0,heavy_rain,MEDIUM
2026-07-21T11:40:00,48.14,3.4,0.0,1.49,0.0,60.35,0.0,19.5,heavy_rain,MEDIUM
2026-07-21T11:50:00,46.59,3.4,0.0,-1.54,0.0,59.79,0.0,19.5,heavy_rain,MEDIUM
2026-07-21T12:00:00,51.08,3.4,0.0,4.49,0.0,59.42,0.0,19.2,heavy_rain,MEDIUM
2026-07-21T12:10:00,50.99,3.4,0.0,-0.09,0.0,58.98,0.0,19.7,heavy_rain,MEDIUM
2026-07-21T12:20:00,49.31,3.4,0.0,-1.68,0.0,58.23,0.0,19.6,heavy_rain,MEDIUM
2026-07-21T12:30:00,57.25,3.4,0.0,7.94,0.0,57.61,0.0,19.6,heavy_rain,MEDIUM
2026-07-21T12:40:00,55.47,3.4,0.0,-1.77,0.0,57.02,0.0,19.0,heavy_rain,MEDIUM
2026-07-21T12:50:00,57.85,3.391,-0.0552,2.38,-0.0092,56.67,-0.009,19.8,heavy_rain,MEDIUM
2026-07-21T13:00:00,58.64,3.4,0.0552,0.79,0.0092,56.17,0.0,19.1,heavy_rain,MEDIUM
2026-07-21T13:10:00,60.1,3.4,0.0,1.46,0.0,56.0,0.0,19.5,heavy_rain,MEDIUM
2026-07-21T13:20:00,64.45,3.4,0.0,4.35,0.0,55.85,0.0,19.1,heavy_rain,MEDIUM
2026-07-21T13:30:00,66.42,3.4,0.0,1.97,0.0,55.69,0.0,19.0,heavy_rain,MEDIUM
2026-07-21T13:40:00,59.22,3.4,0.0,-7.2,0.0,55.17,0.0,19.4,heavy_rain,MEDIUM
2026-07-21T13:50:00,53.96,3.4,0.0,-5.25,0.0,54.81,0.0,19.4,heavy_rain,MEDIUM
2026-07-21T14:00:00,49.12,3.4,0.0,-4.84,0.0,54.33,0.0,19.5,heavy_rain,MEDIUM
2026-07-21T14:10:00,50.63,3.4,0.0,1.51,0.0,54.29,0.0,19.8,heavy_rain,MEDIUM
2026-07-21T14:20:00,51.11,3.4,0.0,0.48,0.0,54.28,0.0,19.7,heavy_rain,MEDIUM
2026-07-21T14:30:00,56.46,3.4,0.0,5.35,0.0,54.82,0.0,19.9,heavy_rain,MEDIUM
2026-07-21T14:40:00,56.21,3.4,0.0,-0.25,0.0,55.27,0.0,19.5,heavy_rain,MEDIUM
2026-07-21T14:50:00,54.35,3.4,0.0,-1.86,0.0,55.7,0.0,18.8,heavy_rain,MEDIUM
2026-07-21T15:00:00,53.56,3.4,0.0,-0.78,0.0,55.84,0.0,19.2,heavy_rain,MEDIUM
2026-07-21T15:10:00,54.84,3.4,0.0,1.27,0.0,56.05,0.0,19.5,heavy_rain,MEDIUM
2026-07-21T15:20:00,59.85,3.4,0.0,5.01,0.0,56.64,0.0,19.6,heavy_rain,MEDIUM
2026-07-21T15:30:00,61.47,3.4,0.0,1.62,0.0,56.87,0.0,19.1,heavy_rain,MEDIUM
2026-07-21T15:40:00,64.68,3.4,0.0,3.21,0.0,57.38,0.009,20.0,heavy_rain,MEDIUM
2026-07-21T15:50:00,70.62,3.4,0.0,5.94,0.0,58.09,0.0,19.3,heavy_rain,MEDIUM
2026-07-21T16:00:00,73.32,3.4,0.0,2.71,0.0,58.91,0.0,19.6,heavy_rain,MEDIUM
2026-07-21T16:10:00,68.47,3.4,0.0,-4.85,0.0,59.37,0.0,20.1,heavy_rain,MEDIUM
2026-07-21T16:20:00,63.77,3.4,0.0,-4.7,0.0,59.34,0.0,19.9,heavy_rain,MEDIUM
2026-07-21T16:30:00,63.59,3.4,0.0,-0.18,0.0,59.18,0.0,19.1,heavy_rain,MEDIUM
2026-07-21T16:40:00,57.71,3.4,0.0,-5.88,0.0,59.1,0.0,19.5,heavy_rain,MEDIUM
2026-07-21T16:50:00,55.42,3.4,0.0,-2.28,0.0,59.18,0.0,18.6,heavy_rain,MEDIUM
2026-07-21T17:00:00,53.71,3.4,0.0,-1.72,0.0,59.43,0.0,19.3,heavy_rain,MEDIUM
2026-07-21T17:10:00,49.98,3.4,0.0,-3.73,0.0,59.4,0.0,19.6,heavy_rain,MEDIUM
2026-07-21T17:20:00,44.73,3.4,0.0,-5.24,0.0,59.04,0.0,19.8,heavy_rain,MEDIUM
2026-07-21T17:30:00,44.61,3.4,0.0,-0.12,0.0,58.38,0.0,20.1,heavy_rain,MEDIUM
2026-07-21T17:40:00,47.3,3.4,0.0,2.69,0.0,57.89,0.0,19.3,heavy_rain,MEDIUM
2026-07-21T17:50:00,45.49,3.4,0.0,-1.81,0.0,57.4,0.0,19.6,heavy_rain,MEDIUM
2026-07-21T18:00:00,47.25,3.4,0.0,1.76,0.0,57.04,0.0,19.6,heavy_rain,MEDIUM
2026-07-21T18:10:00,47.19,3.4,0.0,-0.05,0.0,56.62,0.0,19.4,heavy_rain,MEDIUM
2026-07-21T18:20:00,53.35,3.4,-0.0,6.16,-0.0,56.26,-0.0,19.6,heavy_rain,MEDIUM
2026-07-21T18:30:00,51.42,3.4,0.0,-1.94,0.0,55.7,0.0,19.9,heavy_rain,MEDIUM
2026-07-21T18:40:00,56.3,3.4,0.0,4.89,0.0,55.24,0.0,19.1,heavy_rain,MEDIUM
2026-07-21T18:50:00,51.13,3.4,0.0,-5.18,0.0,54.15,0.0,20.1,heavy_rain,MEDIUM
2026-07-21T19:00:00,53.05,3.397,-0.0162,1.92,-0.0027,53.03,-0.003,19.1,heavy_rain,MEDIUM
2026-07-21T19:10:00,60.38,3.4,0.0162,7.34,0.0027,52.58,0.0,18.9,heavy_rain,MEDIUM
2026-07-21T19:20:00,65.75,3.4,0.0,5.37,0.0,52.69,0.0,19.8,heavy_rain,MEDIUM
2026-07-21T19:30:00,63.99,3.4,0.0,-1.76,0.0,52.71,0.0,20.1,heavy_rain,MEDIUM
2026-07-21T19:40:00,65.78,3.4,0.0,1.79,0.0,53.16,0.0,19.7,heavy_rain,MEDIUM
2026-07-21T19:50:00,61.4,3.4,0.0,-4.38,0.0,53.49,0.0,19.2,heavy_rain,MEDIUM
2026-07-21T20:00:00,57.28,3.4,0.0,-4.12,0.0,53.69,0.0,19.8,heavy_rain,MEDIUM
2026-07-21T20:10:00,56.55,3.4,0.0,-0.73,0.0,54.05,0.0,19.4,heavy_rain,MEDIUM
2026-07-21T20:20:00,56.53,3.4,0.0,-0.02,0.0,54.71,0.0,19.7,heavy_rain,MEDIUM
2026-07-21T20:30:00,54.86,3.4,0.0,-1.67,0.0,55.28,0.0,20.1,heavy_rain,MEDIUM
2026-07-21T20:40:00,47.65,3.4,0.0,-7.21,0.0,55.3,0.0,19.2,heavy_rain,MEDIUM
2026-07-21T20:50:00,44.59,3.4,0.0,-3.06,0.0,55.25,0.0,19.4,heavy_rain,MEDIUM
2026-07-21T21:00:00,46.4,3.4,0.0,1.81,0.0,55.2,0.0,19.5,heavy_rain,MEDIUM
2026-07-21T21:10:00,46.86,3.4,0.0,0.46,0.0,55.18,0.0,19.3,heavy_rain,MEDIUM
2026-07-21T21:20:00,53.79,3.4,0.0,6.93,0.0,55.21,0.0,19.7,heavy_rain,MEDIUM
2026-07-21T21:30:00,53.84,3.4,0.0,0.04,0.0,55.34,0.0,19.9,heavy_rain,MEDIUM
2026-07-21T21:40:00,50.99,3.4,0.0,-2.85,0.0,55.04,0.0,19.5,heavy_rain,MEDIUM
2026-07-21T21:50:00,59.31,3.4,0.0,8.33,0.0,55.5,0.003,19.1,heavy_rain,MEDIUM
2026-07-21T22:00:00,55.14,3.4,0.0,-4.18,0.0,55.62,0.0,19.9,heavy_rain,MEDIUM
2026-07-21T22:10:00,53.03,3.4,0.0,-2.11,0.0,55.21,0.0,20.0,heavy_rain,MEDIUM
2026-07-21T22:20:00,52.01,3.4,0.0,-1.02,0.0,54.44,0.0,20.2,heavy_rain,MEDIUM
2026-07-21T22:30:00,48.74,3.4,0.0,-3.26,0.0,53.6,0.0,19.0,heavy_rain,MEDIUM
2026-07-21T22:40:00,46.58,3.4,0.0,-2.16,0.0,52.53,0.0,19.7,heavy_rain,MEDIUM
2026-07-21T22:50:00,50.12,3.4,0.0,3.54,0.0,51.9,0.0,19.4,heavy_rain,MEDIUM
2026-07-21T23:00:00,56.57,3.4,0.0,6.45,0.0,51.86,0.0,19.7,heavy_rain,MEDIUM
2026-07-21T23:10:00,55.24,3.4,0.0,-1.34,0.0,51.79,0.0,19.5,heavy_rain,MEDIUM
2026-07-21T23:20:00,60.81,3.4,0.0,5.57,0.0,52.03,0.0,20.1,heavy_rain,MEDIUM
2026-07-21T23:30:00,55.8,3.4,0.0,-5.01,0.0,52.08,0.0,19.9,heavy_rain,MEDIUM
2026-07-21T23:40:00,53.12,3.4,0.0,-2.68,0.0,52.39,0.0,19.5,heavy_rain,MEDIUM
2026-07-21T23:50:00,49.99,3.4,0.0,-3.14,0.0,52.69,0.0,19.9,heavy_rain,MEDIUM
2026-07-22T00:00:00,56.03,3.4,0.0,6.04,0.0,53.22,0.0,19.3,heavy_rain,MEDIUM
2026-07-22T00:10:00,60.31,3.4,0.0,4.28,0.0,53.97,0.0,19.1,heavy_rain,MEDIUM
2026-07-22T00:20:00,58.15,3.4,0.0,-2.17,0.0,54.21,0.0,19.1,heavy_rain,MEDIUM
2026-07-22T00:30:00,61.85,3.4,0.0,3.7,0.0,54.66,0.0,19.4,heavy_rain,MEDIUM
2026-07-22T00:40:00,58.89,3.4,0.0,-2.95,0.0,55.09,0.0,19.7,heavy_rain,MEDIUM
2026-07-22T00:50:00,55.46,3.4,0.0,-3.43,0.0,54.88,0.0,19.3,heavy_rain,MEDIUM
2026-07-22T01:00:00,58.09,3.4,0.0,2.63,0.0,55.04,0.0,19.2,heavy_rain,MEDIUM
2026-07-22T01:10:00,57.12,3.4,0.0,-0.98,0.0,55.27,0.0,19.4,heavy_rain,MEDIUM
2026-07-22T01:20:00,53.19,3.4,0.0,-3.93,0.0,55.34,0.0,19.7,heavy_rain,MEDIUM
2026-07-22T01:30:00,54.25,3.4,0.0,1.07,0.0,55.64,0.0,19.4,heavy_rain,MEDIUM
2026-07-22T01:40:00,52.93,3.4,0.0,-1.33,0.0,56.0,0.0,19.5,heavy_rain,MEDIUM
2026-07-22T01:50:00,47.6,3.4,0.0,-5.33,0.0,55.86,0.0,19.4,heavy_rain,MEDIUM
2026-07-22T02:00:00,50.96,3.4,0.0,3.36,0.0,55.54,0.0,18.8,heavy_rain,MEDIUM
2026-07-22T02:10:00,45.53,3.4,0.0,-5.43,0.0,55.0,0.0,20.0,heavy_rain,MEDIUM
2026-07-22T02:20:00,51.26,3.4,0.0,5.73,0.0,54.47,0.0,19.2,heavy_rain,MEDIUM
2026-07-22T02:30:00,50.55,3.4,0.0,-0.71,0.0,54.18,0.0,19.3,heavy_rain,MEDIUM
2026-07-22T02:40:00,54.51,3.4,0.0,3.96,0.0,54.26,0.0,20.2,heavy_rain,MEDIUM
2026-07-22T02:50:00,50.09,3.4,0.0,-4.42,0.0,54.27,0.0,19.9,heavy_rain,MEDIUM
2026-07-22T03:00:00,56.07,3.4,0.0,5.98,0.0,54.27,0.0,19.5,heavy_rain,MEDIUM
2026-07-22T03:10:00,51.85,3.4,0.0,-4.21,0.0,53.8,0.0,19.3,heavy_rain,MEDIUM
2026-07-22T03:20:00,52.95,3.4,0.0,1.1,0.0,53.51,0.0,19.0,heavy_rain,MEDIUM
2026-07-22T03:30:00,56.9,3.4,0.0,3.95,0.0,53.23,0.0,19.6,heavy_rain,MEDIUM
2026-07-22T03:40:00,60.68,3.4,0.0,3.78,0.0,53.33,0.0,19.4,heavy_rain,MEDIUM
2026-07-22T03:50:00,60.4,3.4,0.0,-0.28,0.0,53.61,0.0,19.3,heavy_rain,MEDIUM
2026-07-22T04:00:00,55.3,3.4,0.0,-5.1,0.0,53.45,0.0,19.6,heavy_rain,MEDIUM
2026-07-22T04:10:00,62.92,3.4,0.0,7.62,0.0,53.77,0.0,19.4,heavy_rain,MEDIUM
2026-07-22T04:20:00,58.49,3.4,0.0,-4.43,0.0,54.07,0.0,19.1,heavy_rain,MEDIUM
2026-07-22T04:30:00,57.37,3.4,0.0,-1.12,0.0,54.24,0.0,19.2,heavy_rain,MEDIUM
2026-07-22T04:40:00,56.47,3.4,0.0,-0.9,0.0,54.44,0.0,19.1,heavy_rain,MEDIUM
2026-07-22T04:50:00,59.85,3.4,0.0,3.38,0.0,55.12,0.0,19.7,heavy_rain,MEDIUM
2026-07-22T05:00:00,63.14,3.4,0.0,3.28,0.0,55.8,0.0,19.2,heavy_rain,MEDIUM
2026-07-22T05:10:00,60.17,3.4,0.0,-2.96,0.0,56.61,0.0,19.4,heavy_rain,MEDIUM
2026-07-22T05:20:00,63.58,3.4,0.0,3.4,0.0,57.29,0.0,19.2,heavy_rain,MEDIUM
2026-07-22T05:30:00,63.16,3.4,0.0,-0.41,0.0,57.99,0.0,19.6,heavy_rain,MEDIUM
2026-07-22T05:40:00,59.9,3.4,0.0,-3.26,0.0,58.29,0.0,19.9,heavy_rain,MEDIUM
2026-07-22T05:50:00,52.22,3.4,0.0,-7.69,0.0,58.41,0.0,19.2,heavy_rain,MEDIUM
2026-07-22T06:00:00,47.1,3.4,0.0,-5.12,0.0,57.91,0.0,19.5,heavy_rain,MEDIUM
2026-07-22T06:10:00,51.35,3.4,0.0,4.25,0.0,57.89,0.0,19.8,heavy_rain,MEDIUM
2026-07-22T06:20:00,59.49,3.4,0.0,8.13,0.0,58.25,0.0,19.6,heavy_rain,MEDIUM
2026-07-22T06:30:00,63.38,3.4,0.0,3.89,0.0,58.61,0.0,19.8,heavy_rain,MEDIUM
2026-07-22T06:40:00,65.59,3.4,0.0,2.21,0.0,58.88,0.0,19.5,heavy_rain,MEDIUM
2026-07-22T06:50:00,61.03,3.4,0.0,-4.56,0.0,58.92,0.0,19.0,heavy_rain,MEDIUM
2026-07-22T07:00:00,64.18,3.4,0.0,3.15,0.0,59.41,0.0,18.7,heavy_rain,MEDIUM
2026-07-22T07:10:00,64.95,3.4,0.0,0.77,0.0,59.52,0.0,20.2,heavy_rain,MEDIUM
2026-07-22T07:20:00,66.59,3.4,0.0,1.64,0.0,59.97,0.0,19.2,heavy_rain,MEDIUM
2026-07-22T07:30:00,56.97,3.4,0.0,-9.62,0.0,59.95,0.0,19.3,heavy_rain,MEDIUM
2026-07-22T07:40:00,55.13,3.4,0.0,-1.83,0.0,59.88,0.0,19.7,heavy_rain,MEDIUM
2026-07-22T07:50:00,59.81,3.4,0.0,4.68,0.0,59.87,0.0,19.5,heavy_rain,MEDIUM
2026-07-22T08:00:00,54.72,3.4,0.0,-5.09,0.0,59.41,0.0,18.8,heavy_rain,MEDIUM
2026-07-22T08:10:00,51.82,3.4,0.0,-2.9,0.0,58.94,0.0,19.2,heavy_rain,MEDIUM
2026-07-22T08:20:00,52.18,3.398,-0.0138,0.36,-0.0023,58.31,-0.002,18.9,heavy_rain,MEDIUM
2026-07-22T08:30:00,53.11,3.4,0.0138,0.92,0.0023,57.75,0.0,20.0,heavy_rain,MEDIUM
2026-07-22T08:40:00,57.87,3.4,0.0,4.77,0.0,57.64,0.0,19.9,heavy_rain,MEDIUM
2026-07-22T08:50:00,54.36,3.4,0.0,-3.52,0.0,57.76,0.0,19.2,heavy_rain,MEDIUM
2026-07-22T09:00:00,61.13,3.4,0.0,6.77,0.0,58.54,0.0,18.7,heavy_rain,MEDIUM
2026-07-22T09:10:00,61.21,3.4,0.0,0.08,0.0,59.08,0.0,19.8,heavy_rain,MEDIUM
2026-07-22T09:20:00,61.63,3.4,0.0,0.42,0.0,59.2,0.0,19.6,heavy_rain,MEDIUM
2026-07-22T09:30:00,64.25,3.4,0.0,2.62,0.0,59.25,0.0,19.1,heavy_rain,MEDIUM
2026-07-22T09:40:00,56.15,3.4,0.0,-8.1,0.0,58.73,0.0,19.9,heavy_rain,MEDIUM
2026-07-22T09:50:00,54.34,3.4,0.0,-1.82,0.0,58.36,0.0,19.4,heavy_rain,MEDIUM
2026-07-22T10:00:00,57.16,3.4,0.0,2.82,0.0,57.96,0.0,18.9,heavy_rain,MEDIUM
2026-07-22T10:10:00,56.19,3.4,0.0,-0.97,0.0,57.48,0.0,19.9,heavy_rain,MEDIUM
2026-07-22T10:20:00,61.68,3.4,0.0,5.49,0.0,57.21,0.0,19.9,heavy_rain,MEDIUM
2026-07-22T10:30:00,54.41,3.4,0.0,-7.27,0.0,57.06,0.0,19.3,heavy_rain,MEDIUM
2026-07-22T10:40:00,58.01,3.4,0.0,3.59,0.0,57.22,0.0,19.2,heavy_rain,MEDIUM
2026-07-22T10:50:00,63.96,3.4,0.0,5.96,0.0,57.45,0.0,19.6,heavy_rain,MEDIUM
2026-07-22T11:00:00,62.36,3.4,0.0,-1.6,0.0,57.88,0.0,19.5,heavy_rain,MEDIUM
2026-07-22T11:10:00,54.25,3.4,0.0,-8.11,0.0,58.01,0.002,19.2,heavy_rain,MEDIUM
2026-07-22T11:20:00,52.11,3.4,0.0,-2.15,0.0,58.01,0.0,18.7,heavy_rain,MEDIUM
2026-07-22T11:30:00,59.96,3.4,0.0,7.86,0.0,58.39,0.0,20.0,heavy_rain,MEDIUM
2026-07-22T11:40:00,57.8,3.4,0.0,-2.16,0.0,58.39,0.0,19.0,heavy_rain,MEDIUM
2026-07-22T11:50:00,61.79,3.4,0.0,3.99,0.0,58.8,0.0,19.1,heavy_rain,MEDIUM
2026-07-22T12:00:00,53.08,3.4,0.0,-8.71,0.0,58.35,0.0,19.0,heavy_rain,MEDIUM
2026-07-22T12:10:00,56.54,3.4,0.0,3.46,0.0,58.09,0.0,18.9,heavy_rain,MEDIUM
2026-07-22T12:20:00,52.61,3.4,0.0,-3.92,0.0,57.59,0.0,20.0,heavy_rain,MEDIUM
2026-07-22T12:30:00,49.15,3.4,0.0,-3.46,0.0,56.75,0.0,19.4,heavy_rain,MEDIUM
2026-07-22T12:40:00,55.79,3.4,0.0,6.63,0.0,56.73,0.0,19.7,heavy_rain,MEDIUM
2026-07-22T12:50:00,56.7,3.4,0.0,0.92,0.0,56.86,0.0,20.2,heavy_rain,MEDIUM
2026-07-22T13:00:00,51.03,3.4,0.0,-5.67,0.0,56.52,0.0,19.3,heavy_rain,MEDIUM
2026-07-22T13:10:00,48.68,3.4,0.0,-2.35,0.0,56.11,0.0,19.8,heavy_rain,MEDIUM
2026-07-22T13:20:00,48.19,3.4,0.0,-0.49,0.0,55.36,0.0,20.3,heavy_rain,MEDIUM
2026-07-22T13:30:00,59.2,3.4,0.0,11.01,0.0,55.62,0.0,18.6,heavy_rain,MEDIUM
2026-07-22T13:40:00,56.75,3.4,0.0,-2.45,0.0,55.55,0.0,20.1,heavy_rain,MEDIUM
2026-07-22T13:50:00,59.78,3.4,0.0,3.03,0.0,55.32,0.0,19.7,heavy_rain,MEDIUM
2026-07-22T14:00:00,65.34,3.4,0.0,5.56,0.0,55.49,0.0,20.0,heavy_rain,MEDIUM
2026-07-22T14:10:00,65.16,3.4,0.0,-0.18,0.0,56.09,0.0,19.7,heavy_rain,MEDIUM
2026-07-22T14:20:00,65.26,3.4,0.0,0.1,0.0,56.82,0.0,18.9,heavy_rain,MEDIUM
2026-07-22T14:30:00,69.41,3.4,0.0,4.15,0.0,57.35,0.0,19.6,heavy_rain,MEDIUM
2026-07-22T14:40:00,67.49,3.4,0.0,-1.92,0.0,57.89,0.0,19.9,heavy_rain,MEDIUM
2026-07-22T14:50:00,56.87,3.4,0.0,-10.62,0.0,57.61,0.0,19.6,heavy_rain,MEDIUM
2026-07-22T15:00:00,51.46,3.4,0.0,-5.41,0.0,57.52,0.0,19.0,heavy_rain,MEDIUM
2026-07-22T15:10:00,51.0,3.4,0.0,-0.45,0.0,57.22,0.0,19.2,heavy_rain,MEDIUM
2026-07-22T15:20:00,51.33,3.4,0.0,0.32,0.0,57.14,0.0,18.9,heavy_rain,MEDIUM
2026-07-22T15:30:00,47.02,3.4,0.0,-4.3,0.0,57.03,0.0,19.4,heavy_rain,MEDIUM
2026-07-22T15:40:00,49.66,3.4,0.0,2.64,0.0,56.69,0.0,19.9,heavy_rain,MEDIUM
2026-07-22T15:50:00,51.68,3.4,0.0,2.02,0.0,56.41,0.0,19.1,heavy_rain,MEDIUM
2026-07-22T16:00:00,54.44,3.4,0.0,2.76,0.0,56.6,0.0,19.4,heavy_rain,MEDIUM
2026-07-22T16:10:00,57.46,3.4,0.0,3.02,0.0,57.08,0.0,19.0,heavy_rain,MEDIUM
2026-07-22T16:20:00,62.43,3.4,0.0,4.97,0.0,57.87,0.0,19.5,heavy_rain,MEDIUM
2026-07-22T16:30:00,61.49,3.4,0.0,-0.94,0.0,58.0,0.0,18.9,heavy_rain,MEDIUM
2026-07-22T16:40:00,64.2,3.4,0.0,2.71,0.0,58.41,0.0,19.2,heavy_rain,MEDIUM
2026-07-22T16:50:00,65.65,3.4,0.0,1.46,0.0,58.74,0.0,19.3,heavy_rain,MEDIUM
2026-07-22T17:00:00,68.51,3.4,0.0,2.86,0.0,58.92,0.0,19.7,heavy_rain,MEDIUM
2026-07-22T17:10:00,66.73,3.4,0.0,-1.79,0.0,59.0,0.0,19.7,heavy_rain,MEDIUM
2026-07-22T17:20:00,69.96,3.4,0.0,3.23,0.0,59.27,0.0,20.0,heavy_rain,MEDIUM
2026-07-22T17:30:00,63.4,3.4,0.0,-6.56,0.0,58.93,0.0,19.4,heavy_rain,MEDIUM
2026-07-22T17:40:00,59.84,3.4,0.0,-3.57,0.0,58.51,0.0,19.3,heavy_rain,MEDIUM
2026-07-22T17:50:00,64.53,3.4,0.0,4.69,0.0,58.93,0.0,20.3,heavy_rain,MEDIUM
2026-07-22T18:00:00,58.96,3.4,0.0,-5.57,0.0,59.35,0.0,19.1,heavy_rain,MEDIUM
2026-07-22T18:10:00,58.21,3.4,0.0,-0.75,0.0,59.75,0.0,19.5,heavy_rain,MEDIUM
2026-07-22T18:20:00,54.97,3.4,0.0,-3.24,0.0,59.95,0.0,19.7,heavy_rain,MEDIUM
2026-07-22T18:30:00,53.71,3.4,0.0,-1.26,0.0,60.32,0.0,20.1,heavy_rain,MEDIUM
2026-07-22T18:40:00,58.6,3.397,-0.0156,4.9,-0.0026,60.82,-0.003,19.7,heavy_rain,MEDIUM
2026-07-22T18:50:00,53.53,3.4,0.0156,-5.08,0.0026,60.92,0.0,19.1,heavy_rain,MEDIUM
2026-07-22T19:00:00,47.75,3.4,0.0,-5.77,0.0,60.55,0.0,19.7,heavy_rain,MEDIUM
2026-07-22T19:10:00,59.1,3.4,0.0,11.35,0.0,60.64,0.0,19.4,heavy_rain,MEDIUM
2026-07-22T19:20:00,58.81,3.4,0.0,-0.29,0.0,60.44,0.0,19.8,heavy_rain,MEDIUM
2026-07-22T19:30:00,59.11,3.4,0.0,0.3,0.0,60.31,0.0,19.1,heavy_rain,MEDIUM
2026-07-22T19:40:00,58.05,3.4,0.0,-1.06,0.0,59.97,0.0,19.7,heavy_rain,MEDIUM
2026-07-22T19:50:00,61.11,3.4,0.0,3.06,0.0,59.72,0.0,19.0,heavy_rain,MEDIUM
2026-07-22T20:00:00,65.31,3.4,0.0,4.21,0.0,59.54,0.0,19.8,heavy_rain,MEDIUM
2026-07-22T20:10:00,58.11,3.4,0.0,-7.21,0.0,59.06,0.0,20.2,heavy_rain,MEDIUM
2026-07-22T20:20:00,61.7,3.4,0.0,3.59,0.0,58.6,0.0,19.6,heavy_rain,MEDIUM
2026-07-22T20:30:00,60.77,3.4,0.0,-0.93,0.0,58.45,0.0,19.1,heavy_rain,MEDIUM
2026-07-22T20:40:00,56.73,3.4,0.0,-4.05,0.0,58.28,0.0,19.6,heavy_rain,MEDIUM
2026-07-22T20:50:00,53.93,3.4,0.0,-2.79,0.0,57.69,0.0,19.2,heavy_rain,MEDIUM
2026-07-22T21:00:00,51.53,3.4,0.0,-2.4,0.0,57.28,0.0,19.9,heavy_rain,MEDIUM
2026-07-22T21:10:00,55.51,3.4,0.0,3.98,0.0,57.13,0.0,19.6,heavy_rain,MEDIUM
2026-07-22T21:20:00,51.53,3.4,0.0,-3.97,0.0,56.94,0.0,18.7,heavy_rain,MEDIUM
2026-07-22T21:30:00,47.24,3.4,0.0,-4.29,0.0,56.58,0.003,19.2,heavy_rain,MEDIUM
2026-07-22T21:40:00,51.88,3.4,0.0,4.64,0.0,56.21,0.0,19.8,heavy_rain,MEDIUM
2026-07-22T21:50:00,56.73,3.398,-0.0126,4.85,-0.0021,56.38,-0.002,19.7,heavy_rain,MEDIUM
2026-07-22T22:00:00,61.39,3.4,0.0126,4.66,0.0021,57.14,0.0,19.8,heavy_rain,MEDIUM
2026-07-22T22:10:00,59.52,3.4,0.0,-1.86,0.0,57.17,0.0,19.3,heavy_rain,MEDIUM
2026-07-22T22:20:00,64.24,3.4,0.0,4.71,0.0,57.47,0.0,19.6,heavy_rain,MEDIUM
2026-07-22T22:30:00,58.01,3.4,0.0,-6.23,0.0,57.41,0.0,19.3,heavy_rain,MEDIUM
2026-07-22T22:40:00,55.75,3.4,0.0,-2.26,0.0,57.28,0.0,19.4,heavy_rain,MEDIUM
2026-07-22T22:50:00,61.28,3.4,0.0,5.54,0.0,57.29,0.0,19.4,heavy_rain,MEDIUM
2026-07-22T23:00:00,62.58,3.4,0.0,1.29,0.0,57.13,0.0,19.5,heavy_rain,MEDIUM
2026-07-22T23:10:00,59.82,3.4,0.0,-2.76,0.0,57.23,0.0,18.7,heavy_rain,MEDIUM
2026-07-22T23:20:00,58.98,3.4,0.0,-0.84,0.0,57.08,0.0,19.5,heavy_rain,MEDIUM
2026-07-22T23:30:00,55.47,3.4,0.0,-3.51,0.0,56.78,0.0,19.9,heavy_rain,MEDIUM
2026-07-22T23:40:00,55.11,3.4,0.0,-0.36,0.0,56.69,0.0,20.0,heavy_rain,MEDIUM
2026-07-22T23:50:00,56.48,3.4,0.0,1.37,0.0,56.84,0.0,19.6,heavy_rain,MEDIUM
2026-07-23T00:00:00,59.08,3.4,0.0,2.6,0.0,57.26,0.0,18.8,heavy_rain,MEDIUM
2026-07-23T00:10:00,59.98,3.4,0.0,0.9,0.0,57.5,0.0,19.2,heavy_rain,MEDIUM
2026-07-23T00:20:00,54.12,3.4,0.0,-5.86,0.0,57.65,0.0,19.2,heavy_rain,MEDIUM
2026-07-23T00:30:00,51.44,3.4,0.0,-2.68,0.0,57.88,0.0,19.1,heavy_rain,MEDIUM
2026-07-23T00:40:00,52.03,3.4,0.0,0.59,0.0,57.89,0.002,19.3,heavy_rain,MEDIUM
2026-07-23T00:50:00,58.39,3.4,0.0,6.36,0.0,57.98,0.0,19.7,heavy_rain,MEDIUM
2026-07-23T01:00:00,54.55,3.4,0.0,-3.84,0.0,57.6,0.0,19.4,heavy_rain,MEDIUM
2026-07-23T01:10:00,52.89,3.4,0.0,-1.66,0.0,57.23,0.0,19.0,heavy_rain,MEDIUM
2026-07-23T01:20:00,56.91,3.4,0.0,4.02,0.0,56.83,0.0,19.0,heavy_rain,MEDIUM
2026-07-23T01:30:00,64.81,3.4,0.0,7.9,0.0,57.2,0.0,18.9,heavy_rain,MEDIUM
2026-07-23T01:40:00,62.37,3.4,0.0,-2.43,0.0,57.57,0.0,19.1,heavy_rain,MEDIUM
2026-07-23T01:50:00,58.49,3.4,0.0,-3.89,0.0,57.42,0.0,19.5,heavy_rain,MEDIUM
2026-07-23T02:00:00,55.84,3.4,0.0,-2.64,0.0,57.04,0.0,19.4,heavy_rain,MEDIUM
2026-07-23T02:10:00,52.98,3.4,0.0,-2.86,0.0,56.66,0.0,19.3,heavy_rain,MEDIUM
2026-07-23T02:20:00,51.17,3.4,0.0,-1.81,0.0,56.23,0.0,19.1,heavy_rain,MEDIUM
2026-07-23T02:30:00,43.1,3.4,0.0,-8.07,0.0,55.54,0.0,20.0,heavy_rain,MEDIUM
2026-07-23T02:40:00,46.43,3.4,0.0,3.33,0.0,55.06,0.0,18.3,heavy_rain,MEDIUM
2026-07-23T02:50:00,52.72,3.4,0.0,6.29,0.0,54.85,0.0,19.0,heavy_rain,MEDIUM
2026-07-23T03:00:00,56.62,3.4,0.0,3.9,0.0,54.71,0.0,18.9,heavy_rain,MEDIUM
2026-07-23T03:10:00,52.17,3.4,0.0,-4.45,0.0,54.28,0.0,19.8,heavy_rain,MEDIUM
2026-07-23T03:20:00,52.6,3.4,0.0,0.44,0.0,54.19,0.0,19.8,heavy_rain,MEDIUM
2026-07-23T03:30:00,51.95,3.4,0.0,-0.66,0.0,54.22,0.0,19.4,heavy_rain,MEDIUM
2026-07-23T03:40:00,54.91,3.4,0.0,2.96,0.0,54.38,0.0,19.1,heavy_rain,MEDIUM
2026-07-23T03:50:00,58.62,3.4,0.0,3.72,0.0,54.4,0.0,20.1,heavy_rain,MEDIUM
2026-07-23T04:00:00,51.95,3.4,0.0,-6.67,0.0,54.25,0.0,19.8,heavy_rain,MEDIUM
2026-07-23T04:10:00,50.75,3.4,0.0,-1.2,0.0,54.13,0.0,19.4,heavy_rain,MEDIUM
2026-07-23T04:20:00,52.87,3.4,0.0,2.12,0.0,53.91,0.0,19.5,heavy_rain,MEDIUM
2026-07-23T04:30:00,50.46,3.4,0.0,-2.41,0.0,53.11,0.0,19.2,heavy_rain,MEDIUM
2026-07-23T04:40:00,54.9,3.4,0.0,4.44,0.0,52.7,0.0,20.0,heavy_rain,MEDIUM
2026-07-23T04:50:00,57.78,3.4,0.0,2.88,0.0,52.66,0.0,19.8,heavy_rain,MEDIUM
2026-07-23T05:00:00,55.37,3.4,0.0,-2.42,0.0,52.63,0.0,19.4,heavy_rain,MEDIUM
2026-07-23T05:10:00,56.09,3.4,0.0,0.72,0.0,52.8,0.0,19.4,heavy_rain,MEDIUM
2026-07-23T05:20:00,53.77,3.4,0.0,-2.32,0.0,52.95,0.0,18.8,heavy_rain,MEDIUM
2026-07-23T05:30:00,55.8,3.4,0.0,2.03,0.0,53.65,0.0,19.0,heavy_rain,MEDIUM
2026-07-23T05:40:00,57.27,3.4,0.0,1.47,0.0,54.25,0.0,19.2,heavy_rain,MEDIUM
2026-07-23T05:50:00,60.67,3.4,0.0,3.4,0.0,54.7,0.0,19.3,heavy_rain,MEDIUM
2026-07-23T06:00:00,61.62,3.4,0.0,0.96,0.0,54.97,0.0,19.3,heavy_rain,MEDIUM
2026-07-23T06:10:00,57.9,3.4,0.0,-3.72,0.0,55.29,0.0,19.0,heavy_rain,MEDIUM
2026-07-23T06:20:00,56.68,3.4,0.0,-1.22,0.0,55.52,0.0,19.6,heavy_rain,MEDIUM
2026-07-23T06:30:00,52.81,3.4,0.0,-3.88,0.0,55.57,0.0,19.9,heavy_rain,MEDIUM
2026-07-23T06:40:00,57.84,3.4,0.0,5.03,0.0,55.73,0.0,18.9,heavy_rain,MEDIUM
2026-07-23T06:50:00,62.24,3.4,0.0,4.4,0.0,55.93,0.0,18.8,heavy_rain,MEDIUM
2026-07-23T07:00:00,64.9,3.4,0.0,2.65,0.0,56.65,0.0,19.1,heavy_rain,MEDIUM
2026-07-23T07:10:00,59.04,3.4,0.0,-5.85,0.0,57.11,0.0,19.2,heavy_rain,MEDIUM
2026-07-23T07:20:00,55.25,3.4,0.0,-3.79,0.0,57.24,0.0,18.4,heavy_rain,MEDIUM
2026-07-23T07:30:00,52.23,3.4,0.0,-3.02,0.0,57.34,0.0,19.4,heavy_rain,MEDIUM
2026-07-23T07:40:00,55.42,3.4,0.0,3.18,0.0,57.37,0.0,19.7,heavy_rain,MEDIUM
2026-07-23T07:50:00,50.26,3.4,0.0,-5.15,0.0,56.95,0.0,19.9,heavy_rain,MEDIUM
2026-07-23T08:00:00,59.44,3.4,0.0,9.18,0.0,57.18,0.0,18.8,heavy_rain,MEDIUM
2026-07-23T08:10:00,56.86,3.4,0.0,-2.58,0.0,57.22,0.0,20.5,heavy_rain,MEDIUM
2026-07-23T08:20:00,54.11,3.4,0.0,-2.75,0.0,57.24,0.0,19.7,heavy_rain,MEDIUM
2026-07-23T08:30:00,57.86,3.4,0.0,3.75,0.0,57.35,0.0,19.3,heavy_rain,MEDIUM
2026-07-23T08:40:00,53.88,3.4,0.0,-3.98,0.0,57.17,0.0,19.4,heavy_rain,MEDIUM
2026-07-23T08:50:00,55.51,3.4,0.0,1.63,0.0,56.88,0.0,19.9,heavy_rain,MEDIUM
2026-07-23T09:00:00,52.27,3.4,0.0,-3.24,0.0,56.36,0.0,18.9,heavy_rain,MEDIUM
2026-07-23T09:10:00,45.52,3.4,0.0,-6.75,0.0,55.67,0.0,19.5,heavy_rain,MEDIUM
2026-07-23T09:20:00,53.87,3.4,0.0,8.35,0.0,55.52,0.0,19.1,heavy_rain,MEDIUM
2026-07-23T09:30:00,62.09,3.4,0.0,8.22,0.0,56.03,0.0,19.2,heavy_rain,MEDIUM
2026-07-23T09:40:00,59.79,3.4,0.0,-2.29,0.0,56.14,0.0,19.4,heavy_rain,MEDIUM
2026-07-23T09:50:00,54.92,3.4,0.0,-4.88,0.0,55.73,0.0,18.7,heavy_rain,MEDIUM
2026-07-23T10:00:00,54.77,3.4,0.0,-0.14,0.0,55.17,0.0,19.9,heavy_rain,MEDIUM
2026-07-23T10:10:00,54.93,3.4,0.0,0.15,0.0,54.94,0.0,19.5,heavy_rain,MEDIUM
2026-07-23T10:20:00,49.83,3.4,0.0,-5.1,0.0,54.64,0.0,19.1,heavy_rain,MEDIUM
2026-07-23T10:30:00,54.47,3.4,0.0,4.65,0.0,54.77,0.0,19.6,heavy_rain,MEDIUM
2026-07-23T10:40:00,52.76,3.4,0.0,-1.71,0.0,54.62,0.0,19.9,heavy_rain,MEDIUM
2026-07-23T10:50:00,55.83,3.4,0.0,3.07,0.0,54.93,0.0,19.6,heavy_rain,MEDIUM
2026-07-23T11:00:00,57.53,3.4,0.0,1.7,0.0,54.82,0.0,19.3,heavy_rain,MEDIUM
2026-07-23T11:10:00,52.31,3.4,0.0,-5.22,0.0,54.57,0.0,19.3,heavy_rain,MEDIUM
2026-07-23T11:20:00,57.95,3.4,0.0,5.63,0.0,54.78,0.0,18.9,heavy_rain,MEDIUM
2026-07-23T11:30:00,57.52,3.4,0.0,-0.43,0.0,54.76,0.0,19.2,heavy_rain,MEDIUM
2026-07-23T11:40:00,55.22,3.4,0.0,-2.3,0.0,54.84,0.0,19.8,heavy_rain,MEDIUM
2026-07-23T11:50:00,55.09,3.4,0.0,-0.13,0.0,54.82,0.0,19.0,heavy_rain,MEDIUM
2026-07-23T12:00:00,54.09,3.4,0.0,-1.0,0.0,54.92,0.0,19.7,heavy_rain,MEDIUM
2026-07-23T12:10:00,61.52,3.4,0.0,7.43,0.0,55.81,0.0,19.3,heavy_rain,MEDIUM
2026-07-23T12:20:00,62.1,3.4,0.0,0.57,0.0,56.26,0.0,19.5,heavy_rain,MEDIUM
2026-07-23T12:30:00,61.02,3.4,0.0,-1.08,0.0,56.2,0.0,19.9,heavy_rain,MEDIUM
2026-07-23T12:40:00,56.62,3.4,0.0,-4.4,0.0,56.03,0.0,19.3,heavy_rain,MEDIUM
2026-07-23T12:50:00,61.08,3.4,0.0,4.46,0.0,56.37,0.0,19.7,heavy_rain,MEDIUM
2026-07-23T13:00:00,60.75,3.4,0.0,-0.33,0.0,56.7,0.0,19.4,heavy_rain,MEDIUM
2026-07-23T13:10:00,60.95,3.4,0.0,0.2,0.0,57.04,0.0,19.6,heavy_rain,MEDIUM
2026-07-23T13:20:00,59.76,3.4,0.0,-1.19,0.0,57.59,0.0,18.9,heavy_rain,MEDIUM
2026-07-23T13:30:00,57.12,3.4,0.0,-2.64,0.0,57.74,0.0,19.0,heavy_rain,MEDIUM
2026-07-23T13:40:00,55.17,3.4,0.0,-1.96,0.0,57.87,0.0,19.8,heavy_rain,MEDIUM
2026-07-23T13:50:00,53.03,3.4,0.0,-2.14,0.0,57.71,0.0,19.3,heavy_rain,MEDIUM
2026-07-23T14:00:00,56.45,3.4,0.0,3.42,0.0,57.65,0.0,20.0,heavy_rain,MEDIUM
2026-07-23T14:10:00,61.74,3.399,-0.0048,5.29,-0.0008,58.18,-0.001,19.5,heavy_rain,MEDIUM
2026-07-23T14:20:00,55.43,3.4,0.0048,-6.31,0.0008,58.04,0.0,19.3,heavy_rain,MEDIUM
2026-07-23T14:30:00,57.33,3.4,0.0,1.91,0.0,58.03,0.0,19.3,heavy_rain,MEDIUM
2026-07-23T14:40:00,54.1,3.4,0.0,-3.23,0.0,57.96,0.0,20.3,heavy_rain,MEDIUM
2026-07-23T14:50:00,52.77,3.4,0.0,-1.33,0.0,57.84,0.0,19.7,heavy_rain,MEDIUM
2026-07-23T15:00:00,51.95,3.4,0.0,-0.82,0.0,57.72,0.0,19.3,heavy_rain,MEDIUM
2026-07-23T15:10:00,52.24,3.4,0.0,0.3,0.0,57.2,0.0,19.9,heavy_rain,MEDIUM
2026-07-23T15:20:00,56.77,3.4,0.0,4.52,0.0,56.9,0.0,19.3,heavy_rain,MEDIUM
2026-07-23T15:30:00,51.83,3.4,0.0,-4.94,0.0,56.39,0.0,19.6,heavy_rain,MEDIUM
2026-07-23T15:40:00,48.21,3.4,0.0,-3.62,0.0,55.93,0.0,19.9,heavy_rain,MEDIUM
2026-07-23T15:50:00,91.0,3.562,0.9744,42.79,0.1624,57.59,0.162,17.2,flash_flood,HIGH
2026-07-23T16:00:00,109.13,3.714,0.9096,18.13,0.1516,60.28,0.314,17.4,flash_flood,HIGH
2026-07-23T16:10:00,104.22,3.854,0.8406,-4.91,0.1401,62.68,0.454,16.8,flash_flood,HIGH
2026-07-23T16:20:00,104.32,3.982,0.7692,0.1,0.1282,65.16,0.582,15.8,flash_flood,HIGH
2026-07-23T16:30:00,114.02,4.162,1.0788,9.69,0.1798,68.32,0.762,16.6,flash_flood,HIGH
2026-07-23T16:40:00,125.9,4.326,0.9834,11.89,0.1639,72.25,0.926,15.9,flash_flood,HIGH
2026-07-23T16:50:00,122.01,4.518,1.1538,-3.9,0.1923,76.08,1.118,16.5,flash_flood,HIGH
2026-07-23T17:00:00,118.0,4.688,1.02,-4.0,0.17,79.5,1.289,16.6,flash_flood,HIGH
2026-07-23T17:10:00,109.26,4.848,0.9576,-8.74,0.1596,82.14,1.448,16.9,flash_flood,HIGH
2026-07-23T17:20:00,113.97,5.011,0.981,4.7,0.1635,85.39,1.611,16.7,flash_flood,HIGH
2026-07-23T17:30:00,120.46,5.147,0.8112,6.49,0.1352,88.9,1.747,17.2,flash_flood,HIGH
2026-07-23T17:40:00,105.37,5.308,0.9684,-15.09,0.1614,91.75,1.908,17.3,flash_flood,HIGH
2026-07-23T17:50:00,97.65,5.474,0.9972,-7.72,0.1662,94.24,2.074,17.3,flash_flood,HIGH
2026-07-23T18:00:00,87.7,5.617,0.8538,-9.95,0.1423,96.23,2.217,17.7,flash_flood,HIGH
2026-07-23T18:10:00,89.38,5.741,0.7482,1.68,0.1247,98.29,2.341,17.1,flash_flood,HIGH
2026-07-23T18:20:00,105.6,5.917,1.056,16.23,0.176,101.0,2.517,17.1,flash_flood,HIGH
2026-07-23T18:30:00,109.04,6.037,0.7194,3.43,0.1199,104.18,2.637,17.4,flash_flood,HIGH
2026-07-23T18:40:00,118.25,6.217,1.0806,9.22,0.1801,108.07,2.655,17.6,flash_flood,HIGH
2026-07-23T18:50:00,106.85,6.362,0.87,-11.4,0.145,108.95,2.648,17.2,flash_flood,HIGH
2026-07-23T19:00:00,115.9,6.525,0.978,9.05,0.163,109.33,2.671,17.2,flash_flood,HIGH
2026-07-23T19:10:00,114.49,6.71,1.1064,-1.41,0.1844,109.9,2.727,17.4,flash_flood,HIGH
2026-07-23T19:20:00,126.15,6.8,0.543,11.66,0.0905,111.11,2.638,17.4,flash_flood,HIGH
2026-07-23T19:30:00,125.76,6.8,0.0,-0.39,0.0,111.76,2.474,17.0,flash_flood,HIGH
2026-07-23T19:40:00,111.84,6.8,0.0,-13.92,0.0,110.98,2.282,17.3,flash_flood,HIGH
2026-07-23T19:50:00,109.78,6.8,0.0,-2.06,0.0,110.3,2.112,16.8,flash_flood,HIGH
2026-07-23T20:00:00,116.77,6.8,0.0,7.0,0.0,110.23,1.952,17.0,flash_flood,HIGH
2026-07-23T20:10:00,103.26,6.8,0.0,-13.52,0.0,109.9,1.789,17.2,flash_flood,HIGH
2026-07-23T20:20:00,107.11,6.8,0.0,3.86,0.0,109.52,1.653,17.5,flash_flood,HIGH
2026-07-23T20:30:00,109.82,6.8,0.0,2.71,0.0,108.93,1.492,16.5,flash_flood,HIGH
2026-07-23T20:40:00,104.75,6.8,0.0,-5.07,0.0,108.89,1.326,17.2,flash_flood,HIGH
2026-07-23T20:50:00,120.56,6.8,0.0,15.81,0.0,110.17,1.183,17.1,flash_flood,HIGH
2026-07-23T21:00:00,125.5,6.8,0.0,4.95,0.0,112.27,1.059,17.0,flash_flood,HIGH
2026-07-23T21:10:00,122.3,6.8,0.0,-3.2,0.0,114.1,0.883,16.7,flash_flood,HIGH
2026-07-23T21:20:00,109.86,6.8,0.0,-12.43,0.0,114.33,0.763,16.5,flash_flood,HIGH
2026-07-23T21:30:00,115.01,6.8,0.0,5.15,0.0,114.66,0.583,17.7,flash_flood,HIGH
2026-07-23T21:40:00,111.49,6.8,0.0,-3.52,0.0,114.29,0.438,17.6,flash_flood,HIGH
2026-07-23T21:50:00,119.39,6.8,0.0,7.9,0.0,114.98,0.275,17.6,flash_flood,HIGH
2026-07-23T22:00:00,130.32,6.8,0.0,10.94,0.0,115.79,0.09,16.6,flash_flood,HIGH
2026-07-23T22:10:00,124.56,6.8,0.0,-5.76,0.0,116.34,0.0,16.9,flash_flood,HIGH
2026-07-23T22:20:00,127.96,6.8,0.0,3.4,0.0,116.45,0.0,17.4,flash_flood,HIGH
2026-07-23T22:30:00,119.88,6.8,0.0,-8.07,0.0,116.12,0.0,17.5,flash_flood,HIGH
2026-07-23T22:40:00,125.69,6.8,0.0,5.81,0.0,116.89,0.0,17.3,flash_flood,HIGH
2026-07-23T22:50:00,115.04,6.8,0.0,-10.65,0.0,117.18,0.0,17.1,flash_flood,HIGH
2026-07-23T23:00:00,122.85,6.8,0.0,7.81,0.0,117.52,0.0,16.5,flash_flood,HIGH
2026-07-23T23:10:00,113.46,6.8,0.0,-9.39,0.0,118.08,0.0,17.1,flash_flood,HIGH
2026-07-23T23:20:00,106.65,6.8,0.0,-6.81,0.0,118.06,0.0,17.9,flash_flood,HIGH
2026-07-23T23:30:00,111.44,6.8,0.0,4.79,0.0,118.15,0.0,16.7,flash_flood,HIGH
2026-07-23T23:40:00,113.82,6.8,0.0,2.38,0.0,118.65,0.0,17.0,flash_flood,HIGH
2026-07-23T23:50:00,103.78,6.8,0.0,-10.04,0.0,117.72,0.0,16.9,flash_flood,HIGH
2026-07-24T00:00:00,114.1,6.8,0.0,10.33,0.0,117.09,0.0,16.9,flash_flood,HIGH
2026-07-24T00:10:00,110.77,6.8,0.0,-3.33,0.0,116.45,0.0,16.4,flash_flood,HIGH
2026-07-24T00:20:00,123.09,6.8,0.0,12.31,0.0,117.18,0.0,17.4,flash_flood,HIGH
2026-07-24T00:30:00,112.07,6.8,0.0,-11.01,0.0,117.02,0.0,17.6,flash_flood,HIGH
2026-07-24T00:40:00,111.9,6.8,0.0,-0.17,0.0,117.04,0.0,17.5,flash_flood,HIGH
2026-07-24T00:50:00,110.09,6.8,0.0,-1.81,0.0,116.53,0.0,16.9,flash_flood,HIGH
2026-07-24T01:00:00,110.75,6.8,0.0,0.66,0.0,115.44,0.0,17.1,flash_flood,HIGH
2026-07-24T01:10:00,124.85,6.8,0.0,14.1,0.0,115.46,0.0,17.5,flash_flood,HIGH
2026-07-24T01:20:00,119.57,6.8,0.0,-5.28,0.0,114.99,0.0,17.7,flash_flood,HIGH
2026-07-24T01:30:00,113.19,6.8,0.0,-6.38,0.0,114.62,0.0,16.6,flash_flood,HIGH
2026-07-24T01:40:00,118.08,6.8,0.0,4.89,0.0,114.2,0.0,16.7,flash_flood,HIGH
2026-07-24T01:50:00,104.2,6.8,0.0,-13.88,0.0,113.59,0.0,16.9,flash_flood,HIGH
2026-07-24T02:00:00,106.7,6.8,0.0,2.49,0.0,112.7,0.0,17.9,flash_flood,HIGH
2026-07-24T02:10:00,117.94,6.8,0.0,11.25,0.0,112.95,0.0,16.3,flash_flood,HIGH
2026-07-24T02:20:00,111.9,6.8,0.0,-6.04,0.0,113.24,0.0,17.2,flash_flood,HIGH
2026-07-24T02:30:00,113.21,6.8,0.0,1.32,0.0,113.34,0.0,16.7,flash_flood,HIGH
2026-07-24T02:40:00,120.46,6.8,0.0,7.24,0.0,113.7,0.0,16.4,flash_flood,HIGH
2026-07-24T02:50:00,114.86,6.8,0.0,-5.6,0.0,114.32,0.0,18.4,flash_flood,HIGH
2026-07-24T03:00:00,122.84,6.8,0.0,7.98,0.0,114.81,0.0,17.7,flash_flood,HIGH
2026-07-24T03:10:00,124.14,6.8,0.0,1.3,0.0,115.55,0.0,16.9,flash_flood,HIGH
2026-07-24T03:20:00,109.57,6.8,0.0,-14.56,0.0,114.8,0.0,17.3,flash_flood,HIGH
2026-07-24T03:30:00,130.35,6.8,0.0,20.78,0.0,115.81,0.0,16.5,flash_flood,HIGH
2026-07-24T03:40:00,121.67,6.8,0.0,-8.68,0.0,116.35,0.0,16.6,flash_flood,HIGH
2026-07-24T03:50:00,115.3,6.8,0.0,-6.36,0.0,116.64,0.0,16.8,flash_flood,HIGH
2026-07-24T04:00:00,121.37,6.8,0.0,6.06,0.0,117.23,0.0,17.8,flash_flood,HIGH
2026-07-24T04:10:00,114.91,6.8,0.0,-6.45,0.0,116.68,0.0,16.5,flash_flood,HIGH
2026-07-24T04:20:00,126.84,6.8,0.0,11.93,0.0,117.09,0.0,16.5,flash_flood,HIGH
2026-07-24T04:30:00,119.25,6.8,0.0,-7.58,0.0,117.42,0.0,17.5,flash_flood,HIGH
2026-07-24T04:40:00,132.44,6.8,0.0,13.19,0.0,118.22,0.0,16.7,flash_flood,HIGH
2026-07-24T04:50:00,122.57,6.8,0.0,-9.88,0.0,119.24,0.0,16.7,flash_flood,HIGH
2026-07-24T05:00:00,111.69,6.8,0.0,-10.88,0.0,119.52,0.0,16.8,flash_flood,HIGH
2026-07-24T05:10:00,97.03,6.8,0.0,-14.65,0.0,118.36,0.0,16.9,flash_flood,HIGH
2026-07-24T05:20:00,97.0,6.8,0.0,-0.03,0.0,117.53,0.0,17.6,flash_flood,HIGH
2026-07-24T05:30:00,88.04,6.8,0.0,-8.96,0.0,116.13,0.0,17.6,flash_flood,HIGH
2026-07-24T05:40:00,104.1,6.8,0.0,16.06,0.0,115.22,0.0,16.9,flash_flood,HIGH
2026-07-24T05:50:00,105.89,6.8,0.0,1.79,0.0,114.72,0.0,17.2,flash_flood,HIGH
2026-07-24T06:00:00,104.27,6.8,0.0,-1.62,0.0,113.69,0.0,17.2,flash_flood,HIGH
2026-07-24T06:10:00,103.95,6.8,0.0,-0.33,0.0,112.57,0.0,17.9,flash_flood,HIGH
2026-07-24T06:20:00,100.2,6.8,0.0,-3.75,0.0,112.05,0.0,17.1,flash_flood,HIGH
2026-07-24T06:30:00,102.99,6.8,0.0,2.79,0.0,110.53,0.0,16.6,flash_flood,HIGH
2026-07-24T06:40:00,112.21,6.8,0.0,9.23,0.0,110.0,0.0,17.0,flash_flood,HIGH
2026-07-24T06:50:00,114.4,6.8,0.0,2.19,0.0,109.95,0.0,17.1,flash_flood,HIGH
2026-07-24T07:00:00,116.94,6.8,0.0,2.54,0.0,109.71,0.0,17.0,flash_flood,HIGH
2026-07-24T07:10:00,121.9,6.8,0.0,4.96,0.0,110.09,0.0,15.5,flash_flood,HIGH
2026-07-24T07:20:00,125.67,6.8,0.0,3.78,0.0,110.03,0.0,16.5,flash_flood,HIGH
2026-07-24T07:30:00,121.93,6.8,0.0,-3.74,0.0,110.18,0.0,17.3,flash_flood,HIGH
2026-07-24T07:40:00,108.96,6.8,0.0,-12.98,0.0,108.87,0.0,17.1,flash_flood,HIGH
2026-07-24T07:50:00,118.48,6.8,0.0,9.52,0.0,108.65,0.0,17.3,flash_flood,HIGH
2026-07-24T08:00:00,106.31,6.8,0.0,-12.16,0.0,108.35,0.0,17.2,flash_flood,HIGH
2026-07-24T08:10:00,101.75,6.8,0.0,-4.57,0.0,108.61,0.0,16.9,flash_flood,HIGH
2026-07-24T08:20:00,95.31,6.8,0.0,-6.44,0.0,108.52,0.0,17.4,flash_flood,HIGH
2026-07-24T08:30:00,98.49,6.8,0.0,3.18,0.0,109.1,0.0,17.0,flash_flood,HIGH
2026-07-24T08:40:00,118.48,6.8,0.0,19.99,0.0,109.89,0.0,17.4,flash_flood,HIGH
2026-07-24T08:50:00,113.98,6.8,0.0,-4.5,0.0,110.34,0.0,17.6,flash_flood,HIGH
2026-07-24T09:00:00,122.24,6.8,0.0,8.26,0.0,111.34,0.0,16.5,flash_flood,HIGH
2026-07-24T09:10:00,113.88,6.8,0.0,-8.36,0.0,111.89,0.0,17.0,flash_flood,HIGH
2026-07-24T09:20:00,115.44,6.8,0.0,1.56,0.0,112.74,0.0,16.8,flash_flood,HIGH
2026-07-24T09:30:00,122.95,6.8,0.0,7.51,0.0,113.85,0.0,16.1,flash_flood,HIGH
2026-07-24T09:40:00,107.26,6.8,0.0,-15.69,0.0,113.58,0.0,16.0,flash_flood,HIGH
2026-07-24T09:50:00,108.97,6.8,0.0,1.71,0.0,113.27,0.0,17.0,flash_flood,HIGH
2026-07-24T10:00:00,106.9,6.8,0.0,-2.07,0.0,112.72,0.0,16.2,flash_flood,HIGH
2026-07-24T10:10:00,118.69,6.8,0.0,11.79,0.0,112.54,0.0,17.0,flash_flood,HIGH
2026-07-24T10:20:00,122.65,6.8,0.0,3.97,0.0,112.37,0.0,16.0,flash_flood,HIGH
2026-07-24T10:30:00,111.27,6.8,0.0,-11.39,0.0,111.78,0.0,16.8,flash_flood,HIGH
2026-07-24T10:40:00,121.14,6.8,0.0,9.87,0.0,112.45,0.0,16.9,flash_flood,HIGH
2026-07-24T10:50:00,109.62,6.8,0.0,-11.52,0.0,111.96,0.0,17.3,flash_flood,HIGH
2026-07-24T11:00:00,112.15,6.8,0.0,2.53,0.0,112.29,0.0,16.5,flash_flood,HIGH
2026-07-24T11:10:00,115.78,6.8,0.0,3.63,0.0,113.07,0.0,17.0,flash_flood,HIGH
2026-07-24T11:20:00,115.88,6.8,0.0,0.1,0.0,114.21,0.0,16.6,flash_flood,HIGH
2026-07-24T11:30:00,113.42,6.8,0.0,-2.46,0.0,115.04,0.0,16.9,flash_flood,HIGH
2026-07-24T11:40:00,121.36,6.8,0.0,7.94,0.0,115.2,0.0,17.3,flash_flood,HIGH
2026-07-24T11:50:00,115.17,6.8,0.0,-6.2,0.0,115.27,0.0,17.1,flash_flood,HIGH
2026-07-24T12:00:00,108.51,6.8,0.0,-6.66,0.0,114.5,0.0,18.3,flash_flood,HIGH
2026-07-24T12:10:00,114.49,6.8,0.0,5.98,0.0,114.54,0.0,16.7,flash_flood,HIGH
2026-07-24T12:20:00,104.41,6.8,0.0,-10.09,0.0,113.92,0.0,17.5,flash_flood,HIGH
2026-07-24T12:30:00,98.94,6.8,0.0,-5.46,0.0,112.59,0.0,16.5,flash_flood,HIGH
2026-07-24T12:40:00,99.4,6.8,0.0,0.46,0.0,112.15,0.0,16.2,flash_flood,HIGH
2026-07-24T12:50:00,101.55,6.8,0.0,2.15,0.0,111.74,0.0,17.0,flash_flood,HIGH
2026-07-24T13:00:00,111.98,6.8,0.0,10.43,0.0,112.02,0.0,17.1,flash_flood,HIGH
2026-07-24T13:10:00,108.97,6.8,0.0,-3.01,0.0,111.48,0.0,16.8,flash_flood,HIGH
2026-07-24T13:20:00,121.83,6.8,0.0,12.86,0.0,111.44,0.0,17.5,flash_flood,HIGH
2026-07-24T13:30:00,111.91,6.8,0.0,-9.92,0.0,111.47,0.0,17.6,flash_flood,HIGH
2026-07-24T13:40:00,125.78,6.8,0.0,13.87,0.0,111.73,0.0,17.2,flash_flood,HIGH
2026-07-24T13:50:00,113.82,6.8,0.0,-11.96,0.0,111.96,0.0,17.1,flash_flood,HIGH
2026-07-24T14:00:00,110.48,6.8,0.0,-3.35,0.0,111.87,0.0,17.3,flash_flood,HIGH
2026-07-24T14:10:00,98.91,6.8,0.0,-11.57,0.0,110.93,0.0,17.0,flash_flood,HIGH
2026-07-24T14:20:00,94.0,6.8,0.0,-4.91,0.0,109.72,0.0,16.4,flash_flood,HIGH
2026-07-24T14:30:00,107.44,6.8,0.0,13.43,0.0,109.39,0.0,16.3,flash_flood,HIGH
2026-07-24T14:40:00,97.02,6.8,0.0,-10.42,0.0,108.03,0.0,17.5,flash_flood,HIGH
2026-07-24T14:50:00,93.94,6.8,0.0,-3.08,0.0,106.85,0.0,16.6,flash_flood,HIGH
2026-07-24T15:00:00,115.09,6.8,0.0,21.15,0.0,107.22,0.0,17.7,flash_flood,HIGH
2026-07-24T15:10:00,117.33,6.8,0.0,2.24,0.0,107.38,0.0,16.8,flash_flood,HIGH
2026-07-24T15:20:00,120.68,6.8,0.0,3.34,0.0,108.28,0.0,17.6,flash_flood,HIGH
2026-07-24T15:30:00,127.55,6.8,0.0,6.88,0.0,109.87,0.0,17.4,flash_flood,HIGH
2026-07-24T15:40:00,127.93,6.8,0.0,0.38,0.0,111.46,0.0,16.7,flash_flood,HIGH
2026-07-24T15:50:00,127.78,6.8,0.0,-0.15,0.0,112.91,0.0,16.7,flash_flood,HIGH
2026-07-24T16:00:00,107.57,6.8,0.0,-20.2,0.0,112.67,0.0,15.9,flash_flood,HIGH
2026-07-24T16:10:00,116.81,6.8,0.0,9.23,0.0,113.1,0.0,16.8,flash_flood,HIGH
2026-07-24T16:20:00,123.56,6.8,0.0,6.75,0.0,113.2,0.0,17.6,flash_flood,HIGH
2026-07-24T16:30:00,130.67,6.8,0.0,7.11,0.0,114.24,0.0,16.3,flash_flood,HIGH
2026-07-24T16:40:00,139.18,6.8,0.0,8.5,0.0,114.99,0.0,16.6,flash_flood,HIGH
2026-07-24T16:50:00,127.28,6.8,0.0,-11.9,0.0,115.73,0.0,17.5,flash_flood,HIGH
2026-07-24T17:00:00,103.55,6.561,-1.4364,-23.73,-0.2394,115.35,-0.239,24.6,normal,HIGH
2026-07-24T17:10:00,83.2,6.288,-1.6332,-20.35,-0.2722,114.48,-0.512,24.6,normal,HIGH
2026-07-24T17:20:00,66.29,6.012,-1.6596,-16.91,-0.2766,112.94,-0.788,24.4,normal,HIGH
2026-07-24T17:30:00,54.81,5.724,-1.7268,-11.48,-0.2878,110.01,-1.076,25.0,normal,HIGH
2026-07-24T17:40:00,45.26,5.413,-1.8636,-9.55,-0.3106,107.14,-1.387,24.7,normal,HIGH
2026-07-24T17:50:00,36.68,5.161,-1.5132,-8.57,-0.2522,103.96,-1.639,25.1,normal,HIGH
2026-07-24T18:00:00,31.64,4.896,-1.5924,-5.05,-0.2654,99.32,-1.904,24.7,normal,HIGH
2026-07-24T18:10:00,25.53,4.59,-1.8342,-6.11,-0.3057,94.22,-2.21,24.3,normal,HIGH
2026-07-24T18:20:00,20.93,4.334,-1.5384,-4.6,-0.2564,88.68,-2.466,25.2,normal,HIGH
2026-07-24T18:30:00,17.54,4.053,-1.6812,-3.39,-0.2802,82.57,-2.747,25.5,normal,HIGH
2026-07-24T18:40:00,14.46,3.822,-1.389,-3.08,-0.2315,76.26,-2.978,25.0,normal,MEDIUM
2026-07-24T18:50:00,12.11,3.595,-1.362,-2.35,-0.227,69.84,-3.205,24.8,normal,MEDIUM
2026-07-24T19:00:00,9.12,3.371,-1.3422,-2.99,-0.2237,64.37,-3.429,24.7,normal,MEDIUM
2026-07-24T19:10:00,9.27,3.189,-1.0932,0.15,-0.1822,58.39,-3.611,25.1,normal,MEDIUM
2026-07-24T19:20:00,8.58,3.019,-1.023,-0.68,-0.1705,52.01,-3.781,25.2,normal,MEDIUM
2026-07-24T19:30:00,9.79,2.845,-1.0428,1.21,-0.1738,45.29,-3.955,25.2,normal,MEDIUM
2026-07-24T19:40:00,8.64,2.711,-0.8034,-1.15,-0.1339,38.04,-4.089,25.1,normal,MEDIUM
2026-07-24T19:50:00,8.61,2.565,-0.873,-0.03,-0.1455,31.45,-3.995,25.8,normal,MEDIUM
2026-07-24T20:00:00,7.86,2.455,-0.6594,-0.76,-0.1099,26.13,-3.833,25.5,normal,MEDIUM
2026-07-24T20:10:00,6.89,2.352,-0.621,-0.97,-0.1035,21.89,-3.66,25.7,normal,MEDIUM
2026-07-24T20:20:00,7.25,2.263,-0.5328,0.37,-0.0888,18.61,-3.461,25.7,normal,MEDIUM
2026-07-24T20:30:00,8.34,2.156,-0.6408,1.09,-0.1068,16.03,-3.257,25.5,normal,MEDIUM
2026-07-24T20:40:00,8.58,2.084,-0.4314,0.24,-0.0719,13.99,-3.077,25.3,normal,MEDIUM
2026-07-24T20:50:00,7.37,2.035,-0.2982,-1.21,-0.0497,12.36,-2.861,25.7,normal,MEDIUM
2026-07-24T21:00:00,7.85,1.964,-0.4254,0.47,-0.0709,11.04,-2.626,25.0,normal,LOW
2026-07-24T21:10:00,7.53,1.926,-0.228,-0.32,-0.038,10.04,-2.408,25.3,normal,LOW
2026-07-24T21:20:00,7.75,1.877,-0.2952,0.22,-0.0492,9.31,-2.177,25.8,normal,LOW
2026-07-24T21:30:00,8.65,1.87,-0.0408,0.9,-0.0068,8.81,-1.952,25.4,normal,LOW
2026-07-24T21:40:00,7.46,1.802,-0.4068,-1.19,-0.0678,8.43,-1.793,25.6,normal,LOW
2026-07-24T21:50:00,6.33,1.749,-0.3198,-1.13,-0.0533,8.1,-1.623,25.7,normal,LOW
2026-07-24T22:00:00,6.76,1.723,-0.1548,0.42,-0.0258,7.97,-1.466,25.7,normal,LOW
2026-07-24T22:10:00,6.52,1.647,-0.4548,-0.24,-0.0758,7.82,-1.372,25.6,normal,LOW
2026-07-24T22:20:00,5.89,1.611,-0.2148,-0.63,-0.0358,7.67,-1.234,26.0,normal,LOW
2026-07-24T22:30:00,4.7,1.593,-0.111,-1.19,-0.0185,7.39,-1.118,25.3,normal,LOW
2026-07-24T22:40:00,5.23,1.539,-0.3246,0.53,-0.0541,7.2,-1.027,26.0,normal,LOW
2026-07-24T22:50:00,6.67,1.531,-0.0474,1.44,-0.0079,7.09,-0.925,25.3,normal,LOW
2026-07-24T23:00:00,7.34,1.504,-0.1596,0.67,-0.0266,7.06,-0.848,25.5,normal,LOW
2026-07-24T23:10:00,7.71,1.529,0.1476,0.38,0.0246,7.11,-0.734,25.9,normal,LOW
2026-07-24T23:20:00,5.51,1.555,0.1572,-2.2,0.0262,7.01,-0.602,25.6,normal,LOW
2026-07-24T23:30:00,4.1,1.538,-0.0996,-1.42,-0.0166,6.77,-0.546,25.9,normal,LOW
2026-07-24T23:40:00,5.73,1.551,0.0792,1.63,0.0132,6.62,-0.483,25.6,normal,LOW
2026-07-24T23:50:00,5.97,1.51,-0.246,0.24,-0.041,6.54,-0.453,25.6,normal,LOW
2026-07-25T00:00:00,5.95,1.53,0.1188,-0.02,0.0198,6.43,-0.396,25.9,normal,LOW
2026-07-25T00:10:00,6.93,1.555,0.1464,0.98,0.0244,6.4,-0.322,26.0,normal,LOW
2026-07-25T00:20:00,7.52,1.511,-0.2616,0.59,-0.0436,6.39,-0.359,25.2,normal,LOW
2026-07-25T00:30:00,8.18,1.486,-0.1488,0.66,-0.0248,6.36,-0.316,26.1,normal,LOW
2026-07-25T00:40:00,6.92,1.465,-0.1266,-1.26,-0.0211,6.33,-0.283,25.7,normal,LOW
2026-07-25T00:50:00,6.94,1.424,-0.246,0.02,-0.041,6.37,-0.299,26.1,normal,LOW
2026-07-25T01:00:00,6.47,1.415,-0.0558,-0.47,-0.0093,6.35,-0.232,25.5,normal,LOW
2026-07-25T01:10:00,7.58,1.41,-0.0324,1.11,-0.0054,6.41,-0.202,25.4,normal,LOW
2026-07-25T01:20:00,7.88,1.387,-0.1356,0.3,-0.0226,6.52,-0.206,25.5,normal,LOW
2026-07-25T01:30:00,8.7,1.382,-0.0312,0.82,-0.0052,6.74,-0.157,26.0,normal,LOW
2026-07-25T01:40:00,9.25,1.388,0.0384,0.55,0.0064,6.96,-0.143,25.4,normal,LOW
2026-07-25T01:50:00,8.92,1.434,0.2772,-0.33,0.0462,7.09,-0.07,25.9,normal,LOW
2026-07-25T02:00:00,9.43,1.451,0.099,0.51,0.0165,7.21,-0.078,26.2,normal,LOW
2026-07-25T02:10:00,8.21,1.436,-0.0912,-1.22,-0.0152,7.23,-0.119,25.8,normal,LOW
2026-07-25T02:20:00,7.21,1.426,-0.0576,-1.01,-0.0096,7.33,-0.112,26.2,normal,LOW
2026-07-25T02:30:00,6.33,1.444,0.1056,-0.88,0.0176,7.45,-0.108,25.9,normal,LOW
2026-07-25T02:40:00,6.1,1.438,-0.0354,-0.23,-0.0059,7.47,-0.073,25.9,normal,LOW
2026-07-25T02:50:00,5.98,1.439,0.0084,-0.12,0.0014,7.47,-0.091,26.2,normal,LOW
2026-07-25T03:00:00,5.96,1.388,-0.3096,-0.02,-0.0516,7.47,-0.167,25.9,normal,LOW
2026-07-25T03:10:00,5.7,1.371,-0.1014,-0.26,-0.0169,7.4,-0.14,26.5,normal,LOW
2026-07-25T03:20:00,6.26,1.344,-0.1584,0.56,-0.0264,7.33,-0.142,26.1,normal,LOW
2026-07-25T03:30:00,7.14,1.328,-0.1002,0.88,-0.0167,7.28,-0.138,26.3,normal,LOW
2026-07-25T03:40:00,6.64,1.302,-0.1548,-0.5,-0.0258,7.26,-0.122,25.9,normal,LOW
2026-07-25T03:50:00,6.76,1.293,-0.0552,0.12,-0.0092,7.25,-0.122,26.0,normal,LOW
2026-07-25T04:00:00,7.4,1.24,-0.3138,0.64,-0.0523,7.3,-0.169,26.0,normal,LOW
2026-07-25T04:10:00,6.24,1.267,0.1614,-1.15,0.0269,7.23,-0.12,25.8,normal,LOW
2026-07-25T04:20:00,4.78,1.285,0.1044,-1.47,0.0174,7.06,-0.097,26.4,normal,LOW
2026-07-25T04:30:00,5.37,1.28,-0.0288,0.6,-0.0048,6.87,-0.108,26.0,normal,LOW
2026-07-25T04:40:00,6.07,1.23,-0.297,0.7,-0.0495,6.69,-0.204,26.6,normal,LOW
2026-07-25T04:50:00,5.16,1.246,0.0954,-0.91,0.0159,6.49,-0.205,26.1,normal,LOW
2026-07-25T05:00:00,3.88,1.252,0.0324,-1.28,0.0054,6.18,-0.184,26.6,normal,LOW
2026-07-25T05:10:00,3.92,1.286,0.2058,0.03,0.0343,5.94,-0.14,25.8,normal,LOW
2026-07-25T05:20:00,3.9,1.304,0.1086,-0.01,0.0181,5.76,-0.14,26.2,normal,LOW
2026-07-25T05:30:00,4.86,1.288,-0.0936,0.96,-0.0156,5.67,-0.149,25.9,normal,LOW
2026-07-25T05:40:00,6.66,1.307,0.111,1.79,0.0185,5.71,-0.132,26.0,normal,LOW
2026-07-25T05:50:00,7.56,1.296,-0.0636,0.91,-0.0106,5.79,-0.091,25.6,normal,LOW
2026-07-25T06:00:00,7.35,1.279,-0.1026,-0.21,-0.0171,5.87,-0.091,26.2,normal,LOW
2026-07-25T06:10:00,7.05,1.29,0.0654,-0.3,0.0109,5.94,-0.054,25.5,normal,LOW
2026-07-25T06:20:00,7.37,1.269,-0.1284,0.32,-0.0214,6.01,-0.059,25.9,normal,LOW
2026-07-25T06:30:00,6.2,1.234,-0.2064,-1.17,-0.0344,5.95,-0.067,26.2,normal,LOW
2026-07-25T06:40:00,6.6,1.245,0.066,0.4,0.011,5.95,-0.047,25.9,normal,LOW
2026-07-25T06:50:00,7.19,1.244,-0.0054,0.59,-0.0009,5.98,0.004,26.4,normal,LOW
2026-07-25T07:00:00,6.25,1.277,0.1938,-0.94,0.0323,5.91,0.01,25.8,normal,LOW
2026-07-25T07:10:00,6.1,1.286,0.057,-0.14,0.0095,5.9,0.002,26.5,normal,LOW
2026-07-25T07:20:00,6.78,1.302,0.093,0.68,0.0155,6.02,0.022,25.8,normal,LOW
2026-07-25T07:30:00,7.24,1.298,-0.0216,0.46,-0.0036,6.12,0.068,25.2,normal,LOW
2026-07-25T07:40:00,6.86,1.28,-0.1062,-0.38,-0.0177,6.16,0.034,26.1,normal,LOW
2026-07-25T07:50:00,7.22,1.313,0.1938,0.36,0.0323,6.28,0.061,25.6,normal,LOW
2026-07-25T08:00:00,6.44,1.295,-0.1032,-0.78,-0.0172,6.42,0.01,26.3,normal,LOW
2026-07-25T08:10:00,5.86,1.277,-0.1098,-0.58,-0.0183,6.53,-0.027,25.8,normal,LOW
2026-07-25T08:20:00,6.03,1.267,-0.0636,0.17,-0.0106,6.65,-0.022,26.1,normal,LOW
2026-07-25T08:30:00,5.07,1.244,-0.1386,-0.96,-0.0231,6.66,-0.063,25.0,normal,LOW
2026-07-25T08:40:00,4.53,1.254,0.0618,-0.53,0.0103,6.54,-0.042,25.6,normal,LOW
2026-07-25T08:50:00,5.42,1.24,-0.084,0.89,-0.014,6.42,-0.039,26.3,normal,LOW
2026-07-25T09:00:00,4.56,1.264,0.1428,-0.86,0.0238,6.27,-0.026,25.9,normal,LOW
2026-07-25T09:10:00,4.22,1.256,-0.0468,-0.34,-0.0078,6.11,-0.013,26.2,normal,LOW
2026-07-25T09:20:00,4.3,1.252,-0.0252,0.07,-0.0042,5.94,0.017,26.1,normal,LOW
2026-07-25T09:30:00,4.14,1.264,0.0714,-0.15,0.0119,5.82,0.018,26.1,normal,LOW
2026-07-25T09:40:00,5.28,1.261,-0.0132,1.13,-0.0022,5.75,0.017,26.1,normal,LOW
2026-07-25T09:50:00,6.04,1.245,-0.0978,0.76,-0.0163,5.69,-0.032,25.4,normal,LOW
2026-07-25T10:00:00,7.3,1.246,0.0084,1.27,0.0014,5.74,-0.04,25.6,normal,LOW
2026-07-25T10:10:00,7.68,1.256,0.0588,0.37,0.0098,5.83,-0.045,26.2,normal,LOW
2026-07-25T10:20:00,7.08,1.265,0.0528,-0.6,0.0088,5.85,-0.033,25.9,normal,LOW
2026-07-25T10:30:00,8.21,1.285,0.1176,1.13,0.0196,5.9,0.004,25.4,normal,LOW
2026-07-25T10:40:00,7.29,1.316,0.1848,-0.91,0.0308,5.93,0.003,25.8,normal,LOW
2026-07-25T10:50:00,5.68,1.318,0.015,-1.61,0.0025,5.84,0.023,26.1,normal,LOW
2026-07-25T11:00:00,4.92,1.299,-0.114,-0.77,-0.019,5.76,0.022,25.2,normal,LOW
2026-07-25T11:10:00,4.8,1.324,0.1482,-0.11,0.0247,5.7,0.057,25.4,normal,LOW
2026-07-25T11:20:00,3.92,1.292,-0.1884,-0.89,-0.0314,5.58,0.049,25.9,normal,LOW
2026-07-25T11:30:00,4.67,1.312,0.117,0.76,0.0195,5.56,0.058,25.8,normal,LOW
2026-07-25T11:40:00,4.54,1.311,-0.006,-0.14,-0.001,5.56,0.071,26.0,normal,LOW
2026-07-25T11:50:00,4.59,1.316,0.0336,0.05,0.0056,5.51,0.053,25.4,normal,LOW
2026-07-25T12:00:00,4.96,1.314,-0.0132,0.37,-0.0022,5.53,0.058,25.7,normal,LOW
2026-07-25T12:10:00,6.29,1.33,0.096,1.33,0.016,5.65,0.079,25.2,normal,LOW
2026-07-25T12:20:00,7.36,1.347,0.1008,1.08,0.0168,5.82,0.083,25.4,normal,LOW
2026-07-25T12:30:00,7.05,1.342,-0.03,-0.31,-0.005,5.98,0.081,25.1,normal,LOW
2026-07-25T12:40:00,5.1,1.311,-0.189,-1.95,-0.0315,5.97,0.065,25.7,normal,LOW
2026-07-25T12:50:00,6.28,1.324,0.0792,1.18,0.0132,5.98,0.077,25.4,normal,LOW
2026-07-25T13:00:00,6.66,1.314,-0.0606,0.38,-0.0101,5.95,0.057,25.7,normal,LOW
2026-07-25T13:10:00,7.08,1.31,-0.0222,0.42,-0.0037,5.92,0.045,24.8,normal,LOW
2026-07-25T13:20:00,6.73,1.294,-0.0972,-0.35,-0.0162,5.9,0.009,25.4,normal,LOW
2026-07-25T13:30:00,5.89,1.322,0.1716,-0.84,0.0286,5.77,0.007,25.4,normal,LOW
2026-07-25T13:40:00,6.5,1.308,-0.0876,0.61,-0.0146,5.72,-0.01,25.1,normal,LOW
2026-07-25T13:50:00,6.35,1.286,-0.1284,-0.16,-0.0214,5.76,-0.013,25.1,normal,LOW
2026-07-25T14:00:00,5.76,1.269,-0.1002,-0.59,-0.0167,5.81,-0.054,25.6,normal,LOW
2026-07-25T14:10:00,5.3,1.234,-0.2142,-0.46,-0.0357,5.84,-0.059,25.2,normal,LOW
2026-07-25T14:20:00,5.27,1.239,0.033,-0.04,0.0055,5.91,-0.073,24.9,normal,LOW
2026-07-25T14:30:00,7.32,1.245,0.0354,2.06,0.0059,6.06,-0.066,24.2,normal,LOW
2026-07-25T14:40:00,8.59,1.257,0.072,1.27,0.012,6.28,-0.059,25.6,normal,LOW
2026-07-25T14:50:00,7.23,1.261,0.0216,-1.36,0.0036,6.43,-0.053,24.6,normal,LOW
2026-07-25T15:00:00,8.81,1.281,0.1218,1.57,0.0203,6.64,-0.049,25.3,normal,LOW
2026-07-25T15:10:00,8.54,1.316,0.2118,-0.27,0.0353,6.77,-0.031,25.3,normal,LOW
2026-07-25T15:20:00,7.41,1.295,-0.1296,-1.12,-0.0216,6.77,-0.047,25.5,normal,LOW
2026-07-25T15:30:00,7.93,1.342,0.2838,0.51,0.0473,6.82,0.032,24.9,normal,LOW
2026-07-25T15:40:00,8.48,1.349,0.0408,0.55,0.0068,7.01,0.025,25.2,normal,LOW
2026-07-25T15:50:00,7.62,1.333,-0.0924,-0.86,-0.0154,7.08,0.02,25.1,normal,LOW
2026-07-25T16:00:00,7.88,1.312,-0.1308,0.26,-0.0218,7.15,0.002,24.9,normal,LOW
2026-07-25T16:10:00,6.12,1.309,-0.0132,-1.76,-0.0022,7.1,0.016,24.2,normal,LOW
2026-07-25T16:20:00,7.3,1.329,0.1152,1.17,0.0192,7.13,0.006,24.3,normal,LOW
2026-07-25T16:30:00,7.45,1.323,-0.0306,0.16,-0.0051,7.21,0.016,24.9,normal,LOW
2026-07-25T16:40:00,7.92,1.314,-0.0558,0.47,-0.0093,7.29,0.028,25.0,normal,LOW
2026-07-25T16:50:00,8.48,1.303,-0.0666,0.56,-0.0111,7.41,0.034,24.8,normal,LOW
2026-07-25T17:00:00,8.19,1.292,-0.0636,-0.29,-0.0106,7.55,0.059,24.2,normal,LOW
2026-07-25T17:10:00,8.64,1.288,-0.0282,0.45,-0.0047,7.73,0.049,24.3,normal,LOW
2026-07-25T17:20:00,6.99,1.33,0.2514,-1.65,0.0419,7.83,0.084,24.9,normal,LOW
2026-07-25T17:30:00,7.21,1.32,-0.0564,0.22,-0.0094,7.82,0.063,24.1,normal,LOW
2026-07-25T17:40:00,5.46,1.319,-0.0102,-1.75,-0.0017,7.65,0.058,25.1,normal,LOW
2026-07-25T17:50:00,5.42,1.292,-0.1596,-0.04,-0.0266,7.55,0.011,24.8,normal,LOW
2026-07-25T18:00:00,4.4,1.277,-0.0876,-1.03,-0.0146,7.3,-0.039,24.8,normal,LOW
2026-07-25T18:10:00,5.29,1.3,0.1338,0.89,0.0223,7.12,0.005,24.2,normal,LOW
2026-07-25T18:20:00,6.63,1.281,-0.1134,1.34,-0.0189,7.08,-0.061,23.7,normal,LOW
2026-07-25T18:30:00,39.86,2.5,7.3158,33.23,1.2193,8.85,1.151,17.7,flash_flood,MEDIUM
2026-07-25T18:40:00,63.71,2.629,0.7722,23.85,0.1287,11.92,1.295,16.8,flash_flood,HIGH
2026-07-25T18:50:00,70.65,2.76,0.7902,6.94,0.1317,15.42,1.449,17.8,flash_flood,HIGH
2026-07-25T19:00:00,79.66,2.9,0.8382,9.01,0.1397,19.41,1.591,16.6,flash_flood,HIGH
2026-07-25T19:10:00,90.74,3.051,0.9072,11.08,0.1512,24.11,1.723,16.6,flash_flood,HIGH
2026-07-25T19:20:00,105.44,3.217,0.9936,14.7,0.1656,29.56,1.893,16.3,flash_flood,HIGH
2026-07-25T19:30:00,106.71,3.381,0.9876,1.27,0.1646,35.08,2.067,17.1,flash_flood,HIGH
2026-07-25T19:40:00,107.58,3.555,1.0392,0.87,0.1732,40.62,2.252,17.3,flash_flood,HIGH
2026-07-25T19:50:00,117.08,3.695,0.8412,9.5,0.1402,46.65,2.402,16.7,flash_flood,HIGH
2026-07-25T20:00:00,118.56,3.853,0.948,1.48,0.158,52.78,2.565,16.1,flash_flood,HIGH
2026-07-25T20:10:00,134.05,3.997,0.8652,15.49,0.1442,59.75,2.667,16.5,flash_flood,HIGH
2026-07-25T20:20:00,106.69,4.139,0.8496,-27.36,0.1416,65.29,2.818,16.1,flash_flood,HIGH
2026-07-25T20:30:00,106.27,4.278,0.834,-0.42,0.139,70.79,2.959,16.3,flash_flood,HIGH
2026-07-25T20:40:00,117.84,4.434,0.9384,11.56,0.1564,77.03,3.142,17.0,flash_flood,HIGH
2026-07-25T20:50:00,104.56,4.584,0.9006,-13.28,0.1501,82.54,3.307,16.7,flash_flood,HIGH
2026-07-25T21:00:00,102.48,4.745,0.9654,-2.07,0.1609,87.99,3.445,18.3,flash_flood,HIGH
2026-07-25T21:10:00,107.99,4.896,0.9042,5.5,0.1507,93.69,3.615,16.7,flash_flood,HIGH
2026-07-25T21:20:00,106.01,5.065,1.0152,-1.98,0.1692,99.22,2.565,16.8,flash_flood,HIGH
2026-07-25T21:30:00,112.79,5.183,0.7098,6.78,0.1183,103.27,2.555,17.2,flash_flood,HIGH
2026-07-25T21:40:00,132.18,5.343,0.957,19.39,0.1595,107.07,2.582,17.3,flash_flood,HIGH
2026-07-25T21:50:00,112.77,5.51,1.0044,-19.4,0.1674,109.41,2.61,16.7,flash_flood,HIGH
2026-07-25T22:00:00,113.09,5.674,0.981,0.31,0.1635,111.27,2.622,16.8,flash_flood,HIGH
2026-07-25T22:10:00,115.09,5.861,1.1268,2.0,0.1878,112.62,2.645,17.1,flash_flood,HIGH
2026-07-25T22:20:00,104.13,5.985,0.7392,-10.96,0.1232,112.55,2.603,17.0,flash_flood,HIGH
2026-07-25T22:30:00,114.93,6.162,1.062,10.8,0.177,113.01,2.607,17.8,flash_flood,HIGH
2026-07-25T22:40:00,103.65,6.324,0.9726,-11.28,0.1621,112.79,2.629,17.6,flash_flood,HIGH
2026-07-25T22:50:00,105.49,6.476,0.9138,1.84,0.1523,112.14,2.623,17.7,flash_flood,HIGH
2026-07-25T23:00:00,123.69,6.628,0.9138,18.19,0.1523,112.43,2.631,17.0,flash_flood,HIGH
2026-07-25T23:10:00,111.32,6.799,1.0248,-12.37,0.1708,111.16,2.661,17.4,flash_flood,HIGH
2026-07-25T23:20:00,112.83,6.8,0.0048,1.51,0.0008,111.51,2.522,17.0,flash_flood,HIGH
2026-07-25T23:30:00,122.74,6.8,0.0,9.92,0.0,112.42,2.366,15.6,flash_flood,HIGH
2026-07-25T23:40:00,122.24,6.8,0.0,-0.5,0.0,112.66,2.216,17.2,flash_flood,HIGH
2026-07-25T23:50:00,127.2,6.8,0.0,4.96,0.0,113.92,2.055,16.7,flash_flood,HIGH
2026-07-26T00:00:00,133.42,6.8,0.0,6.22,0.0,115.64,1.904,16.9,flash_flood,HIGH
2026-07-26T00:10:00,135.06,6.8,0.0,1.64,0.0,117.15,1.735,16.2,flash_flood,HIGH
2026-07-26T00:20:00,135.24,6.8,0.0,0.18,0.0,118.77,1.617,16.6,flash_flood,HIGH
2026-07-26T00:30:00,117.8,6.8,0.0,-17.44,0.0,119.05,1.457,16.9,flash_flood,HIGH
2026-07-26T00:40:00,109.86,6.8,0.0,-7.94,0.0,117.81,1.29,17.4,flash_flood,HIGH
2026-07-26T00:50:00,118.21,6.8,0.0,8.35,0.0,118.11,1.126,16.9,flash_flood,HIGH
2026-07-26T01:00:00,105.96,6.8,0.0,-12.25,0.0,117.71,0.939,17.7,flash_flood,HIGH
2026-07-26T01:10:00,118.28,6.8,0.0,12.32,0.0,117.89,0.815,17.8,flash_flood,HIGH
2026-07-26T01:20:00,113.78,6.8,0.0,-4.49,0.0,118.43,0.638,17.2,flash_flood,HIGH
2026-07-26T01:30:00,104.85,6.8,0.0,-8.94,0.0,117.87,0.476,17.0,flash_flood,HIGH
2026-07-26T01:40:00,111.38,6.8,0.0,6.53,0.0,118.3,0.324,17.6,flash_flood,HIGH
2026-07-26T01:50:00,117.17,6.8,0.0,5.78,0.0,118.95,0.172,17.3,flash_flood,HIGH
2026-07-26T02:00:00,111.95,6.8,0.0,-5.22,0.0,118.29,0.001,16.6,flash_flood,HIGH
2026-07-26T02:10:00,110.78,6.8,0.0,-1.17,0.0,118.26,0.0,18.4,flash_flood,HIGH
2026-07-26T02:20:00,99.09,6.8,0.0,-11.69,0.0,117.5,0.0,16.1,flash_flood,HIGH
2026-07-26T02:30:00,114.11,6.8,0.0,15.03,0.0,117.02,0.0,16.3,flash_flood,HIGH
2026-07-26T02:40:00,123.86,6.8,0.0,9.75,0.0,117.11,0.0,17.5,flash_flood,HIGH
2026-07-26T02:50:00,121.93,6.8,0.0,-1.94,0.0,116.82,0.0,16.9,flash_flood,HIGH
2026-07-26T03:00:00,108.91,6.8,0.0,-13.02,0.0,115.46,0.0,16.0,flash_flood,HIGH
2026-07-26T03:10:00,121.57,6.8,0.0,12.67,0.0,114.71,0.0,17.8,flash_flood,HIGH
2026-07-26T03:20:00,129.39,6.8,0.0,7.82,0.0,114.38,0.0,17.1,flash_flood,HIGH
2026-07-26T03:30:00,114.41,6.8,0.0,-14.99,0.0,114.19,0.0,17.1,flash_flood,HIGH
2026-07-26T03:40:00,125.8,6.8,0.0,11.39,0.0,115.08,0.0,17.3,flash_flood,HIGH
2026-07-26T03:50:00,117.86,6.8,0.0,-7.94,0.0,115.06,0.0,17.1,flash_flood,HIGH
2026-07-26T04:00:00,116.86,6.8,0.0,-1.0,0.0,115.67,0.0,17.4,flash_flood,HIGH
2026-07-26T04:10:00,107.49,6.8,0.0,-9.37,0.0,115.07,0.0,17.7,flash_flood,HIGH
2026-07-26T04:20:00,96.35,6.8,0.0,-11.14,0.0,114.1,0.0,16.5,flash_flood,HIGH
2026-07-26T04:30:00,99.5,6.8,0.0,3.15,0.0,113.8,0.0,17.8,flash_flood,HIGH
2026-07-26T04:40:00,98.9,6.8,0.0,-0.59,0.0,113.11,0.0,17.2,flash_flood,HIGH
2026-07-26T04:50:00,99.04,6.8,0.0,0.14,0.0,112.1,0.0,17.3,flash_flood,HIGH
2026-07-26T05:00:00,98.27,6.8,0.0,-0.77,0.0,111.34,0.0,16.7,flash_flood,HIGH
2026-07-26T05:10:00,106.65,6.8,0.0,8.38,0.0,111.11,0.0,17.1,flash_flood,HIGH
2026-07-26T05:20:00,108.2,6.8,0.0,1.55,0.0,111.62,0.0,16.4,flash_flood,HIGH
2026-07-26T05:30:00,115.56,6.8,0.0,7.36,0.0,111.7,0.0,17.8,flash_flood,HIGH
2026-07-26T05:40:00,125.64,6.8,0.0,10.08,0.0,111.8,0.0,17.4,flash_flood,HIGH
2026-07-26T05:50:00,110.49,6.8,0.0,-15.15,0.0,111.16,0.0,17.3,flash_flood,HIGH
2026-07-26T06:00:00,114.33,6.8,0.0,3.84,0.0,111.46,0.0,16.6,flash_flood,HIGH
2026-07-26T06:10:00,113.99,6.8,0.0,-0.35,0.0,111.04,0.0,16.6,flash_flood,HIGH
2026-07-26T06:20:00,124.6,6.8,0.0,10.61,0.0,110.78,0.0,17.0,flash_flood,HIGH
2026-07-26T06:30:00,118.8,6.8,0.0,-5.8,0.0,111.02,0.0,16.1,flash_flood,HIGH
2026-07-26T06:40:00,109.29,6.8,0.0,-9.51,0.0,110.1,0.0,16.5,flash_flood,HIGH
2026-07-26T06:50:00,109.61,6.8,0.0,0.32,0.0,109.64,0.0,17.8,flash_flood,HIGH
2026-07-26T07:00:00,119.99,6.8,0.0,10.38,0.0,109.82,0.0,17.6,flash_flood,HIGH
2026-07-26T07:10:00,117.34,6.8,0.0,-2.65,0.0,110.36,0.0,17.7,flash_flood,HIGH
2026-07-26T07:20:00,129.34,6.8,0.0,12.0,0.0,112.2,0.0,17.1,flash_flood,HIGH
2026-07-26T07:30:00,108.13,6.8,0.0,-21.21,0.0,112.68,0.0,16.5,flash_flood,HIGH
2026-07-26T07:40:00,111.43,6.8,0.0,3.3,0.0,113.37,0.0,17.1,flash_flood,HIGH
2026-07-26T07:50:00,105.85,6.8,0.0,-5.58,0.0,113.75,0.0,16.0,flash_flood,HIGH
2026-07-26T08:00:00,106.77,6.8,0.0,0.92,0.0,114.22,0.0,16.4,flash_flood,HIGH
2026-07-26T08:10:00,115.54,6.8,0.0,8.77,0.0,114.72,0.0,17.1,flash_flood,HIGH
2026-07-26T08:20:00,110.83,6.8,0.0,-4.71,0.0,114.86,0.0,16.5,flash_flood,HIGH
2026-07-26T08:30:00,108.61,6.8,0.0,-2.22,0.0,114.48,0.0,17.2,flash_flood,HIGH
2026-07-26T08:40:00,106.61,6.8,0.0,-2.0,0.0,113.42,0.0,16.4,flash_flood,HIGH
2026-07-26T08:50:00,117.84,6.8,0.0,11.23,0.0,113.83,0.0,16.9,flash_flood,HIGH
2026-07-26T09:00:00,128.04,6.8,0.0,10.2,0.0,114.59,0.0,17.3,flash_flood,HIGH
2026-07-26T09:10:00,113.36,6.8,0.0,-14.68,0.0,114.55,0.0,16.9,flash_flood,HIGH
2026-07-26T09:20:00,121.65,6.8,0.0,8.29,0.0,114.39,0.0,17.0,flash_flood,HIGH
2026-07-26T09:30:00,115.18,6.8,0.0,-6.47,0.0,114.19,0.0,17.5,flash_flood,HIGH
2026-07-26T09:40:00,123.72,6.8,0.0,8.54,0.0,114.99,0.0,17.4,flash_flood,HIGH
2026-07-26T09:50:00,110.82,6.8,0.0,-12.9,0.0,115.06,0.0,17.0,flash_flood,HIGH
2026-07-26T10:00:00,116.15,6.8,0.0,5.32,0.0,114.85,0.0,17.0,flash_flood,HIGH
2026-07-26T10:10:00,106.06,6.8,0.0,-10.08,0.0,114.22,0.0,17.1,flash_flood,HIGH
2026-07-26T10:20:00,102.12,6.8,0.0,-3.94,0.0,112.71,0.0,17.1,flash_flood,HIGH
2026-07-26T10:30:00,119.76,6.8,0.0,17.64,0.0,113.35,0.0,16.7,flash_flood,HIGH
2026-07-26T10:40:00,108.26,6.8,0.0,-11.5,0.0,113.18,0.0,18.3,flash_flood,HIGH
2026-07-26T10:50:00,119.36,6.8,0.0,11.1,0.0,113.93,0.0,17.2,flash_flood,HIGH
2026-07-26T11:00:00,112.27,6.8,0.0,-7.09,0.0,114.23,0.0,17.3,flash_flood,HIGH
2026-07-26T11:10:00,119.51,6.8,0.0,7.23,0.0,114.45,0.0,16.3,flash_flood,HIGH
2026-07-26T11:20:00,111.99,6.8,0.0,-7.52,0.0,114.52,0.0,17.0,flash_flood,HIGH
2026-07-26T11:30:00,112.27,6.8,0.0,0.28,0.0,114.72,0.0,17.8,flash_flood,HIGH
2026-07-26T11:40:00,121.3,6.8,0.0,9.03,0.0,115.54,0.0,16.5,flash_flood,HIGH
2026-07-26T11:50:00,124.96,6.8,0.0,3.66,0.0,115.93,0.0,17.4,flash_flood,HIGH
2026-07-26T12:00:00,117.56,6.8,0.0,-7.39,0.0,115.35,0.0,16.3,flash_flood,HIGH
2026-07-26T12:10:00,124.09,6.8,0.0,6.53,0.0,115.95,0.0,16.7,flash_flood,HIGH
2026-07-26T12:20:00,113.12,6.8,0.0,-10.97,0.0,115.47,0.0,17.2,flash_flood,HIGH
2026-07-26T12:30:00,110.03,6.8,0.0,-3.09,0.0,115.19,0.0,17.8,flash_flood,HIGH
2026-07-26T12:40:00,121.32,6.8,0.0,11.29,0.0,115.05,0.0,16.9,flash_flood,HIGH
2026-07-26T12:50:00,126.35,6.8,0.0,5.02,0.0,115.92,0.0,17.0,flash_flood,HIGH
2026-07-26T13:00:00,140.06,6.8,0.0,13.72,0.0,117.24,0.0,17.1,flash_flood,HIGH
2026-07-26T13:10:00,128.83,6.8,0.0,-11.23,0.0,118.51,0.0,17.6,flash_flood,HIGH
2026-07-26T13:20:00,112.99,6.8,0.0,-15.84,0.0,119.11,0.0,17.6,flash_flood,HIGH
2026-07-26T13:30:00,103.14,6.8,0.0,-9.85,0.0,118.19,0.0,16.7,flash_flood,HIGH
2026-07-26T13:40:00,116.2,6.8,0.0,13.06,0.0,118.63,0.0,17.4,flash_flood,HIGH
2026-07-26T13:50:00,105.95,6.8,0.0,-10.25,0.0,117.88,0.0,17.0,flash_flood,HIGH
2026-07-26T14:00:00,115.36,6.8,0.0,9.41,0.0,118.06,0.0,17.7,flash_flood,HIGH
2026-07-26T14:10:00,124.66,6.8,0.0,9.31,0.0,118.34,0.0,15.8,flash_flood,HIGH
2026-07-26T14:20:00,113.36,6.8,0.0,-11.31,0.0,118.42,0.0,17.6,flash_flood,HIGH
2026-07-26T14:30:00,113.07,6.8,0.0,-0.29,0.0,118.46,0.0,16.3,flash_flood,HIGH
2026-07-26T14:40:00,117.33,6.8,0.0,4.27,0.0,118.24,0.0,16.7,flash_flood,HIGH
2026-07-26T14:50:00,125.24,6.8,0.0,7.9,0.0,118.26,0.0,17.1,flash_flood,HIGH
2026-07-26T15:00:00,128.46,6.8,0.0,3.23,0.0,118.86,0.0,17.1,flash_flood,HIGH
2026-07-26T15:10:00,127.78,6.8,0.0,-0.68,0.0,119.07,0.0,17.0,flash_flood,HIGH
2026-07-26T15:20:00,115.91,6.8,0.0,-11.87,0.0,119.22,0.0,17.1,flash_flood,HIGH
2026-07-26T15:30:00,123.57,6.8,0.0,7.66,0.0,119.98,0.0,16.6,flash_flood,HIGH
2026-07-26T15:40:00,128.98,6.8,0.0,5.41,0.0,120.4,0.0,16.8,flash_flood,HIGH
2026-07-26T15:50:00,121.8,6.8,0.0,-7.18,0.0,120.15,0.0,17.0,flash_flood,HIGH
2026-07-26T16:00:00,126.33,6.8,0.0,4.53,0.0,119.39,0.0,16.5,flash_flood,HIGH
2026-07-26T16:10:00,127.09,6.8,0.0,0.76,0.0,119.29,0.0,17.4,flash_flood,HIGH
2026-07-26T16:20:00,117.64,6.8,0.0,-9.46,0.0,119.55,0.0,16.9,flash_flood,HIGH
2026-07-26T16:30:00,127.85,6.8,0.0,10.21,0.0,120.92,0.0,16.7,flash_flood,HIGH
2026-07-26T16:40:00,115.16,6.8,0.0,-12.69,0.0,120.86,0.0,17.2,flash_flood,HIGH
2026-07-26T16:50:00,126.1,6.8,0.0,10.94,0.0,121.98,0.0,16.5,flash_flood,HIGH
2026-07-26T17:00:00,121.74,6.8,0.0,-4.36,0.0,122.34,0.0,17.6,flash_flood,HIGH
2026-07-26T17:10:00,123.56,6.8,0.0,1.83,0.0,122.28,0.0,17.4,flash_flood,HIGH
2026-07-26T17:20:00,120.76,6.8,0.0,-2.8,0.0,122.69,0.0,16.5,flash_flood,HIGH
2026-07-26T17:30:00,129.8,6.8,0.0,9.04,0.0,123.62,0.0,17.8,flash_flood,HIGH
2026-07-26T17:40:00,125.19,6.8,0.0,-4.61,0.0,124.05,0.0,16.7,flash_flood,HIGH
2026-07-26T17:50:00,125.88,6.8,0.0,0.69,0.0,124.09,0.0,16.7,flash_flood,HIGH
2026-07-26T18:00:00,132.21,6.8,0.0,6.33,0.0,124.3,0.0,17.1,flash_flood,HIGH
2026-07-26T18:10:00,127.58,6.8,0.0,-4.63,0.0,124.29,0.0,17.9,flash_flood,HIGH
2026-07-26T18:20:00,131.61,6.8,0.0,4.03,0.0,125.16,0.0,17.0,flash_flood,HIGH
2026-07-26T18:30:00,112.79,6.8,0.0,-18.82,0.0,124.56,0.0,17.3,flash_flood,HIGH
2026-07-26T18:40:00,97.3,6.8,0.0,-15.49,0.0,122.8,0.0,16.6,flash_flood,HIGH
2026-07-26T18:50:00,94.04,6.8,0.0,-3.26,0.0,121.26,0.0,16.4,flash_flood,HIGH
2026-07-26T19:00:00,91.84,6.8,0.0,-2.2,0.0,119.34,0.0,17.1,flash_flood,HIGH
2026-07-26T19:10:00,96.32,6.8,0.0,4.48,0.0,117.63,0.0,17.7,flash_flood,HIGH
2026-07-26T19:20:00,95.52,6.8,0.0,-0.8,0.0,116.4,0.0,17.2,flash_flood,HIGH
2026-07-26T19:30:00,100.12,6.8,0.0,4.61,0.0,114.86,0.0,17.9,flash_flood,HIGH
2026-07-26T19:40:00,108.44,6.8,0.0,8.32,0.0,114.49,0.0,16.5,flash_flood,HIGH
2026-07-26T19:50:00,98.97,6.8,0.0,-9.47,0.0,112.98,0.0,17.7,flash_flood,HIGH
2026-07-26T20:00:00,113.93,6.8,0.0,14.96,0.0,112.55,0.0,17.4,flash_flood,HIGH
2026-07-26T20:10:00,118.79,6.8,0.0,4.86,0.0,112.28,0.0,16.9,flash_flood,HIGH
2026-07-26T20:20:00,107.35,6.8,0.0,-11.45,0.0,111.54,0.0,17.1,flash_flood,HIGH
2026-07-26T20:30:00,119.28,6.8,0.0,11.94,0.0,110.95,0.0,17.3,flash_flood,HIGH
2026-07-26T20:40:00,122.65,6.8,0.0,3.37,0.0,110.81,0.0,16.0,flash_flood,HIGH
2026-07-26T20:50:00,129.78,6.8,0.0,7.12,0.0,111.03,0.0,17.4,flash_flood,HIGH
2026-07-26T21:00:00,124.15,6.8,0.0,-5.63,0.0,110.58,0.0,17.8,flash_flood,HIGH
2026-07-26T21:10:00,104.46,6.759,-0.249,-19.69,-0.0415,109.3,-0.041,21.4,recovery,HIGH
2026-07-26T21:20:00,89.89,6.715,-0.2616,-14.56,-0.0436,106.98,-0.085,20.6,recovery,HIGH
2026-07-26T21:30:00,77.05,6.684,-0.1878,-12.84,-0.0313,104.99,-0.116,20.9,recovery,HIGH
2026-07-26T21:40:00,65.19,6.636,-0.2832,-11.87,-0.0472,103.21,-0.164,20.9,recovery,HIGH
2026-07-26T21:50:00,55.57,6.591,-0.2742,-9.62,-0.0457,101.07,-0.209,20.9,recovery,HIGH
2026-07-26T22:00:00,47.55,6.536,-0.3288,-8.01,-0.0548,98.61,-0.264,20.9,recovery,HIGH
2026-07-26T22:10:00,39.58,6.497,-0.2334,-7.97,-0.0389,95.46,-0.303,20.4,recovery,HIGH
2026-07-26T22:20:00,34.09,6.444,-0.3186,-5.49,-0.0531,92.05,-0.356,20.5,recovery,HIGH
2026-07-26T22:30:00,28.79,6.421,-0.1374,-5.3,-0.0229,88.08,-0.379,21.2,recovery,HIGH
2026-07-26T22:40:00,23.51,6.368,-0.3204,-5.28,-0.0534,83.37,-0.432,20.9,recovery,HIGH
2026-07-26T22:50:00,21.11,6.318,-0.2964,-2.41,-0.0494,79.04,-0.482,20.7,recovery,HIGH
2026-07-26T23:00:00,18.7,6.28,-0.2286,-2.4,-0.0381,73.75,-0.52,21.3,recovery,HIGH
2026-07-26T23:10:00,15.54,6.239,-0.246,-3.17,-0.041,68.01,-0.561,21.4,recovery,HIGH
2026-07-26T23:20:00,13.13,6.21,-0.1728,-2.4,-0.0288,62.78,-0.59,21.1,recovery,HIGH
2026-07-26T23:30:00,10.64,6.17,-0.2412,-2.49,-0.0402,56.74,-0.63,21.3,recovery,HIGH
2026-07-26T23:40:00,9.38,6.13,-0.2424,-1.26,-0.0404,50.45,-0.67,20.4,recovery,HIGH
2026-07-26T23:50:00,7.08,6.074,-0.3348,-2.31,-0.0558,43.63,-0.726,20.8,recovery,HIGH
2026-07-27T00:00:00,5.83,6.019,-0.3288,-1.25,-0.0548,37.06,-0.739,21.3,recovery,HIGH
2026-07-27T00:10:00,4.32,5.965,-0.3222,-1.51,-0.0537,31.5,-0.749,21.0,recovery,HIGH
2026-07-27T00:20:00,4.16,5.946,-0.117,-0.16,-0.0195,26.73,-0.738,21.2,recovery,HIGH
2026-07-27T00:30:00,4.33,5.894,-0.3126,0.17,-0.0521,22.69,-0.743,21.6,recovery,HIGH
2026-07-27T00:40:00,2.75,5.849,-0.27,-1.58,-0.045,19.23,-0.742,21.2,recovery,HIGH
2026-07-27T00:50:00,1.53,5.8,-0.2958,-1.21,-0.0493,16.22,-0.736,20.7,recovery,HIGH
2026-07-27T01:00:00,1.15,5.774,-0.1548,-0.38,-0.0258,13.65,-0.723,21.0,recovery,HIGH
2026-07-27T01:10:00,0.74,5.705,-0.4128,-0.4,-0.0688,11.49,-0.739,21.1,recovery,HIGH
2026-07-27T01:20:00,1.03,5.648,-0.342,0.28,-0.057,9.65,-0.773,21.0,recovery,HIGH
2026-07-27T01:30:00,0.97,5.618,-0.1824,-0.06,-0.0304,8.1,-0.75,20.8,recovery,HIGH
2026-07-27T01:40:00,0.39,5.573,-0.2676,-0.58,-0.0446,6.82,-0.745,21.4,recovery,HIGH
2026-07-27T01:50:00,0.85,5.533,-0.2412,0.46,-0.0402,5.69,-0.747,21.3,recovery,HIGH
2026-07-27T02:00:00,0.0,5.501,-0.1926,-0.85,-0.0321,4.66,-0.738,20.7,recovery,HIGH
2026-07-27T02:10:00,0.88,5.45,-0.3036,0.88,-0.0506,3.84,-0.76,20.7,recovery,HIGH
2026-07-27T02:20:00,1.03,5.417,-0.2004,0.15,-0.0334,3.17,-0.753,20.9,recovery,HIGH
2026-07-27T02:30:00,1.06,5.382,-0.21,0.03,-0.035,2.64,-0.748,21.1,recovery,HIGH
2026-07-27T02:40:00,0.7,5.347,-0.2094,-0.36,-0.0349,2.15,-0.727,21.4,recovery,HIGH
2026-07-27T02:50:00,0.0,5.298,-0.2904,-0.7,-0.0484,1.76,-0.721,21.0,recovery,HIGH
2026-07-27T03:00:00,0.0,5.24,-0.348,0.0,-0.058,1.44,-0.725,21.3,recovery,HIGH
2026-07-27T03:10:00,0.0,5.196,-0.264,0.0,-0.044,1.2,-0.75,21.2,recovery,HIGH
2026-07-27T03:20:00,0.13,5.152,-0.2634,0.13,-0.0439,0.97,-0.742,20.7,recovery,HIGH
2026-07-27T03:30:00,0.29,5.102,-0.2994,0.15,-0.0499,0.75,-0.746,21.1,recovery,HIGH
2026-07-27T03:40:00,0.31,5.064,-0.231,0.03,-0.0385,0.61,-0.736,20.8,recovery,HIGH
2026-07-27T03:50:00,1.28,5.028,-0.2184,0.97,-0.0364,0.6,-0.746,20.9,recovery,HIGH
2026-07-27T04:00:00,1.22,4.98,-0.2862,-0.06,-0.0477,0.61,-0.725,20.9,recovery,HIGH
2026-07-27T04:10:00,2.24,4.932,-0.2862,1.01,-0.0477,0.69,-0.716,21.0,recovery,HIGH
2026-07-27T04:20:00,1.67,4.882,-0.3024,-0.56,-0.0504,0.72,-0.736,21.1,recovery,HIGH
2026-07-27T04:30:00,1.44,4.851,-0.1854,-0.23,-0.0309,0.75,-0.722,21.2,recovery,HIGH
2026-07-27T04:40:00,1.67,4.802,-0.2952,0.23,-0.0492,0.82,-0.731,21.2,recovery,HIGH
2026-07-27T04:50:00,1.76,4.751,-0.3012,0.08,-0.0502,0.87,-0.749,20.9,recovery,HIGH
2026-07-27T05:00:00,0.76,4.718,-0.1998,-0.99,-0.0333,0.91,-0.732,21.2,recovery,HIGH
2026-07-27T05:10:00,1.36,4.676,-0.2538,0.6,-0.0423,0.94,-0.741,21.1,recovery,HIGH
2026-07-27T05:20:00,1.65,4.628,-0.285,0.29,-0.0475,0.98,-0.753,20.7,recovery,HIGH
2026-07-27T05:30:00,1.04,4.585,-0.261,-0.61,-0.0435,0.97,-0.762,20.7,recovery,HIGH
2026-07-27T05:40:00,0.55,4.554,-0.1872,-0.5,-0.0312,0.97,-0.745,21.0,recovery,HIGH
2026-07-27T05:50:00,0.62,4.508,-0.273,0.07,-0.0455,1.0,-0.732,20.8,recovery,HIGH
2026-07-27T06:00:00,0.67,4.469,-0.2322,0.05,-0.0387,1.04,-0.727,21.2,recovery,HIGH
2026-07-27T06:10:00,1.22,4.422,-0.2814,0.55,-0.0469,1.11,-0.73,21.3,recovery,HIGH
2026-07-27T06:20:00,0.5,4.403,-0.1158,-0.72,-0.0193,1.13,-0.699,20.8,recovery,HIGH
2026-07-27T06:30:00,0.77,4.352,-0.3054,0.27,-0.0509,1.15,-0.712,21.0,recovery,HIGH
2026-07-27T06:40:00,1.43,4.304,-0.2892,0.66,-0.0482,1.21,-0.723,21.7,recovery,HIGH
2026-07-27T06:50:00,1.21,4.274,-0.1812,-0.22,-0.0302,1.21,-0.706,21.1,recovery,HIGH
2026-07-27T07:00:00,1.26,4.22,-0.3258,0.05,-0.0543,1.21,-0.712,20.9,recovery,HIGH
2026-07-27T07:10:00,1.67,4.176,-0.2604,0.41,-0.0434,1.18,-0.706,21.0,recovery,HIGH
2026-07-27T07:20:00,0.64,4.131,-0.2724,-1.02,-0.0454,1.12,-0.72,21.3,recovery,HIGH
2026-07-27T07:30:00,0.0,4.098,-0.1968,-0.64,-0.0328,1.04,-0.704,21.1,recovery,HIGH
2026-07-27T07:40:00,0.0,4.055,-0.2568,0.0,-0.0428,0.95,-0.696,20.9,recovery,HIGH
2026-07-27T07:50:00,0.0,4.025,-0.1842,0.0,-0.0307,0.85,-0.694,20.9,recovery,HIGH
2026-07-27T08:00:00,0.9,3.987,-0.222,0.9,-0.037,0.86,-0.688,20.8,recovery,MEDIUM
2026-07-27T08:10:00,1.25,3.954,-0.2028,0.35,-0.0338,0.85,-0.675,20.5,recovery,MEDIUM
2026-07-27T08:20:00,0.55,3.913,-0.2472,-0.71,-0.0412,0.79,-0.672,20.5,recovery,MEDIUM
2026-07-27T08:30:00,1.51,3.881,-0.1908,0.96,-0.0318,0.82,-0.673,21.0,recovery,MEDIUM
2026-07-27T08:40:00,1.11,3.835,-0.276,-0.4,-0.046,0.85,-0.673,20.4,recovery,MEDIUM
2026-07-27T08:50:00,0.08,3.814,-0.126,-1.03,-0.021,0.82,-0.656,21.5,recovery,MEDIUM
2026-07-27T09:00:00,0.0,3.783,-0.1854,-0.08,-0.0309,0.78,-0.64,21.2,recovery,MEDIUM
2026-07-27T09:10:00,0.31,3.729,-0.3258,0.31,-0.0543,0.73,-0.675,20.5,recovery,MEDIUM
2026-07-27T09:20:00,0.86,3.669,-0.3588,0.54,-0.0598,0.75,-0.683,21.0,recovery,MEDIUM
2026-07-27T09:30:00,0.54,3.624,-0.2676,-0.31,-0.0446,0.74,-0.68,21.1,recovery,MEDIUM
2026-07-27T09:40:00,0.12,3.588,-0.216,-0.42,-0.036,0.67,-0.686,21.0,recovery,MEDIUM
2026-07-27T09:50:00,1.15,3.534,-0.3234,1.03,-0.0539,0.67,-0.685,21.0,recovery,MEDIUM
2026-07-27T10:00:00,1.2,3.492,-0.2556,0.04,-0.0426,0.66,-0.684,20.6,recovery,MEDIUM
2026-07-27T10:10:00,1.65,3.455,-0.2196,0.45,-0.0366,0.66,-0.676,20.6,recovery,MEDIUM
2026-07-27T10:20:00,1.62,3.432,-0.138,-0.03,-0.023,0.71,-0.666,21.0,recovery,MEDIUM
2026-07-27T10:30:00,1.37,3.408,-0.1458,-0.24,-0.0243,0.79,-0.647,20.7,recovery,MEDIUM
2026-07-27T10:40:00,2.03,3.378,-0.1818,0.66,-0.0303,0.9,-0.647,20.7,recovery,MEDIUM
2026-07-27T10:50:00,1.39,3.332,-0.2712,-0.64,-0.0452,0.98,-0.655,20.4,recovery,MEDIUM
2026-07-27T11:00:00,1.31,3.284,-0.2928,-0.08,-0.0488,1.0,-0.67,21.1,recovery,MEDIUM
2026-07-27T11:10:00,0.47,3.253,-0.1848,-0.84,-0.0308,0.96,-0.66,21.2,recovery,MEDIUM
2026-07-27T11:20:00,0.05,3.216,-0.2184,-0.42,-0.0364,0.93,-0.664,21.0,recovery,MEDIUM
2026-07-27T11:30:00,0.78,3.166,-0.3018,0.73,-0.0503,0.89,-0.669,21.0,recovery,MEDIUM
2026-07-27T11:40:00,0.34,3.127,-0.2376,-0.44,-0.0396,0.85,-0.687,21.2,recovery,MEDIUM
2026-07-27T11:50:00,0.0,3.083,-0.2616,-0.34,-0.0436,0.85,-0.7,21.3,recovery,MEDIUM
2026-07-27T12:00:00,0.68,3.048,-0.2106,0.68,-0.0351,0.88,-0.681,21.0,recovery,MEDIUM
2026-07-27T12:10:00,0.46,3.013,-0.207,-0.22,-0.0345,0.89,-0.656,21.1,recovery,MEDIUM
2026-07-27T12:20:00,0.0,2.979,-0.2058,-0.46,-0.0343,0.84,-0.645,20.7,recovery,MEDIUM
2026-07-27T12:30:00,0.0,2.922,-0.3402,0.0,-0.0567,0.81,-0.666,20.9,recovery,MEDIUM
2026-07-27T12:40:00,0.0,2.859,-0.3798,0.0,-0.0633,0.81,-0.675,20.9,recovery,MEDIUM
2026-07-27T12:50:00,0.0,2.818,-0.249,0.0,-0.0415,0.74,-0.674,20.8,recovery,MEDIUM
2026-07-27T13:00:00,0.91,2.783,-0.2088,0.91,-0.0348,0.73,-0.672,20.9,recovery,MEDIUM
2026-07-27T13:10:00,0.75,2.757,-0.1554,-0.17,-0.0259,0.68,-0.675,21.3,recovery,MEDIUM
2026-07-27T13:20:00,0.0,2.707,-0.2982,-0.75,-0.0497,0.59,-0.701,20.8,recovery,MEDIUM
2026-07-27T13:30:00,0.0,2.661,-0.276,0.0,-0.046,0.51,-0.716,21.0,recovery,MEDIUM
2026-07-27T13:40:00,0.37,2.63,-0.186,0.37,-0.031,0.42,-0.702,20.9,recovery,MEDIUM
2026-07-27T13:50:00,0.0,2.58,-0.3024,-0.37,-0.0504,0.34,-0.704,20.8,recovery,MEDIUM
2026-07-27T14:00:00,0.0,2.551,-0.1716,0.0,-0.0286,0.27,-0.702,20.6,recovery,MEDIUM
2026-07-27T14:10:00,0.31,2.494,-0.3408,0.31,-0.0568,0.26,-0.722,21.2,recovery,MEDIUM
2026-07-27T14:20:00,0.19,2.47,-0.1494,-0.12,-0.0249,0.27,-0.697,20.7,recovery,MEDIUM
2026-07-27T14:30:00,0.0,2.426,-0.2622,-0.19,-0.0437,0.22,-0.701,21.0,recovery,MEDIUM
2026-07-27T14:40:00,0.0,2.383,-0.2598,0.0,-0.0433,0.2,-0.7,20.9,recovery,MEDIUM
2026-07-27T14:50:00,0.0,2.352,-0.1806,0.0,-0.0301,0.2,-0.695,21.9,recovery,MEDIUM
2026-07-27T15:00:00,0.15,2.301,-0.3084,0.15,-0.0514,0.17,-0.712,20.7,recovery,MEDIUM
2026-07-27T15:10:00,0.43,2.265,-0.2166,0.28,-0.0361,0.17,-0.714,20.9,recovery,MEDIUM
2026-07-27T15:20:00,0.75,2.204,-0.3636,0.31,-0.0606,0.21,-0.718,21.2,recovery,MEDIUM
2026-07-27T15:30:00,0.75,2.154,-0.3,0.01,-0.05,0.26,-0.705,20.6,recovery,MEDIUM
2026-07-27T15:40:00,0.7,2.128,-0.1554,-0.05,-0.0259,0.29,-0.689,20.9,recovery,MEDIUM
2026-07-27T15:50:00,0.17,2.09,-0.2286,-0.53,-0.0381,0.3,-0.692,21.5,recovery,MEDIUM
2026-07-27T16:00:00,0.36,2.056,-0.2076,0.19,-0.0346,0.27,-0.701,21.4,recovery,MEDIUM
2026-07-27T16:10:00,0.54,2.008,-0.2868,0.18,-0.0478,0.26,-0.699,20.5,recovery,MEDIUM
2026-07-27T16:20:00,0.0,1.957,-0.306,-0.54,-0.051,0.26,-0.704,21.2,recovery,LOW
2026-07-27T16:30:00,0.4,1.919,-0.2292,0.4,-0.0382,0.28,-0.712,20.6,recovery,LOW
2026-07-27T16:40:00,1.23,1.874,-0.2652,0.83,-0.0442,0.33,-0.705,21.2,recovery,LOW
2026-07-27T16:50:00,1.07,1.837,-0.2274,-0.16,-0.0379,0.39,-0.715,21.2,recovery,LOW
2026-07-27T17:00:00,0.56,1.81,-0.1614,-0.51,-0.0269,0.42,-0.685,20.5,recovery,LOW
2026-07-27T17:10:00,0.0,1.783,-0.1626,-0.56,-0.0271,0.41,-0.687,21.2,recovery,LOW
2026-07-27T17:20:00,1.27,1.743,-0.2358,1.27,-0.0393,0.47,-0.683,21.5,recovery,LOW
2026-07-27T17:30:00,0.15,1.689,-0.3246,-1.12,-0.0541,0.47,-0.693,21.3,recovery,LOW
2026-07-27T17:40:00,0.0,1.647,-0.252,-0.15,-0.042,0.47,-0.705,21.4,recovery,LOW
2026-07-27T17:50:00,0.25,1.607,-0.2394,0.25,-0.0399,0.49,-0.694,20.9,recovery,LOW
2026-07-27T18:00:00,0.31,1.573,-0.2052,0.06,-0.0342,0.5,-0.692,20.8,recovery,LOW
2026-07-27T18:10:00,0.45,1.544,-0.1752,0.14,-0.0292,0.5,-0.661,20.9,recovery,LOW
2026-07-27T18:20:00,0.42,1.509,-0.2112,-0.03,-0.0352,0.48,-0.646,21.2,recovery,LOW
2026-07-27T18:30:00,0.8,1.458,-0.3006,0.38,-0.0501,0.48,-0.67,20.8,recovery,LOW
2026-07-27T18:40:00,0.43,1.409,-0.294,-0.37,-0.049,0.47,-0.681,20.5,recovery,LOW
2026-07-27T18:50:00,0.0,1.381,-0.168,-0.43,-0.028,0.46,-0.674,20.5,recovery,LOW
2026-07-27T19:00:00,0.78,1.349,-0.1956,0.78,-0.0326,0.48,-0.659,20.9,recovery,LOW
2026-07-27T19:10:00,0.97,1.313,-0.2142,0.19,-0.0357,0.51,-0.644,20.7,recovery,LOW
2026-07-27T19:20:00,0.82,1.263,-0.2988,-0.15,-0.0498,0.55,-0.655,21.2,recovery,LOW
2026-07-27T19:30:00,0.34,1.222,-0.246,-0.48,-0.041,0.55,-0.652,21.0,recovery,LOW
2026-07-27T19:40:00,0.35,1.199,-0.1404,0.01,-0.0234,0.5,-0.638,20.9,recovery,LOW
2026-07-27T19:50:00,0.91,1.164,-0.2112,0.56,-0.0352,0.49,-0.646,21.4,recovery,LOW
2026-07-27T20:00:00,0.6,1.131,-0.198,-0.31,-0.033,0.49,-0.652,21.0,recovery,LOW
2026-07-27T20:10:00,0.0,1.1,-0.1842,-0.6,-0.0307,0.49,-0.643,21.2,recovery,LOW
2026-07-27T20:20:00,0.26,1.1,0.0,0.26,0.0,0.44,-0.589,21.1,recovery,LOW
2026-07-27T20:30:00,0.47,1.1,0.0,0.21,0.0,0.45,-0.547,21.2,recovery,LOW
2026-07-27T20:40:00,0.7,1.1,0.0,0.23,0.0,0.49,-0.507,20.8,recovery,LOW
2026-07-27T20:50:00,1.11,1.1,0.0,0.42,0.0,0.54,-0.473,20.6,recovery,LOW
2026-07-27T21:00:00,1.06,1.1,0.0,-0.06,0.0,0.58,-0.444,20.7,recovery,LOW
2026-07-27T21:10:00,0.57,1.1,0.0,-0.48,0.0,0.59,-0.409,21.1,recovery,LOW
2026-07-27T21:20:00,0.28,1.1,0.0,-0.29,0.0,0.58,-0.358,20.8,recovery,LOW
2026-07-27T21:30:00,0.76,1.1,0.0,0.48,0.0,0.58,-0.309,20.9,recovery,LOW
2026-07-27T21:40:00,1.42,1.1,0.0,0.66,0.0,0.63,-0.281,21.4,recovery,LOW
2026-07-27T21:50:00,0.19,1.1,0.0,-1.23,0.0,0.64,-0.249,21.2,recovery,LOW
2026-07-27T22:00:00,0.94,1.1,0.0,0.75,0.0,0.65,-0.213,20.9,recovery,LOW
2026-07-27T22:10:00,1.0,1.1,0.0,0.06,0.0,0.65,-0.163,21.2,recovery,LOW
2026-07-27T22:20:00,0.0,1.1,0.0,-1.0,0.0,0.61,-0.122,20.7,recovery,LOW
2026-07-27T22:30:00,0.0,1.1,0.0,0.0,0.0,0.59,-0.099,21.1,recovery,LOW
2026-07-27T22:40:00,0.0,1.1,0.0,0.0,0.0,0.57,-0.064,20.5,recovery,LOW
2026-07-27T22:50:00,0.1,1.1,0.0,0.1,0.0,0.53,-0.031,21.3,recovery,LOW
2026-07-27T23:00:00,0.43,1.1,0.0,0.33,0.0,0.52,0.0,21.5,recovery,LOW
2026-07-27T23:10:00,0.93,1.1,0.0,0.5,0.0,0.57,0.0,21.0,recovery,LOW
2026-07-27T23:20:00,1.09,1.1,0.0,0.16,0.0,0.61,0.0,21.2,recovery,LOW
2026-07-27T23:30:00,0.0,1.1,0.0,-1.09,0.0,0.59,0.0,21.0,recovery,LOW
2026-07-27T23:40:00,0.0,1.1,0.0,0.0,0.0,0.55,0.0,20.4,recovery,LOW
2026-07-27T23:50:00,0.0,1.1,0.0,0.0,0.0,0.49,0.0,21.5,recovery,LOW
2026-07-28T00:00:00,0.21,1.1,0.0,0.21,0.0,0.44,0.0,20.7,recovery,LOW
2026-07-28T00:10:00,0.0,1.1,0.0,-0.21,0.0,0.41,0.0,20.8,recovery,LOW
2026-07-28T00:20:00,0.0,1.1,0.0,0.0,0.0,0.39,0.0,20.9,recovery,LOW
2026-07-28T00:30:00,0.0,1.1,0.0,0.0,0.0,0.35,0.0,20.9,recovery,LOW
2026-07-28T00:40:00,0.0,1.1,0.0,0.0,0.0,0.27,0.0,21.0,recovery,LOW
2026-07-28T00:50:00,0.0,1.1,0.0,0.0,0.0,0.26,0.0,21.2,recovery,LOW
2026-07-28T01:00:00,0.0,1.1,0.0,0.0,0.0,0.21,0.0,20.9,recovery,LOW
2026-07-28T01:10:00,0.31,1.1,0.0,0.31,0.0,0.17,0.0,21.2,recovery,LOW
2026-07-28T01:20:00,0.81,1.1,0.0,0.5,0.0,0.22,0.0,20.8,recovery,LOW
2026-07-28T01:30:00,1.01,1.1,0.0,0.2,0.0,0.27,0.0,21.1,recovery,LOW
2026-07-28T01:40:00,0.39,1.1,0.0,-0.62,0.0,0.29,0.0,21.0,recovery,LOW
2026-07-28T01:50:00,0.44,1.1,0.0,0.06,0.0,0.31,0.0,20.9,recovery,LOW
2026-07-28T02:00:00,0.62,1.1,0.0,0.18,0.0,0.32,0.0,20.5,recovery,LOW
2026-07-28T02:10:00,0.0,1.1,0.0,-0.62,0.0,0.27,0.0,20.9,recovery,LOW
2026-07-28T02:20:00,0.0,1.1,0.0,0.0,0.0,0.21,0.0,21.0,recovery,LOW
2026-07-28T02:30:00,0.0,1.1,0.0,0.0,0.0,0.21,0.0,21.4,recovery,LOW
2026-07-28T02:40:00,0.64,1.1,0.0,0.64,0.0,0.25,0.0,21.0,recovery,LOW
2026-07-28T02:50:00,0.62,1.1,0.0,-0.02,0.0,0.28,0.0,20.9,recovery,LOW
2026-07-28T03:00:00,0.62,1.1,0.0,-0.01,0.0,0.3,0.0,21.0,recovery,LOW
2026-07-28T03:10:00,0.76,1.1,0.0,0.15,0.0,0.35,0.0,21.0,recovery,LOW
2026-07-28T03:20:00,0.09,1.1,0.0,-0.67,0.0,0.35,0.0,21.1,recovery,LOW
2026-07-28T03:30:00,0.0,1.1,0.0,-0.09,0.0,0.35,0.0,20.7,recovery,LOW
2026-07-28T03:40:00,0.0,1.1,0.0,0.0,0.0,0.35,0.0,21.1,recovery,LOW
2026-07-28T03:50:00,0.0,1.1,0.0,0.0,0.0,0.35,0.0,21.4,recovery,LOW
2026-07-28T04:00:00,0.47,1.1,0.0,0.47,0.0,0.38,0.0,21.3,recovery,LOW
2026-07-28T04:10:00,0.36,1.1,0.0,-0.11,0.0,0.38,0.0,21.0,recovery,LOW
2026-07-28T04:20:00,0.9,1.1,0.0,0.54,0.0,0.38,0.0,20.9,recovery,LOW
2026-07-28T04:30:00,1.37,1.1,0.0,0.47,0.0,0.4,0.0,21.0,recovery,LOW
2026-07-28T04:40:00,0.97,1.1,0.0,-0.4,0.0,0.44,0.0,21.3,recovery,LOW
2026-07-28T04:50:00,1.19,1.1,0.0,0.22,0.0,0.48,0.0,21.0,recovery,LOW
2026-07-28T05:00:00,0.84,1.1,0.0,-0.35,0.0,0.49,0.0,21.4,recovery,LOW
2026-07-28T05:10:00,0.3,1.1,0.0,-0.54,0.0,0.51,0.0,21.0,recovery,LOW
2026-07-28T05:20:00,0.75,1.1,0.0,0.46,0.0,0.55,0.0,21.3,recovery,LOW
2026-07-28T05:30:00,1.16,1.1,0.0,0.4,0.0,0.61,0.0,20.7,recovery,LOW
2026-07-28T05:40:00,1.81,1.1,0.0,0.66,0.0,0.68,0.0,21.0,recovery,LOW
2026-07-28T05:50:00,0.85,1.1,0.0,-0.96,0.0,0.69,0.0,21.1,recovery,LOW
2026-07-28T06:00:00,0.37,1.1,0.0,-0.48,0.0,0.68,0.0,20.5,recovery,LOW
2026-07-28T06:10:00,0.08,1.1,0.0,-0.29,0.0,0.64,0.0,21.4,recovery,LOW
2026-07-28T06:20:00,0.31,1.1,0.0,0.23,0.0,0.65,0.0,21.1,recovery,LOW
2026-07-28T06:30:00,0.41,1.1,0.0,0.1,0.0,0.67,0.0,21.0,recovery,LOW
2026-07-28T06:40:00,0.87,1.1,0.0,0.46,0.0,0.72,0.0,21.0,recovery,LOW
2026-07-28T06:50:00,0.68,1.1,0.0,-0.19,0.0,0.76,0.0,20.8,recovery,LOW
2026-07-28T07:00:00,0.0,1.1,0.0,-0.68,0.0,0.73,0.0,20.8,recovery,LOW
2026-07-28T07:10:00,0.33,1.1,0.0,0.33,0.0,0.73,0.0,21.1,recovery,LOW
2026-07-28T07:20:00,0.03,1.1,0.0,-0.3,0.0,0.68,0.0,20.7,recovery,LOW
2026-07-28T07:30:00,0.0,1.1,0.0,-0.03,0.0,0.61,0.0,21.1,recovery,LOW
2026-07-28T07:40:00,0.14,1.1,0.0,0.14,0.0,0.56,0.0,20.5,recovery,LOW
2026-07-28T07:50:00,0.66,1.1,0.0,0.51,0.0,0.53,0.0,21.0,recovery,LOW
2026-07-28T08:00:00,1.36,1.1,0.0,0.7,0.0,0.56,0.0,21.1,recovery,LOW
2026-07-28T08:10:00,1.15,1.1,0.0,-0.21,0.0,0.61,0.0,21.1,recovery,LOW
2026-07-28T08:20:00,1.18,1.1,0.0,0.03,0.0,0.63,0.0,21.7,recovery,LOW
2026-07-28T08:30:00,1.15,1.1,0.0,-0.03,0.0,0.63,0.0,20.7,recovery,LOW
2026-07-28T08:40:00,1.88,1.1,0.0,0.73,0.0,0.64,0.0,21.1,recovery,LOW
2026-07-28T08:50:00,1.52,1.1,0.0,-0.37,0.0,0.67,0.0,21.5,recovery,LOW
2026-07-28T09:00:00,0.88,1.1,0.0,-0.64,0.0,0.7,0.0,20.6,recovery,LOW
2026-07-28T09:10:00,0.64,1.1,0.0,-0.24,0.0,0.73,0.0,20.9,recovery,LOW
2026-07-28T09:20:00,0.36,1.1,0.0,-0.28,0.0,0.74,0.0,20.6,recovery,LOW
2026-07-28T09:30:00,0.0,1.1,0.0,-0.36,0.0,0.71,0.0,20.9,recovery,LOW
2026-07-28T09:40:00,0.35,1.1,0.0,0.35,0.0,0.68,0.0,21.4,recovery,LOW
2026-07-28T09:50:00,0.0,1.1,0.0,-0.35,0.0,0.65,0.0,21.2,recovery,LOW
2026-07-28T10:00:00,0.28,1.1,0.0,0.28,0.0,0.66,0.0,20.7,recovery,LOW
2026-07-28T10:10:00,0.82,1.1,0.0,0.54,0.0,0.69,0.0,20.5,recovery,LOW
2026-07-28T10:20:00,0.42,1.1,0.0,-0.4,0.0,0.71,0.0,20.5,recovery,LOW
2026-07-28T10:30:00,0.0,1.1,0.0,-0.42,0.0,0.71,0.0,21.1,recovery,LOW
2026-07-28T10:40:00,0.0,1.1,0.0,0.0,0.0,0.7,0.0,20.8,recovery,LOW
2026-07-28T10:50:00,0.0,1.1,0.0,0.0,0.0,0.67,0.0,20.5,recovery,LOW
2026-07-28T11:00:00,0.59,1.1,0.0,0.59,0.0,0.62,0.0,20.3,recovery,LOW
2026-07-28T11:10:00,0.27,1.1,0.0,-0.32,0.0,0.58,0.0,20.9,recovery,LOW
2026-07-28T11:20:00,0.73,1.1,0.0,0.46,0.0,0.55,0.0,21.0,recovery,LOW
2026-07-28T11:30:00,2.11,1.1,0.0,1.38,0.0,0.6,0.0,21.5,recovery,LOW
2026-07-28T11:40:00,2.04,1.1,0.0,-0.07,0.0,0.61,0.0,20.8,recovery,LOW
2026-07-28T11:50:00,1.73,1.1,0.0,-0.31,0.0,0.62,0.0,20.7,recovery,LOW
2026-07-28T12:00:00,1.26,1.1,0.0,-0.47,0.0,0.65,0.0,21.5,recovery,LOW
2026-07-28T12:10:00,0.83,1.1,0.0,-0.43,0.0,0.66,0.0,20.5,recovery,LOW
2026-07-28T12:20:00,1.24,1.1,0.0,0.41,0.0,0.7,0.0,21.2,recovery,LOW
2026-07-28T12:30:00,1.01,1.1,0.0,-0.23,0.0,0.76,0.0,20.9,recovery,LOW
2026-07-28T12:40:00,0.21,1.1,0.0,-0.8,0.0,0.75,0.0,21.3,recovery,LOW
2026-07-28T12:50:00,0.18,1.1,0.0,-0.03,0.0,0.76,0.0,21.1,recovery,LOW
2026-07-28T13:00:00,0.21,1.1,0.0,0.02,0.0,0.76,0.0,21.7,recovery,LOW
2026-07-28T13:10:00,0.55,1.1,0.0,0.34,0.0,0.74,0.0,20.8,recovery,LOW
2026-07-28T13:20:00,0.94,1.1,0.0,0.39,0.0,0.77,0.0,20.7,recovery,LOW
2026-07-28T13:30:00,1.65,1.1,0.0,0.71,0.0,0.86,0.0,20.8,recovery,LOW
2026-07-28T13:40:00,1.4,1.1,0.0,-0.24,0.0,0.94,0.0,21.2,recovery,LOW
2026-07-28T13:50:00,1.68,1.1,0.0,0.28,0.0,1.04,0.0,21.3,recovery,LOW
2026-07-28T14:00:00,1.34,1.1,0.0,-0.34,0.0,1.08,0.0,21.4,recovery,LOW
2026-07-28T14:10:00,1.49,1.1,0.0,0.15,0.0,1.14,0.0,20.4,recovery,LOW
2026-07-28T14:20:00,52.17,2.5,8.4,50.69,1.4,4.0,1.4,17.6,flash_flood,MEDIUM
2026-07-28T14:30:00,67.33,2.649,0.8964,15.16,0.1494,7.63,1.549,17.2,flash_flood,HIGH
2026-07-28T14:40:00,85.19,2.724,0.4476,17.86,0.0746,12.24,1.624,16.5,flash_flood,HIGH
2026-07-28T14:50:00,82.1,2.839,0.6924,-3.09,0.1154,16.71,1.739,16.8,flash_flood,HIGH
2026-07-28T15:00:00,86.13,2.998,0.9504,4.03,0.1584,21.42,1.898,17.3,flash_flood,HIGH
2026-07-28T15:10:00,97.85,3.148,0.9018,11.71,0.1503,26.81,2.048,16.6,flash_flood,HIGH
2026-07-28T15:20:00,113.55,3.298,0.8982,15.71,0.1497,33.05,2.198,17.5,flash_flood,HIGH
2026-07-28T15:30:00,112.27,3.441,0.861,-1.28,0.1435,39.24,2.341,17.8,flash_flood,HIGH
2026-07-28T15:40:00,102.18,3.576,0.8094,-10.1,0.1349,44.9,2.476,17.4,flash_flood,HIGH
2026-07-28T15:50:00,98.81,3.723,0.8808,-3.36,0.1468,50.38,2.623,17.4,flash_flood,HIGH
2026-07-28T16:00:00,113.89,3.871,0.8868,15.08,0.1478,56.7,2.771,17.0,flash_flood,HIGH
2026-07-28T16:10:00,111.69,4.053,1.0926,-2.2,0.1821,62.87,2.953,16.8,flash_flood,HIGH
2026-07-28T16:20:00,117.51,4.237,1.1064,5.82,0.1844,69.35,3.137,16.7,flash_flood,HIGH
2026-07-28T16:30:00,111.37,4.369,0.7932,-6.14,0.1322,75.44,3.269,16.8,flash_flood,HIGH
2026-07-28T16:40:00,103.51,4.516,0.8814,-7.85,0.1469,81.11,3.416,17.0,flash_flood,HIGH
2026-07-28T16:50:00,104.34,4.676,0.9612,0.83,0.1602,86.82,3.576,16.3,flash_flood,HIGH
2026-07-28T17:00:00,108.92,4.83,0.9234,4.57,0.1539,92.79,3.73,16.8,flash_flood,HIGH
2026-07-28T17:10:00,112.59,4.976,0.873,3.67,0.1455,98.97,2.476,15.9,flash_flood,HIGH
2026-07-28T17:20:00,104.74,5.157,1.0896,-7.85,0.1816,101.89,2.508,17.2,flash_flood,HIGH
2026-07-28T17:30:00,104.02,5.276,0.7134,-0.72,0.1189,103.93,2.552,17.2,flash_flood,HIGH
2026-07-28T17:40:00,107.69,5.399,0.738,3.66,0.123,105.18,2.56,17.4,flash_flood,HIGH
2026-07-28T17:50:00,97.95,5.564,0.9882,-9.73,0.1647,106.06,2.566,16.2,flash_flood,HIGH
2026-07-28T18:00:00,106.98,5.701,0.822,9.03,0.137,107.21,2.553,17.2,flash_flood,HIGH
2026-07-28T18:10:00,110.59,5.811,0.6588,3.6,0.1098,107.92,2.513,17.1,flash_flood,HIGH
2026-07-28T18:20:00,105.86,5.975,0.9852,-4.73,0.1642,107.5,2.534,17.6,flash_flood,HIGH
2026-07-28T18:30:00,108.17,6.115,0.8418,2.31,0.1403,107.27,2.539,16.7,flash_flood,HIGH
2026-07-28T18:40:00,110.23,6.267,0.9084,2.06,0.1514,107.72,2.544,17.0,flash_flood,HIGH
2026-07-28T18:50:00,101.44,6.408,0.8508,-8.79,0.1418,107.86,2.538,17.1,flash_flood,HIGH
2026-07-28T19:00:00,110.55,6.565,0.9384,9.11,0.1564,107.68,2.512,16.6,flash_flood,HIGH
2026-07-28T19:10:00,112.68,6.722,0.9444,2.13,0.1574,107.73,2.485,17.9,flash_flood,HIGH
2026-07-28T19:20:00,99.35,6.8,0.4668,-13.33,0.0778,106.72,2.431,16.9,flash_flood,HIGH
2026-07-28T19:30:00,115.69,6.8,0.0,16.35,0.0,106.96,2.284,17.4,flash_flood,HIGH
2026-07-28T19:40:00,110.07,6.8,0.0,-5.62,0.0,107.33,2.124,16.8,flash_flood,HIGH
2026-07-28T19:50:00,112.06,6.8,0.0,1.99,0.0,107.75,1.97,16.4,flash_flood,HIGH
2026-07-28T20:00:00,120.99,6.8,0.0,8.93,0.0,108.42,1.824,17.3,flash_flood,HIGH
2026-07-28T20:10:00,106.38,6.8,0.0,-14.6,0.0,108.08,1.643,16.4,flash_flood,HIGH
2026-07-28T20:20:00,105.95,6.8,0.0,-0.43,0.0,108.15,1.524,16.9,flash_flood,HIGH
2026-07-28T20:30:00,104.99,6.8,0.0,-0.97,0.0,108.2,1.401,16.0,flash_flood,HIGH
2026-07-28T20:40:00,101.88,6.8,0.0,-3.1,0.0,107.88,1.236,15.9,flash_flood,HIGH
2026-07-28T20:50:00,113.63,6.8,0.0,11.75,0.0,108.75,1.099,16.9,flash_flood,HIGH
2026-07-28T21:00:00,102.94,6.8,0.0,-10.69,0.0,108.52,0.989,17.3,flash_flood,HIGH
2026-07-28T21:10:00,98.83,6.8,0.0,-4.1,0.0,107.87,0.825,17.0,flash_flood,HIGH
2026-07-28T21:20:00,118.23,6.8,0.0,19.4,0.0,108.56,0.685,17.5,flash_flood,HIGH
2026-07-28T21:30:00,113.19,6.8,0.0,-5.04,0.0,108.84,0.533,16.9,flash_flood,HIGH
2026-07-28T21:40:00,104.68,6.8,0.0,-8.51,0.0,108.53,0.392,17.7,flash_flood,HIGH
2026-07-28T21:50:00,118.37,6.8,0.0,13.69,0.0,109.47,0.235,16.6,flash_flood,HIGH
2026-07-28T22:00:00,122.38,6.8,0.0,4.01,0.0,110.13,0.078,17.1,flash_flood,HIGH
2026-07-28T22:10:00,110.03,6.8,0.0,-12.35,0.0,109.98,0.0,17.4,flash_flood,HIGH
2026-07-28T22:20:00,123.57,6.8,0.0,13.55,0.0,111.33,0.0,16.8,flash_flood,HIGH
2026-07-28T22:30:00,117.28,6.8,0.0,-6.29,0.0,111.41,0.0,17.3,flash_flood,HIGH
2026-07-28T22:40:00,116.07,6.8,0.0,-1.2,0.0,111.75,0.0,17.7,flash_flood,HIGH
2026-07-28T22:50:00,113.21,6.8,0.0,-2.86,0.0,111.81,0.0,17.5,flash_flood,HIGH
2026-07-28T23:00:00,116.99,6.8,0.0,3.78,0.0,111.59,0.0,16.7,flash_flood,HIGH
2026-07-28T23:10:00,125.62,6.8,0.0,8.63,0.0,112.66,0.0,16.3,flash_flood,HIGH
2026-07-28T23:20:00,125.01,6.8,0.0,-0.62,0.0,113.72,0.0,17.8,flash_flood,HIGH
2026-07-28T23:30:00,128.8,6.8,0.0,3.79,0.0,115.04,0.0,17.3,flash_flood,HIGH
2026-07-28T23:40:00,126.7,6.8,0.0,-2.09,0.0,116.42,0.0,16.7,flash_flood,HIGH
2026-07-28T23:50:00,133.52,6.8,0.0,6.82,0.0,117.52,0.0,16.7,flash_flood,HIGH
2026-07-29T00:00:00,131.96,6.8,0.0,-1.57,0.0,119.14,0.0,16.5,flash_flood,HIGH
2026-07-29T00:10:00,138.36,6.8,0.0,6.4,0.0,121.33,0.0,16.4,flash_flood,HIGH
2026-07-29T00:20:00,118.7,6.8,0.0,-19.65,0.0,121.36,0.0,16.7,flash_flood,HIGH
2026-07-29T00:30:00,127.69,6.8,0.0,8.98,0.0,122.16,0.0,17.7,flash_flood,HIGH
2026-07-29T00:40:00,123.45,6.8,0.0,-4.23,0.0,123.21,0.0,17.3,flash_flood,HIGH
2026-07-29T00:50:00,107.49,6.8,0.0,-15.97,0.0,122.6,0.0,17.0,flash_flood,HIGH
2026-07-29T01:00:00,121.68,6.8,0.0,14.19,0.0,122.56,0.0,16.8,flash_flood,HIGH
2026-07-29T01:10:00,104.65,6.8,0.0,-17.03,0.0,122.26,0.0,16.8,flash_flood,HIGH
2026-07-29T01:20:00,109.45,6.8,0.0,4.8,0.0,121.48,0.0,16.1,flash_flood,HIGH
2026-07-29T01:30:00,115.79,6.8,0.0,6.34,0.0,121.4,0.0,16.1,flash_flood,HIGH
2026-07-29T01:40:00,113.66,6.8,0.0,-2.14,0.0,121.26,0.0,16.1,flash_flood,HIGH
2026-07-29T01:50:00,110.2,6.8,0.0,-3.46,0.0,121.1,0.0,16.5,flash_flood,HIGH
2026-07-29T02:00:00,117.93,6.8,0.0,7.73,0.0,121.15,0.0,17.5,flash_flood,HIGH
2026-07-29T02:10:00,121.76,6.8,0.0,3.83,0.0,120.93,0.0,17.2,flash_flood,HIGH
2026-07-29T02:20:00,112.21,6.8,0.0,-9.55,0.0,120.22,0.0,17.3,flash_flood,HIGH
2026-07-29T02:30:00,122.29,6.8,0.0,10.08,0.0,119.86,0.0,17.2,flash_flood,HIGH
2026-07-29T02:40:00,124.82,6.8,0.0,2.53,0.0,119.76,0.0,17.9,flash_flood,HIGH
2026-07-29T02:50:00,110.58,6.8,0.0,-14.23,0.0,118.48,0.0,17.4,flash_flood,HIGH
2026-07-29T03:00:00,120.6,6.8,0.0,10.02,0.0,117.85,0.0,16.8,flash_flood,HIGH
2026-07-29T03:10:00,122.58,6.8,0.0,1.97,0.0,116.97,0.0,16.9,flash_flood,HIGH
2026-07-29T03:20:00,106.83,6.8,0.0,-15.75,0.0,116.31,0.0,16.6,flash_flood,HIGH
2026-07-29T03:30:00,118.61,6.8,0.0,11.78,0.0,115.81,0.0,17.8,flash_flood,HIGH
2026-07-29T03:40:00,98.66,3.4,-20.4,-19.95,-3.4,114.43,-3.4,19.7,heavy_rain,MEDIUM
2026-07-29T03:50:00,84.75,3.4,0.0,-13.91,0.0,113.17,-3.4,19.8,heavy_rain,MEDIUM
2026-07-29T04:00:00,79.36,3.4,0.0,-5.38,0.0,110.82,-3.4,20.2,heavy_rain,MEDIUM
2026-07-29T04:10:00,71.83,3.4,0.0,-7.53,0.0,108.99,-3.4,19.6,heavy_rain,MEDIUM
2026-07-29T04:20:00,72.19,3.4,0.0,0.36,0.0,106.92,-3.4,19.3,heavy_rain,MEDIUM
2026-07-29T04:30:00,72.83,3.4,0.0,0.64,0.0,104.54,-3.4,20.2,heavy_rain,MEDIUM
2026-07-29T04:40:00,67.48,3.4,0.0,-5.36,0.0,101.97,-3.4,20.2,heavy_rain,MEDIUM
2026-07-29T04:50:00,62.62,3.4,0.0,-4.86,0.0,99.33,-3.4,19.0,heavy_rain,MEDIUM
2026-07-29T05:00:00,63.19,3.4,0.0,0.58,0.0,96.29,-3.4,20.2,heavy_rain,MEDIUM
2026-07-29T05:10:00,58.35,3.4,0.0,-4.85,0.0,92.77,-3.4,19.3,heavy_rain,MEDIUM
2026-07-29T05:20:00,59.68,3.4,0.0,1.34,0.0,89.85,-3.4,18.8,heavy_rain,MEDIUM
2026-07-29T05:30:00,59.08,3.4,0.0,-0.6,0.0,86.34,-3.4,19.5,heavy_rain,MEDIUM
2026-07-29T05:40:00,52.89,3.4,0.0,-6.19,0.0,82.34,-3.4,19.9,heavy_rain,MEDIUM
2026-07-29T05:50:00,53.73,3.4,0.0,0.84,0.0,79.18,-3.4,19.2,heavy_rain,MEDIUM
2026-07-29T06:00:00,62.27,3.4,0.0,8.53,0.0,75.94,-3.4,19.6,heavy_rain,MEDIUM
2026-07-29T06:10:00,55.53,3.4,0.0,-6.74,0.0,72.22,-3.4,19.8,heavy_rain,MEDIUM
2026-07-29T06:20:00,50.32,3.4,0.0,-5.21,0.0,69.08,-3.4,19.4,heavy_rain,MEDIUM
2026-07-29T06:30:00,50.72,3.4,0.0,0.4,0.0,65.3,0.0,19.5,heavy_rain,MEDIUM
2026-07-29T06:40:00,52.04,3.4,0.0,1.32,0.0,62.72,0.0,19.4,heavy_rain,MEDIUM
2026-07-29T06:50:00,57.64,3.4,0.0,5.6,0.0,61.21,0.0,19.8,heavy_rain,MEDIUM
2026-07-29T07:00:00,65.92,3.4,0.0,8.28,0.0,60.46,0.0,19.0,heavy_rain,MEDIUM
2026-07-29T07:10:00,67.11,3.4,0.0,1.19,0.0,60.2,0.0,19.7,heavy_rain,MEDIUM
2026-07-29T07:20:00,71.24,3.4,0.0,4.13,0.0,60.15,0.0,19.5,heavy_rain,MEDIUM
2026-07-29T07:30:00,67.07,3.4,0.0,-4.17,0.0,59.83,0.0,19.6,heavy_rain,MEDIUM
2026-07-29T07:40:00,62.87,3.4,0.0,-4.2,0.0,59.57,0.0,19.4,heavy_rain,MEDIUM
2026-07-29T07:50:00,67.56,3.4,0.0,4.69,0.0,59.85,0.0,20.1,heavy_rain,MEDIUM
2026-07-29T08:00:00,62.88,3.4,0.0,-4.68,0.0,59.83,0.0,19.4,heavy_rain,MEDIUM
2026-07-29T08:10:00,63.8,3.4,0.0,0.93,0.0,60.13,0.0,20.0,heavy_rain,MEDIUM
2026-07-29T08:20:00,61.89,3.4,0.0,-1.92,0.0,60.25,0.0,20.3,heavy_rain,MEDIUM
2026-07-29T08:30:00,59.02,3.4,0.0,-2.87,0.0,60.25,0.0,19.2,heavy_rain,MEDIUM
2026-07-29T08:40:00,51.8,3.4,0.0,-7.22,0.0,60.19,0.0,19.8,heavy_rain,MEDIUM
2026-07-29T08:50:00,50.02,3.4,0.0,-1.78,0.0,59.98,0.0,19.2,heavy_rain,MEDIUM
2026-07-29T09:00:00,54.12,3.4,0.0,4.1,0.0,59.53,0.0,19.1,heavy_rain,MEDIUM
2026-07-29T09:10:00,57.25,3.4,0.0,3.13,0.0,59.63,0.0,19.1,heavy_rain,MEDIUM
2026-07-29T09:20:00,51.66,3.4,0.0,-5.59,0.0,59.7,0.0,19.1,heavy_rain,MEDIUM
2026-07-29T09:30:00,51.41,3.4,0.0,-0.26,0.0,59.74,0.0,19.1,heavy_rain,MEDIUM
2026-07-29T09:40:00,53.52,3.4,0.0,2.11,0.0,59.82,0.0,19.5,heavy_rain,MEDIUM
2026-07-29T09:50:00,51.57,3.4,0.0,-1.95,0.0,59.48,0.0,19.3,heavy_rain,MEDIUM
2026-07-29T10:00:00,57.48,3.4,0.0,5.9,0.0,59.02,0.0,20.1,heavy_rain,MEDIUM
2026-07-29T10:10:00,58.1,3.4,0.0,0.62,0.0,58.52,0.0,20.7,heavy_rain,MEDIUM
2026-07-29T10:20:00,59.77,3.4,0.0,1.67,0.0,57.88,0.0,19.5,heavy_rain,MEDIUM
2026-07-29T10:30:00,63.8,3.4,0.0,4.03,0.0,57.7,0.0,19.5,heavy_rain,MEDIUM
2026-07-29T10:40:00,62.07,3.4,0.0,-1.73,0.0,57.65,0.0,19.5,heavy_rain,MEDIUM
2026-07-29T10:50:00,58.61,3.4,0.0,-3.46,0.0,57.15,0.0,19.3,heavy_rain,MEDIUM
2026-07-29T11:00:00,53.77,3.4,0.0,-4.84,0.0,56.65,0.0,19.1,heavy_rain,MEDIUM
2026-07-29T11:10:00,51.67,3.4,0.0,-2.1,0.0,55.97,0.0,19.3,heavy_rain,MEDIUM
2026-07-29T11:20:00,57.34,3.4,0.0,5.67,0.0,55.72,0.0,19.8,heavy_rain,MEDIUM
2026-07-29T11:30:00,59.04,3.4,0.0,1.7,0.0,55.72,0.0,19.2,heavy_rain,MEDIUM
2026-07-29T11:40:00,58.2,3.4,0.0,-0.84,0.0,56.08,0.0,19.9,heavy_rain,MEDIUM
2026-07-29T11:50:00,64.24,3.4,0.0,6.04,0.0,56.87,0.0,19.0,heavy_rain,MEDIUM
2026-07-29T12:00:00,62.6,3.4,0.0,-1.64,0.0,57.34,0.0,19.3,heavy_rain,MEDIUM
2026-07-29T12:10:00,62.43,3.4,0.0,-0.17,0.0,57.63,0.0,19.7,heavy_rain,MEDIUM
2026-07-29T12:20:00,63.34,3.4,0.0,0.9,0.0,58.28,0.0,19.4,heavy_rain,MEDIUM
2026-07-29T12:30:00,57.82,3.4,0.0,-5.52,0.0,58.63,0.0,19.7,heavy_rain,MEDIUM
2026-07-29T12:40:00,59.6,3.4,0.0,1.78,0.0,58.97,0.0,20.0,heavy_rain,MEDIUM
2026-07-29T12:50:00,55.85,3.4,0.0,-3.76,0.0,59.21,0.0,20.1,heavy_rain,MEDIUM
2026-07-29T13:00:00,59.69,3.4,0.0,3.84,0.0,59.33,0.0,19.7,heavy_rain,MEDIUM
2026-07-29T13:10:00,55.57,3.4,0.0,-4.11,0.0,59.19,0.0,19.2,heavy_rain,MEDIUM
2026-07-29T13:20:00,63.43,3.4,0.0,7.86,0.0,59.39,0.0,18.8,heavy_rain,MEDIUM
2026-07-29T13:30:00,62.46,3.4,0.0,-0.98,0.0,59.32,0.0,19.4,heavy_rain,MEDIUM
2026-07-29T13:40:00,61.37,3.4,0.0,-1.08,0.0,59.28,0.0,19.5,heavy_rain,MEDIUM
2026-07-29T13:50:00,67.01,3.4,0.0,5.64,0.0,59.75,0.0,19.5,heavy_rain,MEDIUM
2026-07-29T14:00:00,63.54,3.4,0.0,-3.47,0.0,60.29,0.0,18.8,heavy_rain,MEDIUM
2026-07-29T14:10:00,58.98,3.4,0.0,-4.55,0.0,60.7,0.0,19.6,heavy_rain,MEDIUM
2026-07-29T14:20:00,52.26,3.4,0.0,-6.72,0.0,60.41,0.0,19.5,heavy_rain,MEDIUM
2026-07-29T14:30:00,54.73,3.4,0.0,2.46,0.0,60.17,0.0,19.2,heavy_rain,MEDIUM
2026-07-29T14:40:00,56.47,3.4,0.0,1.75,0.0,60.08,0.0,18.8,heavy_rain,MEDIUM
2026-07-29T14:50:00,57.15,3.4,0.0,0.67,0.0,59.68,0.0,18.8,heavy_rain,MEDIUM
2026-07-29T15:00:00,64.97,3.4,0.0,7.83,0.0,59.82,0.0,19.9,heavy_rain,MEDIUM
2026-07-29T15:10:00,68.82,3.4,0.0,3.85,0.0,60.17,0.0,19.3,heavy_rain,MEDIUM
2026-07-29T15:20:00,68.49,3.4,0.0,-0.33,0.0,60.46,0.0,19.1,heavy_rain,MEDIUM
2026-07-29T15:30:00,61.23,3.4,0.0,-7.25,0.0,60.65,0.0,19.3,heavy_rain,MEDIUM
2026-07-29T15:40:00,57.16,3.4,0.0,-4.07,0.0,60.51,0.0,20.0,heavy_rain,MEDIUM
2026-07-29T15:50:00,59.58,3.4,0.0,2.42,0.0,60.72,0.0,19.4,heavy_rain,MEDIUM
2026-07-29T16:00:00,62.0,3.4,0.0,2.41,0.0,60.85,0.0,18.9,heavy_rain,MEDIUM
2026-07-29T16:10:00,62.07,3.4,0.0,0.08,0.0,61.21,0.0,19.5,heavy_rain,MEDIUM
2026-07-29T16:20:00,67.45,3.4,0.0,5.38,0.0,61.43,0.0,19.9,heavy_rain,MEDIUM
2026-07-29T16:30:00,66.83,3.4,0.0,-0.62,0.0,61.67,0.0,19.4,heavy_rain,MEDIUM
2026-07-29T16:40:00,69.02,3.4,0.0,2.18,0.0,62.1,0.0,19.7,heavy_rain,MEDIUM
2026-07-29T16:50:00,60.75,3.4,0.0,-8.27,0.0,61.75,0.0,20.0,heavy_rain,MEDIUM
2026-07-29T17:00:00,64.89,3.4,0.0,4.14,0.0,61.83,0.0,18.6,heavy_rain,MEDIUM
2026-07-29T17:10:00,55.76,3.4,0.0,-9.13,0.0,61.65,0.0,19.3,heavy_rain,MEDIUM
2026-07-29T17:20:00,60.48,3.4,0.0,4.72,0.0,62.1,0.0,19.5,heavy_rain,MEDIUM
2026-07-29T17:30:00,60.04,3.4,0.0,-0.44,0.0,62.4,0.0,19.8,heavy_rain,MEDIUM
2026-07-29T17:40:00,58.2,3.4,0.0,-1.84,0.0,62.49,0.0,19.5,heavy_rain,MEDIUM
2026-07-29T17:50:00,57.53,3.4,0.0,-0.67,0.0,62.52,0.0,20.2,heavy_rain,MEDIUM
2026-07-29T18:00:00,57.88,3.4,0.0,0.35,0.0,62.12,0.0,20.1,heavy_rain,MEDIUM
2026-07-29T18:10:00,58.07,3.4,0.0,0.19,0.0,61.52,0.0,18.5,heavy_rain,MEDIUM
2026-07-29T18:20:00,57.37,3.4,0.0,-0.7,0.0,60.91,0.0,19.6,heavy_rain,MEDIUM
2026-07-29T18:30:00,59.07,3.4,0.0,1.7,0.0,60.79,0.0,19.9,heavy_rain,MEDIUM
2026-07-29T18:40:00,56.93,3.4,0.0,-2.13,0.0,60.77,0.0,19.1,heavy_rain,MEDIUM
2026-07-29T18:50:00,60.16,3.4,0.0,3.23,0.0,60.81,0.0,19.3,heavy_rain,MEDIUM
2026-07-29T19:00:00,55.61,3.4,0.0,-4.55,0.0,60.45,0.0,19.3,heavy_rain,MEDIUM
2026-07-29T19:10:00,53.28,3.4,0.0,-2.34,0.0,59.96,0.0,19.8,heavy_rain,MEDIUM
2026-07-29T19:20:00,58.77,3.4,0.0,5.49,0.0,59.48,0.0,19.5,heavy_rain,MEDIUM
2026-07-29T19:30:00,59.98,3.4,0.0,1.22,0.0,59.1,0.0,18.9,heavy_rain,MEDIUM
2026-07-29T19:40:00,58.2,3.4,0.0,-1.78,0.0,58.5,0.0,19.9,heavy_rain,MEDIUM
2026-07-29T19:50:00,59.66,3.4,0.0,1.46,0.0,58.44,0.0,18.9,heavy_rain,MEDIUM
2026-07-29T20:00:00,59.05,3.4,0.0,-0.62,0.0,58.11,0.0,19.1,heavy_rain,MEDIUM
2026-07-29T20:10:00,58.36,3.4,0.0,-0.68,0.0,58.26,0.0,20.0,heavy_rain,MEDIUM
2026-07-29T20:20:00,57.05,3.4,0.0,-1.32,0.0,58.07,0.0,19.3,heavy_rain,MEDIUM
2026-07-29T20:30:00,54.63,3.4,0.0,-2.42,0.0,57.77,0.0,18.6,heavy_rain,MEDIUM
2026-07-29T20:40:00,52.72,3.4,0.0,-1.91,0.0,57.46,0.0,19.5,heavy_rain,MEDIUM
2026-07-29T20:50:00,59.39,3.4,0.0,6.67,0.0,57.57,0.0,19.5,heavy_rain,MEDIUM
2026-07-29T21:00:00,58.46,3.4,0.0,-0.93,0.0,57.6,0.0,19.9,heavy_rain,MEDIUM
2026-07-29T21:10:00,56.3,3.4,0.0,-2.16,0.0,57.5,0.0,19.2,heavy_rain,MEDIUM
2026-07-29T21:20:00,57.27,3.4,0.0,0.97,0.0,57.49,0.0,19.2,heavy_rain,MEDIUM
2026-07-29T21:30:00,56.73,3.4,0.0,-0.54,0.0,57.36,0.0,19.9,heavy_rain,MEDIUM
2026-07-29T21:40:00,52.72,3.4,0.0,-4.01,0.0,57.13,0.0,19.4,heavy_rain,MEDIUM
2026-07-29T21:50:00,56.82,3.4,0.0,4.1,0.0,56.94,0.0,19.1,heavy_rain,MEDIUM
2026-07-29T22:00:00,60.33,3.4,0.0,3.51,0.0,57.21,0.0,19.4,heavy_rain,MEDIUM
2026-07-29T22:10:00,54.93,3.387,-0.0756,-5.4,-0.0126,57.3,-0.013,19.2,heavy_rain,MEDIUM
2026-07-29T22:20:00,53.62,3.4,0.0756,-1.31,0.0126,57.01,0.0,19.8,heavy_rain,MEDIUM
2026-07-29T22:30:00,52.48,3.4,0.0,-1.14,0.0,56.59,0.0,19.2,heavy_rain,MEDIUM
2026-07-29T22:40:00,50.34,3.4,0.0,-2.14,0.0,56.16,0.0,18.9,heavy_rain,MEDIUM
2026-07-29T22:50:00,55.35,3.4,0.0,5.01,0.0,55.92,0.0,18.9,heavy_rain,MEDIUM
2026-07-29T23:00:00,54.29,3.4,0.0,-1.06,0.0,55.65,0.0,19.1,heavy_rain,MEDIUM
2026-07-29T23:10:00,61.93,3.4,0.0,7.63,0.0,55.85,0.0,19.1,heavy_rain,MEDIUM
2026-07-29T23:20:00,58.81,3.4,0.0,-3.12,0.0,55.95,0.0,19.5,heavy_rain,MEDIUM
2026-07-29T23:30:00,49.75,3.4,0.0,-9.06,0.0,55.68,0.0,19.3,heavy_rain,MEDIUM
2026-07-29T23:40:00,50.13,3.4,0.0,0.38,0.0,55.54,0.0,20.0,heavy_rain,MEDIUM
2026-07-29T23:50:00,49.83,3.4,0.0,-0.3,0.0,55.0,0.0,19.9,heavy_rain,MEDIUM
2026-07-30T00:00:00,56.26,3.4,0.0,6.44,0.0,54.88,0.0,19.0,heavy_rain,MEDIUM
2026-07-30T00:10:00,63.31,3.4,0.0,7.05,0.0,55.27,0.0,19.8,heavy_rain,MEDIUM
2026-07-30T00:20:00,60.23,3.4,0.0,-3.09,0.0,55.44,0.0,19.8,heavy_rain,MEDIUM
2026-07-30T00:30:00,58.2,3.4,0.0,-2.02,0.0,55.52,0.0,19.1,heavy_rain,MEDIUM
2026-07-30T00:40:00,51.8,3.4,0.0,-6.4,0.0,55.47,0.0,19.2,heavy_rain,MEDIUM
2026-07-30T00:50:00,54.76,3.4,0.0,2.95,0.0,55.35,0.0,19.2,heavy_rain,MEDIUM
2026-07-30T01:00:00,53.89,3.4,0.0,-0.86,0.0,54.99,0.013,19.5,heavy_rain,MEDIUM
2026-07-30T01:10:00,53.64,3.4,0.0,-0.25,0.0,54.92,0.0,19.4,heavy_rain,MEDIUM
2026-07-30T01:20:00,60.13,3.4,0.0,6.49,0.0,55.29,0.0,19.7,heavy_rain,MEDIUM
2026-07-30T01:30:00,63.24,3.4,0.0,3.11,0.0,55.88,0.0,19.4,heavy_rain,MEDIUM
2026-07-30T01:40:00,57.33,3.4,0.0,-5.91,0.0,56.27,0.0,20.2,heavy_rain,MEDIUM
2026-07-30T01:50:00,61.59,3.4,0.0,4.26,0.0,56.62,0.0,19.9,heavy_rain,MEDIUM
2026-07-30T02:00:00,52.39,3.4,0.0,-9.2,0.0,56.51,0.0,19.9,heavy_rain,MEDIUM
2026-07-30T02:10:00,54.58,3.4,0.0,2.19,0.0,56.1,0.0,19.2,heavy_rain,MEDIUM
2026-07-30T02:20:00,54.77,3.4,0.0,0.19,0.0,55.88,0.0,19.8,heavy_rain,MEDIUM
2026-07-30T02:30:00,53.84,3.4,0.0,-0.94,0.0,56.11,0.0,19.4,heavy_rain,MEDIUM
2026-07-30T02:40:00,57.01,3.4,0.0,3.17,0.0,56.49,0.0,19.2,heavy_rain,MEDIUM
2026-07-30T02:50:00,54.87,3.4,0.0,-2.14,0.0,56.77,0.0,19.4,heavy_rain,MEDIUM
2026-07-30T03:00:00,58.93,3.4,0.0,4.06,0.0,56.92,0.0,20.0,heavy_rain,MEDIUM
2026-07-30T03:10:00,58.12,3.4,0.0,-0.81,0.0,56.63,0.0,20.1,heavy_rain,MEDIUM
2026-07-30T03:20:00,54.11,3.4,0.0,-4.01,0.0,56.29,0.0,18.9,heavy_rain,MEDIUM
2026-07-30T03:30:00,50.32,3.4,0.0,-3.79,0.0,55.85,0.0,20.6,heavy_rain,MEDIUM
2026-07-30T03:40:00,99.52,1.558,-11.0508,49.2,-1.8418,58.5,-1.842,22.3,false_alarm,MEDIUM
2026-07-30T03:50:00,112.47,1.12,-2.6292,12.96,-0.4382,61.71,-2.28,22.2,false_alarm,LOW
2026-07-30T04:00:00,104.6,1.474,2.1228,-7.87,0.3538,64.52,-1.926,21.6,false_alarm,MEDIUM
2026-07-30T04:10:00,110.86,1.375,-0.5922,6.26,-0.0987,67.7,-2.025,22.0,false_alarm,LOW
2026-07-30T04:20:00,88.96,1.497,0.7308,-21.9,0.1218,69.3,-1.903,22.2,false_alarm,MEDIUM
2026-07-30T04:30:00,93.81,1.466,-0.1836,4.86,-0.0306,71.0,-1.934,22.0,false_alarm,MEDIUM
2026-07-30T04:40:00,105.86,1.276,-1.1406,12.05,-0.1901,73.7,-2.124,22.1,false_alarm,LOW
2026-07-30T04:50:00,97.75,1.212,-0.3864,-8.11,-0.0644,75.71,-2.188,22.7,false_alarm,LOW
2026-07-30T05:00:00,108.75,1.119,-0.5568,10.99,-0.0928,78.84,-2.281,22.4,false_alarm,LOW
2026-07-30T05:10:00,102.29,1.475,2.1354,-6.46,0.3559,81.49,-1.925,23.3,false_alarm,MEDIUM
2026-07-30T05:20:00,111.99,1.397,-0.4692,9.7,-0.0782,84.67,-2.003,21.1,false_alarm,LOW
2026-07-30T05:30:00,99.33,1.537,0.843,-12.66,0.1405,87.2,-1.863,21.9,false_alarm,MEDIUM
2026-07-30T05:40:00,110.54,1.487,-0.3036,11.21,-0.0506,90.17,-1.913,22.2,false_alarm,MEDIUM
2026-07-30T05:50:00,115.06,1.595,0.6498,4.53,0.1083,93.51,-1.805,22.5,false_alarm,MEDIUM
2026-07-30T06:00:00,89.04,1.244,-2.1054,-26.03,-0.3509,95.19,-2.156,21.5,false_alarm,LOW
2026-07-30T06:10:00,114.68,1.221,-0.141,25.64,-0.0235,98.33,-2.179,22.1,false_alarm,LOW
2026-07-30T06:20:00,107.61,1.584,2.1786,-7.07,0.3631,101.3,-1.816,23.3,false_alarm,MEDIUM
2026-07-30T06:30:00,86.95,1.344,-1.4364,-20.66,-0.2394,103.34,-0.214,22.0,false_alarm,LOW
2026-07-30T06:40:00,87.75,1.336,-0.0486,0.8,-0.0081,102.68,0.216,22.6,false_alarm,LOW
2026-07-30T06:50:00,96.62,1.093,-1.4604,8.87,-0.2434,101.8,-0.381,22.0,false_alarm,LOW
2026-07-30T07:00:00,117.66,1.484,2.3436,21.04,0.3906,102.53,0.108,22.6,false_alarm,MEDIUM
2026-07-30T07:10:00,109.25,1.003,-2.8836,-8.41,-0.4806,102.44,-0.494,21.3,false_alarm,LOW
2026-07-30T07:20:00,116.88,1.105,0.6102,7.62,0.1017,103.99,-0.362,21.8,false_alarm,LOW
2026-07-30T07:30:00,95.01,1.31,1.2324,-21.87,0.2054,104.06,0.034,21.6,false_alarm,LOW
2026-07-30T07:40:00,105.97,1.053,-1.5402,10.96,-0.2567,104.06,-0.158,21.7,false_alarm,LOW
2026-07-30T07:50:00,87.04,1.223,1.02,-18.93,0.17,103.47,0.104,22.2,false_alarm,LOW
2026-07-30T08:00:00,99.8,1.339,0.6966,12.76,0.1161,102.97,-0.136,22.9,false_alarm,LOW
2026-07-30T08:10:00,97.79,1.562,1.3332,-2.01,0.2222,102.72,0.165,22.1,false_alarm,MEDIUM
2026-07-30T08:20:00,116.19,1.482,-0.4764,18.4,-0.0794,102.95,-0.055,21.8,false_alarm,MEDIUM
2026-07-30T08:30:00,91.44,1.178,-1.8288,-24.75,-0.3048,102.52,-0.309,21.8,false_alarm,LOW
2026-07-30T08:40:00,113.42,1.431,1.5228,21.97,0.2538,102.68,-0.164,22.1,false_alarm,MEDIUM
2026-07-30T08:50:00,110.54,1.06,-2.2272,-2.88,-0.3712,102.42,-0.184,22.5,false_alarm,LOW
2026-07-30T09:00:00,114.08,1.025,-0.2112,3.55,-0.0352,103.82,-0.196,22.6,false_alarm,LOW
2026-07-30T09:10:00,85.81,1.224,1.1928,-28.27,0.1988,102.21,-0.36,22.1,false_alarm,LOW
2026-07-30T09:20:00,117.11,1.235,0.0666,31.3,0.0111,102.74,-0.109,21.4,false_alarm,LOW
2026-07-30T09:30:00,114.57,1.0,-1.4082,-2.53,-0.2347,104.27,-0.336,22.3,false_alarm,LOW
2026-07-30T09:40:00,88.39,1.364,2.1822,-26.18,0.3637,104.31,0.271,21.9,false_alarm,LOW
2026-07-30T09:50:00,100.8,1.563,1.1952,12.41,0.1992,104.54,0.079,21.9,false_alarm,MEDIUM
2026-07-30T10:00:00,86.03,1.26,-1.8162,-14.77,-0.3027,102.78,0.257,21.8,false_alarm,LOW
2026-07-30T10:10:00,94.72,1.522,1.5696,8.69,0.2616,101.98,0.417,22.8,false_alarm,MEDIUM
2026-07-30T10:20:00,103.62,1.055,-2.8008,8.89,-0.4668,101.24,-0.255,22.7,false_alarm,LOW
2026-07-30T10:30:00,100.58,1.6,3.2676,-3.04,0.5446,101.55,0.546,21.7,false_alarm,MEDIUM
2026-07-30T10:40:00,101.55,1.406,-1.1604,0.97,-0.1934,101.3,0.183,21.8,false_alarm,MEDIUM
2026-07-30T10:50:00,115.61,1.45,0.2598,14.06,0.0433,102.89,0.11,21.5,false_alarm,MEDIUM
2026-07-30T11:00:00,96.58,1.162,-1.7262,-19.03,-0.2877,102.71,-0.4,21.6,false_alarm,LOW
2026-07-30T11:10:00,102.9,1.264,0.6132,6.32,0.1022,103.0,-0.218,23.0,false_alarm,LOW
2026-07-30T11:20:00,98.55,1.151,-0.6798,-4.35,-0.1133,102.02,-0.027,22.1,false_alarm,LOW
2026-07-30T11:30:00,90.82,1.21,0.3534,-7.73,0.0589,101.98,-0.222,22.4,false_alarm,LOW
2026-07-30T11:40:00,108.34,1.14,-0.4158,17.52,-0.0693,101.7,0.08,22.4,false_alarm,LOW
2026-07-30T11:50:00,105.58,1.342,1.212,-2.76,0.202,101.42,0.317,23.4,false_alarm,LOW
2026-07-30T12:00:00,102.21,1.339,-0.0186,-3.37,-0.0031,100.77,0.115,21.5,false_alarm,LOW
2026-07-30T12:10:00,110.04,1.066,-1.641,7.83,-0.2735,102.11,-0.169,21.7,false_alarm,LOW
2026-07-30T12:20:00,87.33,1.586,3.1194,-22.71,0.5199,100.46,0.586,22.2,false_alarm,MEDIUM
2026-07-30T12:30:00,118.49,1.036,-3.2964,31.16,-0.5494,100.68,-0.328,21.3,false_alarm,LOW
2026-07-30T12:40:00,100.94,1.8,4.5822,-17.56,0.7637,101.37,0.237,19.1,heavy_rain,MEDIUM
2026-07-30T12:50:00,90.82,1.844,0.2622,-10.11,0.0437,100.82,0.583,19.0,heavy_rain,MEDIUM
2026-07-30T13:00:00,81.64,1.875,0.1902,-9.19,0.0317,100.57,0.353,20.0,heavy_rain,MEDIUM
2026-07-30T13:10:00,71.18,1.918,0.2532,-10.46,0.0422,99.27,0.862,19.9,heavy_rain,MEDIUM
2026-07-30T13:20:00,70.53,1.962,0.2652,-0.65,0.0442,97.43,0.362,19.2,heavy_rain,MEDIUM
2026-07-30T13:30:00,67.59,1.986,0.1476,-2.94,0.0246,95.6,0.58,19.2,heavy_rain,MEDIUM
2026-07-30T13:40:00,70.04,2.023,0.2208,2.46,0.0368,93.84,0.574,19.4,heavy_rain,MEDIUM
2026-07-30T13:50:00,66.45,2.07,0.282,-3.6,0.047,91.11,0.908,19.3,heavy_rain,MEDIUM
2026-07-30T14:00:00,65.05,2.115,0.2664,-1.4,0.0444,89.36,0.851,18.7,heavy_rain,MEDIUM
2026-07-30T14:10:00,62.23,2.148,0.1998,-2.82,0.0333,87.1,0.997,19.4,heavy_rain,MEDIUM
2026-07-30T14:20:00,55.98,2.166,0.1068,-6.25,0.0178,84.74,0.956,19.9,heavy_rain,MEDIUM
2026-07-30T14:30:00,55.97,2.185,0.114,-0.02,0.019,82.8,1.044,19.7,heavy_rain,MEDIUM
2026-07-30T14:40:00,57.66,2.204,0.1182,1.69,0.0197,79.99,0.862,19.1,heavy_rain,MEDIUM
2026-07-30T14:50:00,60.56,2.241,0.219,2.9,0.0365,77.48,0.902,19.9,heavy_rain,MEDIUM
2026-07-30T15:00:00,56.36,2.263,0.1326,-4.2,0.0221,74.94,1.197,19.2,heavy_rain,MEDIUM
2026-07-30T15:10:00,53.31,2.29,0.165,-3.05,0.0275,71.79,0.705,19.6,heavy_rain,MEDIUM
2026-07-30T15:20:00,55.55,2.303,0.078,2.24,0.013,70.02,1.267,19.5,heavy_rain,MEDIUM
2026-07-30T15:30:00,55.42,2.323,0.1182,-0.13,0.0197,66.52,0.523,19.5,heavy_rain,MEDIUM
2026-07-30T15:40:00,60.14,2.35,0.1608,4.72,0.0268,64.25,0.506,19.1,heavy_rain,MEDIUM
2026-07-30T15:50:00,58.3,2.371,0.1266,-1.83,0.0211,62.44,0.496,19.6,heavy_rain,MEDIUM
2026-07-30T16:00:00,63.37,2.387,0.0948,5.06,0.0158,61.43,0.469,19.4,heavy_rain,MEDIUM
2026-07-30T16:10:00,64.05,2.431,0.2628,0.68,0.0438,61.03,0.469,19.7,heavy_rain,MEDIUM
2026-07-30T16:20:00,56.59,2.47,0.2334,-7.46,0.0389,60.26,0.483,19.1,heavy_rain,MEDIUM
2026-07-30T16:30:00,59.12,2.495,0.1524,2.52,0.0254,59.79,0.472,19.3,heavy_rain,MEDIUM
2026-07-30T16:40:00,54.84,2.507,0.075,-4.27,0.0125,58.94,0.437,19.9,heavy_rain,MEDIUM
2026-07-30T16:50:00,54.88,2.533,0.1524,0.03,0.0254,58.3,0.418,19.5,heavy_rain,MEDIUM
2026-07-30T17:00:00,54.13,2.547,0.0846,-0.75,0.0141,57.69,0.399,19.1,heavy_rain,MEDIUM
2026-07-30T17:10:00,54.96,2.596,0.2916,0.83,0.0486,57.29,0.43,19.0,heavy_rain,MEDIUM
2026-07-30T17:20:00,54.68,2.625,0.1752,-0.28,0.0292,57.22,0.44,18.7,heavy_rain,MEDIUM
2026-07-30T17:30:00,56.14,2.67,0.2718,1.46,0.0453,57.23,0.466,18.8,heavy_rain,MEDIUM
2026-07-30T17:40:00,52.46,2.68,0.0588,-3.68,0.0098,56.94,0.439,19.8,heavy_rain,MEDIUM
2026-07-30T17:50:00,56.37,2.705,0.1512,3.91,0.0252,56.7,0.442,19.2,heavy_rain,MEDIUM
2026-07-30T18:00:00,57.47,2.727,0.1326,1.1,0.0221,56.77,0.437,19.1,heavy_rain,MEDIUM
2026-07-30T18:10:00,58.19,2.748,0.1272,0.72,0.0212,57.04,0.445,19.7,heavy_rain,MEDIUM
2026-07-30T18:20:00,55.32,2.761,0.078,-2.87,0.013,57.02,0.438,19.1,heavy_rain,MEDIUM
2026-07-30T18:30:00,59.67,2.795,0.2004,4.35,0.0334,57.26,0.445,19.5,heavy_rain,MEDIUM
2026-07-30T18:40:00,58.06,2.811,0.0984,-1.61,0.0164,57.14,0.44,18.1,heavy_rain,MEDIUM
2026-07-30T18:50:00,54.45,2.839,0.1644,-3.6,0.0274,56.93,0.452,19.1,heavy_rain,MEDIUM
2026-07-30T19:00:00,47.55,2.877,0.228,-6.91,0.038,56.05,0.446,19.4,heavy_rain,MEDIUM
2026-07-30T19:10:00,55.06,2.875,-0.012,7.52,-0.002,55.55,0.405,19.5,heavy_rain,MEDIUM
2026-07-30T19:20:00,54.55,2.909,0.204,-0.51,0.034,55.44,0.414,19.4,heavy_rain,MEDIUM
2026-07-30T19:30:00,49.87,2.923,0.0888,-4.68,0.0148,54.92,0.416,19.6,heavy_rain,MEDIUM
2026-07-30T19:40:00,56.4,2.921,-0.0168,6.53,-0.0028,55.01,0.388,19.0,heavy_rain,MEDIUM
2026-07-30T19:50:00,58.2,2.92,-0.0054,1.8,-0.0009,55.2,0.373,19.7,heavy_rain,MEDIUM
2026-07-30T20:00:00,55.65,2.943,0.1386,-2.55,0.0231,55.28,0.347,19.4,heavy_rain,MEDIUM
2026-07-30T20:10:00,52.96,2.962,0.1164,-2.69,0.0194,55.17,0.337,19.3,heavy_rain,MEDIUM
2026-07-30T20:20:00,54.42,2.974,0.0696,1.46,0.0116,55.15,0.304,19.8,heavy_rain,MEDIUM
2026-07-30T20:30:00,54.95,3.002,0.1698,0.53,0.0283,55.09,0.322,19.4,heavy_rain,MEDIUM
2026-07-30T20:40:00,62.82,3.035,0.1938,7.87,0.0323,55.66,0.329,20.0,heavy_rain,MEDIUM
2026-07-30T20:50:00,65.26,3.024,-0.0612,2.44,-0.0102,56.16,0.297,19.7,heavy_rain,MEDIUM
2026-07-30T21:00:00,68.83,3.049,0.1506,3.57,0.0251,56.79,0.301,20.3,heavy_rain,MEDIUM
2026-07-30T21:10:00,59.84,3.086,0.219,-8.99,0.0365,56.88,0.325,19.1,heavy_rain,MEDIUM
2026-07-30T21:20:00,61.49,3.116,0.1806,1.65,0.0301,57.22,0.321,19.9,heavy_rain,MEDIUM
2026-07-30T21:30:00,62.02,3.159,0.2604,0.53,0.0434,57.35,0.348,18.8,heavy_rain,MEDIUM
2026-07-30T21:40:00,56.89,3.204,0.2694,-5.13,0.0449,57.29,0.366,19.9,heavy_rain,MEDIUM
2026-07-30T21:50:00,54.64,3.213,0.0498,-2.25,0.0083,57.3,0.336,19.5,heavy_rain,MEDIUM
2026-07-30T22:00:00,50.22,3.239,0.1566,-4.42,0.0261,57.45,0.364,20.2,heavy_rain,MEDIUM
2026-07-30T22:10:00,47.71,3.266,0.162,-2.51,0.027,57.04,0.357,19.7,heavy_rain,MEDIUM
2026-07-30T22:20:00,53.29,3.291,0.153,5.58,0.0255,56.97,0.368,19.7,heavy_rain,MEDIUM
2026-07-30T22:30:00,50.39,3.305,0.0828,-2.9,0.0138,57.0,0.384,19.6,heavy_rain,MEDIUM
2026-07-30T22:40:00,50.91,3.325,0.1224,0.52,0.0204,56.69,0.406,19.3,heavy_rain,MEDIUM
2026-07-30T22:50:00,58.82,3.352,0.1614,7.92,0.0269,56.73,0.41,19.5,heavy_rain,MEDIUM
2026-07-30T23:00:00,57.24,3.369,0.0996,-1.58,0.0166,56.82,0.407,19.5,heavy_rain,MEDIUM
2026-07-30T23:10:00,59.16,3.4,0.186,1.91,0.031,57.16,0.426,19.5,heavy_rain,HIGH
2026-07-30T23:20:00,61.45,3.4,0.0,2.3,0.0,57.55,0.398,19.7,heavy_rain,MEDIUM
2026-07-30T23:30:00,64.14,3.4,0.0,2.69,0.0,58.06,0.365,19.8,heavy_rain,MEDIUM
2026-07-30T23:40:00,63.62,3.4,0.0,-0.52,0.0,58.11,0.376,19.3,heavy_rain,MEDIUM
2026-07-30T23:50:00,62.37,3.4,0.0,-1.25,0.0,57.95,0.351,19.8,heavy_rain,MEDIUM
2026-07-31T00:00:00,62.36,3.4,0.0,-0.01,0.0,57.59,0.314,18.9,heavy_rain,MEDIUM
2026-07-31T00:10:00,54.4,3.4,0.0,-7.96,0.0,57.28,0.284,19.7,heavy_rain,MEDIUM
2026-07-31T00:20:00,51.59,3.4,0.0,-2.81,0.0,56.73,0.241,19.4,heavy_rain,MEDIUM
2026-07-31T00:30:00,50.98,3.4,0.0,-0.61,0.0,56.12,0.196,19.4,heavy_rain,MEDIUM
2026-07-31T00:40:00,58.85,3.4,0.0,7.87,0.0,56.23,0.187,18.9,heavy_rain,MEDIUM
2026-07-31T00:50:00,60.28,3.4,0.0,1.43,0.0,56.54,0.161,18.8,heavy_rain,MEDIUM
2026-07-31T01:00:00,61.5,3.4,0.0,1.22,0.0,57.17,0.134,19.0,heavy_rain,MEDIUM
2026-07-31T01:10:00,54.0,3.4,0.0,-7.5,0.0,57.52,0.109,20.0,heavy_rain,MEDIUM
2026-07-31T01:20:00,59.69,3.4,0.0,5.7,0.0,57.87,0.095,19.7,heavy_rain,MEDIUM
2026-07-31T01:30:00,60.29,3.4,0.0,0.59,0.0,58.42,0.075,19.2,heavy_rain,MEDIUM
2026-07-31T01:40:00,60.44,3.4,0.0,0.15,0.0,58.95,0.048,19.4,heavy_rain,MEDIUM
2026-07-31T01:50:00,63.25,3.4,0.0,2.81,0.0,59.2,0.031,19.7,heavy_rain,MEDIUM
2026-07-31T02:00:00,64.97,3.4,0.0,1.71,0.0,59.63,0.0,19.3,heavy_rain,MEDIUM
2026-07-31T02:10:00,64.52,3.4,0.0,-0.44,0.0,59.93,0.0,19.8,heavy_rain,MEDIUM
2026-07-31T02:20:00,61.94,3.4,0.0,-2.58,0.0,59.95,0.0,19.5,heavy_rain,MEDIUM
2026-07-31T02:30:00,60.65,3.4,0.0,-1.29,0.0,59.76,0.0,19.7,heavy_rain,MEDIUM
2026-07-31T02:40:00,64.0,3.4,0.0,3.35,0.0,59.78,0.0,19.8,heavy_rain,MEDIUM
2026-07-31T02:50:00,65.71,3.4,0.0,1.71,0.0,59.97,0.0,19.5,heavy_rain,MEDIUM
2026-07-31T03:00:00,66.78,3.4,0.0,1.07,0.0,60.21,0.0,19.5,heavy_rain,MEDIUM
2026-07-31T03:10:00,70.99,3.4,0.0,4.21,0.0,61.13,0.0,18.0,heavy_rain,MEDIUM
2026-07-31T03:20:00,65.97,3.4,0.0,-5.02,0.0,61.93,0.0,19.3,heavy_rain,MEDIUM
2026-07-31T03:30:00,61.46,3.4,0.0,-4.51,0.0,62.52,0.0,19.1,heavy_rain,MEDIUM
2026-07-31T03:40:00,64.04,3.4,0.0,2.58,0.0,62.8,0.0,19.8,heavy_rain,MEDIUM
2026-07-31T03:50:00,58.85,3.4,0.0,-5.19,0.0,62.72,0.0,20.1,heavy_rain,MEDIUM
2026-07-31T04:00:00,51.07,3.4,0.0,-7.78,0.0,62.14,0.0,19.1,heavy_rain,MEDIUM
2026-07-31T04:10:00,52.27,3.4,0.0,1.21,0.0,62.05,0.0,19.9,heavy_rain,MEDIUM
2026-07-31T04:20:00,48.72,3.4,0.0,-3.55,0.0,61.44,0.0,19.6,heavy_rain,MEDIUM
2026-07-31T04:30:00,46.11,3.4,0.0,-2.61,0.0,60.65,0.0,19.4,heavy_rain,MEDIUM
2026-07-31T04:40:00,48.76,3.391,-0.0546,2.65,-0.0091,60.0,-0.009,19.5,heavy_rain,MEDIUM
2026-07-31T04:50:00,51.86,3.4,0.0546,3.1,0.0091,59.37,0.0,19.9,heavy_rain,MEDIUM
2026-07-31T05:00:00,50.47,3.4,0.0,-1.39,0.0,58.56,0.0,20.3,heavy_rain,MEDIUM
2026-07-31T05:10:00,57.42,3.4,0.0,6.95,0.0,58.17,0.0,19.2,heavy_rain,MEDIUM
2026-07-31T05:20:00,49.7,3.4,0.0,-7.71,0.0,57.49,0.0,20.9,heavy_rain,MEDIUM
2026-07-31T05:30:00,51.49,3.4,0.0,1.79,0.0,56.98,0.0,18.7,heavy_rain,MEDIUM
2026-07-31T05:40:00,54.38,3.4,0.0,2.89,0.0,56.45,0.0,19.8,heavy_rain,MEDIUM
2026-07-31T05:50:00,58.37,3.4,0.0,4.0,0.0,56.04,0.0,19.3,heavy_rain,MEDIUM
2026-07-31T06:00:00,59.39,3.4,0.0,1.02,0.0,55.63,0.0,19.2,heavy_rain,MEDIUM
2026-07-31T06:10:00,58.98,3.4,0.0,-0.41,0.0,54.96,0.0,19.2,heavy_rain,MEDIUM
2026-07-31T06:20:00,55.39,3.4,0.0,-3.59,0.0,54.37,0.0,19.7,heavy_rain,MEDIUM
2026-07-31T06:30:00,53.09,3.4,0.0,-2.3,0.0,53.91,0.0,19.1,heavy_rain,MEDIUM
2026-07-31T06:40:00,55.47,3.4,0.0,2.38,0.0,53.43,0.0,19.8,heavy_rain,MEDIUM
2026-07-31T06:50:00,49.47,3.4,0.0,-6.0,0.0,52.91,0.0,19.4,heavy_rain,MEDIUM
2026-07-31T07:00:00,54.13,3.4,0.0,4.67,0.0,53.08,0.0,19.5,heavy_rain,MEDIUM
2026-07-31T07:10:00,53.07,3.4,0.0,-1.06,0.0,53.13,0.0,19.2,heavy_rain,MEDIUM
2026-07-31T07:20:00,52.13,3.4,0.0,-0.94,0.0,53.32,0.0,19.5,heavy_rain,MEDIUM
2026-07-31T07:30:00,55.97,3.4,0.0,3.84,0.0,53.86,0.009,20.3,heavy_rain,MEDIUM
2026-07-31T07:40:00,61.1,3.4,0.0,5.14,0.0,54.55,0.0,18.9,heavy_rain,MEDIUM
2026-07-31T07:50:00,61.35,3.4,0.0,0.25,0.0,55.08,0.0,19.8,heavy_rain,MEDIUM
2026-07-31T08:00:00,66.55,3.4,0.0,5.2,0.0,55.97,0.0,19.3,heavy_rain,MEDIUM
2026-07-31T08:10:00,61.8,3.4,0.0,-4.76,0.0,56.21,0.0,19.1,heavy_rain,MEDIUM
2026-07-31T08:20:00,61.75,3.4,0.0,-0.04,0.0,56.88,0.0,19.8,heavy_rain,MEDIUM
2026-07-31T08:30:00,62.91,3.4,0.0,1.16,0.0,57.52,0.0,19.2,heavy_rain,MEDIUM
2026-07-31T08:40:00,59.62,3.4,0.0,-3.29,0.0,57.81,0.0,18.8,heavy_rain,MEDIUM
2026-07-31T08:50:00,59.99,3.4,0.0,0.37,0.0,57.9,0.0,19.4,heavy_rain,MEDIUM
2026-07-31T09:00:00,54.0,3.4,0.0,-6.0,0.0,57.6,0.0,19.7,heavy_rain,MEDIUM
2026-07-31T09:10:00,54.66,3.4,0.0,0.66,0.0,57.36,0.0,19.9,heavy_rain,MEDIUM
2026-07-31T09:20:00,54.15,3.4,0.0,-0.5,0.0,57.29,0.0,19.4,heavy_rain,MEDIUM
2026-07-31T09:30:00,59.66,3.4,0.0,5.51,0.0,57.65,0.0,19.5,heavy_rain,MEDIUM
2026-07-31T09:40:00,58.69,3.4,0.0,-0.97,0.0,57.83,0.0,20.5,heavy_rain,MEDIUM
2026-07-31T09:50:00,55.71,3.4,0.0,-2.98,0.0,58.18,0.0,19.7,heavy_rain,MEDIUM
2026-07-31T10:00:00,57.86,3.4,0.0,2.15,0.0,58.39,0.0,19.3,heavy_rain,MEDIUM
2026-07-31T10:10:00,64.24,3.4,0.0,6.38,0.0,59.01,0.0,19.5,heavy_rain,MEDIUM
2026-07-31T10:20:00,57.22,3.4,0.0,-7.02,0.0,59.29,0.0,19.1,heavy_rain,MEDIUM
2026-07-31T10:30:00,58.98,3.4,0.0,1.75,0.0,59.46,0.0,19.9,heavy_rain,MEDIUM
2026-07-31T10:40:00,61.84,3.4,0.0,2.87,0.0,59.5,0.0,19.9,heavy_rain,MEDIUM
2026-07-31T10:50:00,62.41,3.4,0.0,0.57,0.0,59.56,0.0,19.6,heavy_rain,MEDIUM
2026-07-31T11:00:00,60.56,3.4,0.0,-1.85,0.0,59.23,0.0,19.1,heavy_rain,MEDIUM
2026-07-31T11:10:00,59.07,3.4,0.0,-1.5,0.0,59.07,0.0,19.5,heavy_rain,MEDIUM
2026-07-31T11:20:00,62.76,3.4,0.0,3.69,0.0,59.13,0.0,19.6,heavy_rain,MEDIUM
2026-07-31T11:30:00,64.7,3.4,0.0,1.94,0.0,59.23,0.0,19.3,heavy_rain,MEDIUM
2026-07-31T11:40:00,58.61,3.4,0.0,-6.09,0.0,59.17,0.0,19.7,heavy_rain,MEDIUM
2026-07-31T11:50:00,59.28,3.4,0.0,0.67,0.0,59.13,0.0,19.9,heavy_rain,MEDIUM
2026-07-31T12:00:00,58.82,3.4,0.0,-0.46,0.0,59.4,0.0,19.6,heavy_rain,MEDIUM
2026-07-31T12:10:00,62.33,3.4,0.0,3.5,0.0,59.83,0.0,19.8,heavy_rain,MEDIUM
2026-07-31T12:20:00,59.83,3.4,0.0,-2.5,0.0,60.14,0.0,20.2,heavy_rain,MEDIUM
2026-07-31T12:30:00,58.56,3.4,0.0,-1.27,0.0,60.08,0.0,19.4,heavy_rain,MEDIUM
2026-07-31T12:40:00,61.19,3.4,0.0,2.63,0.0,60.22,0.0,19.1,heavy_rain,MEDIUM
2026-07-31T12:50:00,55.74,3.4,0.0,-5.44,0.0,60.22,0.0,19.3,heavy_rain,MEDIUM
2026-07-31T13:00:00,50.15,3.4,0.0,-5.6,0.0,59.79,0.0,19.6,heavy_rain,MEDIUM
2026-07-31T13:10:00,52.35,3.4,0.0,2.21,0.0,59.13,0.0,19.7,heavy_rain,MEDIUM
2026-07-31T13:20:00,51.18,3.4,0.0,-1.17,0.0,58.8,0.0,20.2,heavy_rain,MEDIUM
2026-07-31T13:30:00,49.42,3.4,0.0,-1.76,0.0,58.27,0.0,19.2,heavy_rain,MEDIUM
2026-07-31T13:40:00,55.69,3.4,0.0,6.27,0.0,57.92,0.0,19.4,heavy_rain,MEDIUM
2026-07-31T13:50:00,59.44,3.4,0.0,3.74,0.0,57.76,0.0,19.2,heavy_rain,MEDIUM
2026-07-31T14:00:00,58.34,3.4,0.0,-1.1,0.0,57.64,0.0,19.4,heavy_rain,MEDIUM
2026-07-31T14:10:00,63.53,3.4,0.0,5.19,0.0,57.88,0.0,19.8,heavy_rain,MEDIUM
2026-07-31T14:20:00,67.84,3.4,0.0,4.31,0.0,58.17,0.0,19.1,heavy_rain,MEDIUM
2026-07-31T14:30:00,60.73,3.4,0.0,-7.11,0.0,57.95,0.0,19.1,heavy_rain,MEDIUM
2026-07-31T14:40:00,61.32,3.4,0.0,0.59,0.0,58.1,0.0,19.8,heavy_rain,MEDIUM
2026-07-31T14:50:00,57.57,3.4,0.0,-3.75,0.0,58.0,0.0,19.7,heavy_rain,MEDIUM
2026-07-31T15:00:00,53.91,3.4,0.0,-3.66,0.0,57.73,0.0,19.7,heavy_rain,MEDIUM
2026-07-31T15:10:00,53.73,3.4,0.0,-0.18,0.0,57.25,0.0,19.5,heavy_rain,MEDIUM
2026-07-31T15:20:00,55.05,3.4,0.0,1.32,0.0,56.99,0.0,19.3,heavy_rain,MEDIUM
2026-07-31T15:30:00,59.0,3.4,0.0,3.95,0.0,57.01,0.0,20.4,heavy_rain,MEDIUM
2026-07-31T15:40:00,59.81,3.4,0.0,0.82,0.0,56.93,0.0,19.9,heavy_rain,MEDIUM
2026-07-31T15:50:00,57.86,3.4,0.0,-1.96,0.0,57.05,0.0,20.3,heavy_rain,MEDIUM
2026-07-31T16:00:00,55.63,3.4,0.0,-2.22,0.0,57.36,0.0,19.7,heavy_rain,MEDIUM
2026-07-31T16:10:00,61.36,3.4,0.0,5.72,0.0,57.86,0.0,19.5,heavy_rain,MEDIUM
2026-07-31T16:20:00,61.24,3.4,0.0,-0.11,0.0,58.41,0.0,19.2,heavy_rain,MEDIUM
2026-07-31T16:30:00,57.93,3.4,0.0,-3.31,0.0,58.89,0.0,20.5,heavy_rain,MEDIUM
2026-07-31T16:40:00,56.61,3.4,0.0,-1.32,0.0,58.94,0.0,20.2,heavy_rain,MEDIUM
2026-07-31T16:50:00,55.85,3.4,0.0,-0.76,0.0,58.74,0.0,19.3,heavy_rain,MEDIUM
2026-07-31T17:00:00,62.35,3.4,0.0,6.5,0.0,58.96,0.0,19.5,heavy_rain,MEDIUM
2026-07-31T17:10:00,62.2,3.4,0.0,-0.15,0.0,58.89,0.0,19.1,heavy_rain,MEDIUM
2026-07-31T17:20:00,66.38,3.4,0.0,4.18,0.0,58.81,0.0,19.3,heavy_rain,MEDIUM
2026-07-31T17:30:00,58.85,3.4,0.0,-7.53,0.0,58.7,0.0,18.8,heavy_rain,MEDIUM
2026-07-31T17:40:00,59.1,3.4,0.0,0.25,0.0,58.58,0.0,19.2,heavy_rain,MEDIUM
2026-07-31T17:50:00,60.4,3.4,0.0,1.3,0.0,58.74,0.0,19.7,heavy_rain,MEDIUM
2026-07-31T18:00:00,63.81,3.4,0.0,3.41,0.0,59.29,0.0,19.6,heavy_rain,MEDIUM
2026-07-31T18:10:00,66.69,3.4,0.0,2.88,0.0,60.01,0.0,19.6,heavy_rain,MEDIUM
2026-07-31T18:20:00,62.1,3.4,0.0,-4.6,0.0,60.4,0.0,18.4,heavy_rain,MEDIUM
2026-07-31T18:30:00,56.17,3.4,0.0,-5.93,0.0,60.24,0.0,19.5,heavy_rain,MEDIUM
2026-07-31T18:40:00,56.08,3.4,0.0,-0.09,0.0,60.03,0.0,19.1,heavy_rain,MEDIUM
2026-07-31T18:50:00,54.99,3.4,0.0,-1.09,0.0,59.87,0.0,19.9,heavy_rain,MEDIUM
2026-07-31T19:00:00,57.69,3.4,0.0,2.7,0.0,59.99,0.0,19.5,heavy_rain,MEDIUM
2026-07-31T19:10:00,56.53,3.4,0.0,-1.16,0.0,59.72,0.0,19.9,heavy_rain,MEDIUM
2026-07-31T19:20:00,61.84,3.4,0.0,5.31,0.0,59.75,0.0,19.2,heavy_rain,MEDIUM
2026-07-31T19:30:00,61.68,3.4,0.0,-0.15,0.0,59.96,0.0,19.7,heavy_rain,MEDIUM
2026-07-31T19:40:00,59.18,3.4,0.0,-2.51,0.0,60.1,0.0,19.4,heavy_rain,MEDIUM
2026-07-31T19:50:00,59.5,3.4,0.0,0.32,0.0,60.31,0.0,19.5,heavy_rain,MEDIUM
2026-07-31T20:00:00,52.58,3.4,0.0,-6.92,0.0,59.76,0.0,20.2,heavy_rain,MEDIUM
2026-07-31T20:10:00,53.02,3.4,0.0,0.45,0.0,59.25,0.0,18.9,heavy_rain,MEDIUM
2026-07-31T20:20:00,59.93,3.4,0.0,6.91,0.0,58.9,0.0,18.8,heavy_rain,MEDIUM
2026-07-31T20:30:00,58.26,3.4,0.0,-1.67,0.0,58.86,0.0,20.1,heavy_rain,MEDIUM
2026-07-31T20:40:00,54.9,3.4,0.0,-3.36,0.0,58.63,0.0,19.6,heavy_rain,MEDIUM
2026-07-31T20:50:00,52.55,3.4,0.0,-2.36,0.0,58.19,0.0,19.1,heavy_rain,MEDIUM
2026-07-31T21:00:00,50.17,3.4,0.0,-2.38,0.0,57.44,0.0,19.4,heavy_rain,MEDIUM
2026-07-31T21:10:00,55.57,3.4,0.0,5.4,0.0,56.82,0.0,19.7,heavy_rain,MEDIUM
2026-07-31T21:20:00,59.57,3.4,0.0,4.0,0.0,56.68,0.0,18.5,heavy_rain,MEDIUM
2026-07-31T21:30:00,57.13,3.4,0.0,-2.44,0.0,56.73,0.0,19.6,heavy_rain,MEDIUM
2026-07-31T21:40:00,60.68,3.4,0.0,3.55,0.0,56.99,0.0,19.5,heavy_rain,MEDIUM
2026-07-31T21:50:00,58.75,3.4,0.0,-1.93,0.0,57.2,0.0,19.2,heavy_rain,MEDIUM
2026-07-31T22:00:00,63.27,3.4,0.0,4.52,0.0,57.51,0.0,18.8,heavy_rain,MEDIUM
2026-07-31T22:10:00,64.78,3.4,0.0,1.51,0.0,57.96,0.0,19.8,heavy_rain,MEDIUM
2026-07-31T22:20:00,60.52,3.4,0.0,-4.25,0.0,57.89,0.0,19.4,heavy_rain,MEDIUM
2026-07-31T22:30:00,59.09,3.4,0.0,-1.43,0.0,57.75,0.0,20.0,heavy_rain,MEDIUM
2026-07-31T22:40:00,51.7,3.4,0.0,-7.39,0.0,57.33,0.0,19.8,heavy_rain,MEDIUM
2026-07-31T22:50:00,52.27,3.4,0.0,0.57,0.0,56.93,0.0,20.0,heavy_rain,MEDIUM
2026-07-31T23:00:00,52.27,3.4,0.0,-0.0,0.0,56.91,0.0,20.7,heavy_rain,MEDIUM
2026-07-31T23:10:00,52.8,3.4,0.0,0.53,0.0,56.9,0.0,19.1,heavy_rain,MEDIUM
2026-07-31T23:20:00,54.18,3.4,0.0,1.39,0.0,56.58,0.0,19.8,heavy_rain,MEDIUM
2026-07-31T23:30:00,54.77,3.4,0.0,0.59,0.0,56.39,0.0,20.4,heavy_rain,MEDIUM
2026-07-31T23:40:00,54.81,3.4,0.0,0.04,0.0,56.38,0.0,19.6,heavy_rain,MEDIUM
2026-07-31T23:50:00,52.15,3.4,0.0,-2.66,0.0,56.36,0.0,19.7,heavy_rain,MEDIUM
2026-08-01T00:00:00,57.04,3.4,0.0,4.89,0.0,56.74,0.0,19.6,heavy_rain,MEDIUM
2026-08-01T00:10:00,56.29,3.4,0.0,-0.75,0.0,56.78,0.0,19.6,heavy_rain,MEDIUM
2026-08-01T00:20:00,54.99,3.4,0.0,-1.29,0.0,56.53,0.0,20.5,heavy_rain,MEDIUM
2026-08-01T00:30:00,48.57,3.4,0.0,-6.42,0.0,56.05,0.0,19.8,heavy_rain,MEDIUM
2026-08-01T00:40:00,53.75,3.4,0.0,5.18,0.0,55.67,0.0,18.6,heavy_rain,MEDIUM
2026-08-01T00:50:00,57.74,3.4,0.0,3.99,0.0,55.61,0.0,19.7,heavy_rain,MEDIUM
2026-08-01T01:00:00,59.56,3.394,-0.036,1.82,-0.006,55.4,-0.006,19.0,heavy_rain,MEDIUM
2026-08-01T01:10:00,59.43,3.4,0.036,-0.13,0.006,55.11,0.0,20.1,heavy_rain,MEDIUM
2026-08-01T01:20:00,60.81,3.4,0.0,1.38,0.0,55.12,0.0,19.7,heavy_rain,MEDIUM
2026-08-01T01:30:00,60.73,3.4,0.0,-0.08,0.0,55.22,0.0,19.6,heavy_rain,MEDIUM
2026-08-01T01:40:00,59.2,3.4,0.0,-1.53,0.0,55.63,0.0,18.8,heavy_rain,MEDIUM
2026-08-01T01:50:00,57.41,3.4,0.0,-1.79,0.0,55.92,0.0,19.8,heavy_rain,MEDIUM
2026-08-01T02:00:00,54.23,3.4,0.0,-3.17,0.0,56.03,0.0,19.8,heavy_rain,MEDIUM
2026-08-01T02:10:00,51.45,3.4,0.0,-2.78,0.0,55.95,0.0,19.4,heavy_rain,MEDIUM
2026-08-01T02:20:00,52.61,3.4,0.0,1.16,0.0,55.86,0.0,19.6,heavy_rain,MEDIUM
2026-08-01T02:30:00,57.5,3.4,0.0,4.89,0.0,56.02,0.0,19.6,heavy_rain,MEDIUM
2026-08-01T02:40:00,52.77,3.4,0.0,-4.72,0.0,55.9,0.0,19.3,heavy_rain,MEDIUM
2026-08-01T02:50:00,60.5,3.4,0.0,7.73,0.0,56.37,0.0,19.2,heavy_rain,MEDIUM
2026-08-01T03:00:00,66.89,3.4,0.0,6.39,0.0,56.91,0.0,20.3,heavy_rain,MEDIUM
2026-08-01T03:10:00,65.41,3.4,0.0,-1.48,0.0,57.42,0.0,18.7,heavy_rain,MEDIUM
2026-08-01T03:20:00,64.52,3.4,0.0,-0.89,0.0,57.95,0.0,19.8,heavy_rain,MEDIUM
2026-08-01T03:30:00,68.79,3.4,0.0,4.27,0.0,59.07,0.0,19.2,heavy_rain,MEDIUM
2026-08-01T03:40:00,70.4,3.4,0.0,1.61,0.0,60.0,0.0,19.4,heavy_rain,MEDIUM
2026-08-01T03:50:00,68.81,3.4,0.0,-1.59,0.0,60.61,0.006,19.0,heavy_rain,MEDIUM
2026-08-01T04:00:00,61.65,3.4,0.0,-7.17,0.0,60.73,0.0,18.8,heavy_rain,MEDIUM
2026-08-01T04:10:00,64.46,3.4,0.0,2.82,0.0,61.01,0.0,19.3,heavy_rain,MEDIUM
2026-08-01T04:20:00,68.09,3.4,0.0,3.63,0.0,61.41,0.0,19.0,heavy_rain,MEDIUM
2026-08-01T04:30:00,65.64,3.4,0.0,-2.46,0.0,61.69,0.0,20.0,heavy_rain,MEDIUM
2026-08-01T04:40:00,65.75,3.4,0.0,0.11,0.0,62.05,0.0,19.0,heavy_rain,MEDIUM
2026-08-01T04:50:00,62.74,3.4,0.0,-3.0,0.0,62.35,0.0,19.8,heavy_rain,MEDIUM
2026-08-01T05:00:00,62.55,3.4,0.0,-0.2,0.0,62.81,0.0,20.3,heavy_rain,MEDIUM
2026-08-01T05:10:00,59.55,3.4,0.0,-3.0,0.0,63.26,0.0,19.0,heavy_rain,MEDIUM
2026-08-01T05:20:00,58.79,3.4,0.0,-0.76,0.0,63.6,0.0,19.4,heavy_rain,MEDIUM
2026-08-01T05:30:00,57.55,3.4,0.0,-1.24,0.0,63.6,0.0,19.2,heavy_rain,MEDIUM
2026-08-01T05:40:00,58.74,3.4,0.0,1.19,0.0,63.94,0.0,20.0,heavy_rain,MEDIUM
2026-08-01T05:50:00,56.99,3.4,0.0,-1.75,0.0,63.74,0.0,19.7,heavy_rain,MEDIUM
2026-08-01T06:00:00,63.34,3.4,0.0,6.34,0.0,63.54,0.0,19.6,heavy_rain,MEDIUM
2026-08-01T06:10:00,62.79,3.4,0.0,-0.55,0.0,63.4,0.0,19.4,heavy_rain,MEDIUM
2026-08-01T06:20:00,63.71,3.4,0.0,0.93,0.0,63.35,0.0,19.8,heavy_rain,MEDIUM
2026-08-01T06:30:00,67.53,3.4,0.0,3.81,0.0,63.28,0.0,19.9,heavy_rain,MEDIUM
2026-08-01T06:40:00,62.92,3.4,0.0,-4.61,0.0,62.87,0.0,19.3,heavy_rain,MEDIUM
2026-08-01T06:50:00,61.8,3.4,0.0,-1.11,0.0,62.48,0.0,19.3,heavy_rain,MEDIUM
2026-08-01T07:00:00,62.27,3.4,0.0,0.47,0.0,62.51,0.0,18.9,heavy_rain,MEDIUM
2026-08-01T07:10:00,62.11,3.4,0.0,-0.16,0.0,62.38,0.0,19.5,heavy_rain,MEDIUM
2026-08-01T07:20:00,56.39,3.4,0.0,-5.72,0.0,61.73,0.0,20.0,heavy_rain,MEDIUM
2026-08-01T07:30:00,50.93,3.4,0.0,-5.45,0.0,60.91,0.0,20.2,heavy_rain,MEDIUM
2026-08-01T07:40:00,50.65,3.4,0.0,-0.28,0.0,60.08,0.0,19.5,heavy_rain,MEDIUM
2026-08-01T07:50:00,52.09,3.4,0.0,1.43,0.0,59.48,0.0,18.9,heavy_rain,MEDIUM
2026-08-01T08:00:00,52.21,3.4,0.0,0.12,0.0,58.91,0.0,19.4,heavy_rain,MEDIUM
2026-08-01T08:10:00,55.5,3.4,0.0,3.29,0.0,58.68,0.0,19.5,heavy_rain,MEDIUM
2026-08-01T08:20:00,53.68,3.4,0.0,-1.83,0.0,58.4,0.0,19.9,heavy_rain,MEDIUM
2026-08-01T08:30:00,53.43,3.4,0.0,-0.24,0.0,58.17,0.0,19.4,heavy_rain,MEDIUM
2026-08-01T08:40:00,48.92,3.4,0.0,-4.51,0.0,57.63,0.0,20.1,heavy_rain,MEDIUM
2026-08-01T08:50:00,51.89,3.4,0.0,2.97,0.0,57.34,0.0,20.2,heavy_rain,MEDIUM
2026-08-01T09:00:00,58.6,3.4,0.0,6.71,0.0,57.08,0.0,19.8,heavy_rain,MEDIUM
2026-08-01T09:10:00,62.89,3.4,0.0,4.28,0.0,57.09,0.0,19.4,heavy_rain,MEDIUM
2026-08-01T09:20:00,59.95,3.4,0.0,-2.94,0.0,56.88,0.0,18.9,heavy_rain,MEDIUM
2026-08-01T09:30:00,59.63,3.4,0.0,-0.32,0.0,56.44,0.0,19.1,heavy_rain,MEDIUM
2026-08-01T09:40:00,64.78,3.4,0.0,5.15,0.0,56.54,0.0,19.3,heavy_rain,MEDIUM
2026-08-01T09:50:00,56.34,3.4,0.0,-8.44,0.0,56.24,0.0,19.3,heavy_rain,MEDIUM
2026-08-01T10:00:00,52.86,3.4,0.0,-3.47,0.0,55.71,0.0,19.7,heavy_rain,MEDIUM
2026-08-01T10:10:00,55.24,3.4,0.0,2.38,0.0,55.33,0.0,19.4,heavy_rain,MEDIUM
2026-08-01T10:20:00,61.18,3.4,0.0,5.94,0.0,55.6,0.0,18.7,heavy_rain,MEDIUM
2026-08-01T10:30:00,58.82,3.4,0.0,-2.36,0.0,56.04,0.0,20.2,heavy_rain,MEDIUM
2026-08-01T10:40:00,47.99,3.32,-0.4812,-10.83,-0.0802,55.89,-0.08,22.3,normal,MEDIUM
2026-08-01T10:50:00,38.97,3.221,-0.5916,-9.02,-0.0986,55.16,-0.179,21.6,normal,MEDIUM
2026-08-01T11:00:00,32.33,3.145,-0.4572,-6.64,-0.0762,54.06,-0.255,21.9,normal,MEDIUM
2026-08-01T11:10:00,27.48,3.029,-0.6948,-4.85,-0.1158,52.5,-0.371,22.0,normal,MEDIUM
2026-08-01T11:20:00,23.65,2.898,-0.786,-3.83,-0.131,50.83,-0.502,22.0,normal,MEDIUM
2026-08-01T11:30:00,20.71,2.795,-0.6186,-2.94,-0.1031,49.01,-0.605,21.6,normal,MEDIUM
2026-08-01T11:40:00,18.59,2.705,-0.54,-2.11,-0.09,47.33,-0.695,21.5,normal,MEDIUM
2026-08-01T11:50:00,17.11,2.559,-0.8766,-1.48,-0.1461,45.39,-0.841,21.4,normal,MEDIUM
2026-08-01T12:00:00,15.04,2.47,-0.5358,-2.07,-0.0893,42.97,-0.93,21.8,normal,MEDIUM
2026-08-01T12:10:00,14.98,2.384,-0.5124,-0.06,-0.0854,40.31,-1.016,21.7,normal,MEDIUM
2026-08-01T12:20:00,12.98,2.323,-0.369,-2.01,-0.0615,37.7,-1.077,21.6,normal,MEDIUM
2026-08-01T12:30:00,11.4,2.25,-0.435,-1.58,-0.0725,35.02,-1.15,21.6,normal,MEDIUM
2026-08-01T12:40:00,10.91,2.169,-0.4908,-0.49,-0.0818,32.03,-1.231,21.6,normal,MEDIUM
2026-08-01T12:50:00,9.66,2.077,-0.5496,-1.26,-0.0916,29.44,-1.323,21.4,normal,MEDIUM
2026-08-01T13:00:00,8.04,1.992,-0.5082,-1.61,-0.0847,26.95,-1.408,21.6,normal,LOW
2026-08-01T13:10:00,7.27,1.914,-0.4692,-0.77,-0.0782,24.28,-1.486,21.6,normal,LOW
2026-08-01T13:20:00,7.44,1.851,-0.3762,0.17,-0.0627,21.3,-1.549,21.7,normal,LOW
2026-08-01T13:30:00,6.62,1.797,-0.3234,-0.82,-0.0539,18.4,-1.522,21.2,normal,LOW
2026-08-01T13:40:00,6.7,1.724,-0.4422,0.08,-0.0737,16.1,-1.498,22.0,normal,LOW
2026-08-01T13:50:00,8.33,1.658,-0.396,1.64,-0.066,14.4,-1.487,22.0,normal,LOW
2026-08-01T14:00:00,6.55,1.606,-0.3132,-1.78,-0.0522,12.97,-1.424,21.6,normal,LOW
2026-08-01T14:10:00,6.91,1.573,-0.1974,0.37,-0.0329,11.83,-1.326,21.2,normal,LOW
2026-08-01T14:20:00,8.82,1.545,-0.1644,1.91,-0.0274,11.0,-1.25,21.5,normal,LOW
2026-08-01T14:30:00,8.65,1.535,-0.063,-0.17,-0.0105,10.33,-1.17,21.4,normal,LOW
2026-08-01T14:40:00,9.23,1.502,-0.1986,0.57,-0.0331,9.81,-1.057,20.9,normal,LOW
2026-08-01T14:50:00,9.03,1.459,-0.2562,-0.2,-0.0427,9.36,-1.011,21.0,normal,LOW
2026-08-01T15:00:00,8.77,1.486,0.1638,-0.26,0.0273,9.02,-0.898,21.4,normal,LOW
2026-08-01T15:10:00,6.93,1.459,-0.1632,-1.84,-0.0272,8.57,-0.864,21.0,normal,LOW
2026-08-01T15:20:00,7.98,1.467,0.045,1.05,0.0075,8.29,-0.784,21.1,normal,LOW
2026-08-01T15:30:00,7.75,1.45,-0.0996,-0.23,-0.0166,8.09,-0.719,21.3,normal,LOW
2026-08-01T15:40:00,8.93,1.475,0.1476,1.18,0.0246,7.98,-0.602,20.8,normal,LOW
2026-08-01T15:50:00,7.81,1.478,0.0234,-1.11,0.0039,7.88,-0.514,21.0,normal,LOW
2026-08-01T16:00:00,6.39,1.436,-0.2538,-1.42,-0.0423,7.78,-0.478,21.4,normal,LOW
2026-08-01T16:10:00,6.93,1.401,-0.2136,0.54,-0.0356,7.77,-0.451,21.0,normal,LOW
2026-08-01T16:20:00,5.75,1.359,-0.2472,-1.18,-0.0412,7.67,-0.438,20.6,normal,LOW
2026-08-01T16:30:00,6.27,1.372,0.0744,0.52,0.0124,7.65,-0.352,21.1,normal,LOW
2026-08-01T16:40:00,6.18,1.359,-0.0762,-0.09,-0.0127,7.62,-0.299,20.9,normal,LOW
2026-08-01T16:50:00,6.17,1.358,-0.006,-0.02,-0.001,7.5,-0.247,20.8,normal,LOW
2026-08-01T17:00:00,6.8,1.336,-0.135,0.63,-0.0225,7.52,-0.237,20.8,normal,LOW
2026-08-01T17:10:00,6.32,1.33,-0.0312,-0.48,-0.0052,7.48,-0.215,21.0,normal,LOW
2026-08-01T17:20:00,6.73,1.339,0.051,0.41,0.0085,7.37,-0.196,20.2,normal,LOW
2026-08-01T17:30:00,8.12,1.364,0.153,1.39,0.0255,7.34,-0.137,20.6,normal,LOW
2026-08-01T17:40:00,8.36,1.346,-0.1116,0.24,-0.0186,7.29,-0.113,20.6,normal,LOW
2026-08-01T17:50:00,7.87,1.307,-0.234,-0.49,-0.039,7.23,-0.18,20.5,normal,LOW
2026-08-01T18:00:00,6.99,1.309,0.0138,-0.89,0.0023,7.13,-0.15,20.8,normal,LOW
2026-08-01T18:10:00,6.7,1.322,0.0804,-0.29,0.0134,7.11,-0.144,20.2,normal,LOW
2026-08-01T18:20:00,6.08,1.332,0.0552,-0.62,0.0092,7.01,-0.118,20.7,normal,LOW
2026-08-01T18:30:00,7.91,1.32,-0.0696,1.83,-0.0116,7.02,-0.155,20.9,normal,LOW
2026-08-01T18:40:00,8.05,1.296,-0.1446,0.14,-0.0241,6.97,-0.183,20.2,normal,LOW
2026-08-01T18:50:00,7.29,1.302,0.0378,-0.76,0.0063,6.94,-0.134,20.6,normal,LOW
2026-08-01T19:00:00,6.49,1.291,-0.069,-0.8,-0.0115,6.95,-0.11,20.1,normal,LOW
2026-08-01T19:10:00,7.56,1.303,0.075,1.07,0.0125,6.98,-0.056,20.3,normal,LOW
2026-08-01T19:20:00,5.3,1.299,-0.024,-2.27,-0.004,6.96,-0.073,20.2,normal,LOW
2026-08-01T19:30:00,4.72,1.297,-0.0108,-0.57,-0.0018,6.87,-0.062,20.9,normal,LOW
2026-08-01T19:40:00,6.07,1.33,0.1932,1.35,0.0322,6.86,-0.029,20.3,normal,LOW
2026-08-01T19:50:00,5.78,1.303,-0.1602,-0.29,-0.0267,6.84,-0.033,19.8,normal,LOW
2026-08-01T20:00:00,5.37,1.284,-0.1122,-0.4,-0.0187,6.76,-0.046,20.2,normal,LOW
2026-08-01T20:10:00,5.02,1.248,-0.2166,-0.35,-0.0361,6.69,-0.091,20.3,normal,LOW
2026-08-01T20:20:00,5.91,1.289,0.243,0.89,0.0405,6.64,-0.076,20.3,normal,LOW
2026-08-01T20:30:00,4.73,1.298,0.0594,-1.18,0.0099,6.46,-0.047,20.7,normal,LOW
2026-08-01T20:40:00,1.81,1.311,0.0738,-2.92,0.0123,6.09,0.004,20.0,normal,LOW
2026-08-01T20:50:00,2.29,1.274,-0.2226,0.48,-0.0371,5.78,-0.035,20.3,normal,LOW
2026-08-01T21:00:00,3.66,1.267,-0.0396,1.37,-0.0066,5.6,-0.055,20.3,normal,LOW
2026-08-01T21:10:00,4.38,1.279,0.072,0.71,0.012,5.47,-0.053,20.0,normal,LOW
2026-08-01T21:20:00,4.95,1.283,0.0252,0.57,0.0042,5.41,-0.037,20.1,normal,LOW
2026-08-01T21:30:00,4.09,1.276,-0.0462,-0.86,-0.0077,5.19,-0.02,20.4,normal,LOW
2026-08-01T21:40:00,4.96,1.279,0.0216,0.87,0.0036,5.02,-0.023,20.2,normal,LOW
2026-08-01T21:50:00,5.27,1.267,-0.0738,0.31,-0.0123,4.91,-0.024,20.1,normal,LOW
2026-08-01T22:00:00,5.4,1.247,-0.1206,0.13,-0.0201,4.85,-0.056,20.5,normal,LOW
2026-08-01T22:10:00,6.97,1.294,0.2808,1.57,0.0468,4.82,-0.006,19.6,normal,LOW
2026-08-01T22:20:00,6.53,1.34,0.2778,-0.44,0.0463,4.88,0.043,19.7,normal,LOW
2026-08-01T22:30:00,6.12,1.352,0.0744,-0.41,0.0124,4.96,0.023,20.3,normal,LOW
2026-08-01T22:40:00,5.43,1.346,-0.0402,-0.69,-0.0067,4.93,0.043,20.5,normal,LOW
2026-08-01T22:50:00,6.73,1.297,-0.2922,1.3,-0.0487,4.98,0.013,19.7,normal,LOW
2026-08-01T23:00:00,6.48,1.299,0.0138,-0.25,0.0023,5.04,0.051,19.4,normal,LOW
2026-08-01T23:10:00,7.26,1.334,0.207,0.78,0.0345,5.17,0.045,20.5,normal,LOW
2026-08-01T23:20:00,6.63,1.352,0.1092,-0.63,0.0182,5.21,0.053,20.1,normal,LOW
2026-08-01T23:30:00,8.04,1.332,-0.1206,1.41,-0.0201,5.39,0.021,19.6,normal,LOW
2026-08-01T23:40:00,5.96,1.332,0.0036,-2.09,0.0006,5.62,0.059,19.8,normal,LOW
2026-08-01T23:50:00,5.96,1.314,-0.1122,-0.0,-0.0187,5.82,0.047,20.3,normal,LOW
2026-08-02T00:00:00,4.75,1.301,-0.0774,-1.2,-0.0129,5.88,0.022,20.1,normal,LOW
2026-08-02T00:10:00,4.49,1.307,0.0348,-0.26,0.0058,5.89,0.023,20.2,normal,LOW
2026-08-02T00:20:00,5.51,1.303,-0.021,1.02,-0.0035,5.92,0.028,20.0,normal,LOW
2026-08-02T00:30:00,5.98,1.352,0.294,0.46,0.049,6.03,0.073,20.0,normal,LOW
2026-08-02T00:40:00,6.52,1.327,-0.1518,0.55,-0.0253,6.11,0.06,19.5,normal,LOW
2026-08-02T00:50:00,6.59,1.323,-0.0258,0.07,-0.0043,6.19,0.076,20.7,normal,LOW
2026-08-02T01:00:00,6.92,1.34,0.1062,0.32,0.0177,6.27,0.047,19.6,normal,LOW
2026-08-02T01:10:00,6.64,1.341,0.0018,-0.27,0.0003,6.25,0.001,20.2,normal,LOW
2026-08-02T01:20:00,6.81,1.344,0.021,0.16,0.0035,6.27,-0.008,20.4,normal,LOW
2026-08-02T01:30:00,6.08,1.318,-0.1566,-0.73,-0.0261,6.27,-0.028,20.5,normal,LOW
2026-08-02T01:40:00,6.65,1.306,-0.0726,0.57,-0.0121,6.33,0.009,20.3,normal,LOW
2026-08-02T01:50:00,8.2,1.308,0.012,1.55,0.002,6.42,0.009,19.5,normal,LOW
2026-08-02T02:00:00,9.35,1.325,0.1032,1.15,0.0172,6.57,-0.009,20.2,normal,LOW
2026-08-02T02:10:00,8.34,1.322,-0.0198,-1.01,-0.0033,6.63,-0.03,20.2,normal,LOW
2026-08-02T02:20:00,8.82,1.317,-0.0306,0.48,-0.0051,6.76,-0.015,19.9,normal,LOW
2026-08-02T02:30:00,8.92,1.325,0.0522,0.1,0.0087,6.8,-0.007,20.1,normal,LOW
2026-08-02T02:40:00,8.78,1.372,0.2772,-0.14,0.0462,6.96,0.058,19.8,normal,LOW
2026-08-02T02:50:00,9.44,1.377,0.0342,0.66,0.0057,7.16,0.077,19.9,normal,LOW
2026-08-02T03:00:00,7.53,1.396,0.1098,-1.91,0.0183,7.31,0.089,20.3,normal,LOW
2026-08-02T03:10:00,6.71,1.406,0.063,-0.82,0.0105,7.43,0.103,19.7,normal,LOW
2026-08-02T03:20:00,6.73,1.407,0.0048,0.02,0.0008,7.5,0.055,20.3,normal,LOW
2026-08-02T03:30:00,6.51,1.442,0.2088,-0.22,0.0348,7.53,0.115,19.8,normal,LOW
2026-08-02T03:40:00,6.35,1.443,0.0078,-0.16,0.0013,7.52,0.121,20.1,normal,LOW
2026-08-02T03:50:00,5.85,1.43,-0.0768,-0.5,-0.0128,7.48,0.09,20.3,normal,LOW
2026-08-02T04:00:00,7.53,1.443,0.0768,1.68,0.0128,7.51,0.103,19.8,normal,LOW
2026-08-02T04:10:00,7.72,1.439,-0.0228,0.19,-0.0038,7.57,0.095,19.9,normal,LOW
2026-08-02T04:20:00,7.45,1.413,-0.1578,-0.27,-0.0263,7.61,0.095,20.1,normal,LOW
2026-08-02T04:30:00,7.4,1.41,-0.0186,-0.04,-0.0031,7.68,0.104,20.2,normal,LOW
2026-08-02T04:40:00,5.97,1.383,-0.162,-1.43,-0.027,7.64,0.075,19.9,normal,LOW
2026-08-02T04:50:00,7.18,1.366,-0.1008,1.21,-0.0168,7.59,0.041,20.3,normal,LOW
2026-08-02T05:00:00,8.19,1.387,0.1272,1.01,0.0212,7.52,0.066,20.2,normal,LOW
2026-08-02T05:10:00,7.29,1.367,-0.1236,-0.89,-0.0206,7.47,0.05,19.6,normal,LOW
2026-08-02T05:20:00,6.25,1.388,0.1248,-1.04,0.0208,7.32,0.062,19.7,normal,LOW
2026-08-02T05:30:00,5.95,1.41,0.132,-0.31,0.022,7.16,0.038,20.2,normal,LOW
2026-08-02T05:40:00,5.09,1.409,-0.0048,-0.85,-0.0008,6.95,0.032,20.4,normal,LOW
2026-08-02T05:50:00,6.28,1.395,-0.0798,1.19,-0.0133,6.78,-0.0,19.7,normal,LOW
2026-08-02T06:00:00,6.02,1.38,-0.0954,-0.26,-0.0159,6.69,-0.027,20.6,normal,LOW
2026-08-02T06:10:00,6.33,1.396,0.0984,0.3,0.0164,6.67,-0.011,20.0,normal,LOW
2026-08-02T06:20:00,4.82,1.371,-0.1518,-1.51,-0.0253,6.57,-0.071,20.3,normal,LOW
2026-08-02T06:30:00,4.71,1.324,-0.282,-0.11,-0.047,6.47,-0.119,20.7,normal,LOW
2026-08-02T06:40:00,3.42,1.313,-0.066,-1.29,-0.011,6.3,-0.118,19.9,normal,LOW
2026-08-02T06:50:00,3.36,1.299,-0.0816,-0.06,-0.0136,6.16,-0.144,20.4,normal,LOW
2026-08-02T07:00:00,3.3,1.274,-0.1488,-0.06,-0.0248,5.93,-0.165,20.8,normal,LOW
2026-08-02T07:10:00,4.71,1.287,0.075,1.41,0.0125,5.76,-0.126,19.5,normal,LOW
2026-08-02T07:20:00,3.38,1.283,-0.024,-1.33,-0.004,5.54,-0.127,20.5,normal,LOW
2026-08-02T07:30:00,3.36,1.283,0.0006,-0.02,0.0001,5.31,-0.1,20.3,normal,LOW
2026-08-02T07:40:00,4.94,1.295,0.075,1.58,0.0125,5.25,-0.071,20.2,normal,LOW
2026-08-02T07:50:00,3.94,1.281,-0.0864,-0.99,-0.0144,5.07,-0.107,20.6,normal,LOW
2026-08-02T08:00:00,3.98,1.252,-0.1728,0.03,-0.0288,4.84,-0.115,20.3,normal,LOW
2026-08-02T08:10:00,4.66,1.249,-0.0192,0.68,-0.0032,4.69,-0.139,20.2,normal,LOW
2026-08-02T08:20:00,4.02,1.259,0.0582,-0.64,0.0097,4.57,-0.151,20.3,normal,LOW
2026-08-02T08:30:00,5.18,1.28,0.1278,1.16,0.0213,4.53,-0.129,20.6,normal,LOW
2026-08-02T08:40:00,5.02,1.281,0.0054,-0.16,0.0009,4.52,-0.115,20.4,normal,LOW
2026-08-02T08:50:00,6.25,1.301,0.123,1.22,0.0205,4.52,-0.078,20.5,normal,LOW
2026-08-02T09:00:00,7.5,1.287,-0.0882,1.25,-0.0147,4.6,-0.109,20.4,normal,LOW
2026-08-02T09:10:00,7.83,1.291,0.0294,0.33,0.0049,4.69,-0.079,20.5,normal,LOW
2026-08-02T09:20:00,7.85,1.293,0.0084,0.02,0.0014,4.86,-0.031,20.4,normal,LOW
2026-08-02T09:30:00,6.68,1.303,0.0636,-1.17,0.0106,4.97,-0.009,20.6,normal,LOW
2026-08-02T09:40:00,8.1,1.275,-0.171,1.42,-0.0285,5.23,-0.024,20.6,normal,LOW
2026-08-02T09:50:00,6.82,1.277,0.0138,-1.27,0.0023,5.42,0.003,20.6,normal,LOW
2026-08-02T10:00:00,6.44,1.265,-0.0738,-0.39,-0.0123,5.59,-0.022,20.5,normal,LOW
2026-08-02T10:10:00,7.2,1.269,0.0252,0.76,0.0042,5.73,-0.013,21.0,normal,LOW
2026-08-02T10:20:00,5.29,1.285,0.0978,-1.9,0.0163,5.84,0.003,20.5,normal,LOW
2026-08-02T10:30:00,5.44,1.3,0.087,0.15,0.0145,5.95,0.005,20.7,normal,LOW
2026-08-02T10:40:00,7.24,1.302,0.0132,1.8,0.0022,6.08,0.021,20.9,normal,LOW
2026-08-02T10:50:00,7.72,1.317,0.0912,0.48,0.0152,6.29,0.065,20.6,normal,LOW
2026-08-02T11:00:00,8.28,1.352,0.207,0.56,0.0345,6.53,0.103,20.3,normal,LOW
2026-08-02T11:10:00,8.65,1.364,0.072,0.37,0.012,6.75,0.105,20.4,normal,LOW
2026-08-02T11:20:00,8.7,1.324,-0.2394,0.06,-0.0399,7.01,0.044,20.9,normal,LOW
2026-08-02T11:30:00,9.3,1.335,0.066,0.6,0.011,7.24,0.054,20.5,normal,LOW
2026-08-02T11:40:00,9.61,1.315,-0.1176,0.31,-0.0196,7.49,0.014,21.1,normal,LOW
2026-08-02T11:50:00,9.69,1.318,0.015,0.07,0.0025,7.69,0.031,21.5,normal,LOW
2026-08-02T12:00:00,7.8,1.326,0.0504,-1.89,0.0084,7.7,0.035,21.0,normal,LOW
2026-08-02T12:10:00,7.93,1.315,-0.0684,0.13,-0.0114,7.71,0.022,21.4,normal,LOW
2026-08-02T12:20:00,7.5,1.32,0.0288,-0.44,0.0048,7.69,0.016,21.6,normal,LOW
2026-08-02T12:30:00,7.43,1.319,-0.0036,-0.07,-0.0006,7.73,0.044,21.3,normal,LOW
2026-08-02T12:40:00,7.89,1.36,0.2484,0.46,0.0414,7.72,0.083,21.5,normal,LOW
2026-08-02T12:50:00,7.62,1.344,-0.0978,-0.27,-0.0163,7.76,0.079,21.1,normal,LOW
2026-08-02T13:00:00,6.11,1.36,0.093,-1.52,0.0155,7.75,0.09,21.2,normal,LOW
2026-08-02T13:10:00,5.13,1.352,-0.048,-0.98,-0.008,7.63,0.066,21.4,normal,LOW
2026-08-02T13:20:00,6.34,1.344,-0.048,1.21,-0.008,7.69,0.044,21.2,normal,LOW
2026-08-02T13:30:00,7.58,1.368,0.147,1.24,0.0245,7.81,0.066,20.8,normal,LOW
2026-08-02T13:40:00,6.84,1.34,-0.1668,-0.74,-0.0278,7.78,0.023,21.5,normal,LOW
2026-08-02T13:50:00,6.08,1.348,0.0462,-0.76,0.0077,7.69,-0.004,21.1,normal,LOW
2026-08-02T14:00:00,6.35,1.361,0.0768,0.27,0.0128,7.59,-0.003,21.3,normal,LOW
2026-08-02T14:10:00,6.59,1.322,-0.2316,0.24,-0.0386,7.47,-0.002,21.5,normal,LOW
2026-08-02T14:20:00,7.0,1.339,0.1008,0.41,0.0168,7.38,0.004,21.3,normal,LOW
2026-08-02T14:30:00,7.96,1.325,-0.081,0.96,-0.0135,7.3,0.01,21.7,normal,LOW
2026-08-02T14:40:00,8.5,1.319,-0.0408,0.54,-0.0068,7.24,0.001,21.0,normal,LOW
2026-08-02T14:50:00,8.14,1.331,0.072,-0.36,0.012,7.16,0.004,22.3,normal,LOW
2026-08-02T15:00:00,6.8,1.319,-0.0714,-1.34,-0.0119,7.1,0.004,21.6,normal,LOW
2026-08-02T15:10:00,6.32,1.304,-0.09,-0.47,-0.015,7.01,-0.016,21.4,normal,LOW
2026-08-02T15:20:00,7.22,1.317,0.0786,0.9,0.0131,6.99,-0.002,21.8,normal,LOW
2026-08-02T15:30:00,7.33,1.294,-0.1398,0.11,-0.0233,6.99,-0.067,21.7,normal,LOW
2026-08-02T15:40:00,5.93,1.286,-0.0426,-1.4,-0.0071,6.88,-0.058,21.6,normal,LOW
2026-08-02T15:50:00,5.21,1.284,-0.0126,-0.72,-0.0021,6.75,-0.075,22.1,normal,LOW
2026-08-02T16:00:00,5.71,1.263,-0.126,0.51,-0.021,6.72,-0.088,21.8,normal,LOW
2026-08-02T16:10:00,5.87,1.309,0.276,0.16,0.046,6.77,-0.034,21.7,normal,LOW
2026-08-02T16:20:00,5.57,1.315,0.0348,-0.3,0.0058,6.72,-0.053,22.1,normal,LOW
2026-08-02T16:30:00,5.1,1.283,-0.1944,-0.47,-0.0324,6.59,-0.058,22.0,normal,LOW
2026-08-02T16:40:00,5.57,1.264,-0.1152,0.46,-0.0192,6.51,-0.084,22.0,normal,LOW
2026-08-02T16:50:00,5.18,1.284,0.1218,-0.38,0.0203,6.47,-0.077,21.9,normal,LOW
2026-08-02T17:00:00,5.79,1.302,0.108,0.6,0.018,6.43,-0.02,22.6,normal,LOW
2026-08-02T17:10:00,6.84,1.276,-0.153,1.06,-0.0255,6.45,-0.062,21.7,normal,LOW
2026-08-02T17:20:00,6.95,1.273,-0.021,0.11,-0.0035,6.44,-0.052,22.3,normal,LOW
2026-08-02T17:30:00,5.68,1.297,0.1464,-1.27,0.0244,6.32,-0.021,22.1,normal,LOW
2026-08-02T17:40:00,6.53,1.303,0.0342,0.85,0.0057,6.21,-0.028,22.6,normal,LOW
2026-08-02T17:50:00,6.36,1.277,-0.156,-0.17,-0.026,6.11,-0.042,22.4,normal,LOW
2026-08-02T18:00:00,7.45,1.267,-0.0606,1.09,-0.0101,6.15,-0.037,23.0,normal,LOW
2026-08-02T18:10:00,6.81,1.279,0.0726,-0.64,0.0121,6.17,-0.038,22.2,normal,LOW
2026-08-02T18:20:00,5.51,1.278,-0.0054,-1.3,-0.0009,6.08,-0.015,22.0,normal,LOW
2026-08-02T18:30:00,5.24,1.274,-0.024,-0.27,-0.004,5.96,-0.012,22.5,normal,LOW
2026-08-02T18:40:00,4.43,1.277,0.0162,-0.81,0.0027,5.88,-0.008,22.5,normal,LOW
2026-08-02T18:50:00,3.75,1.242,-0.2082,-0.69,-0.0347,5.8,-0.021,22.5,normal,LOW
2026-08-02T19:00:00,5.73,1.269,0.1644,1.99,0.0274,5.8,-0.04,22.8,normal,LOW
2026-08-02T19:10:00,7.16,1.28,0.0618,1.43,0.0103,5.87,-0.035,22.2,normal,LOW
2026-08-02T19:20:00,7.5,1.313,0.1986,0.34,0.0331,5.98,0.03,22.7,normal,LOW
2026-08-02T19:30:00,9.08,1.312,-0.0048,1.58,-0.0008,6.2,0.048,22.8,normal,LOW
2026-08-02T19:40:00,8.02,1.315,0.0198,-1.06,0.0033,6.33,0.031,22.7,normal,LOW
2026-08-02T19:50:00,7.38,1.343,0.165,-0.64,0.0275,6.46,0.041,23.3,normal,LOW
2026-08-02T20:00:00,7.02,1.321,-0.1284,-0.36,-0.0214,6.53,0.045,23.3,normal,LOW
2026-08-02T20:10:00,5.95,1.306,-0.093,-1.07,-0.0155,6.48,0.033,23.1,normal,LOW
2026-08-02T20:20:00,5.85,1.267,-0.2328,-0.11,-0.0388,6.41,-0.03,22.5,normal,LOW
2026-08-02T20:30:00,6.21,1.267,-0.0012,0.37,-0.0002,6.44,-0.036,23.0,normal,LOW
2026-08-02T20:40:00,6.9,1.269,0.0102,0.69,0.0017,6.46,-0.008,22.8,normal,LOW
2026-08-02T20:50:00,6.91,1.295,0.1584,0.01,0.0264,6.5,0.028,23.3,normal,LOW
2026-08-02T21:00:00,6.3,1.308,0.0792,-0.61,0.0132,6.43,0.029,23.1,normal,LOW
2026-08-02T21:10:00,5.84,1.337,0.1704,-0.46,0.0284,6.38,0.059,22.8,normal,LOW
2026-08-02T21:20:00,6.1,1.312,-0.1458,0.26,-0.0243,6.41,0.038,23.4,normal,LOW
2026-08-02T21:30:00,5.85,1.32,0.0432,-0.25,0.0072,6.44,0.043,22.8,normal,LOW
2026-08-02T21:40:00,6.77,1.314,-0.0354,0.92,-0.0059,6.57,0.072,23.3,normal,LOW
2026-08-02T21:50:00,7.83,1.294,-0.1188,1.06,-0.0198,6.8,0.025,23.3,normal,LOW
2026-08-02T22:00:00,6.7,1.297,0.018,-1.14,0.003,6.86,0.017,22.9,normal,LOW
2026-08-02T22:10:00,7.47,1.283,-0.0804,0.78,-0.0134,6.87,-0.029,23.1,normal,LOW
2026-08-02T22:20:00,6.93,1.315,0.1914,-0.55,0.0319,6.84,0.003,23.4,normal,LOW
2026-08-02T22:30:00,6.19,1.293,-0.1362,-0.73,-0.0227,6.68,-0.023,23.4,normal,LOW
2026-08-02T22:40:00,6.05,1.264,-0.1698,-0.14,-0.0283,6.57,-0.078,23.6,normal,LOW
2026-08-02T22:50:00,6.53,1.278,0.0804,0.47,0.0134,6.52,-0.044,24.0,normal,LOW
2026-08-02T23:00:00,5.93,1.27,-0.0462,-0.6,-0.0077,6.46,-0.036,23.6,normal,LOW
2026-08-02T23:10:00,6.35,1.268,-0.0108,0.42,-0.0018,6.48,0.001,23.2,normal,LOW
2026-08-02T23:20:00,6.65,1.271,0.0168,0.31,0.0028,6.53,0.004,23.5,normal,LOW
2026-08-02T23:30:00,6.45,1.27,-0.0036,-0.2,-0.0006,6.54,0.002,23.8,normal,LOW
2026-08-02T23:40:00,8.23,1.295,0.147,1.78,0.0245,6.62,-0.0,23.2,normal,LOW
2026-08-02T23:50:00,6.28,1.282,-0.0774,-1.95,-0.0129,6.58,-0.026,24.0,normal,LOW
2026-08-03T00:00:00,5.73,1.291,0.0534,-0.55,0.0089,6.55,-0.046,23.9,normal,LOW
2026-08-03T00:10:00,6.24,1.296,0.0282,0.51,0.0047,6.57,-0.017,24.2,normal,LOW
2026-08-03T00:20:00,4.53,1.26,-0.2124,-1.71,-0.0354,6.48,-0.059,24.0,normal,LOW
2026-08-03T00:30:00,4.17,1.274,0.081,-0.36,0.0135,6.39,-0.04,23.9,normal,LOW
2026-08-03T00:40:00,5.85,1.279,0.0342,1.68,0.0057,6.34,-0.014,23.7,normal,LOW
2026-08-03T00:50:00,6.64,1.283,0.0192,0.79,0.0032,6.27,-0.014,23.7,normal,LOW
2026-08-03T01:00:00,6.32,1.304,0.129,-0.32,0.0215,6.25,0.021,24.2,normal,LOW
2026-08-03T01:10:00,5.39,1.314,0.0594,-0.93,0.0099,6.14,-0.001,23.6,normal,LOW
2026-08-03T01:20:00,6.8,1.274,-0.2412,1.41,-0.0402,6.13,-0.019,24.1,normal,LOW
2026-08-03T01:30:00,6.21,1.267,-0.0414,-0.59,-0.0069,6.13,0.003,24.4,normal,LOW
2026-08-03T01:40:00,5.63,1.271,0.0258,-0.58,0.0043,6.11,-0.006,24.2,normal,LOW
2026-08-03T01:50:00,6.54,1.269,-0.0168,0.91,-0.0028,6.11,-0.001,24.1,normal,LOW
2026-08-03T02:00:00,6.04,1.268,-0.0012,-0.49,-0.0002,6.11,0.0,23.9,normal,LOW
2026-08-03T02:10:00,5.43,1.259,-0.057,-0.61,-0.0095,6.06,-0.012,24.1,normal,LOW
2026-08-03T02:20:00,5.43,1.252,-0.0414,-0.01,-0.0069,5.99,-0.019,24.3,normal,LOW
2026-08-03T02:30:00,6.45,1.274,0.1338,1.02,0.0223,5.99,-0.021,24.1,normal,LOW
2026-08-03T02:40:00,6.46,1.256,-0.108,0.01,-0.018,5.9,-0.026,24.9,normal,LOW
2026-08-03T02:50:00,4.97,1.242,-0.0882,-1.49,-0.0147,5.82,-0.049,24.4,normal,LOW
2026-08-03T03:00:00,4.38,1.225,-0.0966,-0.59,-0.0161,5.75,-0.07,24.7,normal,LOW
2026-08-03T03:10:00,4.75,1.24,0.0882,0.36,0.0147,5.66,-0.02,24.4,normal,LOW
2026-08-03T03:20:00,3.57,1.249,0.054,-1.18,0.009,5.61,-0.025,25.2,normal,LOW
2026-08-03T03:30:00,4.89,1.259,0.0612,1.32,0.0102,5.65,-0.02,24.3,normal,LOW
2026-08-03T03:40:00,7.02,1.273,0.0834,2.13,0.0139,5.72,-0.009,24.7,normal,LOW
2026-08-03T03:50:00,5.9,1.292,0.1128,-1.12,0.0188,5.68,-0.012,25.1,normal,LOW
2026-08-03T04:00:00,5.8,1.298,0.039,-0.1,0.0065,5.65,-0.016,24.7,normal,LOW
2026-08-03T04:10:00,5.37,1.299,0.0048,-0.43,0.0008,5.65,0.025,24.9,normal,LOW
2026-08-03T04:20:00,5.76,1.299,0.0012,0.39,0.0002,5.59,0.032,24.7,normal,LOW
2026-08-03T04:30:00,4.38,1.284,-0.0942,-1.38,-0.0157,5.49,0.012,24.7,normal,LOW
2026-08-03T04:40:00,4.34,1.285,0.0072,-0.05,0.0012,5.41,0.016,24.5,normal,LOW
2026-08-03T04:50:00,4.58,1.299,0.0846,0.24,0.0141,5.31,0.031,25.1,normal,LOW
2026-08-03T05:00:00,4.13,1.284,-0.09,-0.45,-0.015,5.2,0.025,24.9,normal,LOW
2026-08-03T05:10:00,5.31,1.311,0.1614,1.18,0.0269,5.19,0.059,25.0,normal,LOW
2026-08-03T05:20:00,5.14,1.326,0.0924,-0.17,0.0154,5.18,0.052,24.6,normal,LOW
2026-08-03T05:30:00,6.56,1.332,0.0354,1.43,0.0059,5.18,0.076,25.3,normal,LOW
2026-08-03T05:40:00,6.81,1.317,-0.0894,0.25,-0.0149,5.2,0.076,25.3,normal,LOW
2026-08-03T05:50:00,6.96,1.335,0.1062,0.15,0.0177,5.31,0.11,25.3,normal,LOW
2026-08-03T06:00:00,6.16,1.312,-0.1416,-0.8,-0.0236,5.41,0.071,25.2,normal,LOW
2026-08-03T06:10:00,7.22,1.315,0.0234,1.06,0.0039,5.55,0.066,25.2,normal,LOW
2026-08-03T06:20:00,6.12,1.315,-0.0012,-1.1,-0.0002,5.69,0.056,25.0,normal,LOW
2026-08-03T06:30:00,5.91,1.319,0.021,-0.21,0.0035,5.75,0.046,25.1,normal,LOW
2026-08-03T06:40:00,5.65,1.329,0.0606,-0.26,0.0101,5.67,0.037,25.0,normal,LOW
2026-08-03T06:50:00,7.11,1.337,0.048,1.46,0.008,5.74,0.038,24.9,normal,LOW
2026-08-03T07:00:00,7.5,1.327,-0.06,0.39,-0.01,5.84,0.028,25.8,normal,LOW
2026-08-03T07:10:00,6.47,1.334,0.0462,-1.03,0.0077,5.9,0.035,24.6,normal,LOW
2026-08-03T07:20:00,5.09,1.324,-0.063,-1.38,-0.0105,5.86,0.04,25.7,normal,LOW
2026-08-03T07:30:00,5.36,1.33,0.0378,0.27,0.0063,5.91,0.045,25.5,normal,LOW
2026-08-03T07:40:00,5.72,1.334,0.0234,0.36,0.0039,5.99,0.035,25.1,normal,LOW
2026-08-03T07:50:00,6.02,1.311,-0.1392,0.3,-0.0232,6.07,0.027,25.2,normal,LOW
2026-08-03T08:00:00,6.38,1.343,0.1914,0.35,0.0319,6.2,0.032,25.6,normal,LOW
2026-08-03T08:10:00,7.17,1.349,0.0342,0.79,0.0057,6.3,0.022,25.7,normal,LOW
2026-08-03T08:20:00,7.23,1.378,0.177,0.06,0.0295,6.41,0.046,25.3,normal,LOW
2026-08-03T08:30:00,7.31,1.39,0.0696,0.08,0.0116,6.46,0.072,25.2,normal,LOW
2026-08-03T08:40:00,6.18,1.392,0.0126,-1.13,0.0021,6.42,0.057,25.6,normal,LOW
2026-08-03T08:50:00,5.61,1.365,-0.1644,-0.57,-0.0274,6.35,0.053,25.0,normal,LOW
2026-08-03T09:00:00,4.85,1.383,0.1104,-0.75,0.0184,6.27,0.067,25.6,normal,LOW
2026-08-03T09:10:00,5.34,1.393,0.0576,0.49,0.0096,6.17,0.077,25.4,normal,LOW
2026-08-03T09:20:00,6.1,1.394,0.006,0.76,0.001,6.17,0.075,25.8,normal,LOW
2026-08-03T09:30:00,5.74,1.366,-0.1632,-0.36,-0.0272,6.16,0.037,25.6,normal,LOW
2026-08-03T09:40:00,6.2,1.38,0.084,0.46,0.014,6.19,0.044,25.4,normal,LOW
2026-08-03T09:50:00,7.16,1.358,-0.135,0.96,-0.0225,6.19,0.031,25.5,normal,LOW
2026-08-03T10:00:00,6.96,1.372,0.0834,-0.2,0.0139,6.16,0.037,25.7,normal,LOW
2026-08-03T10:10:00,7.37,1.35,-0.1284,0.4,-0.0214,6.21,0.026,26.3,normal,LOW
2026-08-03T10:20:00,6.9,1.376,0.1512,-0.46,0.0252,6.31,0.045,25.8,normal,LOW
2026-08-03T10:30:00,6.73,1.377,0.0108,-0.17,0.0018,6.39,0.043,25.7,normal,LOW
2026-08-03T10:40:00,5.44,1.384,0.0414,-1.29,0.0069,6.37,0.073,26.1,normal,LOW
2026-08-03T10:50:00,4.62,1.375,-0.0576,-0.82,-0.0096,6.29,0.032,25.7,normal,LOW
2026-08-03T11:00:00,5.19,1.358,-0.0972,0.57,-0.0162,6.23,0.01,25.7,normal,LOW
2026-08-03T11:10:00,5.22,1.353,-0.0342,0.03,-0.0057,6.12,-0.026,26.1,normal,LOW
2026-08-03T11:20:00,4.82,1.327,-0.1548,-0.41,-0.0258,5.99,-0.063,25.9,normal,LOW
2026-08-03T11:30:00,6.16,1.336,0.0552,1.34,0.0092,5.92,-0.056,25.9,normal,LOW
2026-08-03T11:40:00,6.28,1.32,-0.0966,0.12,-0.0161,5.93,-0.045,25.5,normal,LOW
2026-08-03T11:50:00,6.26,1.304,-0.0948,-0.02,-0.0158,5.96,-0.079,25.4,normal,LOW
2026-08-03T12:00:00,16.89,1.8,2.9748,10.62,0.4958,6.63,0.407,19.6,heavy_rain,LOW
2026-08-03T12:10:00,29.76,1.832,0.1932,12.87,0.0322,7.99,0.439,19.4,heavy_rain,LOW
2026-08-03T12:20:00,31.76,1.838,0.0372,2.0,0.0062,9.41,0.472,19.5,heavy_rain,LOW
2026-08-03T12:30:00,44.21,1.855,0.0978,12.45,0.0163,11.55,0.474,19.8,heavy_rain,MEDIUM
2026-08-03T12:40:00,52.13,1.868,0.0768,7.92,0.0128,14.1,0.51,20.3,heavy_rain,LOW
2026-08-03T12:50:00,50.46,1.893,0.153,-1.67,0.0255,16.51,0.521,18.6,heavy_rain,MEDIUM
2026-08-03T13:00:00,53.17,1.902,0.0546,2.7,0.0091,19.08,0.552,19.3,heavy_rain,LOW
2026-08-03T13:10:00,61.42,1.936,0.201,8.25,0.0335,22.08,0.56,19.3,heavy_rain,MEDIUM
2026-08-03T13:20:00,59.11,1.964,0.1728,-2.31,0.0288,24.98,0.587,19.2,heavy_rain,MEDIUM
2026-08-03T13:30:00,58.94,1.984,0.12,-0.17,0.02,27.88,0.6,19.6,heavy_rain,MEDIUM
2026-08-03T13:40:00,51.47,2.008,0.1428,-7.47,0.0238,30.44,0.634,19.4,heavy_rain,MEDIUM
2026-08-03T13:50:00,54.02,2.05,0.252,2.55,0.042,33.18,0.692,19.6,heavy_rain,MEDIUM
2026-08-03T14:00:00,63.96,2.078,0.1668,9.94,0.0278,36.45,0.725,19.0,heavy_rain,MEDIUM
2026-08-03T14:10:00,63.16,2.095,0.1026,-0.8,0.0171,39.67,0.768,19.2,heavy_rain,MEDIUM
2026-08-03T14:20:00,57.24,2.116,0.1248,-5.93,0.0208,42.58,0.78,18.9,heavy_rain,MEDIUM
2026-08-03T14:30:00,58.72,2.149,0.1956,1.48,0.0326,45.5,0.829,19.6,heavy_rain,MEDIUM
2026-08-03T14:40:00,60.24,2.173,0.1488,1.52,0.0248,48.5,0.869,19.1,heavy_rain,MEDIUM
2026-08-03T14:50:00,60.38,2.202,0.1698,0.14,0.0283,51.5,0.402,19.6,heavy_rain,MEDIUM
2026-08-03T15:00:00,59.72,2.215,0.081,-0.66,0.0135,53.88,0.383,19.3,heavy_rain,MEDIUM
2026-08-03T15:10:00,55.57,2.246,0.183,-4.15,0.0305,55.32,0.407,19.8,heavy_rain,MEDIUM
2026-08-03T15:20:00,60.49,2.262,0.1002,4.92,0.0167,56.91,0.408,19.3,heavy_rain,MEDIUM
2026-08-03T15:30:00,60.97,2.29,0.1656,0.47,0.0276,57.84,0.422,19.0,heavy_rain,MEDIUM
2026-08-03T15:40:00,64.31,2.322,0.1932,3.34,0.0322,58.52,0.429,19.1,heavy_rain,MEDIUM
2026-08-03T15:50:00,70.06,2.321,-0.0066,5.75,-0.0011,59.61,0.419,19.7,heavy_rain,MEDIUM
2026-08-03T16:00:00,70.69,2.35,0.1734,0.63,0.0289,60.58,0.414,20.1,heavy_rain,MEDIUM
2026-08-03T16:10:00,71.38,2.366,0.0954,0.69,0.0159,61.14,0.401,19.2,heavy_rain,MEDIUM
2026-08-03T16:20:00,76.65,2.387,0.1248,5.27,0.0208,62.11,0.402,19.6,heavy_rain,MEDIUM
2026-08-03T16:30:00,70.85,2.398,0.0672,-5.81,0.0112,62.77,0.39,19.2,heavy_rain,MEDIUM
2026-08-03T16:40:00,67.75,2.444,0.2766,-3.1,0.0461,63.68,0.394,19.2,heavy_rain,MEDIUM
2026-08-03T16:50:00,64.45,2.487,0.2574,-3.3,0.0429,64.25,0.409,19.5,heavy_rain,MEDIUM
2026-08-03T17:00:00,57.52,2.517,0.1824,-6.93,0.0304,63.9,0.422,19.7,heavy_rain,MEDIUM
2026-08-03T17:10:00,58.54,2.554,0.2196,1.03,0.0366,63.64,0.438,19.1,heavy_rain,MEDIUM
2026-08-03T17:20:00,56.15,2.584,0.1824,-2.39,0.0304,63.58,0.436,19.7,heavy_rain,MEDIUM
2026-08-03T17:30:00,61.1,2.608,0.1392,4.95,0.0232,63.71,0.434,19.6,heavy_rain,MEDIUM
2026-08-03T17:40:00,55.74,2.634,0.1614,-5.36,0.0269,63.46,0.433,19.1,heavy_rain,MEDIUM
2026-08-03T17:50:00,55.12,2.678,0.2586,-0.62,0.0431,63.17,0.462,18.8,heavy_rain,MEDIUM
2026-08-03T18:00:00,56.21,2.686,0.0492,1.09,0.0082,62.97,0.44,19.1,heavy_rain,MEDIUM
2026-08-03T18:10:00,55.64,2.707,0.1272,-0.56,0.0212,62.98,0.445,19.7,heavy_rain,MEDIUM
2026-08-03T18:20:00,58.66,2.749,0.2526,3.02,0.0421,62.88,0.459,19.8,heavy_rain,MEDIUM
2026-08-03T18:30:00,53.08,2.779,0.1812,-5.59,0.0302,62.44,0.457,20.1,heavy_rain,MEDIUM
2026-08-03T18:40:00,50.67,2.799,0.12,-2.41,0.02,61.68,0.478,19.9,heavy_rain,MEDIUM
2026-08-03T18:50:00,53.38,2.827,0.165,2.71,0.0275,60.75,0.477,20.0,heavy_rain,MEDIUM
2026-08-03T19:00:00,60.86,2.856,0.1776,7.48,0.0296,60.21,0.49,18.9,heavy_rain,MEDIUM
2026-08-03T19:10:00,60.19,2.861,0.0306,-0.67,0.0051,59.59,0.475,19.6,heavy_rain,MEDIUM
2026-08-03T19:20:00,60.58,2.883,0.1314,0.4,0.0219,58.69,0.485,19.3,heavy_rain,MEDIUM
2026-08-03T19:30:00,57.03,2.91,0.1572,-3.55,0.0262,57.93,0.466,19.9,heavy_rain,MEDIUM
2026-08-03T19:40:00,59.47,2.941,0.1878,2.44,0.0313,57.47,0.454,19.9,heavy_rain,MEDIUM
2026-08-03T19:50:00,57.14,2.984,0.258,-2.33,0.043,57.06,0.467,19.7,heavy_rain,MEDIUM
2026-08-03T20:00:00,49.85,3.006,0.1302,-7.28,0.0217,56.63,0.452,19.2,heavy_rain,MEDIUM
2026-08-03T20:10:00,52.58,3.046,0.2454,2.72,0.0409,56.3,0.462,18.5,heavy_rain,MEDIUM
2026-08-03T20:20:00,62.45,3.061,0.087,9.87,0.0145,56.65,0.453,19.6,heavy_rain,MEDIUM
2026-08-03T20:30:00,62.79,3.086,0.1488,0.33,0.0248,56.75,0.451,19.6,heavy_rain,MEDIUM
2026-08-03T20:40:00,61.67,3.114,0.171,-1.11,0.0285,57.08,0.437,19.1,heavy_rain,MEDIUM
2026-08-03T20:50:00,56.63,3.137,0.1356,-5.04,0.0226,57.16,0.451,20.0,heavy_rain,MEDIUM
2026-08-03T21:00:00,52.07,3.17,0.198,-4.55,0.033,56.93,0.463,19.4,heavy_rain,MEDIUM
2026-08-03T21:10:00,51.77,3.188,0.1098,-0.3,0.0183,56.71,0.439,20.0,heavy_rain,MEDIUM
2026-08-03T21:20:00,49.74,3.212,0.1458,-2.03,0.0243,56.22,0.433,19.6,heavy_rain,MEDIUM
2026-08-03T21:30:00,55.37,3.241,0.1704,5.64,0.0284,56.35,0.441,19.3,heavy_rain,MEDIUM
2026-08-03T21:40:00,54.29,3.265,0.1452,-1.08,0.0242,56.55,0.438,19.6,heavy_rain,MEDIUM
2026-08-03T21:50:00,57.51,3.283,0.1104,3.22,0.0184,56.78,0.427,19.3,heavy_rain,MEDIUM
2026-08-03T22:00:00,55.46,3.297,0.0822,-2.05,0.0137,56.48,0.435,19.2,heavy_rain,MEDIUM
2026-08-03T22:10:00,57.93,3.328,0.1854,2.47,0.0309,56.35,0.444,20.3,heavy_rain,MEDIUM
2026-08-03T22:20:00,56.94,3.336,0.0492,-0.99,0.0082,56.15,0.426,19.3,heavy_rain,MEDIUM
2026-08-03T22:30:00,61.81,3.353,0.102,4.87,0.017,56.42,0.412,19.4,heavy_rain,MEDIUM
2026-08-03T22:40:00,55.01,3.366,0.0792,-6.8,0.0132,56.17,0.382,19.2,heavy_rain,MEDIUM
2026-08-03T22:50:00,61.17,3.383,0.0984,6.16,0.0164,56.39,0.377,20.3,heavy_rain,MEDIUM
2026-08-03T23:00:00,56.63,3.4,0.1038,-4.54,0.0173,56.77,0.354,19.6,heavy_rain,HIGH
2026-08-03T23:10:00,53.3,3.4,0.0,-3.33,0.0,56.81,0.339,19.1,heavy_rain,MEDIUM
2026-08-03T23:20:00,59.85,3.4,0.0,6.55,0.0,56.66,0.314,19.8,heavy_rain,MEDIUM
2026-08-03T23:30:00,58.25,3.4,0.0,-1.6,0.0,56.41,0.286,18.9,heavy_rain,MEDIUM
2026-08-03T23:40:00,57.58,3.4,0.0,-0.67,0.0,56.18,0.263,19.4,heavy_rain,MEDIUM
2026-08-03T23:50:00,55.41,3.4,0.0,-2.17,0.0,56.12,0.23,19.4,heavy_rain,MEDIUM
2026-08-04T00:00:00,54.6,3.4,0.0,-0.81,0.0,56.26,0.212,18.8,heavy_rain,MEDIUM
2026-08-04T00:10:00,61.33,3.4,0.0,6.73,0.0,56.79,0.188,19.2,heavy_rain,MEDIUM
2026-08-04T00:20:00,54.35,3.4,0.0,-6.98,0.0,57.04,0.159,19.3,heavy_rain,MEDIUM
2026-08-04T00:30:00,54.28,3.4,0.0,-0.07,0.0,56.98,0.135,18.9,heavy_rain,MEDIUM
2026-08-04T00:40:00,53.98,3.4,0.0,-0.3,0.0,56.97,0.117,19.6,heavy_rain,MEDIUM
2026-08-04T00:50:00,57.41,3.4,0.0,3.43,0.0,56.96,0.103,20.0,heavy_rain,MEDIUM
2026-08-04T01:00:00,59.68,3.4,0.0,2.27,0.0,57.19,0.072,18.7,heavy_rain,MEDIUM
2026-08-04T01:10:00,62.29,3.4,0.0,2.61,0.0,57.44,0.064,19.5,heavy_rain,MEDIUM
2026-08-04T01:20:00,61.51,3.4,0.0,-0.79,0.0,57.69,0.047,19.6,heavy_rain,MEDIUM
2026-08-04T01:30:00,62.84,3.4,0.0,1.33,0.0,57.75,0.034,19.7,heavy_rain,MEDIUM
2026-08-04T01:40:00,63.92,3.4,0.0,1.08,0.0,58.24,0.017,19.5,heavy_rain,MEDIUM
2026-08-04T01:50:00,57.96,3.4,0.0,-5.96,0.0,58.06,0.0,20.0,heavy_rain,MEDIUM
2026-08-04T02:00:00,49.03,3.4,0.0,-8.93,0.0,57.64,0.0,19.1,heavy_rain,MEDIUM
2026-08-04T02:10:00,55.67,3.4,0.0,6.64,0.0,57.77,0.0,19.4,heavy_rain,MEDIUM
2026-08-04T02:20:00,52.79,3.4,0.0,-2.87,0.0,57.38,0.0,19.4,heavy_rain,MEDIUM
2026-08-04T02:30:00,57.91,3.4,0.0,5.12,0.0,57.36,0.0,19.3,heavy_rain,MEDIUM
2026-08-04T02:40:00,57.49,3.4,0.0,-0.42,0.0,57.36,0.0,18.8,heavy_rain,MEDIUM
2026-08-04T02:50:00,52.97,3.4,0.0,-4.52,0.0,57.22,0.0,18.8,heavy_rain,MEDIUM
2026-08-04T03:00:00,56.27,3.4,0.0,3.3,0.0,57.32,0.0,19.9,heavy_rain,MEDIUM
2026-08-04T03:10:00,59.78,3.4,0.0,3.51,0.0,57.23,0.0,19.6,heavy_rain,MEDIUM
2026-08-04T03:20:00,66.16,3.4,0.0,6.38,0.0,57.89,0.0,19.2,heavy_rain,MEDIUM
2026-08-04T03:30:00,66.19,3.4,0.0,0.03,0.0,58.55,0.0,19.8,heavy_rain,MEDIUM
2026-08-04T03:40:00,62.72,3.4,0.0,-3.46,0.0,59.03,0.0,18.9,heavy_rain,MEDIUM
2026-08-04T03:50:00,63.57,3.4,0.0,0.84,0.0,59.37,0.0,19.3,heavy_rain,MEDIUM
2026-08-04T04:00:00,60.53,3.4,0.0,-3.04,0.0,59.42,0.0,19.5,heavy_rain,MEDIUM
2026-08-04T04:10:00,56.93,3.4,0.0,-3.6,0.0,59.12,0.0,20.0,heavy_rain,MEDIUM
2026-08-04T04:20:00,51.93,3.4,0.0,-4.99,0.0,58.59,0.0,19.2,heavy_rain,MEDIUM
2026-08-04T04:30:00,50.34,3.4,0.0,-1.6,0.0,57.9,0.0,19.5,heavy_rain,MEDIUM
2026-08-04T04:40:00,45.77,3.4,0.0,-4.56,0.0,56.89,0.0,19.6,heavy_rain,MEDIUM
2026-08-04T04:50:00,51.91,3.4,0.0,6.14,0.0,56.55,0.0,19.2,heavy_rain,MEDIUM
2026-08-04T05:00:00,53.86,3.4,0.0,1.95,0.0,56.82,0.0,19.3,heavy_rain,MEDIUM
2026-08-04T05:10:00,61.15,3.4,0.0,7.28,0.0,57.13,0.0,19.3,heavy_rain,MEDIUM
2026-08-04T05:20:00,63.31,3.4,0.0,2.17,0.0,57.71,0.0,18.8,heavy_rain,MEDIUM
2026-08-04T05:30:00,60.63,3.4,0.0,-2.68,0.0,57.86,0.0,19.1,heavy_rain,MEDIUM
2026-08-04T05:40:00,62.69,3.4,0.0,2.05,0.0,58.15,0.0,18.9,heavy_rain,MEDIUM
2026-08-04T05:50:00,61.19,3.4,0.0,-1.5,0.0,58.61,0.0,19.6,heavy_rain,MEDIUM
2026-08-04T06:00:00,60.54,3.4,0.0,-0.64,0.0,58.84,0.0,19.1,heavy_rain,MEDIUM
2026-08-04T06:10:00,57.19,3.4,0.0,-3.35,0.0,58.7,0.0,19.5,heavy_rain,MEDIUM
2026-08-04T06:20:00,51.8,3.4,0.0,-5.39,0.0,57.9,0.0,19.6,heavy_rain,MEDIUM
2026-08-04T06:30:00,54.8,3.4,0.0,2.99,0.0,57.27,0.0,19.3,heavy_rain,MEDIUM
2026-08-04T06:40:00,51.23,3.4,0.0,-3.57,0.0,56.63,0.0,19.7,heavy_rain,MEDIUM
2026-08-04T06:50:00,53.49,3.4,0.0,2.26,0.0,56.07,0.0,19.6,heavy_rain,MEDIUM
2026-08-04T07:00:00,51.05,3.4,0.0,-2.44,0.0,55.55,0.0,19.4,heavy_rain,MEDIUM
2026-08-04T07:10:00,55.42,3.4,0.0,4.37,0.0,55.46,0.0,19.0,heavy_rain,MEDIUM
2026-08-04T07:20:00,52.51,3.4,0.0,-2.91,0.0,55.49,0.0,19.7,heavy_rain,MEDIUM
2026-08-04T07:30:00,56.41,3.4,0.0,3.91,0.0,55.83,0.0,19.4,heavy_rain,MEDIUM
2026-08-04T07:40:00,64.63,3.4,0.0,8.21,0.0,56.88,0.0,19.9,heavy_rain,MEDIUM
2026-08-04T07:50:00,59.25,3.4,0.0,-5.38,0.0,57.29,0.0,19.9,heavy_rain,MEDIUM
2026-08-04T08:00:00,55.99,3.4,0.0,-3.26,0.0,57.4,0.0,19.9,heavy_rain,MEDIUM
2026-08-04T08:10:00,57.7,3.4,0.0,1.71,0.0,57.21,0.0,19.9,heavy_rain,MEDIUM
2026-08-04T08:20:00,52.18,3.4,0.0,-5.53,0.0,56.59,0.0,19.5,heavy_rain,MEDIUM
2026-08-04T08:30:00,52.28,3.4,0.0,0.1,0.0,56.13,0.0,19.4,heavy_rain,MEDIUM
2026-08-04T08:40:00,48.84,3.4,0.0,-3.44,0.0,55.36,0.0,19.4,heavy_rain,MEDIUM
2026-08-04T08:50:00,52.58,3.4,0.0,3.74,0.0,54.88,0.0,19.9,heavy_rain,MEDIUM
2026-08-04T09:00:00,56.16,3.4,0.0,3.58,0.0,54.64,0.0,19.0,heavy_rain,MEDIUM
2026-08-04T09:10:00,58.79,3.4,0.0,2.63,0.0,54.73,0.0,19.4,heavy_rain,MEDIUM
2026-08-04T09:20:00,62.8,3.4,0.0,4.01,0.0,55.34,0.0,19.5,heavy_rain,MEDIUM
2026-08-04T09:30:00,55.76,3.4,0.0,-7.05,0.0,55.39,0.0,19.3,heavy_rain,MEDIUM
2026-08-04T09:40:00,59.24,3.4,0.0,3.48,0.0,55.84,0.0,19.7,heavy_rain,MEDIUM
2026-08-04T09:50:00,58.39,3.4,0.0,-0.85,0.0,56.11,0.0,19.8,heavy_rain,MEDIUM
2026-08-04T10:00:00,61.67,3.4,0.0,3.27,0.0,56.7,0.0,19.8,heavy_rain,MEDIUM
2026-08-04T10:10:00,60.63,3.4,0.0,-1.03,0.0,56.99,0.0,18.5,heavy_rain,MEDIUM
2026-08-04T10:20:00,62.47,3.4,0.0,1.84,0.0,57.54,0.0,19.8,heavy_rain,MEDIUM
2026-08-04T10:30:00,58.21,3.4,0.0,-4.26,0.0,57.64,0.0,20.1,heavy_rain,MEDIUM
2026-08-04T10:40:00,58.97,3.4,0.0,0.76,0.0,57.33,0.0,19.7,heavy_rain,MEDIUM
2026-08-04T10:50:00,62.67,3.4,0.0,3.7,0.0,57.52,0.0,19.4,heavy_rain,MEDIUM
2026-08-04T11:00:00,62.36,3.4,0.0,-0.31,0.0,57.87,0.0,19.6,heavy_rain,MEDIUM
2026-08-04T11:10:00,62.63,3.4,0.0,0.27,0.0,58.15,0.0,19.6,heavy_rain,MEDIUM
2026-08-04T11:20:00,64.13,3.4,0.0,1.5,0.0,58.81,0.0,20.0,heavy_rain,MEDIUM
2026-08-04T11:30:00,62.54,3.4,0.0,-1.59,0.0,59.38,0.0,19.7,heavy_rain,MEDIUM
2026-08-04T11:40:00,67.31,3.4,0.0,4.77,0.0,60.41,0.0,19.2,heavy_rain,MEDIUM
2026-08-04T11:50:00,64.93,3.4,0.0,-2.38,0.0,61.09,0.0,19.3,heavy_rain,MEDIUM
2026-08-04T12:00:00,67.22,3.4,0.0,2.29,0.0,61.71,0.0,19.8,heavy_rain,MEDIUM
2026-08-04T12:10:00,69.33,3.4,0.0,2.11,0.0,62.29,0.0,20.0,heavy_rain,MEDIUM
2026-08-04T12:20:00,69.04,3.4,0.0,-0.3,0.0,62.64,0.0,20.2,heavy_rain,MEDIUM
2026-08-04T12:30:00,63.78,3.4,0.0,-5.25,0.0,63.08,0.0,19.9,heavy_rain,MEDIUM
2026-08-04T12:40:00,57.7,3.4,0.0,-6.08,0.0,63.0,0.0,20.1,heavy_rain,MEDIUM
2026-08-04T12:50:00,59.78,3.4,0.0,2.08,0.0,63.08,0.0,19.7,heavy_rain,MEDIUM
2026-08-04T13:00:00,59.68,3.4,0.0,-0.11,0.0,62.97,0.0,19.7,heavy_rain,MEDIUM
2026-08-04T13:10:00,57.25,3.4,0.0,-2.43,0.0,62.78,0.0,18.7,heavy_rain,MEDIUM
2026-08-04T13:20:00,59.99,3.4,0.0,2.75,0.0,62.64,0.0,19.2,heavy_rain,MEDIUM
2026-08-04T13:30:00,57.47,3.4,0.0,-2.52,0.0,62.6,0.0,19.4,heavy_rain,MEDIUM
2026-08-04T13:40:00,63.27,3.4,0.0,5.79,0.0,62.84,0.0,18.8,heavy_rain,MEDIUM
2026-08-04T13:50:00,63.12,3.4,0.0,-0.14,0.0,62.86,0.0,20.1,heavy_rain,MEDIUM
2026-08-04T14:00:00,64.46,3.4,0.0,1.34,0.0,62.98,0.0,19.5,heavy_rain,MEDIUM
2026-08-04T14:10:00,56.04,3.4,0.0,-8.43,0.0,62.61,0.0,19.0,heavy_rain,MEDIUM
2026-08-04T14:20:00,54.7,3.4,0.0,-1.33,0.0,62.09,0.0,19.4,heavy_rain,MEDIUM
2026-08-04T14:30:00,52.77,3.4,0.0,-1.93,0.0,61.55,0.0,18.9,heavy_rain,MEDIUM
2026-08-04T14:40:00,58.17,3.4,0.0,5.4,0.0,61.04,0.0,19.6,heavy_rain,MEDIUM
2026-08-04T14:50:00,61.51,3.4,0.0,3.34,0.0,60.85,0.0,19.4,heavy_rain,MEDIUM
2026-08-04T15:00:00,57.37,3.4,0.0,-4.14,0.0,60.3,0.0,18.9,heavy_rain,MEDIUM
2026-08-04T15:10:00,66.0,3.4,0.0,8.62,0.0,60.12,0.0,19.8,heavy_rain,MEDIUM
2026-08-04T15:20:00,59.32,3.4,0.0,-6.67,0.0,59.58,0.0,19.3,heavy_rain,MEDIUM
2026-08-04T15:30:00,62.49,3.4,0.0,3.16,0.0,59.51,0.0,19.5,heavy_rain,MEDIUM
2026-08-04T15:40:00,52.8,3.4,0.0,-9.69,0.0,59.23,0.0,20.3,heavy_rain,MEDIUM
2026-08-04T15:50:00,56.36,3.4,0.0,3.57,0.0,59.04,0.0,19.1,heavy_rain,MEDIUM
2026-08-04T16:00:00,59.21,3.4,0.0,2.85,0.0,59.02,0.0,19.3,heavy_rain,MEDIUM
2026-08-04T16:10:00,53.48,3.4,0.0,-5.73,0.0,58.81,0.0,19.6,heavy_rain,MEDIUM
2026-08-04T16:20:00,57.66,3.4,0.0,4.18,0.0,58.68,0.0,19.3,heavy_rain,MEDIUM
2026-08-04T16:30:00,60.69,3.4,0.0,3.03,0.0,58.86,0.0,19.6,heavy_rain,MEDIUM
2026-08-04T16:40:00,58.06,3.4,0.0,-2.62,0.0,58.57,0.0,19.2,heavy_rain,MEDIUM
2026-08-04T16:50:00,53.55,3.4,0.0,-4.51,0.0,58.04,0.0,19.6,heavy_rain,MEDIUM
2026-08-04T17:00:00,52.07,3.4,0.0,-1.48,0.0,57.35,0.0,19.4,heavy_rain,MEDIUM
2026-08-04T17:10:00,56.87,3.4,0.0,4.8,0.0,57.39,0.0,20.2,heavy_rain,MEDIUM
2026-08-04T17:20:00,54.92,3.4,0.0,-1.95,0.0,57.41,0.0,18.8,heavy_rain,MEDIUM
2026-08-04T17:30:00,57.85,3.4,0.0,2.92,0.0,57.69,0.0,19.2,heavy_rain,MEDIUM
2026-08-04T17:40:00,60.71,3.4,0.0,2.86,0.0,57.83,0.0,19.2,heavy_rain,MEDIUM
2026-08-04T17:50:00,62.79,3.4,0.0,2.08,0.0,57.9,0.0,19.9,heavy_rain,MEDIUM
2026-08-04T18:00:00,60.47,3.4,0.0,-2.32,0.0,58.07,0.0,19.6,heavy_rain,MEDIUM
2026-08-04T18:10:00,56.45,3.4,0.0,-4.01,0.0,57.54,0.0,19.6,heavy_rain,MEDIUM
2026-08-04T18:20:00,56.53,3.4,0.0,0.08,0.0,57.39,0.0,19.4,heavy_rain,MEDIUM
2026-08-04T18:30:00,56.36,3.4,0.0,-0.17,0.0,57.05,0.0,19.7,heavy_rain,MEDIUM
2026-08-04T18:40:00,58.19,3.4,0.0,1.83,0.0,57.35,0.0,19.1,heavy_rain,MEDIUM
2026-08-04T18:50:00,64.11,3.4,0.0,5.92,0.0,57.78,0.0,20.0,heavy_rain,MEDIUM
2026-08-04T19:00:00,67.54,3.4,0.0,3.43,0.0,58.24,0.0,19.2,heavy_rain,MEDIUM
2026-08-04T19:10:00,62.48,3.4,0.0,-5.06,0.0,58.74,0.0,19.8,heavy_rain,MEDIUM
2026-08-04T19:20:00,64.28,3.4,0.0,1.8,0.0,59.11,0.0,18.7,heavy_rain,MEDIUM
2026-08-04T19:30:00,61.82,3.4,0.0,-2.46,0.0,59.17,0.0,19.1,heavy_rain,MEDIUM
2026-08-04T19:40:00,59.41,3.4,0.0,-2.41,0.0,59.24,0.0,19.6,heavy_rain,MEDIUM
2026-08-04T19:50:00,53.57,3.4,0.0,-5.84,0.0,59.25,0.0,19.3,heavy_rain,MEDIUM
2026-08-04T20:00:00,50.84,3.4,0.0,-2.73,0.0,59.18,0.0,19.5,heavy_rain,MEDIUM
2026-08-04T20:10:00,59.11,3.4,0.0,8.27,0.0,59.3,0.0,20.4,heavy_rain,MEDIUM
2026-08-04T20:20:00,64.49,3.4,0.0,5.37,0.0,59.83,0.0,19.1,heavy_rain,MEDIUM
2026-08-04T20:30:00,64.88,3.4,0.0,0.4,0.0,60.22,0.0,20.6,heavy_rain,MEDIUM
2026-08-04T20:40:00,62.81,3.4,0.0,-2.07,0.0,60.34,0.0,19.4,heavy_rain,MEDIUM
2026-08-04T20:50:00,62.01,3.4,0.0,-0.8,0.0,60.3,0.0,19.3,heavy_rain,MEDIUM
2026-08-04T21:00:00,65.01,3.4,0.0,3.0,0.0,60.55,0.0,19.4,heavy_rain,MEDIUM
2026-08-04T21:10:00,54.3,3.4,0.0,-10.71,0.0,60.43,0.0,19.2,heavy_rain,MEDIUM
2026-08-04T21:20:00,46.98,3.4,0.0,-7.32,0.0,59.9,0.0,18.3,heavy_rain,MEDIUM
2026-08-04T21:30:00,49.8,3.4,0.0,2.81,0.0,59.53,0.0,19.5,heavy_rain,MEDIUM
2026-08-04T21:40:00,51.89,3.4,0.0,2.09,0.0,59.18,0.0,19.5,heavy_rain,MEDIUM
2026-08-04T21:50:00,54.7,3.4,0.0,2.82,0.0,58.66,0.0,20.3,heavy_rain,MEDIUM
2026-08-04T22:00:00,55.01,3.4,0.0,0.31,0.0,57.96,0.0,19.4,heavy_rain,MEDIUM
2026-08-04T22:10:00,62.26,3.4,0.0,7.25,0.0,57.95,0.0,19.1,heavy_rain,MEDIUM
2026-08-04T22:20:00,55.73,3.4,0.0,-6.53,0.0,57.48,0.0,19.2,heavy_rain,MEDIUM
2026-08-04T22:30:00,58.2,3.4,0.0,2.47,0.0,57.28,0.0,18.4,heavy_rain,MEDIUM
2026-08-04T22:40:00,55.72,3.4,0.0,-2.48,0.0,57.07,0.0,20.1,heavy_rain,MEDIUM
2026-08-04T22:50:00,52.26,3.4,0.0,-3.46,0.0,57.0,0.0,19.2,heavy_rain,MEDIUM
2026-08-04T23:00:00,48.69,3.4,0.0,-3.57,0.0,56.88,0.0,19.4,heavy_rain,MEDIUM
2026-08-04T23:10:00,51.28,3.4,0.0,2.59,0.0,56.45,0.0,19.6,heavy_rain,MEDIUM
2026-08-04T23:20:00,51.81,3.4,0.0,0.52,0.0,55.74,0.0,19.9,heavy_rain,MEDIUM
2026-08-04T23:30:00,50.09,3.4,0.0,-1.72,0.0,54.92,0.0,19.2,heavy_rain,MEDIUM
2026-08-04T23:40:00,47.55,3.4,0.0,-2.54,0.0,54.07,0.0,19.8,heavy_rain,MEDIUM
2026-08-04T23:50:00,53.6,3.4,0.0,6.05,0.0,53.6,0.0,19.5,heavy_rain,MEDIUM
2026-08-05T00:00:00,49.45,3.4,0.0,-4.15,0.0,52.74,0.0,19.5,heavy_rain,MEDIUM
2026-08-05T00:10:00,51.41,3.4,0.0,1.96,0.0,52.58,0.0,20.0,heavy_rain,MEDIUM
2026-08-05T00:20:00,56.62,3.4,0.0,5.21,0.0,53.12,0.0,19.6,heavy_rain,MEDIUM
2026-08-05T00:30:00,64.32,3.4,0.0,7.7,0.0,53.92,0.0,19.8,heavy_rain,MEDIUM
2026-08-05T00:40:00,69.44,3.4,0.0,5.13,0.0,54.9,0.0,19.1,heavy_rain,MEDIUM
2026-08-05T00:50:00,61.98,3.4,0.0,-7.46,0.0,55.3,0.0,19.8,heavy_rain,MEDIUM
2026-08-05T01:00:00,60.18,3.4,0.0,-1.8,0.0,55.59,0.0,19.0,heavy_rain,MEDIUM
2026-08-05T01:10:00,62.3,3.4,0.0,2.11,0.0,55.59,0.0,19.5,heavy_rain,MEDIUM
2026-08-05T01:20:00,65.04,3.4,0.0,2.74,0.0,56.11,0.0,19.1,heavy_rain,MEDIUM
2026-08-05T01:30:00,59.02,3.4,0.0,-6.02,0.0,56.15,0.0,19.1,heavy_rain,MEDIUM
2026-08-05T01:40:00,58.43,3.4,0.0,-0.59,0.0,56.3,0.0,19.2,heavy_rain,MEDIUM
2026-08-05T01:50:00,56.36,3.4,0.0,-2.07,0.0,56.53,0.0,19.3,heavy_rain,MEDIUM
2026-08-05T02:00:00,60.28,3.4,0.0,3.92,0.0,57.18,0.0,18.9,heavy_rain,MEDIUM
2026-08-05T02:10:00,55.13,3.4,0.0,-5.15,0.0,57.39,0.0,19.5,heavy_rain,MEDIUM
2026-08-05T02:20:00,53.73,3.4,0.0,-1.41,0.0,57.5,0.0,19.2,heavy_rain,MEDIUM
2026-08-05T02:30:00,63.28,3.4,0.0,9.56,0.0,58.23,0.0,20.2,heavy_rain,MEDIUM
2026-08-05T02:40:00,57.12,3.4,0.0,-6.16,0.0,58.76,0.0,19.5,heavy_rain,MEDIUM
2026-08-05T02:50:00,51.59,3.4,0.0,-5.54,0.0,58.65,0.0,19.3,heavy_rain,MEDIUM
2026-08-05T03:00:00,57.39,3.4,0.0,5.8,0.0,59.09,0.0,19.5,heavy_rain,MEDIUM
2026-08-05T03:10:00,54.56,3.4,0.0,-2.83,0.0,59.27,0.0,18.5,heavy_rain,MEDIUM
2026-08-05T03:20:00,54.76,3.4,0.0,0.2,0.0,59.16,0.0,19.1,heavy_rain,MEDIUM
2026-08-05T03:30:00,61.46,3.4,0.0,6.7,0.0,59.0,0.0,19.2,heavy_rain,MEDIUM
2026-08-05T03:40:00,63.1,3.4,0.0,1.64,0.0,58.65,0.0,19.4,heavy_rain,MEDIUM
2026-08-05T03:50:00,61.1,3.4,0.0,-1.99,0.0,58.6,0.0,19.2,heavy_rain,MEDIUM
2026-08-05T04:00:00,59.89,3.4,0.0,-1.22,0.0,58.59,0.0,19.0,heavy_rain,MEDIUM
2026-08-05T04:10:00,57.96,3.4,0.0,-1.93,0.0,58.35,0.0,19.2,heavy_rain,MEDIUM
2026-08-05T04:20:00,55.82,3.4,0.0,-2.14,0.0,57.83,0.0,19.7,heavy_rain,MEDIUM
2026-08-05T04:30:00,52.48,3.4,0.0,-3.33,0.0,57.47,0.0,19.7,heavy_rain,MEDIUM
2026-08-05T04:40:00,52.76,3.4,0.0,0.27,0.0,57.15,0.0,19.8,heavy_rain,MEDIUM
2026-08-05T04:50:00,54.31,3.4,0.0,1.55,0.0,57.04,0.0,19.8,heavy_rain,MEDIUM
2026-08-05T05:00:00,55.33,3.4,0.0,1.03,0.0,56.77,0.0,20.0,heavy_rain,MEDIUM
2026-08-05T05:10:00,53.88,3.4,0.0,-1.45,0.0,56.7,0.0,19.9,heavy_rain,MEDIUM
2026-08-05T05:20:00,55.08,3.4,0.0,1.2,0.0,56.77,0.0,19.7,heavy_rain,MEDIUM
2026-08-05T05:30:00,58.09,3.4,0.0,3.01,0.0,56.48,0.0,19.3,heavy_rain,MEDIUM
2026-08-05T05:40:00,57.68,3.4,0.0,-0.41,0.0,56.51,0.0,20.0,heavy_rain,MEDIUM
2026-08-05T05:50:00,59.41,3.4,0.0,1.73,0.0,56.95,0.0,19.9,heavy_rain,MEDIUM
2026-08-05T06:00:00,59.6,3.4,0.0,0.2,0.0,57.07,0.0,19.4,heavy_rain,MEDIUM
2026-08-05T06:10:00,56.35,3.4,0.0,-3.25,0.0,57.17,0.0,19.4,heavy_rain,MEDIUM
2026-08-05T06:20:00,55.48,3.4,0.0,-0.87,0.0,57.21,0.0,19.6,heavy_rain,MEDIUM
2026-08-05T06:30:00,52.39,3.4,0.0,-3.09,0.0,56.71,0.0,19.7,heavy_rain,MEDIUM
2026-08-05T06:40:00,55.23,3.4,0.0,2.84,0.0,56.27,0.0,19.5,heavy_rain,MEDIUM
2026-08-05T06:50:00,57.12,3.4,0.0,1.89,0.0,56.05,0.0,19.3,heavy_rain,MEDIUM
2026-08-05T07:00:00,59.43,3.4,0.0,2.31,0.0,56.02,0.0,19.4,heavy_rain,MEDIUM
2026-08-05T07:10:00,60.69,3.4,0.0,1.26,0.0,56.17,0.0,19.5,heavy_rain,MEDIUM
2026-08-05T07:20:00,55.45,3.4,0.0,-5.24,0.0,56.15,0.0,19.4,heavy_rain,MEDIUM
2026-08-05T07:30:00,52.22,3.4,0.0,-3.23,0.0,56.14,0.0,19.3,heavy_rain,MEDIUM
2026-08-05T07:40:00,55.34,3.4,0.0,3.12,0.0,56.28,0.0,19.4,heavy_rain,MEDIUM
2026-08-05T07:50:00,58.88,3.4,0.0,3.54,0.0,56.54,0.0,19.4,heavy_rain,MEDIUM
2026-08-05T08:00:00,65.86,3.4,0.0,6.98,0.0,57.12,0.0,19.8,heavy_rain,MEDIUM
2026-08-05T08:10:00,65.14,3.4,0.0,-0.72,0.0,57.75,0.0,19.8,heavy_rain,MEDIUM
2026-08-05T08:20:00,58.89,3.4,0.0,-6.24,0.0,57.96,0.0,19.4,heavy_rain,MEDIUM
2026-08-05T08:30:00,53.76,3.4,0.0,-5.13,0.0,57.72,0.0,18.8,heavy_rain,MEDIUM
2026-08-05T08:40:00,58.55,3.4,0.0,4.79,0.0,57.77,0.0,19.1,heavy_rain,MEDIUM
2026-08-05T08:50:00,60.94,3.4,0.0,2.39,0.0,57.85,0.0,20.1,heavy_rain,MEDIUM
2026-08-05T09:00:00,58.51,3.4,0.0,-2.43,0.0,57.79,0.0,18.5,heavy_rain,MEDIUM
2026-08-05T09:10:00,53.06,3.4,0.0,-5.45,0.0,57.61,0.0,19.3,heavy_rain,MEDIUM
2026-08-05T09:20:00,47.85,3.4,0.0,-5.22,0.0,57.18,0.0,19.1,heavy_rain,MEDIUM
2026-08-05T09:30:00,52.75,3.4,0.0,4.91,0.0,57.2,0.0,20.0,heavy_rain,MEDIUM
2026-08-05T09:40:00,53.12,3.4,0.0,0.37,0.0,57.09,0.0,19.7,heavy_rain,MEDIUM
2026-08-05T09:50:00,55.14,3.4,0.0,2.02,0.0,56.98,0.0,19.5,heavy_rain,MEDIUM
2026-08-05T10:00:00,59.31,3.4,0.0,4.17,0.0,56.97,0.0,18.9,heavy_rain,MEDIUM
2026-08-05T10:10:00,56.53,3.4,0.0,-2.78,0.0,56.74,0.0,19.6,heavy_rain,MEDIUM
2026-08-05T10:20:00,55.81,3.4,0.0,-0.72,0.0,56.76,0.0,19.2,heavy_rain,MEDIUM
2026-08-05T10:30:00,58.03,3.4,0.0,2.21,0.0,57.08,0.0,19.4,heavy_rain,MEDIUM
2026-08-05T10:40:00,57.79,3.4,0.0,-0.24,0.0,57.22,0.0,19.5,heavy_rain,MEDIUM
2026-08-05T10:50:00,57.44,3.4,0.0,-0.35,0.0,57.14,0.0,19.9,heavy_rain,MEDIUM
2026-08-05T11:00:00,60.06,3.4,0.0,2.62,0.0,56.82,0.0,19.7,heavy_rain,MEDIUM
2026-08-05T11:10:00,59.72,3.4,0.0,-0.34,0.0,56.52,0.0,19.2,heavy_rain,MEDIUM
2026-08-05T11:20:00,61.67,3.4,0.0,1.94,0.0,56.67,0.0,19.3,heavy_rain,MEDIUM
2026-08-05T11:30:00,57.05,3.4,0.0,-4.62,0.0,56.85,0.0,19.6,heavy_rain,MEDIUM
2026-08-05T11:40:00,52.22,3.4,0.0,-4.84,0.0,56.5,0.0,19.0,heavy_rain,MEDIUM
2026-08-05T11:50:00,46.89,3.4,0.0,-5.33,0.0,55.72,0.0,19.0,heavy_rain,MEDIUM
2026-08-05T12:00:00,54.59,3.4,0.0,7.7,0.0,55.5,0.0,19.9,heavy_rain,MEDIUM
2026-08-05T12:10:00,48.85,3.4,0.0,-5.73,0.0,55.27,0.0,19.5,heavy_rain,MEDIUM
2026-08-05T12:20:00,49.93,3.4,0.0,1.08,0.0,55.38,0.0,19.4,heavy_rain,MEDIUM
2026-08-05T12:30:00,49.39,3.4,0.0,-0.54,0.0,55.2,0.0,19.8,heavy_rain,MEDIUM
2026-08-05T12:40:00,53.85,3.4,0.0,4.46,0.0,55.24,0.0,20.2,heavy_rain,MEDIUM
2026-08-05T12:50:00,59.16,3.4,0.0,5.31,0.0,55.46,0.0,19.0,heavy_rain,MEDIUM
2026-08-05T13:00:00,56.82,3.4,0.0,-2.34,0.0,55.32,0.0,19.1,heavy_rain,MEDIUM
2026-08-05T13:10:00,58.57,3.4,0.0,1.75,0.0,55.44,0.0,19.8,heavy_rain,MEDIUM
2026-08-05T13:20:00,63.26,3.4,0.0,4.7,0.0,55.85,0.0,19.6,heavy_rain,MEDIUM
2026-08-05T13:30:00,55.72,3.4,0.0,-7.54,0.0,55.72,0.0,18.1,heavy_rain,MEDIUM
2026-08-05T13:40:00,53.37,3.4,0.0,-2.35,0.0,55.48,0.0,19.6,heavy_rain,MEDIUM
2026-08-05T13:50:00,55.07,3.4,0.0,1.7,0.0,55.34,0.0,19.8,heavy_rain,MEDIUM
2026-08-05T14:00:00,47.91,3.4,0.0,-7.16,0.0,54.67,0.0,19.4,heavy_rain,MEDIUM
2026-08-05T14:10:00,48.15,3.4,0.0,0.25,0.0,54.03,0.0,18.7,heavy_rain,MEDIUM
2026-08-05T14:20:00,54.08,3.4,0.0,5.93,0.0,53.6,0.0,20.2,heavy_rain,MEDIUM
2026-08-05T14:30:00,53.23,3.4,0.0,-0.85,0.0,53.39,0.0,19.7,heavy_rain,MEDIUM
2026-08-05T14:40:00,55.68,3.4,0.0,2.45,0.0,53.58,0.0,20.5,heavy_rain,MEDIUM
2026-08-05T14:50:00,61.66,3.4,0.0,5.97,0.0,54.4,0.0,19.7,heavy_rain,MEDIUM
2026-08-05T15:00:00,62.19,3.4,0.0,0.54,0.0,54.83,0.0,19.9,heavy_rain,MEDIUM
2026-08-05T15:10:00,56.63,3.4,0.0,-5.56,0.0,55.26,0.0,19.8,heavy_rain,MEDIUM
2026-08-05T15:20:00,51.59,3.4,0.0,-5.05,0.0,55.35,0.0,20.6,heavy_rain,MEDIUM
2026-08-05T15:30:00,48.81,3.4,0.0,-2.78,0.0,55.32,0.0,19.6,heavy_rain,MEDIUM
2026-08-05T15:40:00,55.63,3.4,0.0,6.82,0.0,55.42,0.0,18.8,heavy_rain,MEDIUM
2026-08-05T15:50:00,53.11,3.4,0.0,-2.52,0.0,55.08,0.0,19.4,heavy_rain,MEDIUM
2026-08-05T16:00:00,59.42,3.4,0.0,6.31,0.0,55.23,0.0,20.1,heavy_rain,MEDIUM
2026-08-05T16:10:00,66.64,3.4,0.0,7.22,0.0,55.67,0.0,19.6,heavy_rain,MEDIUM
2026-08-05T16:20:00,60.05,3.4,0.0,-6.59,0.0,55.5,0.0,19.2,heavy_rain,MEDIUM
2026-08-05T16:30:00,65.3,3.4,0.0,5.25,0.0,56.03,0.0,19.2,heavy_rain,MEDIUM
2026-08-05T16:40:00,69.03,3.4,0.0,3.73,0.0,56.9,0.0,18.7,heavy_rain,MEDIUM
2026-08-05T16:50:00,63.84,3.4,0.0,-5.19,0.0,57.39,0.0,19.3,heavy_rain,MEDIUM
2026-08-05T17:00:00,57.5,3.4,0.0,-6.33,0.0,57.92,0.0,19.5,heavy_rain,MEDIUM
2026-08-05T17:10:00,58.79,3.4,0.0,1.29,0.0,58.51,0.0,19.9,heavy_rain,MEDIUM
2026-08-05T17:20:00,60.34,3.4,0.0,1.56,0.0,58.86,0.0,19.6,heavy_rain,MEDIUM
2026-08-05T17:30:00,61.83,3.4,0.0,1.49,0.0,59.34,0.0,19.8,heavy_rain,MEDIUM
2026-08-05T17:40:00,65.38,3.4,0.0,3.54,0.0,59.87,0.0,19.4,heavy_rain,MEDIUM
2026-08-05T17:50:00,66.02,3.4,0.0,0.64,0.0,60.12,0.0,20.4,heavy_rain,MEDIUM
2026-08-05T18:00:00,59.07,3.4,0.0,-6.95,0.0,59.94,0.0,19.3,heavy_rain,MEDIUM
2026-08-05T18:10:00,54.81,3.4,0.0,-4.26,0.0,59.84,0.0,19.2,heavy_rain,MEDIUM
2026-08-05T18:20:00,62.41,3.4,0.0,7.6,0.0,60.44,0.0,19.7,heavy_rain,MEDIUM
2026-08-05T18:30:00,58.56,3.4,0.0,-3.86,0.0,60.98,0.0,18.8,heavy_rain,MEDIUM
2026-08-05T18:40:00,53.65,3.4,0.0,-4.91,0.0,60.87,0.0,19.1,heavy_rain,MEDIUM
2026-08-05T18:50:00,60.09,3.4,0.0,6.44,0.0,61.26,0.0,19.2,heavy_rain,MEDIUM
2026-08-05T19:00:00,53.12,3.4,0.0,-6.97,0.0,60.91,0.0,19.4,heavy_rain,MEDIUM
2026-08-05T19:10:00,58.61,3.4,0.0,5.49,0.0,60.47,0.0,19.3,heavy_rain,MEDIUM
2026-08-05T19:20:00,52.12,3.4,0.0,-6.49,0.0,60.03,0.0,19.4,heavy_rain,MEDIUM
2026-08-05T19:30:00,51.87,3.4,0.0,-0.25,0.0,59.28,0.0,19.9,heavy_rain,MEDIUM
2026-08-05T19:40:00,49.92,3.4,0.0,-1.96,0.0,58.22,0.0,19.5,heavy_rain,MEDIUM
2026-08-05T19:50:00,55.78,3.4,0.0,5.87,0.0,57.77,0.0,19.6,heavy_rain,MEDIUM
2026-08-05T20:00:00,63.96,3.4,0.0,8.18,0.0,58.13,0.0,19.6,heavy_rain,MEDIUM
2026-08-05T20:10:00,64.11,3.4,0.0,0.15,0.0,58.42,0.0,19.2,heavy_rain,MEDIUM
2026-08-05T20:20:00,64.67,3.4,0.0,0.56,0.0,58.66,0.0,19.7,heavy_rain,MEDIUM
2026-08-05T20:30:00,61.19,3.4,0.0,-3.48,0.0,58.63,0.0,19.6,heavy_rain,MEDIUM
2026-08-05T20:40:00,58.68,3.4,0.0,-2.51,0.0,58.26,0.0,19.5,heavy_rain,MEDIUM
2026-08-05T20:50:00,53.25,3.4,0.0,-5.43,0.0,57.55,0.0,19.3,heavy_rain,MEDIUM
2026-08-05T21:00:00,49.76,3.4,0.0,-3.49,0.0,57.03,0.0,19.7,heavy_rain,MEDIUM
2026-08-05T21:10:00,54.2,3.4,0.0,4.44,0.0,57.0,0.0,19.0,heavy_rain,MEDIUM
2026-08-05T21:20:00,57.45,3.4,0.0,3.25,0.0,56.72,0.0,19.8,heavy_rain,MEDIUM
2026-08-05T21:30:00,58.84,3.4,0.0,1.39,0.0,56.74,0.0,19.2,heavy_rain,MEDIUM
2026-08-05T21:40:00,57.77,3.4,0.0,-1.07,0.0,56.97,0.0,19.9,heavy_rain,MEDIUM
2026-08-05T21:50:00,51.14,3.4,0.0,-6.63,0.0,56.47,0.0,19.4,heavy_rain,MEDIUM
2026-08-05T22:00:00,56.65,3.4,0.0,5.51,0.0,56.67,0.0,19.2,heavy_rain,MEDIUM
2026-08-05T22:10:00,53.7,3.4,0.0,-2.95,0.0,56.39,0.0,19.6,heavy_rain,MEDIUM
2026-08-05T22:20:00,52.74,3.4,0.0,-0.96,0.0,56.43,0.0,19.4,heavy_rain,MEDIUM
2026-08-05T22:30:00,55.3,3.4,0.0,2.56,0.0,56.62,0.0,19.7,heavy_rain,MEDIUM
2026-08-05T22:40:00,54.57,3.4,0.0,-0.74,0.0,56.88,0.0,19.3,heavy_rain,MEDIUM
2026-08-05T22:50:00,53.1,3.4,0.0,-1.47,0.0,56.73,0.0,19.7,heavy_rain,MEDIUM
2026-08-05T23:00:00,54.75,3.4,0.0,1.65,0.0,56.21,0.0,19.4,heavy_rain,MEDIUM
2026-08-05T23:10:00,61.81,3.399,-0.0042,7.05,-0.0007,56.09,-0.001,19.2,heavy_rain,MEDIUM
2026-08-05T23:20:00,54.73,3.4,0.0042,-7.08,0.0007,55.53,0.0,19.5,heavy_rain,MEDIUM
2026-08-05T23:30:00,54.32,3.4,0.0,-0.41,0.0,55.15,0.0,19.2,heavy_rain,MEDIUM
2026-08-05T23:40:00,57.0,3.4,0.0,2.68,0.0,55.06,0.0,19.8,heavy_rain,MEDIUM
2026-08-05T23:50:00,51.11,3.4,0.0,-5.89,0.0,54.94,0.0,19.4,heavy_rain,MEDIUM
2026-08-06T00:00:00,54.47,3.4,0.0,3.36,0.0,55.2,0.0,19.4,heavy_rain,MEDIUM
2026-08-06T00:10:00,59.67,3.4,0.0,5.2,0.0,55.51,0.0,19.5,heavy_rain,MEDIUM
2026-08-06T00:20:00,62.04,3.4,0.0,2.37,0.0,55.76,0.0,19.4,heavy_rain,MEDIUM
2026-08-06T00:30:00,61.59,3.4,0.0,-0.46,0.0,55.91,0.0,19.0,heavy_rain,MEDIUM
2026-08-06T00:40:00,59.57,3.4,0.0,-2.02,0.0,56.01,0.0,19.5,heavy_rain,MEDIUM
2026-08-06T00:50:00,57.71,3.4,0.0,-1.85,0.0,56.38,0.0,18.6,heavy_rain,MEDIUM
2026-08-06T01:00:00,56.48,3.4,0.0,-1.23,0.0,56.37,0.0,19.3,heavy_rain,MEDIUM
2026-08-06T01:10:00,57.03,3.4,0.0,0.54,0.0,56.56,0.0,19.5,heavy_rain,MEDIUM
2026-08-06T01:20:00,58.62,3.4,0.0,1.59,0.0,56.88,0.0,19.1,heavy_rain,MEDIUM
2026-08-06T01:30:00,54.77,3.4,0.0,-3.85,0.0,56.85,0.0,19.9,heavy_rain,MEDIUM
2026-08-06T01:40:00,48.92,3.4,0.0,-5.85,0.0,56.54,0.0,18.8,heavy_rain,MEDIUM
2026-08-06T01:50:00,54.84,3.4,0.0,5.92,0.0,56.64,0.0,20.3,heavy_rain,MEDIUM
2026-08-06T02:00:00,55.28,3.4,0.0,0.44,0.0,56.66,0.001,19.3,heavy_rain,MEDIUM
2026-08-06T02:10:00,58.47,3.4,0.0,3.2,0.0,56.48,0.0,20.8,heavy_rain,MEDIUM
2026-08-06T02:20:00,59.57,3.4,0.0,1.1,0.0,56.75,0.0,19.2,heavy_rain,MEDIUM
2026-08-06T02:30:00,60.07,3.4,0.0,0.49,0.0,57.07,0.0,19.3,heavy_rain,MEDIUM
2026-08-06T02:40:00,58.82,3.4,0.0,-1.24,0.0,57.17,0.0,19.8,heavy_rain,MEDIUM
2026-08-06T02:50:00,59.57,3.4,0.0,0.74,0.0,57.64,0.0,19.5,heavy_rain,MEDIUM
2026-08-06T03:00:00,55.85,3.4,0.0,-3.72,0.0,57.72,0.0,18.9,heavy_rain,MEDIUM
2026-08-06T03:10:00,46.77,3.4,0.0,-9.07,0.0,57.0,0.0,19.2,heavy_rain,MEDIUM
2026-08-06T03:20:00,57.47,3.4,0.0,10.7,0.0,56.75,0.0,19.0,heavy_rain,MEDIUM
2026-08-06T03:30:00,53.63,3.4,0.0,-3.85,0.0,56.3,0.0,20.0,heavy_rain,MEDIUM
2026-08-06T03:40:00,59.25,3.4,0.0,5.62,0.0,56.29,0.0,19.4,heavy_rain,MEDIUM
2026-08-06T03:50:00,57.44,3.4,0.0,-1.81,0.0,56.27,0.0,19.7,heavy_rain,MEDIUM
2026-08-06T04:00:00,60.12,3.4,0.0,2.68,0.0,56.47,0.0,20.1,heavy_rain,MEDIUM
2026-08-06T04:10:00,65.29,3.4,0.0,5.17,0.0,56.93,0.0,19.9,heavy_rain,MEDIUM
2026-08-06T04:20:00,60.54,3.4,0.0,-4.75,0.0,57.04,0.0,19.3,heavy_rain,MEDIUM
2026-08-06T04:30:00,58.93,3.4,0.0,-1.61,0.0,57.27,0.0,19.8,heavy_rain,MEDIUM
2026-08-06T04:40:00,57.56,3.4,0.0,-1.37,0.0,57.75,0.0,19.6,heavy_rain,MEDIUM
2026-08-06T04:50:00,53.56,3.4,0.0,-4.0,0.0,57.68,0.0,19.6,heavy_rain,MEDIUM
2026-08-06T05:00:00,52.28,3.4,0.0,-1.28,0.0,57.51,0.0,20.1,heavy_rain,MEDIUM
2026-08-06T05:10:00,49.27,3.4,0.0,-3.01,0.0,57.0,0.0,19.9,heavy_rain,MEDIUM
2026-08-06T05:20:00,54.87,3.4,0.0,5.6,0.0,56.74,0.0,19.8,heavy_rain,MEDIUM
2026-08-06T05:30:00,55.61,3.4,0.0,0.74,0.0,56.49,0.0,19.6,heavy_rain,MEDIUM
2026-08-06T05:40:00,61.39,3.4,0.0,5.78,0.0,56.63,0.0,19.6,heavy_rain,MEDIUM
2026-08-06T05:50:00,63.57,3.4,0.0,2.18,0.0,56.86,0.0,20.0,heavy_rain,MEDIUM
2026-08-06T06:00:00,63.44,3.4,0.0,-0.13,0.0,57.28,0.0,19.8,heavy_rain,MEDIUM
2026-08-06T06:10:00,67.6,3.4,0.0,4.16,0.0,58.43,0.0,19.7,heavy_rain,MEDIUM
2026-08-06T06:20:00,56.73,3.4,0.0,-10.87,0.0,58.39,0.0,19.6,heavy_rain,MEDIUM
2026-08-06T06:30:00,55.15,3.4,0.0,-1.58,0.0,58.48,0.0,19.9,heavy_rain,MEDIUM
2026-08-06T06:40:00,51.74,3.4,0.0,-3.41,0.0,58.06,0.0,19.7,heavy_rain,MEDIUM
2026-08-06T06:50:00,49.74,3.4,0.0,-2.0,0.0,57.63,0.0,19.9,heavy_rain,MEDIUM
2026-08-06T07:00:00,51.82,3.4,0.0,2.08,0.0,57.17,0.0,19.4,heavy_rain,MEDIUM
2026-08-06T07:10:00,52.47,3.4,0.0,0.65,0.0,56.46,0.0,19.4,heavy_rain,MEDIUM
2026-08-06T07:20:00,58.36,3.4,0.0,5.89,0.0,56.34,0.0,19.3,heavy_rain,MEDIUM
2026-08-06T07:30:00,58.55,3.4,0.0,0.18,0.0,56.32,0.0,19.4,heavy_rain,MEDIUM
2026-08-06T07:40:00,53.18,3.4,0.0,-5.36,0.0,56.08,0.0,19.4,heavy_rain,MEDIUM
2026-08-06T07:50:00,55.28,3.4,0.0,2.09,0.0,56.17,0.0,18.8,heavy_rain,MEDIUM
2026-08-06T08:00:00,58.56,3.4,0.0,3.29,0.0,56.52,0.0,19.3,heavy_rain,MEDIUM
2026-08-06T08:10:00,49.84,3.4,0.0,-8.73,0.0,56.55,0.0,19.1,heavy_rain,MEDIUM
2026-08-06T08:20:00,56.88,3.4,0.0,7.05,0.0,56.66,0.0,18.9,heavy_rain,MEDIUM
2026-08-06T08:30:00,50.26,3.4,0.0,-6.62,0.0,56.37,0.0,19.8,heavy_rain,MEDIUM
2026-08-06T08:40:00,62.16,3.4,0.0,11.9,0.0,56.41,0.0,20.3,heavy_rain,MEDIUM
2026-08-06T08:50:00,55.01,3.4,0.0,-7.15,0.0,55.93,0.0,19.6,heavy_rain,MEDIUM
2026-08-06T09:00:00,60.78,3.4,0.0,5.78,0.0,55.78,0.0,19.4,heavy_rain,MEDIUM
2026-08-06T09:10:00,63.46,3.4,0.0,2.67,0.0,55.55,0.0,19.2,heavy_rain,MEDIUM
2026-08-06T09:20:00,60.7,3.4,0.0,-2.76,0.0,55.77,0.0,20.1,heavy_rain,MEDIUM
2026-08-06T09:30:00,67.44,3.4,0.0,6.75,0.0,56.46,0.0,19.9,heavy_rain,MEDIUM
2026-08-06T09:40:00,59.75,3.4,0.0,-7.69,0.0,56.9,0.0,19.4,heavy_rain,MEDIUM
2026-08-06T09:50:00,58.27,3.4,0.0,-1.48,0.0,57.38,0.0,20.1,heavy_rain,MEDIUM
2026-08-06T10:00:00,55.63,3.4,0.0,-2.64,0.0,57.59,0.0,19.9,heavy_rain,MEDIUM
2026-08-06T10:10:00,53.41,3.4,0.0,-2.22,0.0,57.64,0.0,19.6,heavy_rain,MEDIUM
2026-08-06T10:20:00,56.03,3.4,0.0,2.62,0.0,57.51,0.0,19.8,heavy_rain,MEDIUM
2026-08-06T10:30:00,52.62,3.4,0.0,-3.41,0.0,57.18,0.0,20.1,heavy_rain,MEDIUM
2026-08-06T10:40:00,53.23,3.4,0.0,0.61,0.0,57.18,0.0,19.8,heavy_rain,MEDIUM
2026-08-06T10:50:00,54.32,3.4,0.0,1.09,0.0,57.13,0.0,19.5,heavy_rain,MEDIUM
2026-08-06T11:00:00,51.56,3.4,0.0,-2.76,0.0,56.74,0.0,19.9,heavy_rain,MEDIUM
2026-08-06T11:10:00,58.09,3.4,0.0,6.53,0.0,57.2,0.0,18.9,heavy_rain,MEDIUM
2026-08-06T11:20:00,58.88,3.4,0.0,0.78,0.0,57.31,0.0,18.7,heavy_rain,MEDIUM
2026-08-06T11:30:00,57.06,3.4,0.0,-1.82,0.0,57.69,0.0,19.1,heavy_rain,MEDIUM
2026-08-06T11:40:00,54.15,3.4,0.0,-2.9,0.0,57.24,0.0,19.1,heavy_rain,MEDIUM
2026-08-06T11:50:00,59.54,3.4,0.0,5.39,0.0,57.5,0.0,19.9,heavy_rain,MEDIUM
2026-08-06T12:00:00,56.59,3.4,0.0,-2.95,0.0,57.26,0.0,19.3,heavy_rain,MEDIUM
2026-08-06T12:10:00,59.14,3.4,0.0,2.55,0.0,57.02,0.0,19.3,heavy_rain,MEDIUM
2026-08-06T12:20:00,53.73,3.4,0.0,-5.42,0.0,56.64,0.0,19.2,heavy_rain,MEDIUM
2026-08-06T12:30:00,56.9,3.4,0.0,3.17,0.0,56.05,0.0,18.8,heavy_rain,MEDIUM
2026-08-06T12:40:00,63.7,3.4,0.0,6.8,0.0,56.27,0.0,19.8,heavy_rain,MEDIUM
2026-08-06T12:50:00,60.9,3.4,0.0,-2.8,0.0,56.42,0.0,20.3,heavy_rain,MEDIUM
2026-08-06T13:00:00,60.89,3.4,0.0,-0.01,0.0,56.71,0.0,19.8,heavy_rain,MEDIUM
2026-08-06T13:10:00,61.41,3.4,0.0,0.52,0.0,57.15,0.0,19.2,heavy_rain,MEDIUM
2026-08-06T13:20:00,59.78,3.4,0.0,-1.63,0.0,57.36,0.0,19.4,heavy_rain,MEDIUM
2026-08-06T13:30:00,61.08,3.4,0.0,1.3,0.0,57.83,0.0,19.7,heavy_rain,MEDIUM
2026-08-06T13:40:00,57.7,3.4,0.0,-3.37,0.0,58.08,0.0,19.7,heavy_rain,MEDIUM
2026-08-06T13:50:00,51.75,3.4,0.0,-5.95,0.0,57.94,0.0,19.1,heavy_rain,MEDIUM
2026-08-06T14:00:00,57.53,3.4,0.0,5.77,0.0,58.27,0.0,19.9,heavy_rain,MEDIUM
2026-08-06T14:10:00,52.38,3.4,0.0,-5.15,0.0,57.95,0.0,19.0,heavy_rain,MEDIUM
2026-08-06T14:20:00,49.02,3.4,0.0,-3.36,0.0,57.4,0.0,19.4,heavy_rain,MEDIUM
2026-08-06T14:30:00,49.74,3.4,0.0,0.73,0.0,57.0,0.0,19.7,heavy_rain,MEDIUM
2026-08-06T14:40:00,41.09,3.4,0.0,-8.65,0.0,56.27,0.0,19.4,heavy_rain,MEDIUM
2026-08-06T14:50:00,47.77,3.4,0.0,6.68,0.0,55.62,0.0,19.1,heavy_rain,MEDIUM
2026-08-06T15:00:00,53.11,3.4,0.0,5.34,0.0,55.42,0.0,19.2,heavy_rain,MEDIUM
2026-08-06T15:10:00,55.39,3.4,0.0,2.28,0.0,55.22,0.0,19.5,heavy_rain,MEDIUM
2026-08-06T15:20:00,57.78,3.4,0.0,2.39,0.0,55.44,0.0,19.5,heavy_rain,MEDIUM
2026-08-06T15:30:00,56.88,3.4,0.0,-0.9,0.0,55.44,0.0,19.5,heavy_rain,MEDIUM
2026-08-06T15:40:00,55.54,3.4,0.0,-1.34,0.0,54.99,0.0,19.4,heavy_rain,MEDIUM
2026-08-06T15:50:00,61.95,3.4,0.0,6.4,0.0,55.04,0.0,20.0,heavy_rain,MEDIUM
2026-08-06T16:00:00,59.13,3.4,0.0,-2.82,0.0,54.95,0.0,19.4,heavy_rain,MEDIUM
2026-08-06T16:10:00,56.85,3.4,0.0,-2.28,0.0,54.69,0.0,18.8,heavy_rain,MEDIUM
2026-08-06T16:20:00,56.91,3.4,0.0,0.06,0.0,54.53,0.0,19.3,heavy_rain,MEDIUM
2026-08-06T16:30:00,58.54,3.4,0.0,1.62,0.0,54.39,0.0,18.9,heavy_rain,MEDIUM
2026-08-06T16:40:00,60.21,3.4,0.0,1.67,0.0,54.53,0.0,19.7,heavy_rain,MEDIUM
2026-08-06T16:50:00,58.08,3.4,0.0,-2.13,0.0,54.88,0.0,19.9,heavy_rain,MEDIUM
2026-08-06T17:00:00,56.21,3.4,0.0,-1.87,0.0,54.81,0.0,19.7,heavy_rain,MEDIUM
2026-08-06T17:10:00,60.58,3.4,0.0,4.38,0.0,55.27,0.0,19.9,heavy_rain,MEDIUM
2026-08-06T17:20:00,58.97,3.4,0.0,-1.61,0.0,55.82,0.0,19.1,heavy_rain,MEDIUM
2026-08-06T17:30:00,60.07,3.4,0.0,1.1,0.0,56.39,0.0,20.0,heavy_rain,MEDIUM
2026-08-06T17:40:00,56.16,3.4,0.0,-3.91,0.0,57.23,0.0,19.4,heavy_rain,MEDIUM
2026-08-06T17:50:00,55.85,3.4,0.0,-0.31,0.0,57.68,0.0,18.9,heavy_rain,MEDIUM
2026-08-06T18:00:00,57.28,3.4,0.0,1.44,0.0,57.91,0.0,19.4,heavy_rain,MEDIUM
2026-08-06T18:10:00,64.4,3.4,0.0,7.11,0.0,58.41,0.0,18.8,heavy_rain,MEDIUM
2026-08-06T18:20:00,64.76,3.4,0.0,0.36,0.0,58.8,0.0,19.5,heavy_rain,MEDIUM
2026-08-06T18:30:00,59.33,3.4,0.0,-5.42,0.0,58.93,0.0,19.8,heavy_rain,MEDIUM
2026-08-06T18:40:00,61.37,3.4,0.0,2.03,0.0,59.26,0.0,19.3,heavy_rain,MEDIUM
2026-08-06T18:50:00,64.87,3.4,0.0,3.5,0.0,59.42,0.0,19.0,heavy_rain,MEDIUM
2026-08-06T19:00:00,62.35,3.4,0.0,-2.52,0.0,59.6,0.0,19.5,heavy_rain,MEDIUM
2026-08-06T19:10:00,62.25,3.4,0.0,-0.1,0.0,59.9,0.0,19.8,heavy_rain,MEDIUM
2026-08-06T19:20:00,58.58,3.4,0.0,-3.67,0.0,59.99,0.0,19.1,heavy_rain,MEDIUM
2026-08-06T19:30:00,54.27,3.4,0.0,-4.31,0.0,59.75,0.0,19.5,heavy_rain,MEDIUM
2026-08-06T19:40:00,55.46,3.4,0.0,1.19,0.0,59.49,0.0,20.1,heavy_rain,MEDIUM
2026-08-06T19:50:00,56.14,3.4,0.0,0.68,0.0,59.38,0.0,19.2,heavy_rain,MEDIUM
2026-08-06T20:00:00,52.71,3.4,0.0,-3.43,0.0,59.19,0.0,19.4,heavy_rain,MEDIUM
2026-08-06T20:10:00,52.65,3.4,0.0,-0.05,0.0,58.75,0.0,19.7,heavy_rain,MEDIUM
2026-08-06T20:20:00,55.66,3.4,0.0,3.01,0.0,58.56,0.0,20.3,heavy_rain,MEDIUM
2026-08-06T20:30:00,54.92,3.4,-0.0012,-0.75,-0.0002,58.28,-0.0,19.6,heavy_rain,MEDIUM
2026-08-06T20:40:00,53.08,3.4,0.0012,-1.84,0.0002,58.11,0.0,19.1,heavy_rain,MEDIUM
2026-08-06T20:50:00,51.42,3.4,0.0,-1.66,0.0,57.86,0.0,19.5,heavy_rain,MEDIUM
2026-08-06T21:00:00,59.94,3.4,0.0,8.52,0.0,58.01,0.0,18.9,heavy_rain,MEDIUM
2026-08-06T21:10:00,59.49,3.4,0.0,-0.45,0.0,57.74,0.0,18.8,heavy_rain,MEDIUM
2026-08-06T21:20:00,57.0,3.4,0.0,-2.49,0.0,57.3,0.0,20.4,heavy_rain,MEDIUM
2026-08-06T21:30:00,53.61,3.4,0.0,-3.4,0.0,56.99,0.0,19.0,heavy_rain,MEDIUM
2026-08-06T21:40:00,57.38,3.4,0.0,3.77,0.0,56.76,0.0,18.9,heavy_rain,MEDIUM
2026-08-06T21:50:00,58.78,3.4,0.0,1.4,0.0,56.43,0.0,19.2,heavy_rain,MEDIUM
2026-08-06T22:00:00,58.05,3.4,0.0,-0.73,0.0,56.19,0.0,19.4,heavy_rain,MEDIUM
2026-08-06T22:10:00,64.42,3.4,0.0,6.37,0.0,56.31,0.0,19.4,heavy_rain,MEDIUM
2026-08-06T22:20:00,57.54,3.4,0.0,-6.88,0.0,56.25,0.0,19.4,heavy_rain,MEDIUM
2026-08-06T22:30:00,54.49,3.4,0.0,-3.05,0.0,56.26,0.0,19.7,heavy_rain,MEDIUM
2026-08-06T22:40:00,52.6,3.4,0.0,-1.89,0.0,56.1,0.0,19.8,heavy_rain,MEDIUM
2026-08-06T22:50:00,56.85,3.4,0.0,4.25,0.0,56.14,0.0,19.1,heavy_rain,MEDIUM
2026-08-06T23:00:00,58.51,3.4,0.0,1.67,0.0,56.47,0.0,19.8,heavy_rain,MEDIUM
2026-08-06T23:10:00,53.0,3.4,0.0,-5.51,0.0,56.48,0.0,19.6,heavy_rain,MEDIUM
2026-08-06T23:20:00,54.42,3.4,0.0,1.42,0.0,56.42,0.0,19.2,heavy_rain,MEDIUM
2026-08-06T23:30:00,51.38,3.4,0.0,-3.05,0.0,56.22,0.0,19.7,heavy_rain,MEDIUM
2026-08-06T23:40:00,54.98,3.4,0.0,3.6,0.0,56.33,0.0,19.1,heavy_rain,MEDIUM
2026-08-06T23:50:00,53.81,3.4,0.0,-1.17,0.0,56.46,0.0,19.2,heavy_rain,MEDIUM
2026-08-07T00:00:00,61.54,3.4,0.0,7.73,0.0,56.55,0.0,19.0,heavy_rain,MEDIUM
2026-08-07T00:10:00,68.36,3.4,0.0,6.82,0.0,57.04,0.0,19.4,heavy_rain,MEDIUM
2026-08-07T00:20:00,67.1,3.4,0.0,-1.26,0.0,57.6,0.0,20.3,heavy_rain,MEDIUM
2026-08-07T00:30:00,61.07,3.4,0.0,-6.03,0.0,58.02,0.0,19.1,heavy_rain,MEDIUM
2026-08-07T00:40:00,54.31,3.4,0.0,-6.76,0.0,57.84,0.0,19.3,heavy_rain,MEDIUM
2026-08-07T00:50:00,53.81,3.4,0.0,-0.5,0.0,57.57,0.0,19.7,heavy_rain,MEDIUM
2026-08-07T01:00:00,60.19,3.4,0.0,6.38,0.0,57.69,0.0,19.8,heavy_rain,MEDIUM
2026-08-07T01:10:00,60.4,3.4,0.0,0.21,0.0,57.46,0.0,19.3,heavy_rain,MEDIUM
2026-08-07T01:20:00,59.83,3.4,0.0,-0.57,0.0,57.59,0.0,19.6,heavy_rain,MEDIUM
2026-08-07T01:30:00,65.03,3.4,0.0,5.2,0.0,58.18,0.0,19.8,heavy_rain,MEDIUM
2026-08-07T01:40:00,58.48,3.4,0.0,-6.55,0.0,58.5,0.0,19.3,heavy_rain,MEDIUM
2026-08-07T01:50:00,56.58,3.4,0.0,-1.9,0.0,58.49,0.0,19.7,heavy_rain,MEDIUM
2026-08-07T02:00:00,56.33,3.4,0.0,-0.25,0.0,58.37,0.0,20.0,heavy_rain,MEDIUM
2026-08-07T02:10:00,52.68,3.4,0.0,-3.65,0.0,58.35,0.0,19.4,heavy_rain,MEDIUM
2026-08-07T02:20:00,58.95,3.4,0.0,6.27,0.0,58.6,0.0,19.7,heavy_rain,MEDIUM
2026-08-07T02:30:00,57.43,3.4,0.0,-1.52,0.0,58.94,0.0,19.3,heavy_rain,MEDIUM
2026-08-07T02:40:00,56.53,3.4,0.0,-0.91,0.0,59.02,0.0,18.9,heavy_rain,MEDIUM
2026-08-07T02:50:00,59.44,3.4,0.0,2.92,0.0,59.34,0.0,19.5,heavy_rain,MEDIUM
2026-08-07T03:00:00,56.36,3.4,0.0,-3.08,0.0,59.05,0.0,19.5,heavy_rain,MEDIUM
2026-08-07T03:10:00,59.89,3.4,0.0,3.53,0.0,58.58,0.0,19.8,heavy_rain,MEDIUM
2026-08-07T03:20:00,59.54,3.4,0.0,-0.35,0.0,58.16,0.0,19.5,heavy_rain,MEDIUM
2026-08-07T03:30:00,64.77,3.4,0.0,5.23,0.0,58.36,0.0,19.1,heavy_rain,MEDIUM
2026-08-07T03:40:00,61.83,3.4,0.0,-2.94,0.0,58.78,0.0,19.1,heavy_rain,MEDIUM
2026-08-07T03:50:00,59.01,3.4,0.0,-2.83,0.0,59.07,0.0,19.2,heavy_rain,MEDIUM
2026-08-07T04:00:00,61.23,3.4,0.0,2.22,0.0,59.13,0.0,18.5,heavy_rain,MEDIUM
2026-08-07T04:10:00,67.62,3.4,0.0,6.4,0.0,59.53,0.0,19.8,heavy_rain,MEDIUM
2026-08-07T04:20:00,67.75,3.4,0.0,0.13,0.0,59.97,0.0,19.1,heavy_rain,MEDIUM
2026-08-07T04:30:00,59.91,3.4,0.0,-7.84,0.0,59.69,0.0,19.3,heavy_rain,MEDIUM
2026-08-07T04:40:00,62.44,3.4,0.0,2.52,0.0,59.91,0.0,19.0,heavy_rain,MEDIUM
2026-08-07T04:50:00,55.58,3.4,0.0,-6.85,0.0,59.85,0.0,19.7,heavy_rain,MEDIUM
2026-08-07T05:00:00,48.9,3.4,0.0,-6.69,0.0,59.44,0.0,19.6,heavy_rain,MEDIUM
2026-08-07T05:10:00,46.58,3.4,0.0,-2.32,0.0,59.1,0.0,20.3,heavy_rain,MEDIUM
2026-08-07T05:20:00,48.12,3.4,0.0,1.54,0.0,58.5,0.0,19.4,heavy_rain,MEDIUM
2026-08-07T05:30:00,56.06,3.4,0.0,7.94,0.0,58.42,0.0,19.0,heavy_rain,MEDIUM
2026-08-07T05:40:00,52.97,3.4,0.0,-3.09,0.0,58.22,0.0,19.7,heavy_rain,MEDIUM
2026-08-07T05:50:00,54.67,3.4,0.0,1.7,0.0,57.96,0.0,18.7,heavy_rain,MEDIUM
2026-08-07T06:00:00,52.0,3.4,0.0,-2.67,0.0,57.71,0.0,19.5,heavy_rain,MEDIUM
2026-08-07T06:10:00,50.14,3.4,0.0,-1.86,0.0,57.17,0.0,19.2,heavy_rain,MEDIUM
2026-08-07T06:20:00,53.94,3.4,0.0,3.8,0.0,56.86,0.0,19.2,heavy_rain,MEDIUM
2026-08-07T06:30:00,57.08,3.4,0.0,3.14,0.0,56.43,0.0,19.6,heavy_rain,MEDIUM
2026-08-07T06:40:00,62.23,3.4,0.0,5.15,0.0,56.46,0.0,19.4,heavy_rain,MEDIUM
2026-08-07T06:50:00,63.38,3.4,0.0,1.15,0.0,56.7,0.0,19.8,heavy_rain,MEDIUM
2026-08-07T07:00:00,56.58,3.4,0.0,-6.79,0.0,56.44,0.0,19.4,heavy_rain,MEDIUM
2026-08-07T07:10:00,55.42,3.4,0.0,-1.16,0.0,55.76,0.0,18.9,heavy_rain,MEDIUM
2026-08-07T07:20:00,56.78,3.4,0.0,1.35,0.0,55.15,0.0,19.1,heavy_rain,MEDIUM
2026-08-07T07:30:00,59.59,3.4,0.0,2.82,0.0,55.14,0.0,19.8,heavy_rain,MEDIUM
2026-08-07T07:40:00,62.79,3.4,0.0,3.19,0.0,55.15,0.0,18.9,heavy_rain,MEDIUM
2026-08-07T07:50:00,59.74,3.4,0.0,-3.05,0.0,55.39,0.0,18.8,heavy_rain,MEDIUM
2026-08-07T08:00:00,57.13,3.4,0.0,-2.61,0.0,55.84,0.0,19.3,heavy_rain,MEDIUM
2026-08-07T08:10:00,56.41,3.4,0.0,-0.72,0.0,56.39,0.0,20.1,heavy_rain,MEDIUM
2026-08-07T08:20:00,58.33,3.4,0.0,1.92,0.0,56.96,0.0,18.9,heavy_rain,MEDIUM
2026-08-07T08:30:00,62.07,3.4,0.0,3.74,0.0,57.29,0.0,19.2,heavy_rain,MEDIUM
2026-08-07T08:40:00,55.31,3.4,0.0,-6.76,0.0,57.42,0.0,19.5,heavy_rain,MEDIUM
2026-08-07T08:50:00,51.06,3.4,0.0,-4.25,0.0,57.22,0.0,19.1,heavy_rain,MEDIUM
2026-08-07T09:00:00,50.88,3.4,0.0,-0.18,0.0,57.16,0.0,20.0,heavy_rain,MEDIUM
2026-08-07T09:10:00,52.74,3.4,0.0,1.86,0.0,57.3,0.0,19.8,heavy_rain,MEDIUM
2026-08-07T09:20:00,54.27,3.4,0.0,1.53,0.0,57.32,0.0,19.0,heavy_rain,MEDIUM
2026-08-07T09:30:00,59.49,3.4,0.0,5.22,0.0,57.46,0.0,20.2,heavy_rain,MEDIUM
2026-08-07T09:40:00,63.79,3.4,0.0,4.29,0.0,57.54,0.0,19.4,heavy_rain,MEDIUM
2026-08-07T09:50:00,72.24,3.4,0.0,8.45,0.0,58.04,0.0,19.2,heavy_rain,MEDIUM
2026-08-07T10:00:00,63.8,3.4,0.0,-8.44,0.0,58.44,0.0,19.7,heavy_rain,MEDIUM
2026-08-07T10:10:00,66.25,3.4,0.0,2.45,0.0,59.04,0.0,19.8,heavy_rain,MEDIUM
2026-08-07T10:20:00,70.13,3.4,0.0,3.88,0.0,59.78,0.0,18.9,heavy_rain,MEDIUM
2026-08-07T10:30:00,71.26,3.4,0.0,1.13,0.0,60.43,0.0,19.6,heavy_rain,MEDIUM
2026-08-07T10:40:00,66.2,3.4,0.0,-5.06,0.0,60.62,0.0,19.5,heavy_rain,MEDIUM
2026-08-07T10:50:00,65.1,3.4,0.0,-1.1,0.0,60.91,0.0,19.1,heavy_rain,MEDIUM
2026-08-07T11:00:00,61.59,3.4,0.0,-3.51,0.0,61.16,0.0,18.7,heavy_rain,MEDIUM
2026-08-07T11:10:00,68.42,3.4,0.0,6.84,0.0,61.83,0.0,20.0,heavy_rain,MEDIUM
2026-08-07T11:20:00,64.95,3.4,0.0,-3.47,0.0,62.2,0.0,19.4,heavy_rain,MEDIUM
2026-08-07T11:30:00,58.31,3.4,0.0,-6.64,0.0,61.99,0.0,19.4,heavy_rain,MEDIUM
2026-08-07T11:40:00,54.39,3.4,0.0,-3.92,0.0,61.94,0.0,19.6,heavy_rain,MEDIUM
2026-08-07T11:50:00,51.45,3.4,0.0,-2.94,0.0,61.96,0.0,20.1,heavy_rain,MEDIUM
2026-08-07T12:00:00,57.71,3.4,0.0,6.25,0.0,62.34,0.0,19.2,heavy_rain,MEDIUM
2026-08-07T12:10:00,55.45,3.4,0.0,-2.26,0.0,62.49,0.0,19.3,heavy_rain,MEDIUM
2026-08-07T12:20:00,62.98,3.4,0.0,7.53,0.0,62.97,0.0,19.9,heavy_rain,MEDIUM
2026-08-07T12:30:00,56.89,3.4,0.0,-6.09,0.0,62.83,0.0,19.3,heavy_rain,MEDIUM
2026-08-07T12:40:00,51.92,3.4,0.0,-4.98,0.0,62.17,0.0,19.4,heavy_rain,MEDIUM
2026-08-07T12:50:00,50.84,3.4,0.0,-1.07,0.0,60.98,0.0,19.9,heavy_rain,MEDIUM
2026-08-07T13:00:00,51.7,3.4,0.0,0.85,0.0,60.31,0.0,19.4,heavy_rain,MEDIUM
2026-08-07T13:10:00,52.33,3.4,0.0,0.63,0.0,59.53,0.0,19.2,heavy_rain,MEDIUM
2026-08-07T13:20:00,52.0,3.4,0.0,-0.33,0.0,58.53,0.0,19.3,heavy_rain,MEDIUM
2026-08-07T13:30:00,61.17,3.4,0.0,9.17,0.0,57.97,0.0,18.8,heavy_rain,MEDIUM
2026-08-07T13:40:00,62.04,3.4,0.0,0.87,0.0,57.74,0.0,19.7,heavy_rain,MEDIUM
2026-08-07T13:50:00,55.9,3.4,0.0,-6.14,0.0,57.22,0.0,19.6,heavy_rain,MEDIUM
2026-08-07T14:00:00,53.82,3.4,0.0,-2.08,0.0,56.79,0.0,19.9,heavy_rain,MEDIUM
2026-08-07T14:10:00,50.17,3.4,0.0,-3.65,0.0,55.78,0.0,19.6,heavy_rain,MEDIUM
2026-08-07T14:20:00,48.38,3.4,0.0,-1.78,0.0,54.86,0.0,19.5,heavy_rain,MEDIUM
2026-08-07T14:30:00,51.81,3.4,0.0,3.42,0.0,54.5,0.0,20.2,heavy_rain,MEDIUM
2026-08-07T14:40:00,54.77,3.4,0.0,2.97,0.0,54.52,0.0,19.6,heavy_rain,MEDIUM
2026-08-07T14:50:00,53.84,3.4,0.0,-0.93,0.0,54.65,0.0,19.0,heavy_rain,MEDIUM
2026-08-07T15:00:00,54.84,3.4,0.0,1.0,0.0,54.49,0.0,18.8,heavy_rain,MEDIUM
2026-08-07T15:10:00,60.06,3.4,0.0,5.22,0.0,54.75,0.0,19.5,heavy_rain,MEDIUM
2026-08-07T15:20:00,60.27,3.4,0.0,0.2,0.0,54.6,0.0,19.1,heavy_rain,MEDIUM
2026-08-07T15:30:00,60.88,3.4,0.0,0.61,0.0,54.82,0.0,18.6,heavy_rain,MEDIUM
2026-08-07T15:40:00,63.26,3.4,0.0,2.38,0.0,55.45,0.0,18.5,heavy_rain,MEDIUM
2026-08-07T15:50:00,59.12,3.4,0.0,-4.14,0.0,55.91,0.0,19.5,heavy_rain,MEDIUM
2026-08-07T16:00:00,63.37,3.4,0.0,4.26,0.0,56.56,0.0,18.9,heavy_rain,MEDIUM
2026-08-07T16:10:00,63.34,3.4,0.0,-0.04,0.0,57.17,0.0,19.5,heavy_rain,MEDIUM
2026-08-07T16:20:00,56.36,3.4,0.0,-6.98,0.0,57.41,0.0,19.7,heavy_rain,MEDIUM
2026-08-07T16:30:00,57.44,3.4,0.0,1.08,0.0,57.2,0.0,19.1,heavy_rain,MEDIUM
2026-08-07T16:40:00,57.79,3.4,0.0,0.34,0.0,56.97,0.0,20.0,heavy_rain,MEDIUM
2026-08-07T16:50:00,56.08,3.4,0.0,-1.7,0.0,56.98,0.0,19.3,heavy_rain,MEDIUM
2026-08-07T17:00:00,59.13,3.4,0.0,3.05,0.0,57.27,0.0,19.7,heavy_rain,MEDIUM
2026-08-07T17:10:00,54.47,3.4,0.0,-4.66,0.0,57.51,0.0,18.8,heavy_rain,MEDIUM
2026-08-07T17:20:00,56.08,3.4,0.0,1.61,0.0,57.94,0.0,20.2,heavy_rain,MEDIUM
2026-08-07T17:30:00,58.1,3.4,0.0,2.02,0.0,58.29,0.0,19.2,heavy_rain,MEDIUM
2026-08-07T17:40:00,66.96,3.4,0.0,8.86,0.0,58.97,0.0,18.8,heavy_rain,MEDIUM
2026-08-07T17:50:00,61.14,3.4,0.0,-5.81,0.0,59.37,0.0,19.8,heavy_rain,MEDIUM
2026-08-07T18:00:00,54.01,3.4,0.0,-7.14,0.0,59.33,0.0,19.0,heavy_rain,MEDIUM
2026-08-07T18:10:00,51.46,3.4,0.0,-2.54,0.0,58.85,0.0,19.0,heavy_rain,MEDIUM
2026-08-07T18:20:00,51.71,3.4,0.0,0.25,0.0,58.37,0.0,20.4,heavy_rain,MEDIUM
2026-08-07T18:30:00,58.14,3.4,0.0,6.42,0.0,58.22,0.0,19.8,heavy_rain,MEDIUM
2026-08-07T18:40:00,55.76,3.4,0.0,-2.38,0.0,57.8,0.0,19.1,heavy_rain,MEDIUM
2026-08-07T18:50:00,55.01,3.4,0.0,-0.75,0.0,57.58,0.0,19.8,heavy_rain,MEDIUM
2026-08-07T19:00:00,51.5,3.4,0.0,-3.51,0.0,56.92,0.0,19.5,heavy_rain,MEDIUM
2026-08-07T19:10:00,51.23,3.4,0.0,-0.27,0.0,56.24,0.0,19.5,heavy_rain,MEDIUM
2026-08-07T19:20:00,49.13,3.4,0.0,-2.1,0.0,55.84,0.0,19.7,heavy_rain,MEDIUM
2026-08-07T19:30:00,54.69,3.4,0.0,5.56,0.0,55.69,0.0,20.0,heavy_rain,MEDIUM
2026-08-07T19:40:00,53.37,3.4,0.0,-1.32,0.0,55.44,0.0,20.1,heavy_rain,MEDIUM
2026-08-07T19:50:00,47.4,3.4,0.0,-5.97,0.0,54.96,0.0,19.0,heavy_rain,MEDIUM
2026-08-07T20:00:00,47.08,3.4,0.0,-0.32,0.0,54.29,0.0,20.3,heavy_rain,MEDIUM
2026-08-07T20:10:00,43.24,3.4,0.0,-3.84,0.0,53.67,0.0,20.2,heavy_rain,MEDIUM
2026-08-07T20:20:00,50.11,3.4,0.0,6.87,0.0,53.34,0.0,19.6,heavy_rain,MEDIUM
2026-08-07T20:30:00,53.0,3.4,0.0,2.89,0.0,53.05,0.0,19.4,heavy_rain,MEDIUM
2026-08-07T20:40:00,53.97,3.4,0.0,0.97,0.0,52.33,0.0,19.5,heavy_rain,MEDIUM
2026-08-07T20:50:00,53.36,3.4,0.0,-0.61,0.0,51.9,0.0,19.1,heavy_rain,MEDIUM
2026-08-07T21:00:00,61.29,3.4,0.0,7.93,0.0,52.3,0.0,19.9,heavy_rain,MEDIUM
2026-08-07T21:10:00,68.31,3.4,0.0,7.02,0.0,53.24,0.0,19.4,heavy_rain,MEDIUM
2026-08-07T21:20:00,63.98,3.4,0.0,-4.34,0.0,53.92,0.0,19.6,heavy_rain,MEDIUM
2026-08-07T21:30:00,59.97,3.4,0.0,-4.01,0.0,54.02,0.0,19.8,heavy_rain,MEDIUM
2026-08-07T21:40:00,59.54,3.4,0.0,-0.43,0.0,54.23,0.0,19.2,heavy_rain,MEDIUM
2026-08-07T21:50:00,64.41,3.4,0.0,4.87,0.0,54.76,0.0,19.9,heavy_rain,MEDIUM
2026-08-07T22:00:00,59.37,3.4,0.0,-5.04,0.0,55.19,0.0,19.4,heavy_rain,MEDIUM
2026-08-07T22:10:00,59.94,3.4,0.0,0.57,0.0,55.68,0.0,19.1,heavy_rain,MEDIUM
2026-08-07T22:20:00,61.82,3.4,0.0,1.88,0.0,56.38,0.0,19.8,heavy_rain,MEDIUM
2026-08-07T22:30:00,60.3,3.4,0.0,-1.52,0.0,56.69,0.0,19.3,heavy_rain,MEDIUM
2026-08-07T22:40:00,62.43,3.4,0.0,2.13,0.0,57.2,0.0,18.8,heavy_rain,MEDIUM
2026-08-07T22:50:00,65.98,3.4,0.0,3.55,0.0,58.23,0.0,19.6,heavy_rain,MEDIUM
2026-08-07T23:00:00,66.67,3.4,0.0,0.69,0.0,59.32,0.0,19.4,heavy_rain,MEDIUM
2026-08-07T23:10:00,60.48,3.4,0.0,-6.19,0.0,60.27,0.0,19.9,heavy_rain,MEDIUM
2026-08-07T23:20:00,56.48,3.4,0.0,-4.0,0.0,60.63,0.0,19.7,heavy_rain,MEDIUM
2026-08-07T23:30:00,56.33,3.4,0.0,-0.15,0.0,60.81,0.0,19.6,heavy_rain,MEDIUM
2026-08-07T23:40:00,56.29,3.4,0.0,-0.04,0.0,60.94,0.0,19.1,heavy_rain,MEDIUM
2026-08-07T23:50:00,57.89,3.4,0.0,1.6,0.0,61.19,0.0,20.2,heavy_rain,MEDIUM
2026-08-08T00:00:00,53.01,3.4,0.0,-4.88,0.0,60.73,0.0,18.9,heavy_rain,MEDIUM
2026-08-08T00:10:00,52.91,3.4,0.0,-0.1,0.0,59.88,0.0,19.6,heavy_rain,MEDIUM
2026-08-08T00:20:00,51.32,3.398,-0.0144,-1.59,-0.0024,59.18,-0.002,19.4,heavy_rain,MEDIUM
2026-08-08T00:30:00,48.5,3.4,0.0144,-2.82,0.0024,58.54,0.0,19.4,heavy_rain,MEDIUM
2026-08-08T00:40:00,55.06,3.4,0.0,6.56,0.0,58.29,0.0,19.4,heavy_rain,MEDIUM
2026-08-08T00:50:00,57.43,3.4,0.0,2.37,0.0,57.9,0.0,19.5,heavy_rain,MEDIUM
2026-08-08T01:00:00,53.6,3.4,0.0,-3.84,0.0,57.58,0.0,19.9,heavy_rain,MEDIUM
2026-08-08T01:10:00,50.22,3.4,0.0,-3.38,0.0,57.04,0.0,20.2,heavy_rain,MEDIUM
2026-08-08T01:20:00,49.31,3.4,0.0,-0.91,0.0,56.35,0.0,19.6,heavy_rain,MEDIUM
2026-08-08T01:30:00,51.92,3.4,0.0,2.61,0.0,55.88,0.0,19.1,heavy_rain,MEDIUM
2026-08-08T01:40:00,50.9,3.4,0.0,-1.02,0.0,55.24,0.0,19.4,heavy_rain,MEDIUM
2026-08-08T01:50:00,50.88,3.4,0.0,-0.02,0.0,54.4,0.0,19.3,heavy_rain,MEDIUM
2026-08-08T02:00:00,60.49,3.4,0.0,9.61,0.0,54.06,0.0,20.1,heavy_rain,MEDIUM
2026-08-08T02:10:00,51.05,3.4,0.0,-9.44,0.0,53.53,0.0,20.1,heavy_rain,MEDIUM
2026-08-08T02:20:00,49.98,3.4,0.0,-1.07,0.0,53.17,0.0,19.8,heavy_rain,MEDIUM
2026-08-08T02:30:00,49.45,3.4,0.0,-0.53,0.0,52.79,0.0,19.5,heavy_rain,MEDIUM
2026-08-08T02:40:00,52.46,3.4,0.0,3.01,0.0,52.58,0.0,19.4,heavy_rain,MEDIUM
2026-08-08T02:50:00,54.39,3.4,0.0,1.93,0.0,52.38,0.0,19.2,heavy_rain,MEDIUM
2026-08-08T03:00:00,52.56,3.4,0.0,-1.83,0.0,52.36,0.0,19.1,heavy_rain,MEDIUM
2026-08-08T03:10:00,59.05,3.4,0.0,6.49,0.0,52.7,0.002,19.0,heavy_rain,MEDIUM
2026-08-08T03:20:00,54.71,3.4,0.0,-4.34,0.0,52.89,0.0,18.7,heavy_rain,MEDIUM
2026-08-08T03:30:00,59.41,3.4,0.0,4.7,0.0,53.49,0.0,19.2,heavy_rain,MEDIUM
2026-08-08T03:40:00,55.9,3.4,0.0,-3.51,0.0,53.54,0.0,19.4,heavy_rain,MEDIUM
2026-08-08T03:50:00,50.53,3.4,0.0,-5.37,0.0,53.16,0.0,19.6,heavy_rain,MEDIUM
2026-08-08T04:00:00,52.71,3.4,0.0,2.18,0.0,53.11,0.0,19.2,heavy_rain,MEDIUM
2026-08-08T04:10:00,52.02,3.4,0.0,-0.69,0.0,53.21,0.0,19.8,heavy_rain,MEDIUM
2026-08-08T04:20:00,47.65,3.4,0.0,-4.37,0.0,53.12,0.0,20.0,heavy_rain,MEDIUM
2026-08-08T04:30:00,47.22,3.4,0.0,-0.43,0.0,52.85,0.0,19.1,heavy_rain,MEDIUM
2026-08-08T04:40:00,43.38,3.4,0.0,-3.84,0.0,52.44,0.0,19.6,heavy_rain,MEDIUM
2026-08-08T04:50:00,46.94,3.4,0.0,3.56,0.0,52.22,0.0,19.1,heavy_rain,MEDIUM
2026-08-08T05:00:00,50.96,3.4,0.0,4.01,0.0,51.69,0.0,20.5,heavy_rain,MEDIUM
2026-08-08T05:10:00,51.09,3.4,0.0,0.13,0.0,51.69,0.0,19.9,heavy_rain,MEDIUM
2026-08-08T05:20:00,61.02,3.4,0.0,9.94,0.0,52.3,0.0,20.2,heavy_rain,MEDIUM
2026-08-08T05:30:00,55.72,3.4,0.0,-5.3,0.0,52.65,0.0,19.6,heavy_rain,MEDIUM
2026-08-08T05:40:00,60.15,3.4,0.0,4.43,0.0,53.08,0.0,18.8,heavy_rain,MEDIUM
2026-08-08T05:50:00,59.7,3.4,0.0,-0.45,0.0,53.37,0.0,19.3,heavy_rain,MEDIUM
2026-08-08T06:00:00,62.61,3.4,0.0,2.91,0.0,53.93,0.0,19.1,heavy_rain,MEDIUM
2026-08-08T06:10:00,64.32,3.4,0.0,1.71,0.0,54.22,0.0,19.3,heavy_rain,MEDIUM
2026-08-08T06:20:00,58.23,3.4,0.0,-6.09,0.0,54.42,0.0,19.4,heavy_rain,MEDIUM
2026-08-08T06:30:00,57.74,3.4,0.0,-0.5,0.0,54.33,0.0,19.0,heavy_rain,MEDIUM
2026-08-08T06:40:00,60.58,3.4,0.0,2.84,0.0,54.59,0.0,19.8,heavy_rain,MEDIUM
2026-08-08T06:50:00,63.49,3.4,0.0,2.92,0.0,55.31,0.0,19.3,heavy_rain,MEDIUM
2026-08-08T07:00:00,67.55,3.4,0.0,4.06,0.0,56.13,0.0,19.7,heavy_rain,MEDIUM
2026-08-08T07:10:00,66.36,3.4,0.0,-1.19,0.0,56.93,0.0,19.8,heavy_rain,MEDIUM
2026-08-08T07:20:00,58.98,3.4,0.0,-7.37,0.0,57.56,0.0,19.6,heavy_rain,MEDIUM
2026-08-08T07:30:00,47.87,3.315,-0.5124,-11.11,-0.0854,57.59,-0.085,19.8,normal,MEDIUM
2026-08-08T07:40:00,40.27,3.24,-0.4458,-7.6,-0.0743,57.42,-0.16,20.2,normal,MEDIUM
2026-08-08T07:50:00,33.76,3.157,-0.5028,-6.51,-0.0838,56.69,-0.243,20.0,normal,MEDIUM
2026-08-08T08:00:00,28.51,3.028,-0.771,-5.25,-0.1285,55.44,-0.372,20.5,normal,MEDIUM
2026-08-08T08:10:00,24.92,2.926,-0.6096,-3.59,-0.1016,53.99,-0.474,19.8,normal,MEDIUM
2026-08-08T08:20:00,20.8,2.805,-0.7284,-4.12,-0.1214,51.75,-0.595,20.0,normal,MEDIUM
2026-08-08T08:30:00,17.78,2.653,-0.9108,-3.02,-0.1518,49.65,-0.747,19.9,normal,MEDIUM
2026-08-08T08:40:00,14.21,2.542,-0.6696,-3.56,-0.1116,47.09,-0.858,20.2,normal,MEDIUM
2026-08-08T08:50:00,12.4,2.429,-0.678,-1.81,-0.113,44.47,-0.971,19.7,normal,MEDIUM
2026-08-08T09:00:00,11.2,2.399,-0.1788,-1.2,-0.0298,41.61,-1.001,20.2,normal,MEDIUM
2026-08-08T09:10:00,11.48,2.303,-0.5766,0.28,-0.0961,38.67,-1.097,20.5,normal,MEDIUM
2026-08-08T09:20:00,11.23,2.218,-0.5106,-0.25,-0.0851,36.06,-1.182,19.6,normal,MEDIUM
2026-08-08T09:30:00,10.27,2.143,-0.4458,-0.96,-0.0743,33.43,-1.257,20.0,normal,MEDIUM
2026-08-08T09:40:00,8.18,2.047,-0.5778,-2.08,-0.0963,30.51,-1.353,20.0,normal,MEDIUM
2026-08-08T09:50:00,7.93,2.006,-0.2466,-0.25,-0.0411,27.43,-1.394,20.6,normal,MEDIUM
2026-08-08T10:00:00,7.93,1.913,-0.5598,0.0,-0.0933,24.12,-1.487,20.6,normal,LOW
2026-08-08T10:10:00,7.04,1.853,-0.3582,-0.89,-0.0597,20.82,-1.547,20.1,normal,LOW
2026-08-08T10:20:00,6.38,1.768,-0.51,-0.66,-0.085,17.9,-1.547,20.5,normal,LOW
2026-08-08T10:30:00,6.07,1.747,-0.1278,-0.31,-0.0213,15.58,-1.494,20.0,normal,LOW
2026-08-08T10:40:00,6.55,1.707,-0.2394,0.47,-0.0399,13.7,-1.45,19.9,normal,LOW
2026-08-08T10:50:00,7.57,1.638,-0.4122,1.02,-0.0687,12.25,-1.39,20.7,normal,LOW
2026-08-08T11:00:00,5.61,1.568,-0.4194,-1.96,-0.0699,10.97,-1.358,19.9,normal,LOW
2026-08-08T11:10:00,4.25,1.558,-0.0612,-1.36,-0.0102,9.83,-1.247,20.2,normal,LOW
2026-08-08T11:20:00,5.27,1.518,-0.24,1.02,-0.04,8.96,-1.135,20.1,normal,LOW
2026-08-08T11:30:00,7.36,1.507,-0.0648,2.09,-0.0108,8.38,-1.035,20.1,normal,LOW
2026-08-08T11:40:00,7.46,1.505,-0.0108,0.1,-0.0018,8.01,-0.923,20.3,normal,LOW
2026-08-08T11:50:00,7.01,1.466,-0.2376,-0.44,-0.0396,7.71,-0.933,20.2,normal,LOW
2026-08-08T12:00:00,5.82,1.393,-0.4368,-1.19,-0.0728,7.41,-0.91,20.1,normal,LOW
2026-08-08T12:10:00,4.99,1.387,-0.0336,-0.83,-0.0056,7.05,-0.83,20.2,normal,LOW
2026-08-08T12:20:00,5.01,1.379,-0.0486,0.02,-0.0081,6.71,-0.764,19.5,normal,LOW
2026-08-08T12:30:00,3.95,1.371,-0.051,-1.06,-0.0085,6.35,-0.676,20.5,normal,LOW
2026-08-08T12:40:00,3.99,1.391,0.1194,0.04,0.0199,6.12,-0.615,20.1,normal,LOW
2026-08-08T12:50:00,3.6,1.39,-0.0012,-0.39,-0.0002,5.88,-0.522,20.3,normal,LOW
2026-08-08T13:00:00,3.24,1.404,0.0822,-0.37,0.0137,5.62,-0.449,19.9,normal,LOW
2026-08-08T13:10:00,4.18,1.38,-0.1422,0.95,-0.0237,5.46,-0.388,20.0,normal,LOW
2026-08-08T13:20:00,3.82,1.357,-0.1386,-0.36,-0.0231,5.32,-0.389,20.3,normal,LOW
2026-08-08T13:30:00,2.87,1.375,0.108,-0.95,0.018,5.14,-0.331,19.9,normal,LOW
2026-08-08T13:40:00,4.37,1.364,-0.066,1.5,-0.011,5.02,-0.274,20.4,normal,LOW
2026-08-08T13:50:00,4.57,1.322,-0.252,0.2,-0.042,4.85,-0.246,20.4,normal,LOW
2026-08-08T14:00:00,5.24,1.307,-0.0942,0.67,-0.0157,4.83,-0.251,20.5,normal,LOW
2026-08-08T14:10:00,4.05,1.302,-0.0276,-1.19,-0.0046,4.82,-0.216,19.9,normal,LOW
2026-08-08T14:20:00,5.59,1.297,-0.0288,1.55,-0.0048,4.84,-0.21,20.8,normal,LOW
2026-08-08T14:30:00,4.71,1.295,-0.0114,-0.88,-0.0019,4.69,-0.21,20.5,normal,LOW
2026-08-08T14:40:00,5.54,1.277,-0.1074,0.83,-0.0179,4.59,-0.188,20.0,normal,LOW
2026-08-08T14:50:00,5.0,1.294,0.1014,-0.54,0.0169,4.48,-0.099,20.1,normal,LOW
2026-08-08T15:00:00,6.41,1.265,-0.177,1.41,-0.0295,4.51,-0.123,20.1,normal,LOW
2026-08-08T15:10:00,5.84,1.282,0.1044,-0.58,0.0174,4.56,-0.097,20.3,normal,LOW
2026-08-08T15:20:00,5.16,1.295,0.0804,-0.67,0.0134,4.56,-0.075,20.5,normal,LOW
2026-08-08T15:30:00,3.85,1.277,-0.1134,-1.31,-0.0189,4.56,-0.114,19.7,normal,LOW
2026-08-08T15:40:00,4.88,1.286,0.0558,1.02,0.0093,4.61,-0.104,20.1,normal,LOW
2026-08-08T15:50:00,6.14,1.291,0.0312,1.27,0.0052,4.75,-0.113,20.3,normal,LOW
2026-08-08T16:00:00,4.62,1.294,0.0174,-1.52,0.0029,4.83,-0.086,20.6,normal,LOW
2026-08-08T16:10:00,4.81,1.305,0.0678,0.19,0.0113,4.86,-0.052,20.7,normal,LOW
2026-08-08T16:20:00,6.48,1.281,-0.1464,1.67,-0.0244,5.01,-0.094,20.2,normal,LOW
2026-08-08T16:30:00,6.94,1.303,0.1302,0.46,0.0217,5.23,-0.062,20.4,normal,LOW
2026-08-08T16:40:00,7.43,1.287,-0.096,0.49,-0.016,5.4,-0.036,20.7,normal,LOW
2026-08-08T16:50:00,6.14,1.3,0.081,-1.28,0.0135,5.49,-0.007,20.2,normal,LOW
2026-08-08T17:00:00,7.44,1.278,-0.1308,1.3,-0.0218,5.61,-0.024,20.5,normal,LOW
2026-08-08T17:10:00,7.97,1.287,0.0498,0.53,0.0083,5.83,-0.011,21.2,normal,LOW
2026-08-08T17:20:00,6.42,1.276,-0.0618,-1.55,-0.0103,5.88,-0.019,20.7,normal,LOW
2026-08-08T17:30:00,6.29,1.309,0.198,-0.12,0.033,5.96,0.032,20.6,normal,LOW
2026-08-08T17:40:00,5.44,1.305,-0.0246,-0.85,-0.0041,5.96,0.011,20.5,normal,LOW
2026-08-08T17:50:00,5.94,1.353,0.2868,0.5,0.0478,6.01,0.088,21.2,normal,LOW
2026-08-08T18:00:00,5.27,1.347,-0.0348,-0.67,-0.0058,5.95,0.065,20.8,normal,LOW
2026-08-08T18:10:00,5.51,1.31,-0.2214,0.24,-0.0369,5.93,0.015,20.8,normal,LOW
2026-08-08T18:20:00,4.97,1.315,0.0264,-0.55,0.0044,5.92,0.038,20.9,normal,LOW
2026-08-08T18:30:00,4.14,1.319,0.0234,-0.83,0.0039,5.93,0.033,20.9,normal,LOW
2026-08-08T18:40:00,5.08,1.299,-0.1158,0.95,-0.0193,5.95,0.008,20.8,normal,LOW
2026-08-08T18:50:00,5.11,1.31,0.0624,0.03,0.0104,5.89,0.016,21.4,normal,LOW
2026-08-08T19:00:00,6.44,1.27,-0.2394,1.33,-0.0399,5.99,-0.035,21.5,normal,LOW
2026-08-08T19:10:00,8.21,1.295,0.1488,1.77,0.0248,6.18,0.014,21.5,normal,LOW
2026-08-08T19:20:00,6.59,1.314,0.1134,-1.62,0.0189,6.18,0.011,20.8,normal,LOW
2026-08-08T19:30:00,5.96,1.33,0.0996,-0.64,0.0166,6.13,0.044,20.8,normal,LOW
2026-08-08T19:40:00,7.26,1.352,0.1302,1.3,0.0217,6.12,0.052,20.9,normal,LOW
2026-08-08T19:50:00,7.3,1.33,-0.132,0.04,-0.022,6.19,0.052,21.6,normal,LOW
2026-08-08T20:00:00,8.05,1.315,-0.0894,0.75,-0.0149,6.22,0.028,21.8,normal,LOW
2026-08-08T20:10:00,7.06,1.307,-0.0456,-1.0,-0.0076,6.17,0.031,21.1,normal,LOW
2026-08-08T20:20:00,8.03,1.319,0.0678,0.98,0.0113,6.26,0.009,21.4,normal,LOW
2026-08-08T20:30:00,9.16,1.322,0.0168,1.13,0.0028,6.42,0.016,21.1,normal,LOW
2026-08-08T20:40:00,9.35,1.341,0.117,0.19,0.0195,6.64,-0.012,21.2,normal,LOW
2026-08-08T20:50:00,8.0,1.328,-0.0762,-1.35,-0.0127,6.75,-0.019,21.6,normal,LOW
2026-08-08T21:00:00,6.59,1.344,0.0924,-1.41,0.0154,6.82,0.033,20.9,normal,LOW
2026-08-08T21:10:00,6.54,1.332,-0.0696,-0.05,-0.0116,6.88,0.017,21.3,normal,LOW
2026-08-08T21:20:00,5.63,1.352,0.1218,-0.91,0.0203,6.92,0.034,21.4,normal,LOW
2026-08-08T21:30:00,3.61,1.316,-0.2166,-2.02,-0.0361,6.89,0.017,21.7,normal,LOW
2026-08-08T21:40:00,4.16,1.276,-0.24,0.55,-0.04,6.84,-0.033,21.4,normal,LOW
2026-08-08T21:50:00,2.61,1.252,-0.1476,-1.54,-0.0246,6.7,-0.018,21.6,normal,LOW
2026-08-08T22:00:00,3.87,1.271,0.1158,1.26,0.0193,6.56,-0.024,21.4,normal,LOW
2026-08-08T22:10:00,3.81,1.258,-0.0768,-0.06,-0.0128,6.31,-0.055,22.1,normal,LOW
2026-08-08T22:20:00,3.02,1.246,-0.0756,-0.79,-0.0126,6.11,-0.085,21.7,normal,LOW
2026-08-08T22:30:00,5.55,1.23,-0.0936,2.53,-0.0156,6.09,-0.122,22.1,normal,LOW
2026-08-08T22:40:00,5.74,1.252,0.1332,0.19,0.0222,6.01,-0.078,21.8,normal,LOW
2026-08-08T22:50:00,6.59,1.268,0.0954,0.85,0.0159,5.97,-0.047,22.5,normal,LOW
2026-08-08T23:00:00,7.68,1.314,0.276,1.09,0.046,5.94,0.007,21.7,normal,LOW
2026-08-08T23:10:00,5.68,1.332,0.1092,-2.0,0.0182,5.87,0.014,21.9,normal,LOW
2026-08-08T23:20:00,5.55,1.301,-0.1896,-0.12,-0.0316,5.73,-0.021,22.5,normal,LOW
2026-08-08T23:30:00,6.7,1.297,-0.0228,1.15,-0.0038,5.59,-0.044,22.7,normal,LOW
2026-08-08T23:40:00,6.91,1.282,-0.0876,0.21,-0.0146,5.46,-0.046,22.1,normal,LOW
2026-08-08T23:50:00,5.38,1.275,-0.0456,-1.53,-0.0076,5.31,-0.069,22.5,normal,LOW
2026-08-09T00:00:00,4.89,1.283,0.0486,-0.49,0.0081,5.22,-0.049,22.5,normal,LOW
2026-08-09T00:10:00,4.3,1.296,0.0762,-0.59,0.0127,5.09,-0.057,22.5,normal,LOW
2026-08-09T00:20:00,5.63,1.343,0.2832,1.33,0.0472,5.09,0.027,22.4,normal,LOW
2026-08-09T00:30:00,6.38,1.316,-0.1614,0.74,-0.0269,5.25,0.04,22.2,normal,LOW
2026-08-09T00:40:00,7.6,1.334,0.1062,1.22,0.0177,5.44,0.082,22.5,normal,LOW
2026-08-09T00:50:00,7.16,1.335,0.0084,-0.44,0.0014,5.69,0.064,23.0,normal,LOW
2026-08-09T01:00:00,7.95,1.359,0.1416,0.79,0.0236,5.92,0.1,22.3,normal,LOW
2026-08-09T01:10:00,6.08,1.323,-0.2148,-1.87,-0.0358,6.04,0.077,22.6,normal,LOW
2026-08-09T01:20:00,6.46,1.313,-0.0588,0.38,-0.0098,6.23,0.083,22.5,normal,LOW
2026-08-09T01:30:00,6.34,1.339,0.1566,-0.13,0.0261,6.28,0.087,22.4,normal,LOW
2026-08-09T01:40:00,7.5,1.342,0.018,1.16,0.003,6.38,0.074,22.6,normal,LOW
2026-08-09T01:50:00,7.6,1.365,0.1386,0.1,0.0231,6.43,0.051,22.0,normal,LOW
2026-08-09T02:00:00,7.5,1.327,-0.2316,-0.1,-0.0386,6.42,-0.006,22.9,normal,LOW
2026-08-09T02:10:00,6.27,1.322,-0.0264,-1.23,-0.0044,6.46,0.022,22.7,normal,LOW
2026-08-09T02:20:00,7.26,1.342,0.1164,0.99,0.0194,6.55,0.045,22.7,normal,LOW
2026-08-09T02:30:00,6.82,1.395,0.3204,-0.44,0.0534,6.56,0.113,22.9,normal,LOW
2026-08-09T02:40:00,6.92,1.395,-0.0006,0.11,-0.0001,6.56,0.12,22.5,normal,LOW
2026-08-09T02:50:00,6.61,1.371,-0.144,-0.32,-0.024,6.63,0.088,23.3,normal,LOW
2026-08-09T03:00:00,5.5,1.383,0.0738,-1.11,0.0123,6.66,0.088,22.8,normal,LOW
2026-08-09T03:10:00,6.35,1.367,-0.1008,0.85,-0.0168,6.77,0.024,22.7,normal,LOW
2026-08-09T03:20:00,5.41,1.355,-0.0702,-0.94,-0.0117,6.76,0.039,23.1,normal,LOW
2026-08-09T03:30:00,4.64,1.34,-0.093,-0.77,-0.0155,6.66,0.006,23.9,normal,LOW
2026-08-09T03:40:00,3.97,1.317,-0.1362,-0.67,-0.0227,6.46,-0.018,23.2,normal,LOW
2026-08-09T03:50:00,4.64,1.324,0.0414,0.67,0.0069,6.32,-0.035,23.2,normal,LOW
2026-08-09T04:00:00,5.35,1.301,-0.1362,0.71,-0.0227,6.18,-0.022,23.6,normal,LOW
2026-08-09T04:10:00,6.02,1.329,0.1686,0.66,0.0281,6.18,0.016,23.8,normal,LOW
2026-08-09T04:20:00,5.02,1.321,-0.0468,-1.0,-0.0078,6.1,-0.018,23.1,normal,LOW
2026-08-09T04:30:00,5.89,1.323,0.0108,0.87,0.0018,6.07,-0.019,23.2,normal,LOW
2026-08-09T04:40:00,5.58,1.332,0.0558,-0.31,0.0093,5.96,-0.033,22.8,normal,LOW
2026-08-09T04:50:00,6.68,1.33,-0.0144,1.1,-0.0024,5.91,0.003,23.7,normal,LOW
2026-08-09T05:00:00,5.42,1.338,0.0492,-1.26,0.0082,5.8,0.016,23.7,normal,LOW
2026-08-09T05:10:00,7.02,1.333,-0.03,1.59,-0.005,5.84,-0.009,23.9,normal,LOW
2026-08-09T05:20:00,6.05,1.321,-0.0708,-0.97,-0.0118,5.77,-0.074,24.2,normal,LOW
2026-08-09T05:30:00,6.58,1.28,-0.249,0.53,-0.0415,5.76,-0.115,23.5,normal,LOW
2026-08-09T05:40:00,5.95,1.271,-0.051,-0.63,-0.0085,5.7,-0.1,23.0,normal,LOW
2026-08-09T05:50:00,6.23,1.245,-0.156,0.27,-0.026,5.68,-0.138,23.9,normal,LOW
2026-08-09T06:00:00,7.38,1.259,0.0804,1.15,0.0134,5.79,-0.108,24.1,normal,LOW
2026-08-09T06:10:00,7.77,1.276,0.1044,0.39,0.0174,5.87,-0.079,23.7,normal,LOW
2026-08-09T06:20:00,7.95,1.288,0.0702,0.18,0.0117,6.01,-0.052,24.1,normal,LOW
2026-08-09T06:30:00,7.63,1.296,0.0516,-0.31,0.0086,6.17,-0.02,23.8,normal,LOW
2026-08-09T06:40:00,7.43,1.29,-0.036,-0.2,-0.006,6.37,-0.033,24.0,normal,LOW
2026-08-09T06:50:00,7.27,1.305,0.0846,-0.16,0.0141,6.51,0.004,24.5,normal,LOW
2026-08-09T07:00:00,7.19,1.326,0.129,-0.08,0.0215,6.61,-0.003,23.8,normal,LOW
2026-08-09T07:10:00,6.64,1.326,-0.0018,-0.56,-0.0003,6.65,0.004,24.4,normal,LOW
2026-08-09T07:20:00,5.89,1.291,-0.21,-0.74,-0.035,6.7,-0.032,24.0,normal,LOW
2026-08-09T07:30:00,7.1,1.299,0.0516,1.2,0.0086,6.76,-0.033,24.1,normal,LOW
2026-08-09T07:40:00,7.8,1.262,-0.2232,0.71,-0.0372,6.89,-0.068,24.3,normal,LOW
2026-08-09T07:50:00,7.71,1.288,0.1572,-0.09,0.0262,6.94,-0.05,23.8,normal,LOW
2026-08-09T08:00:00,6.43,1.291,0.015,-1.28,0.0025,7.0,-0.042,23.9,normal,LOW
2026-08-09T08:10:00,5.44,1.313,0.132,-0.99,0.022,6.91,-0.008,24.5,normal,LOW
2026-08-09T08:20:00,6.79,1.304,-0.0558,1.34,-0.0093,6.95,0.024,24.2,normal,LOW
2026-08-09T08:30:00,7.26,1.333,0.1734,0.47,0.0289,6.99,0.061,24.3,normal,LOW
2026-08-09T08:40:00,7.94,1.345,0.0768,0.69,0.0128,7.1,0.1,24.4,normal,LOW
2026-08-09T08:50:00,8.44,1.359,0.0798,0.5,0.0133,7.23,0.1,24.4,normal,LOW
2026-08-09T09:00:00,8.16,1.355,-0.021,-0.28,-0.0035,7.27,0.079,24.6,normal,LOW
2026-08-09T09:10:00,7.95,1.342,-0.081,-0.21,-0.0135,7.28,0.054,24.2,normal,LOW
2026-08-09T09:20:00,7.9,1.338,-0.024,-0.04,-0.004,7.28,0.041,24.4,normal,LOW
2026-08-09T09:30:00,7.63,1.324,-0.0816,-0.28,-0.0136,7.28,0.034,25.1,normal,LOW
2026-08-09T09:40:00,6.77,1.348,0.1434,-0.86,0.0239,7.24,0.043,24.6,normal,LOW
2026-08-09T09:50:00,7.28,1.327,-0.1248,0.51,-0.0208,7.24,0.001,24.5,normal,LOW
2026-08-09T10:00:00,7.92,1.342,0.0876,0.64,0.0146,7.28,0.016,24.8,normal,LOW
2026-08-09T10:10:00,8.36,1.357,0.093,0.44,0.0155,7.38,0.066,24.2,normal,LOW
2026-08-09T10:20:00,8.18,1.362,0.0282,-0.18,0.0047,7.5,0.063,24.7,normal,LOW
2026-08-09T10:30:00,8.02,1.328,-0.2064,-0.16,-0.0344,7.56,0.065,24.3,normal,LOW
2026-08-09T10:40:00,7.0,1.358,0.183,-1.02,0.0305,7.51,0.07,24.3,normal,LOW
2026-08-09T10:50:00,7.07,1.342,-0.096,0.07,-0.016,7.47,0.051,25.1,normal,LOW
2026-08-09T11:00:00,8.42,1.392,0.303,1.35,0.0505,7.58,0.08,24.9,normal,LOW
2026-08-09T11:10:00,6.22,1.377,-0.0948,-2.2,-0.0158,7.63,0.073,24.8,normal,LOW
2026-08-09T11:20:00,6.08,1.381,0.0234,-0.14,0.0039,7.59,0.048,25.3,normal,LOW
2026-08-09T11:30:00,6.37,1.372,-0.0486,0.29,-0.0081,7.54,0.027,24.4,normal,LOW
2026-08-09T11:40:00,5.84,1.374,0.012,-0.53,0.002,7.42,0.016,25.6,normal,LOW
2026-08-09T11:50:00,4.96,1.381,0.0372,-0.89,0.0062,7.23,0.026,24.8,normal,LOW
2026-08-09T12:00:00,4.94,1.353,-0.1632,-0.02,-0.0272,7.05,0.012,24.8,normal,LOW
2026-08-09T12:10:00,5.71,1.325,-0.168,0.78,-0.028,6.93,-0.012,25.0,normal,LOW
2026-08-09T12:20:00,4.88,1.322,-0.0216,-0.83,-0.0036,6.76,-0.002,25.2,normal,LOW
2026-08-09T12:30:00,4.69,1.301,-0.1236,-0.19,-0.0206,6.59,-0.047,25.2,normal,LOW
2026-08-09T12:40:00,5.67,1.281,-0.1242,0.98,-0.0207,6.53,-0.047,25.2,normal,LOW
2026-08-09T12:50:00,6.03,1.315,0.2082,0.36,0.0347,6.46,-0.027,25.1,normal,LOW
2026-08-09T13:00:00,41.23,2.5,7.1088,35.2,1.1848,8.31,1.143,16.6,flash_flood,MEDIUM
2026-08-09T13:10:00,65.09,2.582,0.4938,23.86,0.0823,11.47,1.22,16.9,flash_flood,HIGH
2026-08-09T13:20:00,83.28,2.723,0.8454,18.18,0.1409,15.64,1.396,17.0,flash_flood,HIGH
2026-08-09T13:30:00,89.27,2.884,0.9666,5.99,0.1611,20.15,1.526,17.2,flash_flood,HIGH
2026-08-09T13:40:00,114.89,3.069,1.11,25.62,0.185,26.15,1.727,17.3,flash_flood,HIGH
2026-08-09T13:50:00,124.71,3.276,1.2366,9.83,0.2061,32.68,1.883,17.3,flash_flood,HIGH
2026-08-09T14:00:00,118.8,3.425,0.8988,-5.92,0.1498,38.81,2.049,17.1,flash_flood,HIGH
2026-08-09T14:10:00,119.72,3.624,1.191,0.93,0.1985,45.12,2.243,16.3,flash_flood,HIGH
2026-08-09T14:20:00,112.3,3.761,0.8238,-7.43,0.1373,51.02,2.389,17.4,flash_flood,HIGH
2026-08-09T14:30:00,117.73,3.925,0.9858,5.43,0.1643,57.21,2.551,18.7,flash_flood,HIGH
2026-08-09T14:40:00,108.2,4.078,0.9168,-9.53,0.1528,62.89,2.697,17.7,flash_flood,HIGH
2026-08-09T14:50:00,110.12,4.225,0.8814,1.92,0.1469,68.74,2.872,16.8,flash_flood,HIGH
2026-08-09T15:00:00,103.76,4.397,1.0332,-6.36,0.1722,74.23,3.072,17.2,flash_flood,HIGH
2026-08-09T15:10:00,102.5,4.534,0.8196,-1.27,0.1366,79.6,3.212,16.3,flash_flood,HIGH
2026-08-09T15:20:00,118.81,4.705,1.0266,16.32,0.1711,85.93,3.404,17.1,flash_flood,HIGH
2026-08-09T15:30:00,114.44,4.836,0.7854,-4.38,0.1309,92.03,3.555,18.2,flash_flood,HIGH
2026-08-09T15:40:00,114.43,5.001,0.9918,-0.01,0.1653,98.07,3.686,18.0,flash_flood,HIGH
2026-08-09T15:50:00,125.56,5.16,0.954,11.13,0.159,104.71,2.66,16.6,flash_flood,HIGH
2026-08-09T16:00:00,132.24,5.384,1.341,6.68,0.2235,109.77,2.801,17.1,flash_flood,HIGH
2026-08-09T16:10:00,134.05,5.548,0.9864,1.82,0.1644,113.6,2.825,16.9,flash_flood,HIGH
2026-08-09T16:20:00,133.59,5.712,0.9858,-0.47,0.1643,116.39,2.828,17.3,flash_flood,HIGH
2026-08-09T16:30:00,122.95,5.862,0.9006,-10.64,0.1501,118.27,2.793,17.2,flash_flood,HIGH
2026-08-09T16:40:00,116.46,6.049,1.1172,-6.49,0.1862,118.35,2.773,17.1,flash_flood,HIGH
2026-08-09T16:50:00,112.8,6.218,1.0134,-3.66,0.1689,117.69,2.792,17.9,flash_flood,HIGH
2026-08-09T17:00:00,124.04,6.361,0.8592,11.23,0.1432,117.98,2.737,17.8,flash_flood,HIGH
2026-08-09T17:10:00,110.27,6.529,1.0104,-13.77,0.1684,117.46,2.768,16.5,flash_flood,HIGH
2026-08-09T17:20:00,104.32,6.662,0.7944,-5.95,0.1324,117.01,2.736,16.5,flash_flood,HIGH
2026-08-09T17:30:00,110.41,6.8,0.831,6.1,0.1385,116.61,2.722,17.9,flash_flood,HIGH
2026-08-09T17:40:00,94.44,6.8,0.0,-15.98,0.0,115.84,2.575,17.1,flash_flood,HIGH
2026-08-09T17:50:00,86.57,6.8,0.0,-7.87,0.0,114.53,2.403,17.0,flash_flood,HIGH
2026-08-09T18:00:00,108.37,6.8,0.0,21.81,0.0,114.79,2.266,16.6,flash_flood,HIGH
2026-08-09T18:10:00,100.37,6.8,0.0,-8.01,0.0,114.67,2.095,16.6,flash_flood,HIGH
2026-08-09T18:20:00,118.53,6.8,0.0,18.17,0.0,114.66,1.964,17.2,flash_flood,HIGH
2026-08-09T18:30:00,120.65,6.8,0.0,2.11,0.0,115.0,1.799,17.6,flash_flood,HIGH
2026-08-09T18:40:00,111.11,6.8,0.0,-9.54,0.0,114.82,1.64,17.1,flash_flood,HIGH
2026-08-09T18:50:00,101.41,6.8,0.0,-9.69,0.0,113.48,1.416,17.1,flash_flood,HIGH
2026-08-09T19:00:00,107.67,6.8,0.0,6.26,0.0,112.11,1.252,16.8,flash_flood,HIGH
2026-08-09T19:10:00,107.24,6.8,0.0,-0.44,0.0,110.62,1.088,16.5,flash_flood,HIGH
2026-08-09T19:20:00,110.11,6.8,0.0,2.87,0.0,109.32,0.938,17.0,flash_flood,HIGH
2026-08-09T19:30:00,100.02,6.8,0.0,-10.09,0.0,108.04,0.751,17.0,flash_flood,HIGH
2026-08-09T19:40:00,101.89,6.8,0.0,1.87,0.0,107.23,0.582,17.2,flash_flood,HIGH
2026-08-09T19:50:00,99.45,6.8,0.0,-2.44,0.0,106.49,0.439,16.6,flash_flood,HIGH
2026-08-09T20:00:00,120.06,6.8,0.0,20.62,0.0,106.27,0.271,16.7,flash_flood,HIGH
2026-08-09T20:10:00,118.89,6.8,0.0,-1.17,0.0,106.75,0.138,17.6,flash_flood,HIGH
2026-08-09T20:20:00,115.32,6.8,0.0,-3.57,0.0,107.36,0.0,16.7,flash_flood,HIGH
2026-08-09T20:30:00,108.73,6.8,0.0,-6.6,0.0,107.27,0.0,17.0,flash_flood,HIGH
2026-08-09T20:40:00,99.78,6.8,0.0,-8.95,0.0,107.56,0.0,16.5,flash_flood,HIGH
2026-08-09T20:50:00,114.67,6.8,0.0,14.89,0.0,109.13,0.0,16.1,flash_flood,HIGH
2026-08-09T21:00:00,114.16,6.8,0.0,-0.5,0.0,109.45,0.0,17.7,flash_flood,HIGH
2026-08-09T21:10:00,108.98,6.8,0.0,-5.18,0.0,109.93,0.0,16.7,flash_flood,HIGH
2026-08-09T21:20:00,122.26,6.8,0.0,13.28,0.0,110.13,0.0,17.2,flash_flood,HIGH
2026-08-09T21:30:00,104.77,6.8,0.0,-17.49,0.0,109.25,0.0,17.1,flash_flood,HIGH
2026-08-09T21:40:00,112.55,6.8,0.0,7.78,0.0,109.33,0.0,17.2,flash_flood,HIGH
2026-08-09T21:50:00,114.81,6.8,0.0,2.26,0.0,110.08,0.0,17.7,flash_flood,HIGH
2026-08-09T22:00:00,115.1,6.8,0.0,0.28,0.0,110.49,0.0,17.0,flash_flood,HIGH
2026-08-09T22:10:00,118.74,6.8,0.0,3.64,0.0,111.13,0.0,16.7,flash_flood,HIGH
2026-08-09T22:20:00,110.29,6.8,0.0,-8.45,0.0,111.14,0.0,17.0,flash_flood,HIGH
2026-08-09T22:30:00,97.82,6.8,0.0,-12.47,0.0,111.01,0.0,16.9,flash_flood,HIGH
2026-08-09T22:40:00,96.19,6.8,0.0,-1.63,0.0,110.7,0.0,17.1,flash_flood,HIGH
2026-08-09T22:50:00,103.07,6.8,0.0,6.88,0.0,110.9,0.0,16.9,flash_flood,HIGH
2026-08-09T23:00:00,112.25,6.8,0.0,9.18,0.0,110.46,0.0,17.5,flash_flood,HIGH
2026-08-09T23:10:00,100.87,6.8,0.0,-11.38,0.0,109.46,0.0,16.9,flash_flood,HIGH
2026-08-09T23:20:00,103.94,6.8,0.0,3.07,0.0,108.83,0.0,16.6,flash_flood,HIGH
2026-08-09T23:30:00,99.92,6.8,0.0,-4.02,0.0,108.34,0.0,16.6,flash_flood,HIGH
2026-08-09T23:40:00,117.14,6.8,0.0,17.22,0.0,109.31,0.0,17.1,flash_flood,HIGH
2026-08-09T23:50:00,115.13,6.8,0.0,-2.02,0.0,109.33,0.0,16.7,flash_flood,HIGH
2026-08-10T00:00:00,104.42,6.8,0.0,-10.7,0.0,108.79,0.0,17.8,flash_flood,HIGH
2026-08-10T00:10:00,106.98,6.8,0.0,2.55,0.0,108.68,0.0,16.8,flash_flood,HIGH
2026-08-10T00:20:00,111.37,6.8,0.0,4.39,0.0,108.07,0.0,16.5,flash_flood,HIGH
2026-08-10T00:30:00,111.61,6.8,0.0,0.24,0.0,108.45,0.0,16.5,flash_flood,HIGH
2026-08-10T00:40:00,108.62,6.8,0.0,-2.98,0.0,108.24,0.0,17.0,flash_flood,HIGH
2026-08-10T00:50:00,105.97,6.8,0.0,-2.66,0.0,107.75,0.0,16.8,flash_flood,HIGH
2026-08-10T01:00:00,109.35,6.8,0.0,3.39,0.0,107.43,0.0,17.0,flash_flood,HIGH
2026-08-10T01:10:00,117.22,6.8,0.0,7.87,0.0,107.34,0.0,16.9,flash_flood,HIGH
2026-08-10T01:20:00,126.25,6.8,0.0,9.03,0.0,108.23,0.0,16.3,flash_flood,HIGH
2026-08-10T01:30:00,123.7,6.8,0.0,-2.55,0.0,109.67,0.0,16.9,flash_flood,HIGH
2026-08-10T01:40:00,110.25,6.8,0.0,-13.44,0.0,110.45,0.0,17.8,flash_flood,HIGH
2026-08-10T01:50:00,99.61,6.8,0.0,-10.64,0.0,110.25,0.0,15.5,flash_flood,HIGH
2026-08-10T02:00:00,100.62,6.8,0.0,1.01,0.0,109.61,0.0,17.0,flash_flood,HIGH
2026-08-10T02:10:00,96.73,6.8,0.0,-3.89,0.0,109.38,0.0,16.3,flash_flood,HIGH
2026-08-10T02:20:00,104.88,6.8,0.0,8.15,0.0,109.43,0.0,17.1,flash_flood,HIGH
2026-08-10T02:30:00,96.51,6.8,0.0,-8.38,0.0,109.24,0.0,17.3,flash_flood,HIGH
2026-08-10T02:40:00,104.42,6.8,0.0,7.91,0.0,108.53,0.0,16.8,flash_flood,HIGH
2026-08-10T02:50:00,107.0,6.8,0.0,2.58,0.0,108.08,0.0,16.5,flash_flood,HIGH
2026-08-10T03:00:00,118.06,6.8,0.0,11.06,0.0,108.84,0.0,17.6,flash_flood,HIGH
2026-08-10T03:10:00,105.58,6.8,0.0,-12.48,0.0,108.76,0.0,17.1,flash_flood,HIGH
2026-08-10T03:20:00,116.68,6.8,0.0,11.1,0.0,109.06,0.0,17.2,flash_flood,HIGH
2026-08-10T03:30:00,115.1,6.8,0.0,-1.58,0.0,109.25,0.0,16.7,flash_flood,HIGH
2026-08-10T03:40:00,116.46,6.8,0.0,1.36,0.0,109.69,0.0,16.6,flash_flood,HIGH
2026-08-10T03:50:00,119.93,6.8,0.0,3.47,0.0,110.46,0.0,17.8,flash_flood,HIGH
2026-08-10T04:00:00,114.33,6.8,0.0,-5.61,0.0,110.74,0.0,17.8,flash_flood,HIGH
2026-08-10T04:10:00,118.1,6.8,0.0,3.77,0.0,110.79,0.0,18.1,flash_flood,HIGH
2026-08-10T04:20:00,108.83,6.8,0.0,-9.27,0.0,109.82,0.0,17.9,flash_flood,HIGH
2026-08-10T04:30:00,113.97,6.8,0.0,5.14,0.0,109.28,0.0,17.2,flash_flood,HIGH
2026-08-10T04:40:00,123.54,6.8,0.0,9.57,0.0,110.02,0.0,16.9,flash_flood,HIGH
2026-08-10T04:50:00,108.32,6.8,0.0,-15.22,0.0,110.5,0.0,17.6,flash_flood,HIGH
2026-08-10T05:00:00,100.16,6.8,0.0,-8.16,0.0,110.48,0.0,17.5,flash_flood,HIGH
2026-08-10T05:10:00,99.22,6.8,0.0,-0.94,0.0,110.62,0.0,16.5,flash_flood,HIGH
2026-08-10T05:20:00,112.7,6.8,0.0,13.48,0.0,111.05,0.0,16.7,flash_flood,HIGH
2026-08-10T05:30:00,102.94,6.8,0.0,-9.76,0.0,111.41,0.0,16.8,flash_flood,HIGH
2026-08-10T05:40:00,107.97,6.8,0.0,5.02,0.0,111.61,0.0,16.4,flash_flood,HIGH
2026-08-10T05:50:00,98.81,6.8,0.0,-9.16,0.0,111.15,0.0,17.2,flash_flood,HIGH
2026-08-10T06:00:00,111.92,6.8,0.0,13.11,0.0,110.81,0.0,16.7,flash_flood,HIGH
2026-08-10T06:10:00,111.49,6.8,0.0,-0.43,0.0,111.14,0.0,17.9,flash_flood,HIGH
2026-08-10T06:20:00,108.77,6.8,0.0,-2.73,0.0,110.7,0.0,16.2,flash_flood,HIGH
2026-08-10T06:30:00,111.47,6.8,0.0,2.71,0.0,110.5,0.0,17.2,flash_flood,HIGH
2026-08-10T06:40:00,109.2,6.8,0.0,-2.27,0.0,110.09,0.0,17.2,flash_flood,HIGH
2026-08-10T06:50:00,102.44,6.8,0.0,-6.76,0.0,109.12,0.0,17.0,flash_flood,HIGH
2026-08-10T07:00:00,91.7,6.8,0.0,-10.74,0.0,107.86,0.0,17.1,flash_flood,HIGH
2026-08-10T07:10:00,101.09,6.8,0.0,9.39,0.0,106.92,0.0,17.4,flash_flood,HIGH
2026-08-10T07:20:00,110.5,6.8,0.0,9.42,0.0,107.01,0.0,16.9,flash_flood,HIGH
2026-08-10T07:30:00,112.07,6.8,0.0,1.57,0.0,106.91,0.0,17.5,flash_flood,HIGH
2026-08-10T07:40:00,115.3,6.8,0.0,3.23,0.0,106.45,0.0,16.3,flash_flood,HIGH
2026-08-10T07:50:00,104.97,6.8,0.0,-10.33,0.0,106.26,0.0,17.7,flash_flood,HIGH
2026-08-10T08:00:00,108.69,6.8,0.0,3.73,0.0,106.74,0.0,18.1,flash_flood,HIGH
2026-08-10T08:10:00,104.88,6.8,0.0,-3.81,0.0,107.05,0.0,17.0,flash_flood,HIGH
2026-08-10T08:20:00,121.3,6.8,0.0,16.42,0.0,107.53,0.0,16.9,flash_flood,HIGH
2026-08-10T08:30:00,114.48,6.8,0.0,-6.82,0.0,108.17,0.0,16.8,flash_flood,HIGH
2026-08-10T08:40:00,108.82,6.8,0.0,-5.66,0.0,108.22,0.0,17.5,flash_flood,HIGH
2026-08-10T08:50:00,120.53,6.8,0.0,11.71,0.0,109.42,0.0,16.0,flash_flood,HIGH
2026-08-10T09:00:00,130.27,6.8,0.0,9.74,0.0,110.44,0.0,16.0,flash_flood,HIGH
2026-08-10T09:10:00,130.84,6.8,0.0,0.57,0.0,111.52,0.0,17.6,flash_flood,HIGH
2026-08-10T09:20:00,124.97,6.8,0.0,-5.87,0.0,112.42,0.0,18.1,flash_flood,HIGH
2026-08-10T09:30:00,126.96,6.8,0.0,1.98,0.0,113.28,0.0,17.8,flash_flood,HIGH
2026-08-10T09:40:00,129.05,6.8,0.0,2.09,0.0,114.38,0.0,17.0,flash_flood,HIGH
2026-08-10T09:50:00,114.76,6.8,0.0,-14.29,0.0,115.07,0.0,16.6,flash_flood,HIGH
2026-08-10T10:00:00,114.13,6.8,0.0,-0.64,0.0,116.31,0.0,16.0,flash_flood,HIGH
2026-08-10T10:10:00,102.88,6.8,0.0,-11.25,0.0,116.41,0.0,16.9,flash_flood,HIGH
2026-08-10T10:20:00,104.06,6.8,0.0,1.19,0.0,116.05,0.0,17.3,flash_flood,HIGH
2026-08-10T10:30:00,101.16,6.8,0.0,-2.9,0.0,115.45,0.0,16.5,flash_flood,HIGH
2026-08-10T10:40:00,112.64,6.8,0.0,11.47,0.0,115.3,0.0,17.9,flash_flood,HIGH
2026-08-10T10:50:00,114.23,6.8,0.0,1.6,0.0,115.81,0.0,16.5,flash_flood,HIGH
2026-08-10T11:00:00,114.11,6.8,0.0,-0.13,0.0,116.12,0.0,16.5,flash_flood,HIGH
2026-08-10T11:10:00,112.91,6.8,0.0,-1.19,0.0,116.56,0.0,16.4,flash_flood,HIGH
2026-08-10T11:20:00,112.89,6.8,0.0,-0.03,0.0,116.09,0.0,17.3,flash_flood,HIGH
2026-08-10T11:30:00,118.53,6.8,0.0,5.64,0.0,116.32,0.0,17.4,flash_flood,HIGH
2026-08-10T11:40:00,129.25,6.8,0.0,10.72,0.0,117.45,0.0,17.1,flash_flood,HIGH
2026-08-10T11:50:00,134.86,6.8,0.0,5.61,0.0,118.25,0.0,16.5,flash_flood,HIGH
2026-08-10T12:00:00,117.77,6.8,0.0,-17.09,0.0,117.55,0.0,16.9,flash_flood,HIGH
2026-08-10T12:10:00,122.37,6.8,0.0,4.6,0.0,117.08,0.0,17.3,flash_flood,HIGH
2026-08-10T12:20:00,126.28,6.8,0.0,3.91,0.0,117.16,0.0,17.7,flash_flood,HIGH
2026-08-10T12:30:00,132.71,6.8,0.0,6.43,0.0,117.48,0.0,18.3,flash_flood,HIGH
2026-08-10T12:40:00,133.58,6.8,0.0,0.86,0.0,117.73,0.0,16.9,flash_flood,HIGH
2026-08-10T12:50:00,135.04,6.8,0.0,1.46,0.0,118.85,0.0,17.3,flash_flood,HIGH
2026-08-10T13:00:00,115.57,6.8,0.0,-19.47,0.0,118.93,0.0,17.4,flash_flood,HIGH
2026-08-10T13:10:00,122.12,6.8,0.0,6.55,0.0,120.0,0.0,17.9,flash_flood,HIGH
2026-08-10T13:20:00,120.02,6.8,0.0,-2.1,0.0,120.89,0.0,17.9,flash_flood,HIGH
2026-08-10T13:30:00,110.45,6.8,0.0,-9.57,0.0,121.41,0.0,16.6,flash_flood,HIGH
2026-08-10T13:40:00,112.41,6.8,0.0,1.96,0.0,121.39,0.0,17.4,flash_flood,HIGH
2026-08-10T13:50:00,126.95,6.8,0.0,14.54,0.0,122.1,0.0,17.0,flash_flood,HIGH
2026-08-10T14:00:00,121.24,6.8,0.0,-5.71,0.0,122.5,0.0,16.4,flash_flood,HIGH
2026-08-10T14:10:00,121.75,6.8,0.0,0.51,0.0,122.99,0.0,16.9,flash_flood,HIGH
2026-08-10T14:20:00,105.47,6.8,0.0,-16.28,0.0,122.58,0.0,16.3,flash_flood,HIGH
2026-08-10T14:30:00,98.13,6.8,0.0,-7.34,0.0,121.44,0.0,17.5,flash_flood,HIGH
2026-08-10T14:40:00,93.02,6.8,0.0,-5.11,0.0,119.43,0.0,16.2,flash_flood,HIGH
2026-08-10T14:50:00,112.96,6.8,0.0,19.94,0.0,118.21,0.0,16.9,flash_flood,HIGH
2026-08-10T15:00:00,123.49,6.8,0.0,10.53,0.0,118.53,0.0,17.1,flash_flood,HIGH
2026-08-10T15:10:00,114.4,6.8,0.0,-9.08,0.0,118.09,0.0,17.7,flash_flood,HIGH
2026-08-10T15:20:00,118.86,6.8,0.0,4.45,0.0,117.68,0.0,17.5,flash_flood,HIGH
2026-08-10T15:30:00,118.37,6.8,0.0,-0.49,0.0,116.88,0.0,17.3,flash_flood,HIGH
2026-08-10T15:40:00,116.33,6.8,0.0,-2.04,0.0,115.92,0.0,16.4,flash_flood,HIGH
2026-08-10T15:50:00,125.36,6.8,0.0,9.04,0.0,115.38,0.0,16.9,flash_flood,HIGH
2026-08-10T16:00:00,110.1,6.8,0.0,-15.26,0.0,115.08,0.0,17.7,flash_flood,HIGH
2026-08-10T16:10:00,124.5,6.8,0.0,14.4,0.0,115.21,0.0,16.4,flash_flood,HIGH
2026-08-10T16:20:00,120.65,6.8,0.0,-3.85,0.0,115.25,0.0,16.4,flash_flood,HIGH
2026-08-10T16:30:00,125.7,6.8,0.0,5.05,0.0,116.09,0.0,17.9,flash_flood,HIGH
2026-08-10T16:40:00,119.15,6.8,0.0,-6.55,0.0,116.47,0.0,16.8,flash_flood,HIGH
2026-08-10T16:50:00,110.65,6.8,0.0,-8.5,0.0,115.56,0.0,17.2,flash_flood,HIGH
2026-08-10T17:00:00,107.69,6.8,0.0,-2.96,0.0,114.81,0.0,17.7,flash_flood,HIGH
2026-08-10T17:10:00,102.44,6.8,0.0,-5.25,0.0,113.74,0.0,17.2,flash_flood,HIGH
2026-08-10T17:20:00,103.1,6.8,0.0,0.66,0.0,113.6,0.0,16.4,flash_flood,HIGH
2026-08-10T17:30:00,95.71,6.8,0.0,-7.39,0.0,113.47,0.0,17.1,flash_flood,HIGH
2026-08-10T17:40:00,100.93,6.8,0.0,5.21,0.0,113.91,0.0,17.2,flash_flood,HIGH
2026-08-10T17:50:00,112.03,6.8,0.0,11.1,0.0,113.86,0.0,17.5,flash_flood,HIGH
2026-08-10T18:00:00,111.04,6.8,0.0,-0.99,0.0,113.17,0.0,17.0,flash_flood,HIGH
2026-08-10T18:10:00,117.36,6.8,0.0,6.32,0.0,113.33,0.0,15.7,flash_flood,HIGH
2026-08-10T18:20:00,111.8,6.8,0.0,-5.56,0.0,112.94,0.0,17.4,flash_flood,HIGH
2026-08-10T18:30:00,121.81,6.8,0.0,10.01,0.0,113.13,0.0,17.0,flash_flood,HIGH
2026-08-10T18:40:00,135.25,6.8,0.0,13.44,0.0,114.18,0.0,16.9,flash_flood,HIGH
2026-08-10T18:50:00,109.29,6.579,-1.3272,-25.96,-0.2212,113.29,-0.221,22.6,normal,HIGH
2026-08-10T19:00:00,88.07,6.312,-1.5984,-21.22,-0.2664,112.06,-0.488,22.4,normal,HIGH
2026-08-10T19:10:00,71.57,6.011,-1.809,-16.5,-0.3015,109.12,-0.789,22.5,normal,HIGH
2026-08-10T19:20:00,58.67,5.725,-1.7178,-12.9,-0.2863,105.68,-1.075,22.5,normal,HIGH
2026-08-10T19:30:00,48.07,5.402,-1.9338,-10.6,-0.3223,101.37,-1.398,22.7,normal,HIGH
2026-08-10T19:40:00,40.43,5.078,-1.9458,-7.64,-0.3243,96.99,-1.722,22.3,normal,HIGH
2026-08-10T19:50:00,33.54,4.774,-1.8258,-6.88,-0.3043,92.71,-2.026,22.3,normal,HIGH
2026-08-10T20:00:00,28.19,4.499,-1.65,-5.36,-0.275,88.29,-2.301,22.0,normal,HIGH
2026-08-10T20:10:00,23.84,4.249,-1.4952,-4.35,-0.2492,83.93,-2.551,22.1,normal,HIGH
2026-08-10T20:20:00,21.03,3.985,-1.5858,-2.81,-0.2643,79.37,-2.815,22.1,normal,MEDIUM
2026-08-10T20:30:00,18.24,3.747,-1.428,-2.79,-0.238,75.06,-3.053,22.6,normal,MEDIUM
2026-08-10T20:40:00,14.52,3.48,-1.6032,-3.72,-0.2672,70.26,-3.32,21.8,normal,MEDIUM
2026-08-10T20:50:00,12.13,3.27,-1.2606,-2.39,-0.2101,64.71,-3.53,22.3,normal,MEDIUM
2026-08-10T21:00:00,12.23,3.09,-1.08,0.1,-0.18,59.22,-3.71,21.5,normal,MEDIUM
2026-08-10T21:10:00,11.13,2.919,-1.0218,-1.09,-0.1703,53.32,-3.881,21.8,normal,MEDIUM
2026-08-10T21:20:00,10.26,2.772,-0.8856,-0.87,-0.1476,47.68,-4.028,22.0,normal,MEDIUM
2026-08-10T21:30:00,10.46,2.595,-1.0608,0.2,-0.1768,41.5,-4.205,21.7,normal,MEDIUM
2026-08-10T21:40:00,10.03,2.482,-0.6804,-0.43,-0.1134,34.54,-4.097,21.3,normal,MEDIUM
2026-08-10T21:50:00,9.27,2.406,-0.4512,-0.76,-0.0752,28.98,-3.906,21.6,normal,MEDIUM
2026-08-10T22:00:00,8.16,2.27,-0.8214,-1.11,-0.1369,24.54,-3.741,21.6,normal,MEDIUM
2026-08-10T22:10:00,9.54,2.179,-0.5418,1.38,-0.0903,21.1,-3.545,21.8,normal,MEDIUM
2026-08-10T22:20:00,7.71,2.127,-0.3126,-1.83,-0.0521,18.27,-3.275,21.8,normal,MEDIUM
2026-08-10T22:30:00,8.7,2.033,-0.5646,0.98,-0.0941,16.08,-3.045,21.7,normal,MEDIUM
2026-08-10T22:40:00,7.6,1.951,-0.4902,-1.1,-0.0817,14.26,-2.822,21.7,normal,LOW
2026-08-10T22:50:00,6.97,1.896,-0.33,-0.62,-0.055,12.78,-2.602,21.6,normal,LOW
2026-08-10T23:00:00,7.46,1.841,-0.3312,0.49,-0.0552,11.63,-2.408,21.5,normal,LOW
2026-08-10T23:10:00,7.55,1.754,-0.5256,0.08,-0.0876,10.72,-2.232,21.2,normal,LOW
2026-08-10T23:20:00,7.64,1.715,-0.2334,0.09,-0.0389,9.98,-2.032,21.4,normal,LOW
2026-08-10T23:30:00,8.23,1.676,-0.234,0.59,-0.039,9.42,-1.804,21.8,normal,LOW
2026-08-10T23:40:00,6.98,1.643,-0.1944,-1.24,-0.0324,9.0,-1.627,21.6,normal,LOW
2026-08-10T23:50:00,7.79,1.603,-0.24,0.81,-0.04,8.76,-1.487,21.7,normal,LOW
2026-08-11T00:00:00,7.89,1.633,0.1782,0.1,0.0297,8.52,-1.286,21.6,normal,LOW
2026-08-11T00:10:00,6.84,1.613,-0.1206,-1.05,-0.0201,8.28,-1.159,21.2,normal,LOW
2026-08-11T00:20:00,8.83,1.598,-0.0918,1.99,-0.0153,8.2,-0.997,21.5,normal,LOW
2026-08-11T00:30:00,8.56,1.614,0.1008,-0.27,0.0168,8.1,-0.867,20.8,normal,LOW
2026-08-11T00:40:00,7.39,1.553,-0.3708,-1.17,-0.0618,7.95,-0.854,21.8,normal,LOW
2026-08-11T00:50:00,6.64,1.561,0.0522,-0.75,0.0087,7.81,-0.708,21.1,normal,LOW
2026-08-11T01:00:00,7.13,1.523,-0.2286,0.49,-0.0381,7.75,-0.656,21.5,normal,LOW
2026-08-11T01:10:00,6.98,1.486,-0.2244,-0.15,-0.0374,7.61,-0.641,21.5,normal,LOW
2026-08-11T01:20:00,7.7,1.445,-0.243,0.72,-0.0405,7.61,-0.588,20.5,normal,LOW
2026-08-11T01:30:00,6.59,1.424,-0.1284,-1.12,-0.0214,7.49,-0.527,21.1,normal,LOW
2026-08-11T01:40:00,6.47,1.417,-0.0432,-0.12,-0.0072,7.43,-0.48,20.6,normal,LOW
2026-08-11T01:50:00,6.3,1.4,-0.0978,-0.17,-0.0163,7.39,-0.441,20.6,normal,LOW
2026-08-11T02:00:00,6.71,1.405,0.0252,0.41,0.0042,7.35,-0.349,20.7,normal,LOW
2026-08-11T02:10:00,7.1,1.395,-0.0588,0.39,-0.0098,7.32,-0.32,21.1,normal,LOW
2026-08-11T02:20:00,5.53,1.418,0.1398,-1.57,0.0233,7.2,-0.258,21.0,normal,LOW
2026-08-11T02:30:00,6.32,1.426,0.0462,0.79,0.0077,7.1,-0.218,21.2,normal,LOW
2026-08-11T02:40:00,6.88,1.402,-0.1416,0.56,-0.0236,7.09,-0.201,20.1,normal,LOW
2026-08-11T02:50:00,7.04,1.408,0.033,0.16,0.0055,7.05,-0.225,21.0,normal,LOW
2026-08-11T03:00:00,6.92,1.41,0.0162,-0.12,0.0027,7.0,-0.203,20.5,normal,LOW
2026-08-11T03:10:00,8.19,1.421,0.0648,1.27,0.0108,7.07,-0.176,20.9,normal,LOW
2026-08-11T03:20:00,7.68,1.408,-0.078,-0.51,-0.013,7.01,-0.206,21.0,normal,LOW
2026-08-11T03:30:00,5.42,1.392,-0.0984,-2.26,-0.0164,6.83,-0.161,20.9,normal,LOW
2026-08-11T03:40:00,5.59,1.393,0.0054,0.17,0.0009,6.73,-0.169,20.8,normal,LOW
2026-08-11T03:50:00,7.35,1.391,-0.0114,1.76,-0.0019,6.77,-0.132,20.3,normal,LOW
2026-08-11T04:00:00,8.25,1.388,-0.0156,0.9,-0.0026,6.83,-0.098,20.8,normal,LOW
2026-08-11T04:10:00,8.7,1.413,0.1488,0.45,0.0248,6.93,-0.032,20.9,normal,LOW
2026-08-11T04:20:00,8.1,1.426,0.081,-0.6,0.0135,6.95,0.003,20.7,normal,LOW
2026-08-11T04:30:00,6.98,1.41,-0.102,-1.12,-0.017,6.97,-0.007,20.7,normal,LOW
2026-08-11T04:40:00,6.33,1.415,0.0306,-0.65,0.0051,6.97,0.014,20.6,normal,LOW
2026-08-11T04:50:00,5.39,1.359,-0.3318,-0.94,-0.0553,6.91,-0.045,21.0,normal,LOW
2026-08-11T05:00:00,5.06,1.374,0.0888,-0.34,0.0148,6.82,-0.021,20.9,normal,LOW
2026-08-11T05:10:00,5.42,1.393,0.1146,0.36,0.0191,6.73,-0.025,20.5,normal,LOW
2026-08-11T05:20:00,4.92,1.42,0.1584,-0.49,0.0264,6.7,-0.006,20.3,normal,LOW
2026-08-11T05:30:00,6.03,1.433,0.0822,1.11,0.0137,6.68,0.031,20.0,normal,LOW
2026-08-11T05:40:00,5.42,1.397,-0.2154,-0.61,-0.0359,6.6,-0.01,20.5,normal,LOW
2026-08-11T05:50:00,6.02,1.436,0.2316,0.61,0.0386,6.54,0.026,20.4,normal,LOW
2026-08-11T06:00:00,4.77,1.416,-0.12,-1.25,-0.02,6.42,-0.005,20.2,normal,LOW
2026-08-11T06:10:00,5.14,1.388,-0.1704,0.37,-0.0284,6.25,-0.021,20.0,normal,LOW
2026-08-11T06:20:00,5.19,1.343,-0.2664,0.05,-0.0444,6.12,-0.049,20.4,normal,LOW
2026-08-11T06:30:00,4.79,1.332,-0.0678,-0.4,-0.0113,6.08,-0.061,20.5,normal,LOW
2026-08-11T06:40:00,6.21,1.297,-0.2076,1.43,-0.0346,6.12,-0.093,20.7,normal,LOW
2026-08-11T06:50:00,6.29,1.293,-0.0234,0.07,-0.0039,6.06,-0.095,19.4,normal,LOW
2026-08-11T07:00:00,5.91,1.248,-0.2736,-0.37,-0.0456,5.93,-0.165,20.3,normal,LOW
2026-08-11T07:10:00,6.69,1.251,0.018,0.78,0.003,5.82,-0.176,19.8,normal,LOW
2026-08-11T07:20:00,6.56,1.252,0.006,-0.13,0.001,5.73,-0.158,20.2,normal,LOW
2026-08-11T07:30:00,5.68,1.28,0.1662,-0.88,0.0277,5.66,-0.135,20.6,normal,LOW
2026-08-11T07:40:00,6.9,1.281,0.0114,1.22,0.0019,5.69,-0.078,20.5,normal,LOW
2026-08-11T07:50:00,5.58,1.245,-0.2166,-1.32,-0.0361,5.7,-0.129,20.5,normal,LOW
2026-08-11T08:00:00,5.72,1.266,0.1242,0.15,0.0207,5.74,-0.127,20.3,normal,LOW
2026-08-11T08:10:00,6.15,1.307,0.2466,0.43,0.0411,5.78,-0.113,20.2,normal,LOW
2026-08-11T08:20:00,5.56,1.325,0.1104,-0.59,0.0184,5.81,-0.108,19.8,normal,LOW
2026-08-11T08:30:00,6.27,1.295,-0.1824,0.71,-0.0304,5.83,-0.102,19.7,normal,LOW
2026-08-11T08:40:00,7.72,1.288,-0.0432,1.45,-0.0072,5.95,-0.148,19.8,normal,LOW
2026-08-11T08:50:00,7.17,1.27,-0.1038,-0.55,-0.0173,6.02,-0.145,19.9,normal,LOW
2026-08-11T09:00:00,6.73,1.306,0.213,-0.44,0.0355,6.13,-0.082,20.2,normal,LOW
2026-08-11T09:10:00,6.91,1.347,0.2484,0.18,0.0414,6.22,0.004,20.2,normal,LOW
2026-08-11T09:20:00,8.33,1.365,0.105,1.42,0.0175,6.4,0.033,19.5,normal,LOW
2026-08-11T09:30:00,9.13,1.374,0.054,0.79,0.009,6.64,0.077,19.8,normal,LOW
2026-08-11T09:40:00,7.14,1.406,0.1914,-1.99,0.0319,6.69,0.112,20.3,normal,LOW
2026-08-11T09:50:00,6.22,1.399,-0.0426,-0.92,-0.0071,6.69,0.151,20.1,normal,LOW
2026-08-11T10:00:00,5.57,1.407,0.0474,-0.65,0.0079,6.67,0.156,20.2,normal,LOW
2026-08-11T10:10:00,6.47,1.372,-0.21,0.91,-0.035,6.66,0.12,20.3,normal,LOW
2026-08-11T10:20:00,7.43,1.356,-0.0942,0.96,-0.0157,6.7,0.076,19.8,normal,LOW
2026-08-11T10:30:00,6.93,1.376,0.1218,-0.5,0.0203,6.77,0.095,20.1,normal,LOW
2026-08-11T10:40:00,5.99,1.363,-0.0762,-0.95,-0.0127,6.72,0.118,19.9,normal,LOW
2026-08-11T10:50:00,4.67,1.376,0.072,-1.31,0.012,6.67,0.109,20.3,normal,LOW
2026-08-11T11:00:00,3.34,1.339,-0.2196,-1.33,-0.0366,6.54,0.032,20.1,normal,LOW
2026-08-11T11:10:00,2.96,1.365,0.1566,-0.37,0.0261,6.36,0.039,19.9,normal,LOW
2026-08-11T11:20:00,3.81,1.335,-0.177,0.84,-0.0295,6.27,0.04,19.5,normal,LOW
2026-08-11T11:30:00,4.49,1.332,-0.0222,0.69,-0.0037,6.17,0.044,20.1,normal,LOW
2026-08-11T11:40:00,4.87,1.305,-0.1614,0.38,-0.0269,6.01,0.034,20.1,normal,LOW
2026-08-11T11:50:00,5.52,1.314,0.0564,0.65,0.0094,5.92,0.008,20.3,normal,LOW
2026-08-11T12:00:00,5.38,1.304,-0.0642,-0.14,-0.0107,5.84,-0.044,20.0,normal,LOW
2026-08-11T12:10:00,6.01,1.286,-0.1068,0.62,-0.0178,5.79,-0.079,20.1,normal,LOW
2026-08-11T12:20:00,5.48,1.243,-0.2562,-0.52,-0.0427,5.63,-0.131,19.8,normal,LOW
2026-08-11T12:30:00,5.73,1.268,0.147,0.25,0.0245,5.45,-0.138,20.1,normal,LOW
2026-08-11T12:40:00,5.79,1.261,-0.039,0.06,-0.0065,5.37,-0.138,19.9,normal,LOW
2026-08-11T12:50:00,7.63,1.251,-0.0576,1.84,-0.0096,5.45,-0.155,20.5,normal,LOW
2026-08-11T13:00:00,7.27,1.243,-0.0528,-0.36,-0.0088,5.54,-0.129,19.6,normal,LOW
2026-08-11T13:10:00,7.14,1.249,0.0372,-0.13,0.0062,5.58,-0.107,19.8,normal,LOW
2026-08-11T13:20:00,6.53,1.276,0.1644,-0.61,0.0274,5.53,-0.1,20.2,normal,LOW
2026-08-11T13:30:00,5.37,1.255,-0.1284,-1.16,-0.0214,5.44,-0.109,19.7,normal,LOW
2026-08-11T13:40:00,4.72,1.277,0.1308,-0.65,0.0218,5.37,-0.099,20.2,normal,LOW
2026-08-11T13:50:00,4.49,1.235,-0.2502,-0.23,-0.0417,5.36,-0.104,20.2,normal,LOW
2026-08-11T14:00:00,5.38,1.229,-0.0336,0.89,-0.0056,5.48,-0.136,19.7,normal,LOW
2026-08-11T14:10:00,5.28,1.28,0.306,-0.1,0.051,5.61,-0.055,20.2,normal,LOW
2026-08-11T14:20:00,5.78,1.29,0.0594,0.49,0.0099,5.72,-0.041,20.2,normal,LOW
2026-08-11T14:30:00,6.76,1.287,-0.0174,0.98,-0.0029,5.84,-0.017,20.1,normal,LOW
2026-08-11T14:40:00,5.46,1.262,-0.15,-1.3,-0.025,5.87,-0.052,20.1,normal,LOW
2026-08-11T14:50:00,4.28,1.255,-0.0456,-1.18,-0.0076,5.8,-0.049,19.8,normal,LOW
2026-08-11T15:00:00,5.43,1.235,-0.1218,1.15,-0.0203,5.81,-0.051,19.7,normal,LOW
2026-08-11T15:10:00,7.03,1.263,0.1728,1.6,0.0288,5.86,0.02,20.3,normal,LOW
2026-08-11T15:20:00,6.2,1.303,0.2358,-0.83,0.0393,5.9,0.035,20.4,normal,LOW
2026-08-11T15:30:00,6.54,1.315,0.0756,0.34,0.0126,5.95,0.054,20.5,normal,LOW
2026-08-11T15:40:00,6.18,1.299,-0.0948,-0.36,-0.0158,5.97,0.048,20.3,normal,LOW
2026-08-11T15:50:00,7.12,1.273,-0.1584,0.95,-0.0264,5.94,0.03,20.2,normal,LOW
2026-08-11T16:00:00,6.14,1.297,0.1452,-0.98,0.0242,5.88,0.048,20.0,normal,LOW
2026-08-11T16:10:00,5.1,1.322,0.147,-1.04,0.0245,5.77,0.045,20.2,normal,LOW
2026-08-11T16:20:00,4.32,1.305,-0.0996,-0.78,-0.0166,5.64,0.05,20.5,normal,LOW
2026-08-11T16:30:00,5.2,1.302,-0.0204,0.88,-0.0034,5.63,0.025,20.4,normal,LOW
2026-08-11T16:40:00,5.62,1.302,0.0006,0.42,0.0001,5.68,0.067,20.4,normal,LOW
2026-08-11T16:50:00,5.52,1.317,0.0924,-0.09,0.0154,5.74,0.088,20.1,normal,LOW
2026-08-11T17:00:00,5.18,1.284,-0.1986,-0.34,-0.0331,5.73,0.004,19.8,normal,LOW
2026-08-11T17:10:00,5.13,1.25,-0.2016,-0.06,-0.0336,5.72,-0.04,20.7,normal,LOW
2026-08-11T17:20:00,5.0,1.268,0.1068,-0.13,0.0178,5.68,-0.019,20.0,normal,LOW
2026-08-11T17:30:00,4.02,1.227,-0.2502,-0.98,-0.0417,5.52,-0.036,20.3,normal,LOW
2026-08-11T17:40:00,2.91,1.262,0.2142,-1.1,0.0357,5.38,0.008,20.5,normal,LOW
2026-08-11T17:50:00,2.37,1.259,-0.0198,-0.54,-0.0033,5.28,0.024,20.6,normal,LOW
2026-08-11T18:00:00,2.44,1.229,-0.177,0.07,-0.0295,5.11,-0.034,20.4,normal,LOW
2026-08-11T18:10:00,3.4,1.234,0.0282,0.95,0.0047,4.91,-0.068,20.8,normal,LOW
2026-08-11T18:20:00,3.84,1.228,-0.0366,0.45,-0.0061,4.78,-0.087,20.2,normal,LOW
2026-08-11T18:30:00,4.27,1.231,0.0162,0.42,0.0027,4.65,-0.069,19.9,normal,LOW
2026-08-11T18:40:00,4.69,1.267,0.2142,0.42,0.0357,4.57,-0.007,21.0,normal,LOW
2026-08-11T18:50:00,5.05,1.304,0.2274,0.36,0.0379,4.45,0.007,20.6,normal,LOW
2026-08-11T19:00:00,5.58,1.276,-0.1716,0.53,-0.0286,4.42,-0.046,20.5,normal,LOW
2026-08-11T19:10:00,5.07,1.305,0.1776,-0.51,0.0296,4.42,0.0,21.2,normal,LOW
2026-08-11T19:20:00,5.36,1.31,0.0306,0.29,0.0051,4.48,0.009,20.3,normal,LOW
2026-08-11T19:30:00,4.87,1.336,0.1554,-0.49,0.0259,4.46,0.035,21.0,normal,LOW
2026-08-11T19:40:00,5.52,1.314,-0.1356,0.65,-0.0226,4.46,-0.003,20.6,normal,LOW
2026-08-11T19:50:00,4.47,1.352,0.2304,-1.05,0.0384,4.4,0.068,20.5,normal,LOW
2026-08-11T20:00:00,5.86,1.319,-0.2004,1.4,-0.0334,4.44,0.068,20.5,normal,LOW
2026-08-11T20:10:00,5.41,1.304,-0.087,-0.45,-0.0145,4.45,0.036,20.9,normal,LOW
2026-08-11T20:20:00,5.05,1.297,-0.0444,-0.36,-0.0074,4.45,0.07,20.8,normal,LOW
2026-08-11T20:30:00,5.52,1.3,0.0192,0.47,0.0032,4.54,0.038,20.1,normal,LOW
2026-08-11T20:40:00,55.74,2.5,7.1994,50.22,1.1999,7.47,1.241,16.4,flash_flood,HIGH
2026-08-11T20:50:00,90.09,2.604,0.6252,34.34,0.1042,12.35,1.375,16.5,flash_flood,HIGH
2026-08-11T21:00:00,113.85,2.756,0.9102,23.76,0.1517,18.54,1.522,17.1,flash_flood,HIGH
2026-08-11T21:10:00,103.47,2.89,0.804,-10.38,0.134,24.1,1.662,16.8,flash_flood,HIGH
2026-08-11T21:20:00,105.33,3.043,0.9162,1.86,0.1527,29.73,1.812,17.4,flash_flood,HIGH
2026-08-11T21:30:00,104.5,3.202,0.9546,-0.83,0.1591,35.3,1.935,17.4,flash_flood,HIGH
2026-08-11T21:40:00,111.58,3.367,0.99,7.08,0.165,41.24,2.062,17.2,flash_flood,HIGH
2026-08-11T21:50:00,112.78,3.52,0.9186,1.2,0.1531,47.23,2.244,17.6,flash_flood,HIGH
2026-08-11T22:00:00,116.97,3.673,0.9222,4.19,0.1537,53.41,2.368,17.0,flash_flood,HIGH
2026-08-11T22:10:00,120.1,3.84,0.9978,3.12,0.1663,59.81,2.529,17.7,flash_flood,HIGH
2026-08-11T22:20:00,124.8,4.0,0.963,4.7,0.1605,66.44,2.664,17.4,flash_flood,HIGH
2026-08-11T22:30:00,124.17,4.156,0.9366,-0.62,0.1561,73.07,2.843,16.6,flash_flood,HIGH
2026-08-11T22:40:00,111.99,4.312,0.9354,-12.18,0.1559,78.98,2.96,16.6,flash_flood,HIGH
2026-08-11T22:50:00,128.75,4.468,0.9348,16.76,0.1558,85.89,3.149,16.0,flash_flood,HIGH
2026-08-11T23:00:00,115.26,4.642,1.0416,-13.49,0.1736,91.97,3.337,16.7,flash_flood,HIGH
2026-08-11T23:10:00,108.39,4.777,0.8142,-6.87,0.1357,97.69,3.48,17.8,flash_flood,HIGH
2026-08-11T23:20:00,110.75,4.871,0.5628,2.36,0.0938,103.56,3.571,16.9,flash_flood,HIGH
2026-08-11T23:30:00,105.79,4.987,0.6948,-4.96,0.1158,109.13,2.487,17.8,flash_flood,HIGH
2026-08-11T23:40:00,115.09,5.128,0.8466,9.3,0.1411,112.43,2.524,16.6,flash_flood,HIGH
2026-08-11T23:50:00,112.64,5.291,0.9762,-2.45,0.1627,113.68,2.535,17.0,flash_flood,HIGH
2026-08-12T00:00:00,111.19,5.443,0.9144,-1.45,0.1524,113.53,2.553,17.0,flash_flood,HIGH
2026-08-12T00:10:00,107.97,5.595,0.9114,-3.22,0.1519,113.78,2.553,17.2,flash_flood,HIGH
2026-08-12T00:20:00,104.16,5.729,0.8016,-3.8,0.1336,113.72,2.527,16.9,flash_flood,HIGH
2026-08-12T00:30:00,114.61,5.851,0.7326,10.44,0.1221,114.28,2.484,16.4,flash_flood,HIGH
2026-08-12T00:40:00,116.84,6.015,0.9852,2.23,0.1642,114.57,2.495,17.8,flash_flood,HIGH
2026-08-12T00:50:00,118.19,6.178,0.9804,1.35,0.1634,114.87,2.505,16.9,flash_flood,HIGH
2026-08-12T01:00:00,120.7,6.319,0.8424,2.51,0.1404,115.08,2.479,16.7,flash_flood,HIGH
2026-08-12T01:10:00,124.57,6.498,1.0746,3.87,0.1791,115.33,2.498,17.5,flash_flood,HIGH
2026-08-12T01:20:00,116.21,6.699,1.206,-8.36,0.201,114.85,2.543,16.5,flash_flood,HIGH
2026-08-12T01:30:00,100.45,6.8,0.6066,-15.76,0.1011,113.53,2.488,17.6,flash_flood,HIGH
2026-08-12T01:40:00,107.38,6.8,0.0,6.93,0.0,113.28,2.332,17.5,flash_flood,HIGH
2026-08-12T01:50:00,113.82,6.8,0.0,6.44,0.0,112.45,2.158,17.5,flash_flood,HIGH
2026-08-12T02:00:00,104.53,6.8,0.0,-9.29,0.0,111.85,2.023,17.2,flash_flood,HIGH
2026-08-12T02:10:00,118.97,6.8,0.0,14.44,0.0,112.44,1.929,16.6,flash_flood,HIGH
2026-08-12T02:20:00,131.96,6.8,0.0,12.99,0.0,113.62,1.813,17.1,flash_flood,HIGH
2026-08-12T02:30:00,115.35,6.8,0.0,-16.62,0.0,114.15,1.672,16.2,flash_flood,HIGH
2026-08-12T02:40:00,122.23,6.8,0.0,6.89,0.0,114.54,1.509,16.7,flash_flood,HIGH
2026-08-12T02:50:00,120.65,6.8,0.0,-1.58,0.0,114.99,1.357,16.6,flash_flood,HIGH
2026-08-12T03:00:00,130.84,6.8,0.0,10.19,0.0,116.08,1.205,16.9,flash_flood,HIGH
2026-08-12T03:10:00,134.58,6.8,0.0,3.74,0.0,117.56,1.071,16.3,flash_flood,HIGH
2026-08-12T03:20:00,128.72,6.8,0.0,-5.86,0.0,118.92,0.949,16.9,flash_flood,HIGH
2026-08-12T03:30:00,133.39,6.8,0.0,4.67,0.0,119.97,0.785,16.8,flash_flood,HIGH
2026-08-12T03:40:00,130.61,6.8,0.0,-2.78,0.0,120.73,0.622,17.4,flash_flood,HIGH
2026-08-12T03:50:00,119.89,6.8,0.0,-10.73,0.0,120.83,0.481,17.6,flash_flood,HIGH
2026-08-12T04:00:00,119.38,6.8,0.0,-0.51,0.0,120.75,0.302,17.0,flash_flood,HIGH
2026-08-12T04:10:00,125.55,6.8,0.0,6.17,0.0,120.81,0.101,16.9,flash_flood,HIGH
2026-08-12T04:20:00,128.69,6.8,0.0,3.15,0.0,121.5,0.0,17.0,flash_flood,HIGH
2026-08-12T04:30:00,113.07,6.8,0.0,-15.62,0.0,122.2,0.0,17.8,flash_flood,HIGH
2026-08-12T04:40:00,105.34,6.8,0.0,-7.73,0.0,122.09,0.0,17.4,flash_flood,HIGH
2026-08-12T04:50:00,116.97,6.8,0.0,11.63,0.0,122.26,0.0,17.6,flash_flood,HIGH
2026-08-12T05:00:00,121.02,6.8,0.0,4.05,0.0,123.18,0.0,16.9,flash_flood,HIGH
2026-08-12T05:10:00,107.47,6.8,0.0,-13.55,0.0,122.54,0.0,17.0,flash_flood,HIGH
2026-08-12T05:20:00,101.39,6.8,0.0,-6.09,0.0,120.84,0.0,16.9,flash_flood,HIGH
2026-08-12T05:30:00,111.36,6.8,0.0,9.98,0.0,120.62,0.0,17.5,flash_flood,HIGH
2026-08-12T05:40:00,102.09,6.8,0.0,-9.27,0.0,119.5,0.0,17.0,flash_flood,HIGH
2026-08-12T05:50:00,104.42,6.8,0.0,2.33,0.0,118.6,0.0,17.4,flash_flood,HIGH
2026-08-12T06:00:00,93.32,6.8,0.0,-11.1,0.0,116.51,0.0,17.5,flash_flood,HIGH
2026-08-12T06:10:00,103.18,6.8,0.0,9.86,0.0,114.77,0.0,17.0,flash_flood,HIGH
2026-08-12T06:20:00,107.73,6.8,0.0,4.55,0.0,113.6,0.0,16.1,flash_flood,HIGH
2026-08-12T06:30:00,103.37,6.8,0.0,-4.36,0.0,111.94,0.0,15.4,flash_flood,HIGH
2026-08-12T06:40:00,101.4,6.8,0.0,-1.97,0.0,110.31,0.0,18.0,flash_flood,HIGH
2026-08-12T06:50:00,103.02,6.8,0.0,1.62,0.0,109.38,0.0,16.0,flash_flood,HIGH
2026-08-12T07:00:00,113.51,6.8,0.0,10.49,0.0,109.05,0.0,17.6,flash_flood,HIGH
2026-08-12T07:10:00,121.24,6.8,0.0,7.73,0.0,108.81,0.0,17.4,flash_flood,HIGH
2026-08-12T07:20:00,105.76,6.8,0.0,-15.49,0.0,107.54,0.0,16.4,flash_flood,HIGH
2026-08-12T07:30:00,98.91,6.8,0.0,-6.85,0.0,106.75,0.0,17.5,flash_flood,HIGH
2026-08-12T07:40:00,106.32,6.8,0.0,7.41,0.0,106.8,0.0,16.3,flash_flood,HIGH
2026-08-12T07:50:00,115.05,6.8,0.0,8.73,0.0,106.7,0.0,17.2,flash_flood,HIGH
2026-08-12T08:00:00,120.25,6.8,0.0,5.19,0.0,106.66,0.0,16.1,flash_flood,HIGH
2026-08-12T08:10:00,112.93,6.8,0.0,-7.32,0.0,106.96,0.0,17.3,flash_flood,HIGH
2026-08-12T08:20:00,111.19,6.8,0.0,-1.74,0.0,107.5,0.0,16.8,flash_flood,HIGH
2026-08-12T08:30:00,119.7,6.8,0.0,8.5,0.0,107.97,0.0,17.2,flash_flood,HIGH
2026-08-12T08:40:00,122.74,6.8,0.0,3.05,0.0,109.11,0.0,16.7,flash_flood,HIGH
2026-08-12T08:50:00,124.24,6.8,0.0,1.5,0.0,110.22,0.0,16.9,flash_flood,HIGH
2026-08-12T09:00:00,116.69,6.8,0.0,-7.55,0.0,111.51,0.0,17.2,flash_flood,HIGH
2026-08-12T09:10:00,110.31,6.8,0.0,-6.38,0.0,111.91,0.0,17.3,flash_flood,HIGH
2026-08-12T09:20:00,118.23,6.8,0.0,7.92,0.0,112.49,0.0,17.0,flash_flood,HIGH
2026-08-12T09:30:00,114.79,6.8,0.0,-3.44,0.0,113.13,0.0,17.9,flash_flood,HIGH
2026-08-12T09:40:00,103.72,6.8,0.0,-11.07,0.0,113.26,0.0,17.6,flash_flood,HIGH
2026-08-12T09:50:00,106.0,6.8,0.0,2.28,0.0,113.42,0.0,16.6,flash_flood,HIGH
2026-08-12T10:00:00,104.53,6.8,0.0,-1.46,0.0,112.92,0.0,17.4,flash_flood,HIGH
2026-08-12T10:10:00,109.91,6.8,0.0,5.38,0.0,112.29,0.0,17.7,flash_flood,HIGH
2026-08-12T10:20:00,105.17,6.8,0.0,-4.75,0.0,112.26,0.0,17.7,flash_flood,HIGH
2026-08-12T10:30:00,88.64,6.8,0.0,-16.53,0.0,111.69,0.0,17.5,flash_flood,HIGH
2026-08-12T10:40:00,106.16,6.8,0.0,17.51,0.0,111.68,0.0,17.2,flash_flood,HIGH
2026-08-12T10:50:00,122.34,6.8,0.0,16.18,0.0,112.09,0.0,17.3,flash_flood,HIGH
2026-08-12T11:00:00,118.8,6.8,0.0,-3.54,0.0,112.01,0.0,16.7,flash_flood,HIGH
2026-08-12T11:10:00,117.59,6.8,0.0,-1.22,0.0,112.26,0.0,18.4,flash_flood,HIGH
2026-08-12T11:20:00,100.16,6.8,0.0,-17.42,0.0,111.65,0.0,17.0,flash_flood,HIGH
2026-08-12T11:30:00,118.46,6.8,0.0,18.3,0.0,111.58,0.0,17.5,flash_flood,HIGH
2026-08-12T11:40:00,115.31,6.8,0.0,-3.15,0.0,111.17,0.0,16.3,flash_flood,HIGH
2026-08-12T11:50:00,103.08,6.8,0.0,-12.23,0.0,109.99,0.0,17.1,flash_flood,HIGH
2026-08-12T12:00:00,100.2,6.8,0.0,-2.88,0.0,109.08,0.0,16.6,flash_flood,HIGH
2026-08-12T12:10:00,123.39,6.8,0.0,23.19,0.0,109.8,0.0,17.1,flash_flood,HIGH
2026-08-12T12:20:00,110.13,6.8,0.0,-13.26,0.0,109.35,0.0,16.6,flash_flood,HIGH
2026-08-12T12:30:00,105.85,6.8,0.0,-4.28,0.0,108.86,0.0,16.6,flash_flood,HIGH
2026-08-12T12:40:00,97.91,6.8,0.0,-7.94,0.0,108.54,0.0,17.2,flash_flood,HIGH
2026-08-12T12:50:00,115.44,6.8,0.0,17.52,0.0,109.06,0.0,17.5,flash_flood,HIGH
2026-08-12T13:00:00,114.39,6.8,0.0,-1.04,0.0,109.61,0.0,16.4,flash_flood,HIGH
2026-08-12T13:10:00,109.46,6.8,0.0,-4.93,0.0,109.58,0.0,17.1,flash_flood,HIGH
2026-08-12T13:20:00,108.96,6.8,0.0,-0.51,0.0,109.79,0.0,16.8,flash_flood,HIGH
2026-08-12T13:30:00,117.09,6.8,0.0,8.13,0.0,111.37,0.0,16.1,flash_flood,HIGH
2026-08-12T13:40:00,120.57,6.8,0.0,3.49,0.0,112.17,0.0,17.3,flash_flood,HIGH
2026-08-12T13:50:00,122.93,6.8,0.0,2.35,0.0,112.21,0.0,16.4,flash_flood,HIGH
2026-08-12T14:00:00,128.34,6.8,0.0,5.42,0.0,112.74,0.0,16.7,flash_flood,HIGH
2026-08-12T14:10:00,128.86,6.8,0.0,0.52,0.0,113.36,0.0,17.8,flash_flood,HIGH
2026-08-12T14:20:00,119.02,6.8,0.0,-9.84,0.0,114.41,0.0,16.7,flash_flood,HIGH
2026-08-12T14:30:00,118.28,6.8,0.0,-0.74,0.0,114.4,0.0,17.4,flash_flood,HIGH
2026-08-12T14:40:00,109.29,6.8,0.0,-8.99,0.0,114.07,0.0,17.6,flash_flood,HIGH
2026-08-12T14:50:00,101.7,6.8,0.0,-7.59,0.0,113.99,0.0,17.3,flash_flood,HIGH
2026-08-12T15:00:00,105.13,6.8,0.0,3.42,0.0,114.26,0.0,17.6,flash_flood,HIGH
2026-08-12T15:10:00,100.97,6.8,0.0,-4.15,0.0,113.02,0.0,17.4,flash_flood,HIGH
2026-08-12T15:20:00,106.64,6.8,0.0,5.66,0.0,112.82,0.0,17.2,flash_flood,HIGH
2026-08-12T15:30:00,103.34,6.8,0.0,-3.3,0.0,112.68,0.0,16.4,flash_flood,HIGH
2026-08-12T15:40:00,99.84,6.8,0.0,-3.5,0.0,112.79,0.0,17.1,flash_flood,HIGH
2026-08-12T15:50:00,106.75,6.8,0.0,6.92,0.0,112.31,0.0,17.4,flash_flood,HIGH
2026-08-12T16:00:00,109.71,6.8,0.0,2.95,0.0,112.05,0.0,17.0,flash_flood,HIGH
2026-08-12T16:10:00,107.79,6.8,0.0,-1.91,0.0,111.96,0.0,17.6,flash_flood,HIGH
2026-08-12T16:20:00,110.62,6.8,0.0,2.83,0.0,112.05,0.0,16.6,flash_flood,HIGH
2026-08-12T16:30:00,116.12,6.8,0.0,5.5,0.0,112.0,0.0,17.3,flash_flood,HIGH
2026-08-12T16:40:00,127.18,6.8,0.0,11.06,0.0,112.36,0.0,17.2,flash_flood,HIGH
2026-08-12T16:50:00,111.36,6.8,0.0,-15.83,0.0,111.72,0.0,17.5,flash_flood,HIGH
2026-08-12T17:00:00,119.4,6.8,0.0,8.04,0.0,111.22,0.0,16.9,flash_flood,HIGH
2026-08-12T17:10:00,126.64,6.8,0.0,7.23,0.0,111.1,0.0,16.6,flash_flood,HIGH
2026-08-12T17:20:00,118.19,6.8,0.0,-8.44,0.0,111.05,0.0,17.3,flash_flood,HIGH
2026-08-12T17:30:00,115.45,6.8,0.0,-2.75,0.0,110.9,0.0,18.1,flash_flood,HIGH
2026-08-12T17:40:00,123.93,6.8,0.0,8.49,0.0,111.71,0.0,16.5,flash_flood,HIGH
2026-08-12T17:50:00,124.3,6.8,0.0,0.37,0.0,112.97,0.0,17.2,flash_flood,HIGH
2026-08-12T18:00:00,105.67,6.8,0.0,-18.63,0.0,113.0,0.0,16.7,flash_flood,HIGH
2026-08-12T18:10:00,94.31,6.8,0.0,-11.37,0.0,112.63,0.0,16.6,flash_flood,HIGH
2026-08-12T18:20:00,95.18,6.8,0.0,0.87,0.0,111.99,0.0,17.5,flash_flood,HIGH
2026-08-12T18:30:00,110.19,6.8,0.0,15.02,0.0,112.37,0.0,17.5,flash_flood,HIGH
2026-08-12T18:40:00,114.6,6.8,0.0,4.4,0.0,113.19,0.0,17.9,flash_flood,HIGH
2026-08-12T18:50:00,114.17,6.8,0.0,-0.43,0.0,113.6,0.0,16.3,flash_flood,HIGH
2026-08-12T19:00:00,111.21,6.8,0.0,-2.96,0.0,113.68,0.0,17.4,flash_flood,HIGH
2026-08-12T19:10:00,99.46,6.8,0.0,-11.75,0.0,113.22,0.0,18.3,flash_flood,HIGH
2026-08-12T19:20:00,114.86,6.8,0.0,15.4,0.0,113.46,0.0,17.5,flash_flood,HIGH
2026-08-12T19:30:00,113.05,6.8,0.0,-1.82,0.0,113.29,0.0,17.0,flash_flood,HIGH
2026-08-12T19:40:00,117.43,6.8,0.0,4.38,0.0,112.74,0.0,17.0,flash_flood,HIGH
2026-08-12T19:50:00,127.16,6.8,0.0,9.74,0.0,113.62,0.0,17.0,flash_flood,HIGH
2026-08-12T20:00:00,110.14,6.8,0.0,-17.02,0.0,113.11,0.0,17.2,flash_flood,HIGH
2026-08-12T20:10:00,101.34,6.8,0.0,-8.81,0.0,111.7,0.0,17.1,flash_flood,HIGH
2026-08-12T20:20:00,107.63,6.8,0.0,6.29,0.0,111.12,0.0,16.9,flash_flood,HIGH
2026-08-12T20:30:00,107.73,6.8,0.0,0.1,0.0,110.69,0.0,17.5,flash_flood,HIGH
2026-08-12T20:40:00,115.54,6.8,0.0,7.81,0.0,110.22,0.0,16.3,flash_flood,HIGH
2026-08-12T20:50:00,108.44,6.8,0.0,-7.1,0.0,109.34,0.0,17.4,flash_flood,HIGH
2026-08-12T21:00:00,123.46,6.8,0.0,15.02,0.0,110.33,0.0,16.8,flash_flood,HIGH
2026-08-12T21:10:00,123.54,6.8,0.0,0.08,0.0,111.95,0.0,16.9,flash_flood,HIGH
2026-08-12T21:20:00,128.65,6.8,0.0,5.11,0.0,113.81,0.0,17.2,flash_flood,HIGH
2026-08-12T21:30:00,120.29,6.8,0.0,-8.36,0.0,114.37,0.0,17.7,flash_flood,HIGH
2026-08-12T21:40:00,112.49,6.8,0.0,-7.8,0.0,114.25,0.0,16.6,flash_flood,HIGH
2026-08-12T21:50:00,110.69,6.8,0.0,-1.79,0.0,114.06,0.0,17.1,flash_flood,HIGH
2026-08-12T22:00:00,115.55,6.8,0.0,4.85,0.0,114.3,0.0,17.3,flash_flood,HIGH
2026-08-12T22:10:00,115.26,6.8,0.0,-0.29,0.0,115.18,0.0,16.4,flash_flood,HIGH
2026-08-12T22:20:00,103.59,6.8,0.0,-11.67,0.0,114.55,0.0,16.7,flash_flood,HIGH
2026-08-12T22:30:00,116.15,6.8,0.0,12.56,0.0,114.73,0.0,16.9,flash_flood,HIGH
2026-08-12T22:40:00,117.96,6.8,0.0,1.81,0.0,114.76,0.0,16.3,flash_flood,HIGH
2026-08-12T22:50:00,114.84,6.8,0.0,-3.12,0.0,114.07,0.0,16.8,flash_flood,HIGH
2026-08-12T23:00:00,115.25,6.8,0.0,0.41,0.0,114.35,0.0,16.1,flash_flood,HIGH
2026-08-12T23:10:00,122.81,6.8,0.0,7.56,0.0,115.55,0.0,16.5,flash_flood,HIGH
2026-08-12T23:20:00,118.13,6.8,0.0,-4.68,0.0,116.13,0.0,17.1,flash_flood,HIGH
2026-08-12T23:30:00,118.59,6.8,0.0,0.47,0.0,116.73,0.0,16.6,flash_flood,HIGH
2026-08-12T23:40:00,120.77,6.8,0.0,2.17,0.0,117.02,0.0,16.3,flash_flood,HIGH
2026-08-12T23:50:00,115.0,6.8,0.0,-5.77,0.0,117.39,0.0,17.2,flash_flood,HIGH
2026-08-13T00:00:00,108.53,6.8,0.0,-6.47,0.0,116.56,0.0,17.2,flash_flood,HIGH
2026-08-13T00:10:00,101.21,6.8,0.0,-7.32,0.0,115.32,0.0,16.9,flash_flood,HIGH
2026-08-13T00:20:00,93.41,6.8,0.0,-7.79,0.0,113.36,0.0,17.4,flash_flood,HIGH
2026-08-13T00:30:00,110.54,6.8,0.0,17.13,0.0,112.82,0.0,16.9,flash_flood,HIGH
2026-08-13T00:40:00,115.72,6.8,0.0,5.18,0.0,113.0,0.0,17.4,flash_flood,HIGH
2026-08-13T00:50:00,113.98,6.8,0.0,-1.74,0.0,113.18,0.0,16.9,flash_flood,HIGH
2026-08-13T01:00:00,113.07,6.8,0.0,-0.91,0.0,113.04,0.0,17.1,flash_flood,HIGH
2026-08-13T01:10:00,112.09,6.8,0.0,-0.98,0.0,112.87,0.0,16.5,flash_flood,HIGH
2026-08-13T01:20:00,112.98,6.8,0.0,0.89,0.0,113.39,0.0,16.7,flash_flood,HIGH
2026-08-13T01:30:00,108.88,6.8,0.0,-4.1,0.0,112.99,0.0,16.9,flash_flood,HIGH
2026-08-13T01:40:00,112.1,6.8,0.0,3.21,0.0,112.66,0.0,16.7,flash_flood,HIGH
2026-08-13T01:50:00,103.68,6.8,0.0,-8.42,0.0,112.04,0.0,16.7,flash_flood,HIGH
2026-08-13T02:00:00,98.21,6.8,0.0,-5.47,0.0,111.09,0.0,16.9,flash_flood,HIGH
2026-08-13T02:10:00,100.72,6.8,0.0,2.51,0.0,109.87,0.0,16.7,flash_flood,HIGH
2026-08-13T02:20:00,115.18,6.8,0.0,14.47,0.0,109.7,0.0,17.1,flash_flood,HIGH
2026-08-13T02:30:00,103.55,6.8,0.0,-11.63,0.0,108.87,0.0,16.4,flash_flood,HIGH
2026-08-13T02:40:00,112.74,6.8,0.0,9.19,0.0,108.42,0.0,17.2,flash_flood,HIGH
2026-08-13T02:50:00,111.48,6.8,0.0,-1.26,0.0,108.23,0.0,16.3,flash_flood,HIGH
2026-08-13T03:00:00,117.78,6.8,0.0,6.3,0.0,108.74,0.0,16.2,flash_flood,HIGH
2026-08-13T03:10:00,116.67,6.8,0.0,-1.11,0.0,109.6,0.0,17.6,flash_flood,HIGH
2026-08-13T03:20:00,110.57,6.8,0.0,-6.09,0.0,110.55,0.0,17.3,flash_flood,HIGH
2026-08-13T03:30:00,114.9,6.8,0.0,4.33,0.0,110.79,0.0,17.3,flash_flood,HIGH
2026-08-13T03:40:00,111.21,6.8,0.0,-3.69,0.0,110.54,0.0,16.0,flash_flood,HIGH
2026-08-13T03:50:00,125.05,6.8,0.0,13.84,0.0,111.16,0.0,16.8,flash_flood,HIGH
2026-08-13T04:00:00,115.59,6.8,0.0,-9.46,0.0,111.3,0.0,17.1,flash_flood,HIGH
2026-08-13T04:10:00,110.71,6.8,0.0,-4.88,0.0,111.22,0.0,18.1,flash_flood,HIGH
2026-08-13T04:20:00,109.92,6.8,0.0,-0.79,0.0,111.05,0.0,16.7,flash_flood,HIGH
2026-08-13T04:30:00,119.16,6.8,0.0,9.24,0.0,111.62,0.0,17.6,flash_flood,HIGH
2026-08-13T04:40:00,119.81,6.8,0.0,0.66,0.0,112.05,0.0,16.8,flash_flood,HIGH
2026-08-13T04:50:00,123.52,6.8,0.0,3.71,0.0,113.15,0.0,16.6,flash_flood,HIGH
2026-08-13T05:00:00,128.81,6.8,0.0,5.29,0.0,114.85,0.0,18.2,flash_flood,HIGH
2026-08-13T05:10:00,133.93,6.8,0.0,5.11,0.0,116.7,0.0,16.5,flash_flood,HIGH
2026-08-13T05:20:00,124.72,6.8,0.0,-9.21,0.0,117.23,0.0,17.2,flash_flood,HIGH
2026-08-13T05:30:00,115.8,6.8,0.0,-8.92,0.0,117.91,0.0,17.3,flash_flood,HIGH
2026-08-13T05:40:00,129.58,6.8,0.0,13.78,0.0,118.84,0.0,17.5,flash_flood,HIGH
2026-08-13T05:50:00,126.11,6.8,0.0,-3.46,0.0,119.66,0.0,17.1,flash_flood,HIGH
2026-08-13T06:00:00,108.96,6.8,0.0,-17.15,0.0,119.17,0.0,17.3,flash_flood,HIGH
2026-08-13T06:10:00,112.71,6.8,0.0,3.75,0.0,118.95,0.0,16.3,flash_flood,HIGH
2026-08-13T06:20:00,111.03,6.8,0.0,-1.69,0.0,118.97,0.0,17.1,flash_flood,HIGH
2026-08-13T06:30:00,110.14,6.8,0.0,-0.89,0.0,118.71,0.0,15.9,flash_flood,HIGH
2026-08-13T06:40:00,115.71,6.8,0.0,5.57,0.0,118.96,0.0,16.8,flash_flood,HIGH
2026-08-13T06:50:00,105.29,6.8,0.0,-10.41,0.0,117.86,0.0,17.7,flash_flood,HIGH
2026-08-13T07:00:00,107.1,6.8,0.0,1.81,0.0,117.39,0.0,17.3,flash_flood,HIGH
2026-08-13T07:10:00,101.33,6.8,0.0,-5.77,0.0,116.87,0.0,17.2,flash_flood,HIGH
2026-08-13T07:20:00,121.35,6.8,0.0,20.02,0.0,117.5,0.0,17.1,flash_flood,HIGH
2026-08-13T07:30:00,107.6,6.8,0.0,-13.75,0.0,116.86,0.0,16.9,flash_flood,HIGH
2026-08-13T07:40:00,108.64,6.8,0.0,1.04,0.0,116.24,0.0,16.9,flash_flood,HIGH
2026-08-13T07:50:00,101.03,6.8,0.0,-7.62,0.0,114.99,0.0,16.7,flash_flood,HIGH
2026-08-13T08:00:00,113.75,6.8,0.0,12.72,0.0,114.16,0.0,17.5,flash_flood,HIGH
2026-08-13T08:10:00,110.1,6.8,0.0,-3.65,0.0,112.83,0.0,17.8,flash_flood,HIGH
2026-08-13T08:20:00,116.39,6.8,0.0,6.29,0.0,112.37,0.0,17.6,flash_flood,HIGH
2026-08-13T08:30:00,109.97,6.8,0.0,-6.42,0.0,112.04,0.0,16.8,flash_flood,HIGH
2026-08-13T08:40:00,118.67,6.8,0.0,8.7,0.0,111.44,0.0,16.4,flash_flood,HIGH
2026-08-13T08:50:00,118.0,6.8,0.0,-0.66,0.0,110.99,0.0,16.9,flash_flood,HIGH
2026-08-13T09:00:00,125.15,6.8,0.0,7.15,0.0,111.89,0.0,16.7,flash_flood,HIGH
2026-08-13T09:10:00,122.27,6.8,0.0,-2.88,0.0,112.42,0.0,16.6,flash_flood,HIGH
2026-08-13T09:20:00,131.85,6.8,0.0,9.57,0.0,113.57,0.0,18.2,flash_flood,HIGH
2026-08-13T09:30:00,120.37,6.8,0.0,-11.47,0.0,114.14,0.0,16.8,flash_flood,HIGH
2026-08-13T09:40:00,115.78,6.8,0.0,-4.59,0.0,114.15,0.0,18.1,flash_flood,HIGH
2026-08-13T09:50:00,105.13,6.8,0.0,-10.65,0.0,114.14,0.0,16.9,flash_flood,HIGH
2026-08-13T10:00:00,108.97,6.8,0.0,3.84,0.0,114.24,0.0,17.1,flash_flood,HIGH
2026-08-13T10:10:00,109.65,6.8,0.0,0.68,0.0,114.7,0.0,16.3,flash_flood,HIGH
2026-08-13T10:20:00,102.25,6.8,0.0,-7.4,0.0,113.64,0.0,16.9,flash_flood,HIGH
2026-08-13T10:30:00,111.06,6.8,0.0,8.81,0.0,113.83,0.0,16.3,flash_flood,HIGH
2026-08-13T10:40:00,121.99,6.8,0.0,10.94,0.0,114.58,0.0,17.2,flash_flood,HIGH
2026-08-13T10:50:00,122.46,6.8,0.0,0.46,0.0,115.77,0.0,16.1,flash_flood,HIGH
2026-08-13T11:00:00,112.61,6.8,0.0,-9.85,0.0,115.7,0.0,17.4,flash_flood,HIGH
2026-08-13T11:10:00,112.7,6.8,0.0,0.09,0.0,115.85,0.0,16.9,flash_flood,HIGH
2026-08-13T11:20:00,121.47,6.8,0.0,8.77,0.0,116.13,0.0,16.4,flash_flood,HIGH
2026-08-13T11:30:00,125.17,6.8,0.0,3.7,0.0,116.97,0.0,16.6,flash_flood,HIGH
2026-08-13T11:40:00,133.87,6.8,0.0,8.7,0.0,117.82,0.0,16.3,flash_flood,HIGH
2026-08-13T11:50:00,136.6,6.8,0.0,2.73,0.0,118.85,0.0,16.3,flash_flood,HIGH
2026-08-13T12:00:00,131.38,6.8,0.0,-5.22,0.0,119.2,0.0,16.4,flash_flood,HIGH
2026-08-13T12:10:00,112.64,6.8,0.0,-18.74,0.0,118.66,0.0,16.5,flash_flood,HIGH
2026-08-13T12:20:00,101.91,6.8,0.0,-10.73,0.0,117.0,0.0,16.9,flash_flood,HIGH
2026-08-13T12:30:00,114.68,6.8,0.0,12.77,0.0,116.68,0.0,17.0,flash_flood,HIGH
2026-08-13T12:40:00,121.92,6.8,0.0,7.25,0.0,117.02,0.0,17.0,flash_flood,HIGH
2026-08-13T12:50:00,129.29,6.8,0.0,7.37,0.0,118.37,0.0,16.4,flash_flood,HIGH
2026-08-13T13:00:00,117.67,6.8,0.0,-11.63,0.0,118.85,0.0,17.3,flash_flood,HIGH
2026-08-13T13:10:00,112.64,6.8,0.0,-5.03,0.0,119.02,0.0,17.2,flash_flood,HIGH
2026-08-13T13:20:00,117.25,6.8,0.0,4.61,0.0,119.85,0.0,17.7,flash_flood,HIGH
2026-08-13T13:30:00,113.65,6.8,0.0,-3.59,0.0,119.99,0.0,16.3,flash_flood,HIGH
2026-08-13T13:40:00,106.15,6.8,0.0,-7.5,0.0,119.11,0.0,18.0,flash_flood,HIGH
2026-08-13T13:50:00,110.99,6.8,0.0,4.84,0.0,118.48,0.0,16.8,flash_flood,HIGH
2026-08-13T14:00:00,126.7,6.8,0.0,15.7,0.0,119.26,0.0,16.7,flash_flood,HIGH
2026-08-13T14:10:00,123.43,6.8,0.0,-3.26,0.0,119.86,0.0,16.7,flash_flood,HIGH
2026-08-13T14:20:00,119.57,6.8,0.0,-3.86,0.0,119.75,0.0,16.2,flash_flood,HIGH
2026-08-13T14:30:00,112.22,6.8,0.0,-7.35,0.0,119.03,0.0,16.8,flash_flood,HIGH
2026-08-13T14:40:00,99.33,6.8,0.0,-12.9,0.0,117.11,0.0,17.0,flash_flood,HIGH
2026-08-13T14:50:00,94.2,6.8,0.0,-5.13,0.0,114.76,0.0,17.8,flash_flood,HIGH
2026-08-13T15:00:00,108.26,6.8,0.0,14.05,0.0,113.47,0.0,16.3,flash_flood,HIGH
2026-08-13T15:10:00,100.14,6.8,0.0,-8.12,0.0,112.78,0.0,16.4,flash_flood,HIGH
2026-08-13T15:20:00,106.09,6.8,0.0,5.95,0.0,113.01,0.0,17.0,flash_flood,HIGH
2026-08-13T15:30:00,98.08,6.8,0.0,-8.01,0.0,112.09,0.0,17.6,flash_flood,HIGH
2026-08-13T15:40:00,95.88,6.8,0.0,-2.2,0.0,110.64,0.0,17.3,flash_flood,HIGH
2026-08-13T15:50:00,107.82,6.8,0.0,11.95,0.0,109.45,0.0,16.5,flash_flood,HIGH
2026-08-13T16:00:00,120.16,6.8,0.0,12.33,0.0,109.59,0.0,16.5,flash_flood,HIGH
2026-08-13T16:10:00,117.58,6.8,0.0,-2.58,0.0,109.86,0.0,16.9,flash_flood,HIGH
2026-08-13T16:20:00,126.41,6.8,0.0,8.83,0.0,110.37,0.0,16.9,flash_flood,HIGH
2026-08-13T16:30:00,128.42,6.8,0.0,2.01,0.0,111.19,0.0,16.6,flash_flood,HIGH
2026-08-13T16:40:00,129.58,6.8,0.0,1.17,0.0,112.49,0.0,16.7,flash_flood,HIGH
2026-08-13T16:50:00,113.53,6.8,0.0,-16.05,0.0,112.63,0.0,17.2,flash_flood,HIGH
2026-08-13T17:00:00,105.21,6.8,0.0,-8.32,0.0,111.44,0.0,17.6,flash_flood,HIGH
2026-08-13T17:10:00,95.83,6.8,0.0,-9.38,0.0,109.91,0.0,17.4,flash_flood,HIGH
2026-08-13T17:20:00,90.52,6.8,0.0,-5.31,0.0,108.29,0.0,17.3,flash_flood,HIGH
2026-08-13T17:30:00,100.37,6.8,0.0,9.86,0.0,107.63,0.0,16.5,flash_flood,HIGH
2026-08-13T17:40:00,115.57,6.8,0.0,15.2,0.0,108.54,0.0,17.1,flash_flood,HIGH
2026-08-13T17:50:00,126.89,6.8,0.0,11.32,0.0,110.35,0.0,17.0,flash_flood,HIGH
2026-08-13T18:00:00,119.25,6.8,0.0,-7.64,0.0,110.96,0.0,17.3,flash_flood,HIGH
2026-08-13T18:10:00,119.15,6.8,0.0,-0.11,0.0,112.02,0.0,16.7,flash_flood,HIGH
2026-08-13T18:20:00,117.25,6.8,0.0,-1.89,0.0,112.64,0.0,17.0,flash_flood,HIGH
2026-08-13T18:30:00,114.58,6.8,0.0,-2.67,0.0,113.56,0.0,16.8,flash_flood,HIGH
2026-08-13T18:40:00,109.43,6.8,0.0,-5.15,0.0,114.31,0.0,17.7,flash_flood,HIGH
2026-08-13T18:50:00,114.63,6.8,0.0,5.19,0.0,114.69,0.0,17.4,flash_flood,HIGH
2026-08-13T19:00:00,124.0,6.8,0.0,9.37,0.0,114.9,0.0,17.5,flash_flood,HIGH
2026-08-13T19:10:00,106.03,6.8,0.0,-17.96,0.0,114.26,0.0,17.2,flash_flood,HIGH
2026-08-13T19:20:00,105.58,6.8,0.0,-0.46,0.0,113.1,0.0,17.9,flash_flood,HIGH
2026-08-13T19:30:00,118.17,6.8,0.0,12.59,0.0,112.53,0.0,17.0,flash_flood,HIGH
2026-08-13T19:40:00,122.72,6.8,0.0,4.56,0.0,112.15,0.0,16.7,flash_flood,HIGH
2026-08-13T19:50:00,116.82,6.8,0.0,-5.9,0.0,112.33,0.0,17.1,flash_flood,HIGH
2026-08-13T20:00:00,103.81,6.8,0.0,-13.01,0.0,112.26,0.0,17.2,flash_flood,HIGH
2026-08-13T20:10:00,116.94,6.8,0.0,13.13,0.0,113.43,0.0,16.1,flash_flood,HIGH
2026-08-13T20:20:00,118.81,6.8,0.0,1.87,0.0,115.0,0.0,17.0,flash_flood,HIGH
2026-08-13T20:30:00,117.29,6.8,0.0,-1.53,0.0,115.94,0.0,16.8,flash_flood,HIGH
2026-08-13T20:40:00,110.39,6.8,0.0,-6.89,0.0,115.65,0.0,16.9,flash_flood,HIGH
2026-08-13T20:50:00,106.87,6.8,0.0,-3.53,0.0,114.54,0.0,16.4,flash_flood,HIGH
2026-08-13T21:00:00,101.48,6.8,0.0,-5.38,0.0,113.55,0.0,17.8,flash_flood,HIGH
2026-08-13T21:10:00,95.64,6.8,0.0,-5.84,0.0,112.25,0.0,17.5,flash_flood,HIGH
2026-08-13T21:20:00,101.81,6.8,0.0,6.17,0.0,111.39,0.0,16.7,flash_flood,HIGH
2026-08-13T21:30:00,115.52,6.8,0.0,13.71,0.0,111.44,0.0,17.0,flash_flood,HIGH
2026-08-13T21:40:00,113.68,6.8,0.0,-1.84,0.0,111.68,0.0,16.7,flash_flood,HIGH
2026-08-13T21:50:00,110.1,6.8,0.0,-3.58,0.0,111.43,0.0,17.4,flash_flood,HIGH
2026-08-13T22:00:00,100.73,6.8,0.0,-9.37,0.0,110.13,0.0,16.7,flash_flood,HIGH
2026-08-13T22:10:00,102.21,6.8,0.0,1.49,0.0,109.92,0.0,17.2,flash_flood,HIGH
2026-08-13T22:20:00,124.37,6.8,0.0,22.16,0.0,110.97,0.0,17.1,flash_flood,HIGH
2026-08-13T22:30:00,103.76,6.8,0.0,-20.61,0.0,110.16,0.0,16.3,flash_flood,HIGH
2026-08-13T22:40:00,113.34,6.8,0.0,9.58,0.0,109.64,0.0,17.2,flash_flood,HIGH
2026-08-13T22:50:00,111.61,6.8,0.0,-1.73,0.0,109.35,0.0,17.1,flash_flood,HIGH
2026-08-13T23:00:00,114.76,6.8,0.0,3.15,0.0,109.96,0.0,16.6,flash_flood,HIGH
2026-08-13T23:10:00,112.43,6.8,0.0,-2.33,0.0,109.71,0.0,17.5,flash_flood,HIGH
2026-08-13T23:20:00,108.12,6.8,0.0,-4.3,0.0,109.12,0.0,17.2,flash_flood,HIGH
2026-08-13T23:30:00,98.42,6.8,0.0,-9.7,0.0,108.07,0.0,17.0,flash_flood,HIGH
2026-08-13T23:40:00,108.19,6.8,0.0,9.76,0.0,107.95,0.0,17.7,flash_flood,HIGH
2026-08-13T23:50:00,119.49,6.8,0.0,11.3,0.0,108.65,0.0,16.7,flash_flood,HIGH
2026-08-14T00:00:00,109.95,6.8,0.0,-9.53,0.0,109.12,0.0,17.1,flash_flood,HIGH
2026-08-14T00:10:00,107.24,6.8,0.0,-2.71,0.0,109.76,0.0,16.6,flash_flood,HIGH
2026-08-14T00:20:00,109.2,6.8,0.0,1.96,0.0,110.17,0.0,16.4,flash_flood,HIGH
2026-08-14T00:30:00,113.8,6.8,0.0,4.6,0.0,110.08,0.0,17.2,flash_flood,HIGH
2026-08-14T00:40:00,117.57,6.8,0.0,3.77,0.0,110.29,0.0,16.3,flash_flood,HIGH
2026-08-14T00:50:00,116.22,6.8,0.0,-1.35,0.0,110.63,0.0,17.6,flash_flood,HIGH
2026-08-14T01:00:00,111.02,6.8,0.0,-5.2,0.0,111.21,0.0,16.8,flash_flood,HIGH
2026-08-14T01:10:00,112.38,6.8,0.0,1.36,0.0,111.77,0.0,17.3,flash_flood,HIGH
2026-08-14T01:20:00,126.76,6.8,0.0,14.38,0.0,111.9,0.0,17.3,flash_flood,HIGH
2026-08-14T01:30:00,126.32,6.8,0.0,-0.44,0.0,113.16,0.0,17.6,flash_flood,HIGH
2026-08-14T01:40:00,120.16,6.8,0.0,-6.16,0.0,113.54,0.0,16.5,flash_flood,HIGH
2026-08-14T01:50:00,125.61,6.8,0.0,5.45,0.0,114.31,0.0,17.3,flash_flood,HIGH
2026-08-14T02:00:00,112.34,6.8,0.0,-13.27,0.0,114.18,0.0,17.0,flash_flood,HIGH
2026-08-14T02:10:00,119.25,6.8,0.0,6.92,0.0,114.56,0.0,16.6,flash_flood,HIGH
2026-08-14T02:20:00,114.11,6.8,0.0,-5.14,0.0,114.89,0.0,16.7,flash_flood,HIGH
2026-08-14T02:30:00,100.57,6.8,0.0,-13.54,0.0,115.01,0.0,17.0,flash_flood,HIGH
2026-08-14T02:40:00,116.79,6.8,0.0,16.22,0.0,115.49,0.0,17.2,flash_flood,HIGH
2026-08-14T02:50:00,126.83,6.8,0.0,10.04,0.0,115.9,0.0,17.2,flash_flood,HIGH
2026-08-14T03:00:00,131.57,6.8,0.0,4.73,0.0,117.1,0.0,16.5,flash_flood,HIGH
2026-08-14T03:10:00,105.28,6.8,0.0,-26.28,0.0,116.99,0.0,16.9,flash_flood,HIGH
2026-08-14T03:20:00,113.67,6.8,0.0,8.39,0.0,117.24,0.0,17.3,flash_flood,HIGH
2026-08-14T03:30:00,122.83,6.8,0.0,9.16,0.0,117.74,0.0,17.5,flash_flood,HIGH
2026-08-14T03:40:00,120.1,6.8,0.0,-2.73,0.0,117.88,0.0,17.1,flash_flood,HIGH
2026-08-14T03:50:00,131.52,6.8,0.0,11.42,0.0,118.73,0.0,16.4,flash_flood,HIGH
2026-08-14T04:00:00,117.75,6.8,0.0,-13.77,0.0,119.1,0.0,17.4,flash_flood,HIGH
2026-08-14T04:10:00,111.62,6.8,0.0,-6.13,0.0,119.06,0.0,17.0,flash_flood,HIGH
2026-08-14T04:20:00,118.14,6.8,0.0,6.52,0.0,118.58,0.0,17.1,flash_flood,HIGH
2026-08-14T04:30:00,129.22,6.8,0.0,11.08,0.0,118.74,0.0,17.3,flash_flood,HIGH
2026-08-14T04:40:00,116.45,6.8,0.0,-12.77,0.0,118.54,0.0,15.8,flash_flood,HIGH
2026-08-14T04:50:00,113.79,6.8,0.0,-2.67,0.0,117.88,0.0,17.2,flash_flood,HIGH
2026-08-14T05:00:00,103.46,6.8,0.0,-10.33,0.0,117.39,0.0,17.9,flash_flood,HIGH
2026-08-14T05:10:00,97.76,6.8,0.0,-5.7,0.0,116.19,0.0,15.9,flash_flood,HIGH
2026-08-14T05:20:00,108.1,6.8,0.0,10.35,0.0,115.86,0.0,17.4,flash_flood,HIGH
2026-08-14T05:30:00,120.59,6.8,0.0,12.49,0.0,116.97,0.0,17.1,flash_flood,HIGH
2026-08-14T05:40:00,123.03,6.8,0.0,2.44,0.0,117.32,0.0,17.0,flash_flood,HIGH
2026-08-14T05:50:00,117.81,6.8,0.0,-5.23,0.0,116.82,0.0,17.2,flash_flood,HIGH
2026-08-14T06:00:00,112.36,6.8,0.0,-5.45,0.0,115.75,0.0,18.1,flash_flood,HIGH
2026-08-14T06:10:00,125.1,6.8,0.0,12.73,0.0,116.85,0.0,16.6,flash_flood,HIGH
2026-08-14T06:20:00,132.85,6.8,0.0,7.75,0.0,117.92,0.0,17.4,flash_flood,HIGH
2026-08-14T06:30:00,113.49,6.8,0.0,-19.36,0.0,117.4,0.0,17.7,flash_flood,HIGH
2026-08-14T06:40:00,107.35,6.8,0.0,-6.14,0.0,116.69,0.0,16.4,flash_flood,HIGH
2026-08-14T06:50:00,112.41,6.8,0.0,5.06,0.0,115.63,0.0,16.5,flash_flood,HIGH
2026-08-14T07:00:00,123.05,6.8,0.0,10.64,0.0,115.92,0.0,16.4,flash_flood,HIGH
2026-08-14T07:10:00,114.18,6.8,0.0,-8.87,0.0,116.06,0.0,16.3,flash_flood,HIGH
2026-08-14T07:20:00,117.67,6.8,0.0,3.49,0.0,116.04,0.0,17.5,flash_flood,HIGH
2026-08-14T07:30:00,123.17,6.8,0.0,5.5,0.0,115.7,0.0,17.3,flash_flood,HIGH
2026-08-14T07:40:00,114.18,6.8,0.0,-9.0,0.0,115.57,0.0,16.6,flash_flood,HIGH
2026-08-14T07:50:00,114.39,6.8,0.0,0.21,0.0,115.61,0.0,17.4,flash_flood,HIGH
2026-08-14T08:00:00,119.6,6.8,0.0,5.21,0.0,116.51,0.0,17.4,flash_flood,HIGH
2026-08-14T08:10:00,118.09,6.8,0.0,-1.51,0.0,117.64,0.0,17.8,flash_flood,HIGH
2026-08-14T08:20:00,121.99,6.8,0.0,3.9,0.0,118.41,0.0,17.3,flash_flood,HIGH
2026-08-14T08:30:00,122.17,6.8,0.0,0.18,0.0,118.49,0.0,16.6,flash_flood,HIGH
2026-08-14T08:40:00,113.06,6.8,0.0,-9.11,0.0,117.94,0.0,17.6,flash_flood,HIGH
2026-08-14T08:50:00,101.94,6.8,0.0,-11.13,0.0,117.06,0.0,17.6,flash_flood,HIGH
2026-08-14T09:00:00,112.2,6.8,0.0,10.27,0.0,117.05,0.0,16.2,flash_flood,HIGH
2026-08-14T09:10:00,123.45,6.8,0.0,11.24,0.0,116.96,0.0,16.7,flash_flood,HIGH
2026-08-14T09:20:00,111.95,6.8,0.0,-11.5,0.0,115.8,0.0,17.1,flash_flood,HIGH
2026-08-14T09:30:00,111.83,6.8,0.0,-0.11,0.0,115.7,0.0,17.3,flash_flood,HIGH
2026-08-14T09:40:00,119.06,6.8,0.0,7.22,0.0,116.35,0.0,16.7,flash_flood,HIGH
2026-08-14T09:50:00,112.0,6.8,0.0,-7.06,0.0,116.33,0.0,17.1,flash_flood,HIGH
2026-08-14T10:00:00,115.63,6.8,0.0,3.64,0.0,115.92,0.0,17.1,flash_flood,HIGH
2026-08-14T10:10:00,122.77,6.8,0.0,7.14,0.0,116.4,0.0,15.8,flash_flood,HIGH
2026-08-14T10:20:00,111.16,6.8,0.0,-11.62,0.0,116.04,0.0,16.9,flash_flood,HIGH
2026-08-14T10:30:00,115.86,6.8,0.0,4.7,0.0,115.63,0.0,16.3,flash_flood,HIGH
2026-08-14T10:40:00,121.93,6.8,0.0,6.08,0.0,116.06,0.0,17.9,flash_flood,HIGH
2026-08-14T10:50:00,104.04,6.8,0.0,-17.89,0.0,115.48,0.0,16.5,flash_flood,HIGH
2026-08-14T11:00:00,102.72,6.8,0.0,-1.32,0.0,114.55,0.0,17.3,flash_flood,HIGH
2026-08-14T11:10:00,111.35,6.8,0.0,8.63,0.0,114.17,0.0,17.5,flash_flood,HIGH
2026-08-14T11:20:00,108.24,6.8,0.0,-3.11,0.0,113.41,0.0,17.1,flash_flood,HIGH
2026-08-14T11:30:00,119.68,6.8,0.0,11.44,0.0,113.27,0.0,16.4,flash_flood,HIGH
2026-08-14T11:40:00,110.6,6.8,0.0,-9.08,0.0,113.13,0.0,17.3,flash_flood,HIGH
2026-08-14T11:50:00,101.21,6.8,0.0,-9.39,0.0,113.09,0.0,16.9,flash_flood,HIGH
2026-08-14T12:00:00,112.56,6.8,0.0,11.35,0.0,113.11,0.0,17.2,flash_flood,HIGH
2026-08-14T12:10:00,121.5,6.8,0.0,8.93,0.0,113.01,0.0,16.6,flash_flood,HIGH
2026-08-14T12:20:00,113.9,6.8,0.0,-7.6,0.0,113.11,0.0,17.5,flash_flood,HIGH
2026-08-14T12:30:00,100.47,6.8,0.0,-13.43,0.0,112.48,0.0,17.9,flash_flood,HIGH
2026-08-14T12:40:00,98.07,6.8,0.0,-2.4,0.0,111.32,0.0,16.9,flash_flood,HIGH
2026-08-14T12:50:00,112.9,6.8,0.0,14.84,0.0,111.37,0.0,17.2,flash_flood,HIGH
2026-08-14T13:00:00,118.35,6.8,0.0,5.44,0.0,111.52,0.0,16.1,flash_flood,HIGH
2026-08-14T13:10:00,120.22,6.8,0.0,1.87,0.0,111.38,0.0,17.2,flash_flood,HIGH
2026-08-14T13:20:00,124.9,6.8,0.0,4.68,0.0,112.14,0.0,16.9,flash_flood,HIGH
2026-08-14T13:30:00,133.05,6.8,0.0,8.15,0.0,113.09,0.0,16.7,flash_flood,HIGH
2026-08-14T13:40:00,129.3,6.8,0.0,-3.74,0.0,113.5,0.0,16.6,flash_flood,HIGH
2026-08-14T13:50:00,131.58,6.8,0.0,2.28,0.0,115.03,0.0,17.4,flash_flood,HIGH
2026-08-14T14:00:00,118.27,6.8,0.0,-13.32,0.0,115.9,0.0,17.2,flash_flood,HIGH
2026-08-14T14:10:00,105.2,6.8,0.0,-13.06,0.0,115.56,0.0,16.2,flash_flood,HIGH
2026-08-14T14:20:00,113.71,6.8,0.0,8.5,0.0,115.86,0.0,16.7,flash_flood,HIGH
2026-08-14T14:30:00,121.76,6.8,0.0,8.05,0.0,115.97,0.0,16.9,flash_flood,HIGH
2026-08-14T14:40:00,131.89,6.8,0.0,10.13,0.0,117.16,0.0,16.6,flash_flood,HIGH
2026-08-14T14:50:00,125.4,6.8,0.0,-6.49,0.0,118.5,0.0,15.8,flash_flood,HIGH
2026-08-14T15:00:00,115.24,6.8,0.0,-10.16,0.0,118.65,0.0,18.2,flash_flood,HIGH
2026-08-14T15:10:00,113.12,6.8,0.0,-2.12,0.0,118.18,0.0,16.7,flash_flood,HIGH
2026-08-14T15:20:00,110.34,6.8,0.0,-2.77,0.0,117.99,0.0,16.8,flash_flood,HIGH
2026-08-14T15:30:00,118.0,6.8,0.0,7.66,0.0,118.96,0.0,17.4,flash_flood,HIGH
2026-08-14T15:40:00,119.34,6.8,0.0,1.34,0.0,120.14,0.0,16.1,flash_flood,HIGH
2026-08-14T15:50:00,127.73,6.8,0.0,8.39,0.0,120.97,0.0,17.8,flash_flood,HIGH
2026-08-14T16:00:00,114.23,6.8,0.0,-13.5,0.0,120.74,0.0,16.8,flash_flood,HIGH
2026-08-14T16:10:00,122.54,6.8,0.0,8.31,0.0,120.87,0.0,17.5,flash_flood,HIGH
2026-08-14T16:20:00,112.71,6.8,0.0,-9.83,0.0,120.19,0.0,17.7,flash_flood,HIGH
2026-08-14T16:30:00,99.73,6.8,0.0,-12.97,0.0,118.34,0.0,17.2,flash_flood,HIGH
2026-08-14T16:40:00,117.06,6.8,0.0,17.33,0.0,117.66,0.0,17.1,flash_flood,HIGH
2026-08-14T16:50:00,108.13,6.8,0.0,-8.94,0.0,116.36,0.0,17.2,flash_flood,HIGH
2026-08-14T17:00:00,106.76,6.8,0.0,-1.37,0.0,115.72,0.0,17.3,flash_flood,HIGH
2026-08-14T17:10:00,126.39,6.8,0.0,19.63,0.0,116.89,0.0,16.8,flash_flood,HIGH
2026-08-14T17:20:00,112.39,6.8,0.0,-14.0,0.0,116.82,0.0,18.0,flash_flood,HIGH
2026-08-14T17:30:00,110.07,6.8,0.0,-2.32,0.0,116.17,0.0,16.9,flash_flood,HIGH
2026-08-14T17:40:00,117.28,6.8,0.0,7.21,0.0,115.36,0.0,17.2,flash_flood,HIGH
2026-08-14T17:50:00,108.51,6.8,0.0,-8.77,0.0,114.42,0.0,16.9,flash_flood,HIGH
2026-08-14T18:00:00,115.84,6.8,0.0,7.33,0.0,114.45,0.0,17.4,flash_flood,HIGH
2026-08-14T18:10:00,109.07,6.8,0.0,-6.77,0.0,114.23,0.0,17.7,flash_flood,HIGH
2026-08-14T18:20:00,100.47,6.8,0.0,-8.61,0.0,113.68,0.0,16.6,flash_flood,HIGH
2026-08-14T18:30:00,110.33,6.8,0.0,9.86,0.0,113.26,0.0,16.8,flash_flood,HIGH
2026-08-14T18:40:00,115.03,6.8,0.0,4.7,0.0,113.02,0.0,17.2,flash_flood,HIGH
2026-08-14T18:50:00,100.89,6.8,0.0,-14.14,0.0,111.52,0.0,17.2,flash_flood,HIGH
2026-08-14T19:00:00,100.94,6.8,0.0,0.05,0.0,110.79,0.0,16.7,flash_flood,HIGH
2026-08-14T19:10:00,108.9,6.8,0.0,7.96,0.0,110.03,0.0,17.1,flash_flood,HIGH
2026-08-14T19:20:00,102.58,6.8,0.0,-6.32,0.0,109.47,0.0,17.4,flash_flood,HIGH
2026-08-14T19:30:00,98.9,6.8,0.0,-3.68,0.0,109.42,0.0,16.7,flash_flood,HIGH
2026-08-14T19:40:00,108.22,6.8,0.0,9.32,0.0,108.93,0.0,18.3,flash_flood,HIGH
2026-08-14T19:50:00,115.17,6.8,0.0,6.95,0.0,109.32,0.0,16.2,flash_flood,HIGH
2026-08-14T20:00:00,118.62,6.8,0.0,3.45,0.0,109.98,0.0,16.6,flash_flood,HIGH
2026-08-14T20:10:00,120.43,6.8,0.0,1.81,0.0,109.65,0.0,17.2,flash_flood,HIGH
2026-08-14T20:20:00,105.83,6.8,0.0,-14.6,0.0,109.28,0.0,16.9,flash_flood,HIGH
2026-08-14T20:30:00,100.0,6.8,0.0,-5.83,0.0,108.72,0.0,16.9,flash_flood,HIGH
2026-08-14T20:40:00,115.39,6.8,0.0,15.39,0.0,108.62,0.0,17.4,flash_flood,HIGH
2026-08-14T20:50:00,108.65,6.8,0.0,-6.74,0.0,108.63,0.0,17.3,flash_flood,HIGH
2026-08-14T21:00:00,116.1,6.8,0.0,7.45,0.0,108.64,0.0,16.8,flash_flood,HIGH
2026-08-14T21:10:00,105.85,6.8,0.0,-10.24,0.0,108.46,0.0,16.7,flash_flood,HIGH
2026-08-14T21:20:00,124.04,6.8,0.0,18.19,0.0,109.77,0.0,16.1,flash_flood,HIGH
2026-08-14T21:30:00,118.38,6.8,0.0,-5.66,0.0,110.22,0.0,16.6,flash_flood,HIGH
2026-08-14T21:40:00,121.87,6.8,0.0,3.49,0.0,110.6,0.0,16.9,flash_flood,HIGH
2026-08-14T21:50:00,113.44,6.8,0.0,-8.43,0.0,111.3,0.0,17.1,flash_flood,HIGH
2026-08-14T22:00:00,109.9,6.8,0.0,-3.54,0.0,111.79,0.0,16.5,flash_flood,HIGH
2026-08-14T22:10:00,110.83,6.8,0.0,0.94,0.0,111.9,0.0,17.7,flash_flood,HIGH
2026-08-14T22:20:00,100.83,6.8,0.0,-10.0,0.0,111.8,0.0,16.9,flash_flood,HIGH
2026-08-14T22:30:00,103.03,6.8,0.0,2.2,0.0,112.03,0.0,17.3,flash_flood,HIGH
2026-08-14T22:40:00,117.04,6.8,0.0,14.01,0.0,112.52,0.0,17.0,flash_flood,HIGH
2026-08-14T22:50:00,111.38,6.8,0.0,-5.65,0.0,112.31,0.0,17.1,flash_flood,HIGH
2026-08-14T23:00:00,119.52,6.8,0.0,8.14,0.0,112.36,0.0,18.3,flash_flood,HIGH
2026-08-14T23:10:00,118.21,6.8,0.0,-1.31,0.0,112.24,0.0,17.6,flash_flood,HIGH
2026-08-14T23:20:00,112.46,6.8,0.0,-5.75,0.0,112.61,0.0,16.3,flash_flood,HIGH
2026-08-14T23:30:00,108.87,6.8,0.0,-3.59,0.0,113.1,0.0,18.0,flash_flood,HIGH
2026-08-14T23:40:00,121.03,6.8,0.0,12.16,0.0,113.41,0.0,17.9,flash_flood,HIGH
2026-08-14T23:50:00,123.22,6.8,0.0,2.19,0.0,114.22,0.0,17.6,flash_flood,HIGH
2026-08-15T00:00:00,122.52,6.8,0.0,-0.7,0.0,114.58,0.0,17.1,flash_flood,HIGH
2026-08-15T00:10:00,112.92,6.8,0.0,-9.6,0.0,114.97,0.0,16.5,flash_flood,HIGH
2026-08-15T00:20:00,113.19,6.8,0.0,0.27,0.0,114.37,0.0,16.8,flash_flood,HIGH
2026-08-15T00:30:00,117.11,6.8,0.0,3.92,0.0,114.3,0.0,16.9,flash_flood,HIGH
2026-08-15T00:40:00,112.57,6.8,0.0,-4.54,0.0,113.78,0.0,15.7,flash_flood,HIGH
2026-08-15T00:50:00,104.71,6.8,0.0,-7.85,0.0,113.3,0.0,17.7,flash_flood,HIGH
2026-08-15T01:00:00,85.54,3.4,-20.4,-19.18,-3.4,111.94,-3.4,19.8,heavy_rain,MEDIUM
2026-08-15T01:10:00,72.89,3.4,0.0,-12.65,0.0,109.84,-3.4,18.5,heavy_rain,MEDIUM
2026-08-15T01:20:00,66.81,3.4,0.0,-6.08,0.0,107.95,-3.4,19.2,heavy_rain,MEDIUM
2026-08-15T01:30:00,70.71,3.4,0.0,3.9,0.0,106.15,-3.4,19.5,heavy_rain,MEDIUM
2026-08-15T01:40:00,72.6,3.4,0.0,1.89,0.0,103.68,-3.4,19.3,heavy_rain,MEDIUM
2026-08-15T01:50:00,68.98,3.4,0.0,-3.62,0.0,101.33,-3.4,18.8,heavy_rain,MEDIUM
2026-08-15T02:00:00,69.1,3.4,0.0,0.12,0.0,98.52,-3.4,19.5,heavy_rain,MEDIUM
2026-08-15T02:10:00,62.85,3.4,0.0,-6.25,0.0,95.45,-3.4,19.5,heavy_rain,MEDIUM
2026-08-15T02:20:00,62.16,3.4,0.0,-0.69,0.0,92.65,-3.4,19.2,heavy_rain,MEDIUM
2026-08-15T02:30:00,66.23,3.4,0.0,4.08,0.0,90.28,-3.4,19.6,heavy_rain,MEDIUM
2026-08-15T02:40:00,57.9,3.4,0.0,-8.33,0.0,86.78,-3.4,18.7,heavy_rain,MEDIUM
2026-08-15T02:50:00,61.61,3.4,0.0,3.71,0.0,83.36,-3.4,19.5,heavy_rain,MEDIUM
2026-08-15T03:00:00,61.1,3.4,0.0,-0.51,0.0,79.94,-3.4,19.4,heavy_rain,MEDIUM
2026-08-15T03:10:00,56.39,3.4,0.0,-4.71,0.0,76.8,-3.4,20.0,heavy_rain,MEDIUM
2026-08-15T03:20:00,57.79,3.4,0.0,1.39,0.0,73.72,-3.4,19.7,heavy_rain,MEDIUM
2026-08-15T03:30:00,60.84,3.4,0.0,3.06,0.0,70.6,-3.4,19.6,heavy_rain,MEDIUM
2026-08-15T03:40:00,52.9,3.4,0.0,-7.94,0.0,67.28,-3.4,19.8,heavy_rain,MEDIUM
2026-08-15T03:50:00,53.64,3.4,0.0,0.73,0.0,64.45,0.0,19.1,heavy_rain,MEDIUM
2026-08-15T04:00:00,56.08,3.4,0.0,2.44,0.0,62.81,0.0,19.4,heavy_rain,MEDIUM
2026-08-15T04:10:00,60.93,3.4,0.0,4.85,0.0,62.15,0.0,19.8,heavy_rain,MEDIUM
2026-08-15T04:20:00,61.87,3.4,0.0,0.94,0.0,61.87,0.0,19.9,heavy_rain,MEDIUM
2026-08-15T04:30:00,63.77,3.4,0.0,1.91,0.0,61.49,0.0,18.8,heavy_rain,MEDIUM
2026-08-15T04:40:00,58.31,3.4,0.0,-5.47,0.0,60.69,0.0,20.1,heavy_rain,MEDIUM
2026-08-15T04:50:00,52.47,3.4,0.0,-5.84,0.0,59.77,0.0,19.6,heavy_rain,MEDIUM
2026-08-15T05:00:00,48.07,3.4,0.0,-4.4,0.0,58.61,0.0,18.9,heavy_rain,MEDIUM
2026-08-15T05:10:00,46.69,3.4,0.0,-1.38,0.0,57.71,0.0,19.9,heavy_rain,MEDIUM
2026-08-15T05:20:00,51.73,3.4,0.0,5.04,0.0,57.13,0.0,18.8,heavy_rain,MEDIUM
2026-08-15T05:30:00,56.98,3.4,0.0,5.24,0.0,56.62,0.0,19.2,heavy_rain,MEDIUM
2026-08-15T05:40:00,58.36,3.4,0.0,1.38,0.0,56.64,0.0,19.7,heavy_rain,MEDIUM
2026-08-15T05:50:00,61.08,3.4,0.0,2.72,0.0,56.61,0.0,20.0,heavy_rain,MEDIUM
2026-08-15T06:00:00,61.31,3.4,0.0,0.24,0.0,56.62,0.0,19.9,heavy_rain,MEDIUM
2026-08-15T06:10:00,61.69,3.4,0.0,0.38,0.0,56.92,0.0,19.4,heavy_rain,MEDIUM
2026-08-15T06:20:00,58.25,3.4,0.0,-3.45,0.0,56.94,0.0,18.9,heavy_rain,MEDIUM
2026-08-15T06:30:00,61.81,3.4,0.0,3.56,0.0,57.0,0.0,19.8,heavy_rain,MEDIUM
2026-08-15T06:40:00,65.94,3.4,0.0,4.14,0.0,57.72,0.0,20.0,heavy_rain,MEDIUM
2026-08-15T06:50:00,63.39,3.4,0.0,-2.56,0.0,58.26,0.0,19.5,heavy_rain,MEDIUM
2026-08-15T07:00:00,62.09,3.4,0.0,-1.3,0.0,58.6,0.0,19.9,heavy_rain,MEDIUM
2026-08-15T07:10:00,59.25,3.4,0.0,-2.84,0.0,58.5,0.0,19.7,heavy_rain,MEDIUM
2026-08-15T07:20:00,62.33,3.4,0.0,3.08,0.0,58.53,0.0,19.5,heavy_rain,MEDIUM
2026-08-15T07:30:00,57.84,3.4,0.0,-4.49,0.0,58.2,0.0,20.2,heavy_rain,MEDIUM
2026-08-15T07:40:00,62.3,3.4,0.0,4.47,0.0,58.42,0.0,19.3,heavy_rain,MEDIUM
2026-08-15T07:50:00,58.63,3.4,0.0,-3.68,0.0,58.76,0.0,19.8,heavy_rain,MEDIUM
2026-08-15T08:00:00,61.17,3.4,0.0,2.55,0.0,59.49,0.0,19.9,heavy_rain,MEDIUM
2026-08-15T08:10:00,64.18,3.4,0.0,3.01,0.0,60.46,0.0,19.6,heavy_rain,MEDIUM
2026-08-15T08:20:00,71.7,3.4,0.0,7.52,0.0,61.57,0.0,19.6,heavy_rain,MEDIUM
2026-08-15T08:30:00,67.3,3.4,0.0,-4.4,0.0,62.14,0.0,19.8,heavy_rain,MEDIUM
2026-08-15T08:40:00,62.67,3.4,0.0,-4.63,0.0,62.38,0.0,20.2,heavy_rain,MEDIUM
2026-08-15T08:50:00,63.5,3.4,0.0,0.82,0.0,62.52,0.0,19.1,heavy_rain,MEDIUM
2026-08-15T09:00:00,67.67,3.4,0.0,4.17,0.0,62.87,0.0,18.9,heavy_rain,MEDIUM
2026-08-15T09:10:00,59.85,3.4,0.0,-7.82,0.0,62.77,0.0,19.6,heavy_rain,MEDIUM
2026-08-15T09:20:00,62.0,3.4,0.0,2.15,0.0,62.98,0.0,19.3,heavy_rain,MEDIUM
2026-08-15T09:30:00,68.93,3.4,0.0,6.93,0.0,63.37,0.0,20.3,heavy_rain,MEDIUM
2026-08-15T09:40:00,60.47,3.4,0.0,-8.46,0.0,63.07,0.0,19.4,heavy_rain,MEDIUM
2026-08-15T09:50:00,62.04,3.4,0.0,1.57,0.0,62.99,0.0,20.1,heavy_rain,MEDIUM
2026-08-15T10:00:00,59.71,3.4,0.0,-2.33,0.0,62.86,0.0,19.0,heavy_rain,MEDIUM
2026-08-15T10:10:00,64.57,3.4,0.0,4.86,0.0,63.16,0.0,20.0,heavy_rain,MEDIUM
2026-08-15T10:20:00,57.22,3.4,0.0,-7.35,0.0,62.87,0.0,19.1,heavy_rain,MEDIUM
2026-08-15T10:30:00,57.13,3.4,0.0,-0.09,0.0,62.83,0.0,19.4,heavy_rain,MEDIUM
2026-08-15T10:40:00,60.39,3.4,0.0,3.26,0.0,62.73,0.0,19.6,heavy_rain,MEDIUM
2026-08-15T10:50:00,62.37,3.4,0.0,1.98,0.0,62.94,0.0,18.9,heavy_rain,MEDIUM
2026-08-15T11:00:00,64.02,3.4,0.0,1.65,0.0,63.09,0.0,19.3,heavy_rain,MEDIUM
2026-08-15T11:10:00,59.17,3.4,0.0,-4.85,0.0,62.82,0.0,19.8,heavy_rain,MEDIUM
2026-08-15T11:20:00,54.51,3.4,0.0,-4.66,0.0,61.86,0.0,20.2,heavy_rain,MEDIUM
2026-08-15T11:30:00,59.31,3.4,0.0,4.8,0.0,61.42,0.0,19.5,heavy_rain,MEDIUM
2026-08-15T11:40:00,54.96,3.4,0.0,-4.35,0.0,60.99,0.0,20.5,heavy_rain,MEDIUM
2026-08-15T11:50:00,57.62,3.4,0.0,2.66,0.0,60.66,0.0,20.0,heavy_rain,MEDIUM
2026-08-15T12:00:00,56.05,3.4,0.0,-1.57,0.0,60.02,0.0,18.5,heavy_rain,MEDIUM
2026-08-15T12:10:00,56.9,3.4,0.0,0.85,0.0,59.85,0.0,20.2,heavy_rain,MEDIUM
2026-08-15T12:20:00,57.7,3.4,0.0,0.8,0.0,59.62,0.0,18.9,heavy_rain,MEDIUM
2026-08-15T12:30:00,53.67,3.4,0.0,-4.03,0.0,58.77,0.0,19.3,heavy_rain,MEDIUM
2026-08-15T12:40:00,54.51,3.4,0.0,0.84,0.0,58.44,0.0,19.4,heavy_rain,MEDIUM
2026-08-15T12:50:00,53.42,3.4,0.0,-1.09,0.0,57.96,0.0,20.0,heavy_rain,MEDIUM
2026-08-15T13:00:00,53.83,3.4,0.0,0.41,0.0,57.63,0.0,18.9,heavy_rain,MEDIUM
2026-08-15T13:10:00,59.19,3.4,0.0,5.35,0.0,57.33,0.0,20.1,heavy_rain,MEDIUM
2026-08-15T13:20:00,56.13,3.4,0.0,-3.06,0.0,57.27,0.0,18.8,heavy_rain,MEDIUM
2026-08-15T13:30:00,52.75,3.4,0.0,-3.37,0.0,57.03,0.0,19.0,heavy_rain,MEDIUM
2026-08-15T13:40:00,54.71,3.4,0.0,1.95,0.0,56.71,0.0,19.6,heavy_rain,MEDIUM
2026-08-15T13:50:00,49.86,3.4,0.0,-4.84,0.0,56.02,0.0,19.2,heavy_rain,MEDIUM
2026-08-15T14:00:00,55.23,3.4,0.0,5.37,0.0,55.53,0.0,19.3,heavy_rain,MEDIUM
2026-08-15T14:10:00,57.07,3.4,0.0,1.84,0.0,55.41,0.0,19.3,heavy_rain,MEDIUM
2026-08-15T14:20:00,62.16,3.4,0.0,5.09,0.0,55.84,0.0,19.2,heavy_rain,MEDIUM
2026-08-15T14:30:00,65.4,3.4,0.0,3.24,0.0,56.18,0.0,20.0,heavy_rain,MEDIUM
2026-08-15T14:40:00,61.6,3.4,0.0,-3.8,0.0,56.54,0.0,19.6,heavy_rain,MEDIUM
2026-08-15T14:50:00,60.63,3.4,0.0,-0.97,0.0,56.71,0.0,19.1,heavy_rain,MEDIUM
2026-08-15T15:00:00,65.76,3.4,0.0,5.13,0.0,57.25,0.0,19.6,heavy_rain,MEDIUM
2026-08-15T15:10:00,63.08,3.4,0.0,-2.68,0.0,57.59,0.0,20.5,heavy_rain,MEDIUM
2026-08-15T15:20:00,66.24,3.4,0.0,3.16,0.0,58.07,0.0,19.7,heavy_rain,MEDIUM
2026-08-15T15:30:00,63.95,3.4,0.0,-2.29,0.0,58.64,0.0,19.7,heavy_rain,MEDIUM
2026-08-15T15:40:00,62.24,3.4,0.0,-1.7,0.0,59.07,0.0,19.8,heavy_rain,MEDIUM
2026-08-15T15:50:00,55.44,3.4,0.0,-6.8,0.0,59.18,0.0,19.2,heavy_rain,MEDIUM
2026-08-15T16:00:00,58.69,3.4,0.0,3.25,0.0,59.45,0.0,19.4,heavy_rain,MEDIUM
2026-08-15T16:10:00,48.65,3.331,-0.4122,-10.04,-0.0687,58.87,-0.069,24.6,normal,MEDIUM
2026-08-15T16:20:00,39.83,3.255,-0.4554,-8.82,-0.0759,57.96,-0.145,24.5,normal,MEDIUM
2026-08-15T16:30:00,32.35,3.126,-0.7782,-7.48,-0.1297,56.83,-0.274,24.6,normal,MEDIUM
2026-08-15T16:40:00,26.23,3.006,-0.7182,-6.11,-0.1197,55.24,-0.394,24.3,normal,MEDIUM
2026-08-15T16:50:00,22.84,2.882,-0.7452,-3.39,-0.1242,53.74,-0.518,24.1,normal,MEDIUM
2026-08-15T17:00:00,19.26,2.764,-0.7068,-3.58,-0.1178,51.75,-0.636,24.8,normal,MEDIUM
2026-08-15T17:10:00,17.43,2.628,-0.819,-1.83,-0.1365,49.54,-0.772,24.2,normal,MEDIUM
2026-08-15T17:20:00,15.73,2.506,-0.7302,-1.69,-0.1217,46.96,-0.894,24.8,normal,MEDIUM
2026-08-15T17:30:00,12.34,2.428,-0.4662,-3.39,-0.0777,44.02,-0.972,24.7,normal,MEDIUM
2026-08-15T17:40:00,11.69,2.336,-0.555,-0.65,-0.0925,41.24,-1.064,24.8,normal,MEDIUM
2026-08-15T17:50:00,9.67,2.248,-0.5226,-2.02,-0.0871,38.41,-1.152,24.9,normal,MEDIUM
2026-08-15T18:00:00,9.45,2.161,-0.5238,-0.22,-0.0873,35.28,-1.239,25.3,normal,MEDIUM
2026-08-15T18:10:00,9.52,2.098,-0.3816,0.08,-0.0636,32.31,-1.302,24.8,normal,MEDIUM
2026-08-15T18:20:00,7.29,2.015,-0.4926,-2.24,-0.0821,29.03,-1.385,25.1,normal,MEDIUM
2026-08-15T18:30:00,7.42,1.999,-0.0966,0.13,-0.0161,25.89,-1.401,25.1,normal,LOW
2026-08-15T18:40:00,7.48,1.981,-0.1122,0.07,-0.0187,22.85,-1.419,24.9,normal,LOW
2026-08-15T18:50:00,6.95,1.916,-0.3876,-0.53,-0.0646,20.16,-1.484,25.1,normal,LOW
2026-08-15T19:00:00,6.6,1.878,-0.2298,-0.35,-0.0383,17.26,-1.453,25.3,normal,LOW
2026-08-15T19:10:00,6.47,1.808,-0.4212,-0.13,-0.0702,14.92,-1.448,25.0,normal,LOW
2026-08-15T19:20:00,7.03,1.773,-0.2058,0.56,-0.0343,13.1,-1.352,25.3,normal,LOW
2026-08-15T19:30:00,7.92,1.726,-0.2826,0.89,-0.0471,11.74,-1.28,24.8,normal,LOW
2026-08-15T19:40:00,6.9,1.699,-0.165,-1.02,-0.0275,10.67,-1.183,25.9,normal,LOW
2026-08-15T19:50:00,6.71,1.681,-0.1074,-0.19,-0.0179,9.77,-1.083,24.9,normal,LOW
2026-08-15T20:00:00,5.47,1.648,-0.195,-1.24,-0.0325,9.01,-0.979,25.0,normal,LOW
2026-08-15T20:10:00,4.32,1.61,-0.228,-1.15,-0.038,8.28,-0.895,25.6,normal,LOW
2026-08-15T20:20:00,5.12,1.589,-0.1272,0.8,-0.0212,7.69,-0.839,25.5,normal,LOW
2026-08-15T20:30:00,4.88,1.556,-0.1962,-0.24,-0.0327,7.27,-0.779,25.3,normal,LOW
2026-08-15T20:40:00,5.27,1.57,0.0786,0.4,0.0131,6.92,-0.679,25.2,normal,LOW
2026-08-15T20:50:00,5.97,1.541,-0.1734,0.7,-0.0289,6.71,-0.62,25.0,normal,LOW
2026-08-15T21:00:00,5.61,1.491,-0.297,-0.36,-0.0495,6.5,-0.606,25.4,normal,LOW
2026-08-15T21:10:00,4.66,1.454,-0.2256,-0.95,-0.0376,6.23,-0.562,25.2,normal,LOW
2026-08-15T21:20:00,5.1,1.453,-0.0006,0.44,-0.0001,6.1,-0.546,25.4,normal,LOW
2026-08-15T21:30:00,6.21,1.442,-0.0678,1.12,-0.0113,6.04,-0.539,25.1,normal,LOW
2026-08-15T21:40:00,6.37,1.455,0.0756,0.15,0.0126,5.98,-0.461,26.1,normal,LOW
2026-08-15T21:50:00,5.18,1.42,-0.2082,-1.19,-0.0347,5.88,-0.458,25.5,normal,LOW
2026-08-15T22:00:00,5.32,1.42,0.0018,0.14,0.0003,5.81,-0.387,25.4,normal,LOW
2026-08-15T22:10:00,5.57,1.375,-0.2712,0.26,-0.0452,5.76,-0.398,25.4,normal,LOW
2026-08-15T22:20:00,7.01,1.413,0.2292,1.43,0.0382,5.75,-0.313,25.4,normal,LOW
2026-08-15T22:30:00,6.37,1.396,-0.1032,-0.64,-0.0172,5.67,-0.303,25.9,normal,LOW
2026-08-15T22:40:00,6.94,1.401,0.0294,0.57,0.0049,5.67,-0.28,25.1,normal,LOW
2026-08-15T22:50:00,5.15,1.387,-0.084,-1.79,-0.014,5.58,-0.261,25.3,normal,LOW
2026-08-15T23:00:00,6.33,1.397,0.0588,1.18,0.0098,5.63,-0.214,25.6,normal,LOW
2026-08-15T23:10:00,4.41,1.402,0.0306,-1.91,0.0051,5.64,-0.187,26.0,normal,LOW
2026-08-15T23:20:00,5.79,1.396,-0.033,1.38,-0.0055,5.67,-0.16,25.7,normal,LOW
2026-08-15T23:30:00,5.79,1.371,-0.1536,-0.0,-0.0256,5.72,-0.199,25.8,normal,LOW
2026-08-15T23:40:00,5.79,1.379,0.0498,0.01,0.0083,5.75,-0.162,26.0,normal,LOW
2026-08-15T23:50:00,5.36,1.36,-0.1128,-0.43,-0.0188,5.72,-0.131,25.5,normal,LOW
2026-08-16T00:00:00,5.05,1.336,-0.144,-0.31,-0.024,5.69,-0.117,25.7,normal,LOW
2026-08-16T00:10:00,4.72,1.323,-0.0822,-0.33,-0.0137,5.69,-0.131,26.1,normal,LOW
2026-08-16T00:20:00,6.01,1.336,0.0786,1.29,0.0131,5.74,-0.106,25.8,normal,LOW
2026-08-16T00:30:00,5.89,1.365,0.174,-0.12,0.029,5.72,-0.09,25.9,normal,LOW
2026-08-16T00:40:00,6.26,1.346,-0.1098,0.37,-0.0183,5.72,-0.074,25.4,normal,LOW
2026-08-16T00:50:00,5.95,1.314,-0.195,-0.31,-0.0325,5.76,-0.106,25.4,normal,LOW
2026-08-16T01:00:00,5.46,1.318,0.0264,-0.49,0.0044,5.77,-0.057,25.6,normal,LOW
2026-08-16T01:10:00,5.26,1.284,-0.2088,-0.2,-0.0348,5.75,-0.13,26.0,normal,LOW
2026-08-16T01:20:00,5.23,1.274,-0.0594,-0.03,-0.0099,5.65,-0.122,26.0,normal,LOW
2026-08-16T01:30:00,4.4,1.281,0.0426,-0.83,0.0071,5.54,-0.12,25.6,normal,LOW
2026-08-16T01:40:00,5.94,1.256,-0.1506,1.54,-0.0251,5.49,-0.131,25.5,normal,LOW
2026-08-16T01:50:00,6.47,1.268,0.0714,0.53,0.0119,5.56,-0.129,26.5,normal,LOW
2026-08-16T02:00:00,7.77,1.268,0.0,1.3,0.0,5.64,-0.134,26.1,normal,LOW
2026-08-16T02:10:00,8.14,1.294,0.1584,0.36,0.0264,5.85,-0.102,26.3,normal,LOW
2026-08-16T02:20:00,6.62,1.316,0.1296,-1.52,0.0216,5.89,-0.055,25.9,normal,LOW
2026-08-16T02:30:00,4.55,1.298,-0.1074,-2.06,-0.0179,5.83,-0.081,26.1,normal,LOW
2026-08-16T02:40:00,5.11,1.295,-0.018,0.55,-0.003,5.79,-0.066,25.6,normal,LOW
2026-08-16T02:50:00,5.37,1.285,-0.0576,0.27,-0.0096,5.79,-0.051,26.3,normal,LOW
2026-08-16T03:00:00,4.43,1.269,-0.0966,-0.94,-0.0161,5.75,-0.054,25.9,normal,LOW
2026-08-16T03:10:00,3.51,1.269,0.0024,-0.92,0.0004,5.69,-0.066,26.2,normal,LOW
2026-08-16T03:20:00,4.38,1.292,0.1374,0.87,0.0229,5.6,-0.073,26.4,normal,LOW
2026-08-16T03:30:00,5.44,1.312,0.1218,1.05,0.0203,5.57,-0.034,26.7,normal,LOW
2026-08-16T03:40:00,6.01,1.313,0.0012,0.57,0.0002,5.56,-0.001,25.3,normal,LOW
2026-08-16T03:50:00,6.22,1.316,0.0174,0.22,0.0029,5.57,-0.003,26.1,normal,LOW
2026-08-16T04:00:00,6.24,1.322,0.036,0.02,0.006,5.62,0.038,26.1,normal,LOW
2026-08-16T04:10:00,7.17,1.281,-0.2418,0.93,-0.0403,5.72,0.008,25.8,normal,LOW
2026-08-16T04:20:00,7.06,1.297,0.0924,-0.11,0.0154,5.82,0.016,26.2,normal,LOW
2026-08-16T04:30:00,7.5,1.316,0.1182,0.44,0.0197,6.0,0.061,26.1,normal,LOW
2026-08-16T04:40:00,6.57,1.297,-0.117,-0.93,-0.0195,6.03,0.029,26.2,normal,LOW
2026-08-16T04:50:00,6.06,1.267,-0.177,-0.51,-0.0295,6.01,-0.0,25.8,normal,LOW
2026-08-16T05:00:00,6.03,1.268,0.0054,-0.03,0.0009,5.91,-0.026,25.7,normal,LOW
2026-08-16T05:10:00,6.44,1.233,-0.2124,0.42,-0.0354,5.82,-0.083,26.3,normal,LOW
2026-08-16T05:20:00,7.36,1.241,0.0492,0.92,0.0082,5.86,-0.057,26.3,normal,LOW
2026-08-16T05:30:00,8.32,1.242,0.0048,0.95,0.0008,6.07,-0.053,26.1,normal,LOW
2026-08-16T05:40:00,7.89,1.291,0.2928,-0.43,0.0488,6.22,0.006,26.3,normal,LOW
2026-08-16T05:50:00,7.06,1.317,0.1548,-0.83,0.0258,6.32,0.048,26.3,normal,LOW
2026-08-16T06:00:00,6.12,1.295,-0.1284,-0.94,-0.0214,6.41,0.026,26.4,normal,LOW
2026-08-16T06:10:00,6.2,1.299,0.0204,0.09,0.0034,6.56,0.006,25.8,normal,LOW
2026-08-16T06:20:00,6.49,1.322,0.1416,0.29,0.0236,6.68,0.01,26.0,normal,LOW
2026-08-16T06:30:00,4.71,1.337,0.0858,-1.79,0.0143,6.64,0.024,26.0,normal,LOW
2026-08-16T06:40:00,3.77,1.34,0.024,-0.93,0.004,6.51,0.025,26.3,normal,LOW
2026-08-16T06:50:00,4.31,1.34,-0.0,0.54,-0.0,6.41,0.019,25.5,normal,LOW
2026-08-16T07:00:00,5.78,1.366,0.1536,1.46,0.0256,6.38,0.085,26.3,normal,LOW
2026-08-16T07:10:00,7.16,1.34,-0.1536,1.38,-0.0256,6.38,0.044,25.8,normal,LOW
2026-08-16T07:20:00,7.04,1.339,-0.0108,-0.12,-0.0018,6.38,0.022,26.0,normal,LOW
2026-08-16T07:30:00,6.75,1.316,-0.1356,-0.29,-0.0226,6.34,0.019,25.6,normal,LOW
2026-08-16T07:40:00,7.59,1.344,0.1704,0.84,0.0284,6.39,0.077,26.5,normal,LOW
2026-08-16T07:50:00,7.14,1.359,0.0882,-0.45,0.0147,6.45,0.091,25.7,normal,LOW
2026-08-16T08:00:00,7.08,1.362,0.0192,-0.06,0.0032,6.51,0.13,25.8,normal,LOW
2026-08-16T08:10:00,5.66,1.363,0.0048,-1.42,0.0008,6.47,0.122,25.9,normal,LOW
2026-08-16T08:20:00,6.84,1.374,0.0636,1.18,0.0106,6.44,0.132,25.6,normal,LOW
2026-08-16T08:30:00,7.22,1.355,-0.1128,0.38,-0.0188,6.38,0.064,25.8,normal,LOW
2026-08-16T08:40:00,6.81,1.342,-0.0798,-0.41,-0.0133,6.32,0.025,26.1,normal,LOW
2026-08-16T08:50:00,6.02,1.334,-0.0462,-0.79,-0.0077,6.26,0.039,25.5,normal,LOW
2026-08-16T09:00:00,6.37,1.339,0.0276,0.35,0.0046,6.27,0.04,25.7,normal,LOW
2026-08-16T09:10:00,5.08,1.294,-0.2652,-1.29,-0.0442,6.21,-0.028,26.1,normal,LOW
2026-08-16T09:20:00,4.59,1.283,-0.0666,-0.49,-0.0111,6.11,-0.053,25.5,normal,LOW
2026-08-16T09:30:00,3.66,1.28,-0.0216,-0.94,-0.0036,6.05,-0.061,25.9,normal,LOW
2026-08-16T09:40:00,3.72,1.217,-0.3774,0.06,-0.0629,6.05,-0.124,25.5,normal,LOW
2026-08-16T09:50:00,4.51,1.218,0.0096,0.78,0.0016,6.06,-0.148,25.7,normal,LOW
2026-08-16T10:00:00,5.07,1.221,0.018,0.56,0.003,6.02,-0.119,25.8,normal,LOW
2026-08-16T10:10:00,5.63,1.263,0.2508,0.56,0.0418,5.93,-0.075,26.0,normal,LOW
2026-08-16T10:20:00,7.67,1.291,0.168,2.04,0.028,5.97,-0.025,25.5,normal,LOW
2026-08-16T10:30:00,6.9,1.294,0.0168,-0.77,0.0028,5.98,-0.05,25.5,normal,LOW
2026-08-16T10:40:00,7.55,1.311,0.0996,0.65,0.0166,5.97,-0.049,26.2,normal,LOW
2026-08-16T10:50:00,6.74,1.344,0.2022,-0.81,0.0337,5.95,-0.018,25.6,normal,LOW
2026-08-16T11:00:00,7.34,1.339,-0.0324,0.6,-0.0054,5.97,-0.024,26.0,normal,LOW
2026-08-16T11:10:00,6.6,1.352,0.0792,-0.75,0.0132,6.02,-0.022,25.5,normal,LOW
2026-08-16T11:20:00,6.72,1.312,-0.24,0.13,-0.04,6.01,-0.043,25.9,normal,LOW
2026-08-16T11:30:00,6.64,1.303,-0.0576,-0.09,-0.0096,5.98,-0.039,25.6,normal,LOW
2026-08-16T11:40:00,6.1,1.321,0.1122,-0.54,0.0187,5.94,-0.013,25.6,normal,LOW
2026-08-16T11:50:00,6.8,1.318,-0.018,0.69,-0.003,5.98,-0.021,24.5,normal,LOW
2026-08-16T12:00:00,7.38,1.295,-0.1404,0.58,-0.0234,6.04,0.0,25.9,normal,LOW
2026-08-16T12:10:00,7.64,1.276,-0.1122,0.26,-0.0187,6.18,-0.007,25.5,normal,LOW
2026-08-16T12:20:00,7.84,1.272,-0.0216,0.2,-0.0036,6.36,-0.007,25.7,normal,LOW
2026-08-16T12:30:00,6.31,1.294,0.132,-1.53,0.022,6.51,0.078,25.7,normal,LOW
2026-08-16T12:40:00,5.15,1.293,-0.006,-1.15,-0.001,6.59,0.075,25.7,normal,LOW
2026-08-16T12:50:00,6.66,1.284,-0.0564,1.51,-0.0094,6.71,0.063,25.5,normal,LOW
2026-08-16T13:00:00,6.05,1.261,-0.141,-0.61,-0.0235,6.76,-0.003,25.3,normal,LOW
2026-08-16T13:10:00,5.35,1.297,0.2208,-0.7,0.0368,6.75,0.006,24.9,normal,LOW
2026-08-16T13:20:00,5.2,1.305,0.0474,-0.15,0.0079,6.61,0.011,25.5,normal,LOW
2026-08-16T13:30:00,5.51,1.312,0.0414,0.31,0.0069,6.53,0.001,25.1,normal,LOW
2026-08-16T13:40:00,6.67,1.34,0.1662,1.17,0.0277,6.48,-0.005,24.8,normal,LOW
2026-08-16T13:50:00,7.06,1.288,-0.3084,0.39,-0.0514,6.5,-0.051,25.2,normal,LOW
2026-08-16T14:00:00,6.57,1.3,0.0678,-0.5,0.0113,6.46,-0.052,25.3,normal,LOW
2026-08-16T14:10:00,5.21,1.294,-0.036,-1.35,-0.006,6.38,-0.018,25.7,normal,LOW
2026-08-16T14:20:00,5.87,1.292,-0.012,0.66,-0.002,6.33,-0.011,25.1,normal,LOW
2026-08-16T14:30:00,5.73,1.295,0.021,-0.13,0.0035,6.28,-0.026,25.2,normal,LOW
2026-08-16T14:40:00,7.61,1.288,-0.0426,1.87,-0.0071,6.37,-0.03,24.9,normal,LOW
2026-08-16T14:50:00,8.47,1.311,0.1368,0.86,0.0228,6.46,0.016,25.0,normal,LOW
2026-08-16T15:00:00,7.54,1.318,0.042,-0.93,0.007,6.47,0.042,25.0,normal,LOW
2026-08-16T15:10:00,7.04,1.307,-0.0642,-0.5,-0.0107,6.44,0.035,24.9,normal,LOW
2026-08-16T15:20:00,7.58,1.295,-0.0714,0.55,-0.0119,6.42,0.001,24.8,normal,LOW
2026-08-16T15:30:00,6.37,1.27,-0.1524,-1.21,-0.0254,6.42,-0.024,24.9,normal,LOW
2026-08-16T15:40:00,6.44,1.251,-0.1158,0.07,-0.0193,6.5,-0.033,24.4,normal,LOW
2026-08-16T15:50:00,6.29,1.273,0.1314,-0.15,0.0219,6.48,0.012,24.7,normal,LOW
2026-08-16T16:00:00,7.39,1.288,0.093,1.09,0.0155,6.55,-0.009,24.9,normal,LOW
2026-08-16T16:10:00,8.61,1.292,0.0222,1.23,0.0037,6.73,-0.013,24.8,normal,LOW
2026-08-16T16:20:00,9.1,1.277,-0.0882,0.49,-0.0147,6.95,-0.035,24.7,normal,LOW
2026-08-16T16:30:00,8.52,1.277,0.0012,-0.58,0.0002,7.12,-0.063,24.2,normal,LOW
2026-08-16T16:40:00,9.22,1.291,0.081,0.7,0.0135,7.26,0.002,25.1,normal,LOW
2026-08-16T16:50:00,8.33,1.268,-0.1344,-0.89,-0.0224,7.33,-0.031,24.5,normal,LOW
2026-08-16T17:00:00,7.64,1.279,0.0666,-0.68,0.0111,7.39,-0.014,24.8,normal,LOW
2026-08-16T17:10:00,5.66,1.258,-0.1296,-1.98,-0.0216,7.41,-0.034,24.6,normal,LOW
2026-08-16T17:20:00,4.52,1.261,0.0162,-1.14,0.0027,7.34,-0.035,24.9,normal,LOW
2026-08-16T17:30:00,5.96,1.278,0.1026,1.44,0.0171,7.35,-0.01,24.4,normal,LOW
2026-08-16T17:40:00,6.43,1.298,0.1212,0.47,0.0202,7.28,-0.013,24.5,normal,LOW
2026-08-16T17:50:00,5.93,1.267,-0.1866,-0.5,-0.0311,7.14,-0.051,24.0,normal,LOW
2026-08-16T18:00:00,6.35,1.257,-0.0588,0.43,-0.0098,7.08,-0.05,24.1,normal,LOW
2026-08-16T18:10:00,6.36,1.258,0.0078,0.0,0.0013,7.04,-0.037,24.3,normal,LOW
2026-08-16T18:20:00,6.82,1.253,-0.0288,0.46,-0.0048,7.0,-0.016,24.3,normal,LOW
2026-08-16T18:30:00,6.93,1.295,0.2514,0.11,0.0419,7.03,0.045,24.6,normal,LOW
2026-08-16T18:40:00,6.5,1.29,-0.0294,-0.43,-0.0049,7.03,0.018,24.2,normal,LOW
2026-08-16T18:50:00,6.65,1.296,0.0306,0.16,0.0051,7.05,0.008,24.7,normal,LOW
2026-08-16T19:00:00,5.39,1.3,0.0246,-1.27,0.0041,6.94,0.008,24.4,normal,LOW
2026-08-16T19:10:00,5.48,1.305,0.0324,0.1,0.0054,6.77,0.028,24.1,normal,LOW
2026-08-16T19:20:00,4.49,1.276,-0.1734,-0.99,-0.0289,6.51,-0.001,24.7,normal,LOW
2026-08-16T19:30:00,4.82,1.271,-0.0336,0.33,-0.0056,6.31,-0.02,24.1,normal,LOW
2026-08-16T19:40:00,5.62,1.274,0.0216,0.79,0.0036,6.1,0.006,23.5,normal,LOW
2026-08-16T19:50:00,5.33,1.273,-0.0072,-0.29,-0.0012,5.94,-0.006,24.2,normal,LOW
2026-08-16T20:00:00,6.45,1.262,-0.0666,1.12,-0.0111,5.87,0.004,24.2,normal,LOW
2026-08-16T20:10:00,5.55,1.272,0.0612,-0.89,0.0102,5.87,0.011,23.5,normal,LOW
2026-08-16T20:20:00,6.59,1.295,0.1398,1.04,0.0233,5.98,0.018,23.8,normal,LOW
2026-08-16T20:30:00,5.76,1.304,0.054,-0.83,0.009,5.97,0.006,23.8,normal,LOW
2026-08-16T20:40:00,6.15,1.303,-0.0054,0.39,-0.0009,5.95,0.037,24.0,normal,LOW
2026-08-16T20:50:00,6.06,1.302,-0.0066,-0.09,-0.0011,5.96,0.045,24.3,normal,LOW
2026-08-16T21:00:00,6.09,1.369,0.3984,0.03,0.0664,5.95,0.11,23.3,normal,LOW
2026-08-16T21:10:00,7.66,1.352,-0.1032,1.57,-0.0172,6.02,0.098,24.2,normal,LOW
2026-08-16T21:20:00,7.45,1.359,0.042,-0.21,0.007,6.05,0.063,23.1,normal,LOW
2026-08-16T21:30:00,7.14,1.347,-0.0672,-0.31,-0.0112,6.07,0.057,23.9,normal,LOW
2026-08-16T21:40:00,6.81,1.347,0.0006,-0.33,0.0001,6.08,0.052,23.5,normal,LOW
2026-08-16T21:50:00,8.05,1.342,-0.0348,1.24,-0.0058,6.16,0.042,23.3,normal,LOW
2026-08-16T22:00:00,7.74,1.35,0.0498,-0.32,0.0083,6.29,0.045,23.3,normal,LOW
2026-08-16T22:10:00,8.84,1.33,-0.117,1.1,-0.0195,6.48,0.054,23.0,normal,LOW
2026-08-16T22:20:00,8.87,1.32,-0.0612,0.02,-0.0102,6.72,0.05,23.0,normal,LOW
2026-08-16T22:30:00,7.38,1.358,0.2274,-1.48,0.0379,6.86,0.084,24.0,normal,LOW
2026-08-16T22:40:00,5.71,1.35,-0.0504,-1.67,-0.0084,6.87,0.077,23.6,normal,LOW
2026-08-16T22:50:00,5.43,1.342,-0.0462,-0.28,-0.0077,6.88,0.08,23.2,normal,LOW
2026-08-16T23:00:00,6.49,1.344,0.0114,1.05,0.0019,6.88,0.072,23.0,normal,LOW
2026-08-16T23:10:00,7.74,1.311,-0.1968,1.25,-0.0328,7.0,0.016,23.2,normal,LOW
2026-08-16T23:20:00,6.46,1.297,-0.0858,-1.28,-0.0143,6.99,-0.008,23.1,normal,LOW
2026-08-16T23:30:00,7.46,1.304,0.0462,1.01,0.0077,7.09,0.001,23.1,normal,LOW
2026-08-16T23:40:00,6.06,1.284,-0.1224,-1.41,-0.0204,7.08,-0.018,22.9,normal,LOW
2026-08-16T23:50:00,5.44,1.291,0.042,-0.62,0.007,7.05,-0.078,23.2,normal,LOW
2026-08-17T00:00:00,6.72,1.283,-0.0474,1.28,-0.0079,7.08,-0.068,22.5,normal,LOW
2026-08-17T00:10:00,7.72,1.298,0.0888,0.99,0.0148,7.08,-0.061,22.7,normal,LOW
2026-08-17T00:20:00,7.87,1.289,-0.0558,0.15,-0.0093,7.11,-0.059,22.2,normal,LOW
2026-08-17T00:30:00,7.08,1.285,-0.0228,-0.79,-0.0038,7.1,-0.063,22.9,normal,LOW
2026-08-17T00:40:00,7.28,1.306,0.1284,0.2,0.0214,7.13,-0.035,23.3,normal,LOW
2026-08-17T00:50:00,8.08,1.286,-0.1236,0.79,-0.0206,7.13,-0.064,22.4,normal,LOW
2026-08-17T01:00:00,8.41,1.324,0.228,0.33,0.038,7.17,-0.007,22.8,normal,LOW
2026-08-17T01:10:00,7.24,1.33,0.036,-1.17,0.006,7.08,0.009,22.6,normal,LOW
2026-08-17T01:20:00,6.19,1.314,-0.0924,-1.04,-0.0154,6.93,-0.044,22.5,normal,LOW
2026-08-17T01:30:00,7.04,1.299,-0.0942,0.85,-0.0157,6.91,-0.051,22.8,normal,LOW
2026-08-17T01:40:00,6.42,1.319,0.1248,-0.63,0.0208,6.95,-0.023,22.8,normal,LOW
2026-08-17T01:50:00,5.98,1.299,-0.1224,-0.44,-0.0204,6.98,-0.045,23.0,normal,LOW
2026-08-17T02:00:00,5.33,1.263,-0.2172,-0.65,-0.0362,6.92,-0.048,22.6,normal,LOW
2026-08-17T02:10:00,6.09,1.272,0.054,0.76,0.009,6.83,-0.025,22.7,normal,LOW
2026-08-17T02:20:00,4.34,1.263,-0.0528,-1.76,-0.0088,6.71,-0.041,22.3,normal,LOW
2026-08-17T02:30:00,5.23,1.273,0.0576,0.89,0.0096,6.58,-0.012,22.3,normal,LOW
2026-08-17T02:40:00,4.48,1.265,-0.0444,-0.74,-0.0074,6.5,-0.026,21.8,normal,LOW
2026-08-17T02:50:00,6.19,1.323,0.3444,1.71,0.0574,6.54,0.039,22.3,normal,LOW
2026-08-17T03:00:00,5.94,1.295,-0.1656,-0.25,-0.0276,6.49,-0.003,22.2,normal,LOW
2026-08-17T03:10:00,7.53,1.288,-0.0438,1.59,-0.0073,6.48,-0.001,22.1,normal,LOW
2026-08-17T03:20:00,8.44,1.308,0.1206,0.91,0.0201,6.52,0.023,22.2,normal,LOW
2026-08-17T03:30:00,7.2,1.339,0.1866,-1.24,0.0311,6.52,0.033,21.6,normal,LOW
2026-08-17T03:40:00,5.55,1.324,-0.0894,-1.65,-0.0149,6.43,0.038,21.7,normal,LOW
2026-08-17T03:50:00,5.96,1.318,-0.0354,0.41,-0.0059,6.31,-0.006,21.9,normal,LOW
2026-08-17T04:00:00,6.04,1.289,-0.177,0.08,-0.0295,6.18,-0.041,21.3,normal,LOW
2026-08-17T04:10:00,7.95,1.293,0.0264,1.91,0.0044,6.22,-0.021,22.2,normal,LOW
2026-08-17T04:20:00,6.78,1.281,-0.0738,-1.17,-0.0123,6.25,-0.018,21.1,normal,LOW
2026-08-17T04:30:00,7.97,1.323,0.2544,1.19,0.0424,6.3,0.004,21.6,normal,LOW
2026-08-17T04:40:00,6.75,1.35,0.1584,-1.21,0.0264,6.32,0.051,21.8,normal,LOW
2026-08-17T04:50:00,5.34,1.36,0.063,-1.41,0.0105,6.28,0.097,21.8,normal,LOW
2026-08-17T05:00:00,5.07,1.338,-0.1314,-0.27,-0.0219,6.27,0.066,21.9,normal,LOW
2026-08-17T05:10:00,4.76,1.318,-0.1188,-0.31,-0.0198,6.19,0.055,22.0,normal,LOW
2026-08-17T05:20:00,4.77,1.319,0.0012,0.02,0.0002,6.22,0.046,22.1,normal,LOW
2026-08-17T05:30:00,4.75,1.322,0.0222,-0.02,0.0037,6.19,0.057,22.3,normal,LOW
2026-08-17T05:40:00,24.66,1.8,2.8668,19.91,0.4778,7.31,0.477,19.3,heavy_rain,LOW
2026-08-17T05:50:00,35.5,1.817,0.1002,10.83,0.0167,8.94,0.522,19.6,heavy_rain,LOW
2026-08-17T06:00:00,44.98,1.812,-0.0312,9.48,-0.0052,11.11,0.524,19.6,heavy_rain,LOW
2026-08-17T06:10:00,44.55,1.84,0.1686,-0.42,0.0281,13.17,0.532,19.9,heavy_rain,MEDIUM
2026-08-17T06:20:00,48.79,1.875,0.2112,4.24,0.0352,15.41,0.536,19.8,heavy_rain,MEDIUM
2026-08-17T06:30:00,56.2,1.899,0.1452,7.4,0.0242,18.13,0.575,19.2,heavy_rain,MEDIUM
2026-08-17T06:40:00,60.61,1.928,0.1746,4.41,0.0291,21.19,0.61,19.4,heavy_rain,MEDIUM
2026-08-17T06:50:00,60.22,1.953,0.1518,-0.39,0.0253,24.2,0.665,19.7,heavy_rain,MEDIUM
2026-08-17T07:00:00,64.75,1.968,0.0852,4.53,0.0142,27.47,0.675,19.4,heavy_rain,MEDIUM
2026-08-17T07:10:00,64.0,1.992,0.1494,-0.75,0.0249,30.58,0.712,19.8,heavy_rain,MEDIUM
2026-08-17T07:20:00,60.93,2.014,0.129,-3.07,0.0215,33.59,0.691,19.8,heavy_rain,MEDIUM
2026-08-17T07:30:00,66.48,2.04,0.1548,5.55,0.0258,36.84,0.69,18.9,heavy_rain,MEDIUM
2026-08-17T07:40:00,64.98,2.058,0.1098,-1.5,0.0183,40.07,0.698,20.3,heavy_rain,MEDIUM
2026-08-17T07:50:00,64.16,2.075,0.1014,-0.82,0.0169,43.34,0.737,19.3,heavy_rain,MEDIUM
2026-08-17T08:00:00,67.13,2.101,0.156,2.97,0.026,46.79,0.783,18.9,heavy_rain,MEDIUM
2026-08-17T08:10:00,70.32,2.117,0.0966,3.19,0.0161,50.43,0.799,20.2,heavy_rain,MEDIUM
2026-08-17T08:20:00,71.53,2.142,0.1488,1.21,0.0248,54.14,0.82,19.5,heavy_rain,MEDIUM
2026-08-17T08:30:00,70.73,2.175,0.198,-0.81,0.033,57.81,0.375,20.1,heavy_rain,MEDIUM
2026-08-17T08:40:00,70.88,2.201,0.159,0.15,0.0265,60.37,0.385,19.9,heavy_rain,MEDIUM
2026-08-17T08:50:00,69.88,2.226,0.1488,-1.0,0.0248,62.28,0.415,19.4,heavy_rain,MEDIUM
2026-08-17T09:00:00,61.65,2.253,0.159,-8.23,0.0265,63.21,0.413,19.6,heavy_rain,MEDIUM
2026-08-17T09:10:00,63.81,2.285,0.195,2.16,0.0325,64.28,0.41,19.1,heavy_rain,MEDIUM
2026-08-17T09:20:00,66.68,2.323,0.2274,2.87,0.0379,65.27,0.424,18.8,heavy_rain,MEDIUM
2026-08-17T09:30:00,67.12,2.354,0.1842,0.44,0.0307,65.88,0.426,19.3,heavy_rain,MEDIUM
2026-08-17T09:40:00,69.33,2.376,0.1356,2.21,0.0226,66.37,0.423,19.5,heavy_rain,MEDIUM
2026-08-17T09:50:00,72.4,2.404,0.1668,3.07,0.0278,67.04,0.437,19.6,heavy_rain,MEDIUM
2026-08-17T10:00:00,63.98,2.439,0.2058,-8.42,0.0343,67.0,0.446,19.4,heavy_rain,MEDIUM
2026-08-17T10:10:00,61.68,2.452,0.0792,-2.3,0.0132,66.87,0.438,19.3,heavy_rain,MEDIUM
2026-08-17T10:20:00,60.99,2.445,-0.0402,-0.69,-0.0067,66.87,0.405,20.1,heavy_rain,MEDIUM
2026-08-17T10:30:00,51.16,2.472,0.159,-9.84,0.0265,66.02,0.414,19.5,heavy_rain,MEDIUM
2026-08-17T10:40:00,49.89,2.499,0.1626,-1.27,0.0271,65.18,0.424,19.3,heavy_rain,MEDIUM
2026-08-17T10:50:00,47.3,2.515,0.099,-2.58,0.0165,64.25,0.414,19.8,heavy_rain,MEDIUM
2026-08-17T11:00:00,49.96,2.553,0.2268,2.66,0.0378,63.29,0.436,19.6,heavy_rain,MEDIUM
2026-08-17T11:10:00,48.2,2.585,0.1896,-1.76,0.0316,62.07,0.443,19.7,heavy_rain,MEDIUM
2026-08-17T11:20:00,51.48,2.608,0.1374,3.27,0.0229,60.95,0.433,19.7,heavy_rain,MEDIUM
2026-08-17T11:30:00,52.09,2.644,0.216,0.62,0.036,59.92,0.442,18.7,heavy_rain,MEDIUM
2026-08-17T11:40:00,54.04,2.661,0.1044,1.95,0.0174,58.98,0.435,19.5,heavy_rain,MEDIUM
2026-08-17T11:50:00,54.2,2.679,0.1092,0.16,0.0182,58.11,0.426,19.1,heavy_rain,MEDIUM
2026-08-17T12:00:00,56.72,2.706,0.1596,2.51,0.0266,57.84,0.421,19.6,heavy_rain,MEDIUM
2026-08-17T12:10:00,55.26,2.72,0.084,-1.46,0.014,57.36,0.397,19.3,heavy_rain,MEDIUM
2026-08-17T12:20:00,51.41,2.747,0.165,-3.85,0.0275,56.51,0.394,19.7,heavy_rain,MEDIUM
2026-08-17T12:30:00,54.61,2.769,0.1332,3.2,0.0222,55.82,0.393,19.6,heavy_rain,MEDIUM
2026-08-17T12:40:00,56.45,2.797,0.1674,1.83,0.0279,55.1,0.393,19.7,heavy_rain,MEDIUM
2026-08-17T12:50:00,57.52,2.808,0.0606,1.07,0.0101,54.27,0.369,20.1,heavy_rain,MEDIUM
2026-08-17T13:00:00,62.08,2.843,0.2142,4.57,0.0357,54.17,0.392,19.7,heavy_rain,MEDIUM
2026-08-17T13:10:00,57.98,2.853,0.0564,-4.1,0.0094,53.96,0.408,19.1,heavy_rain,MEDIUM
2026-08-17T13:20:00,60.87,2.89,0.2256,2.88,0.0376,53.96,0.419,19.3,heavy_rain,MEDIUM
2026-08-17T13:30:00,57.37,2.929,0.2316,-3.49,0.0386,54.3,0.43,19.5,heavy_rain,MEDIUM
2026-08-17T13:40:00,61.04,2.957,0.1692,3.67,0.0282,54.92,0.442,19.8,heavy_rain,MEDIUM
2026-08-17T13:50:00,58.53,2.988,0.1878,-2.5,0.0313,55.55,0.435,20.2,heavy_rain,MEDIUM
2026-08-17T14:00:00,60.87,3.006,0.1038,2.34,0.0173,56.15,0.421,18.8,heavy_rain,MEDIUM
2026-08-17T14:10:00,56.75,3.028,0.1338,-4.13,0.0223,56.63,0.421,20.0,heavy_rain,MEDIUM
2026-08-17T14:20:00,55.69,3.047,0.1152,-1.05,0.0192,56.86,0.404,19.7,heavy_rain,MEDIUM
2026-08-17T14:30:00,50.03,3.064,0.1032,-5.67,0.0172,56.75,0.404,19.9,heavy_rain,MEDIUM
2026-08-17T14:40:00,50.56,3.082,0.105,0.53,0.0175,56.55,0.403,19.8,heavy_rain,MEDIUM
2026-08-17T14:50:00,53.57,3.104,0.1344,3.01,0.0224,56.52,0.399,19.2,heavy_rain,MEDIUM
2026-08-17T15:00:00,54.28,3.129,0.15,0.71,0.025,56.38,0.41,19.3,heavy_rain,MEDIUM
2026-08-17T15:10:00,59.95,3.159,0.1788,5.67,0.0298,56.64,0.412,19.6,heavy_rain,MEDIUM
2026-08-17T15:20:00,61.39,3.197,0.2298,1.44,0.0383,57.2,0.428,20.1,heavy_rain,MEDIUM
2026-08-17T15:30:00,65.19,3.211,0.0822,3.8,0.0137,57.78,0.414,19.4,heavy_rain,MEDIUM
2026-08-17T15:40:00,63.28,3.239,0.1686,-1.91,0.0281,58.16,0.432,19.6,heavy_rain,MEDIUM
2026-08-17T15:50:00,65.49,3.272,0.1974,2.22,0.0329,58.61,0.429,19.0,heavy_rain,MEDIUM
2026-08-17T16:00:00,64.74,3.315,0.2574,-0.75,0.0429,58.75,0.462,19.3,heavy_rain,MEDIUM
2026-08-17T16:10:00,63.76,3.35,0.2094,-0.98,0.0349,59.08,0.46,19.5,heavy_rain,MEDIUM
2026-08-17T16:20:00,60.91,3.391,0.2448,-2.85,0.0408,59.08,0.462,19.4,heavy_rain,MEDIUM
2026-08-17T16:30:00,61.08,3.4,0.0552,0.17,0.0092,59.28,0.443,20.1,heavy_rain,MEDIUM
2026-08-17T16:40:00,50.51,3.357,-0.2586,-10.57,-0.0431,58.7,0.368,19.8,normal,MEDIUM
2026-08-17T16:50:00,41.38,3.299,-0.3492,-9.13,-0.0582,57.75,0.293,19.6,normal,MEDIUM
2026-08-17T17:00:00,35.21,3.2,-0.5922,-6.17,-0.0987,56.32,0.172,20.2,normal,MEDIUM
2026-08-17T17:10:00,28.35,3.107,-0.5568,-6.86,-0.0928,54.74,0.06,19.5,normal,MEDIUM
2026-08-17T17:20:00,23.48,2.97,-0.8202,-4.88,-0.1367,52.95,-0.094,20.1,normal,MEDIUM
2026-08-17T17:30:00,19.56,2.863,-0.6474,-3.91,-0.1079,51.26,-0.219,19.6,normal,MEDIUM
2026-08-17T17:40:00,16.79,2.758,-0.6276,-2.77,-0.1046,49.38,-0.346,20.3,normal,MEDIUM
2026-08-17T17:50:00,13.59,2.608,-0.9024,-3.2,-0.1504,47.16,-0.522,19.9,normal,MEDIUM
2026-08-17T18:00:00,11.55,2.488,-0.7176,-2.04,-0.1196,44.79,-0.671,20.0,normal,MEDIUM
2026-08-17T18:10:00,9.62,2.349,-0.8364,-1.93,-0.1394,41.99,-0.849,20.2,normal,MEDIUM
2026-08-17T18:20:00,9.59,2.275,-0.4392,-0.03,-0.0732,39.11,-0.936,19.9,normal,MEDIUM
2026-08-17T18:30:00,9.24,2.16,-0.6936,-0.35,-0.1156,36.01,-1.079,19.7,normal,MEDIUM
2026-08-17T18:40:00,8.27,2.084,-0.4554,-0.97,-0.0759,32.95,-1.188,19.8,normal,MEDIUM
2026-08-17T18:50:00,6.68,1.99,-0.5652,-1.59,-0.0942,29.68,-1.325,20.0,normal,LOW
2026-08-17T19:00:00,8.35,1.906,-0.4992,1.67,-0.0832,26.55,-1.444,20.3,normal,LOW
2026-08-17T19:10:00,6.81,1.852,-0.3276,-1.55,-0.0546,23.39,-1.539,20.2,normal,LOW
2026-08-17T19:20:00,7.45,1.786,-0.3954,0.64,-0.0659,20.42,-1.614,19.6,normal,LOW
2026-08-17T19:30:00,5.92,1.727,-0.3558,-1.53,-0.0593,17.35,-1.63,19.8,normal,LOW
2026-08-17T19:40:00,5.87,1.686,-0.243,-0.04,-0.0405,14.87,-1.613,19.8,normal,LOW
2026-08-17T19:50:00,6.38,1.658,-0.1716,0.5,-0.0286,12.93,-1.542,20.0,normal,LOW
2026-08-17T20:00:00,5.2,1.637,-0.1236,-1.18,-0.0206,11.26,-1.47,20.3,normal,LOW
2026-08-17T20:10:00,5.4,1.59,-0.2814,0.2,-0.0469,9.99,-1.38,19.8,normal,LOW
2026-08-17T20:20:00,6.37,1.581,-0.0522,0.97,-0.0087,9.04,-1.281,19.5,normal,LOW
2026-08-17T20:30:00,6.42,1.546,-0.213,0.05,-0.0355,8.31,-1.212,19.8,normal,LOW
2026-08-17T20:40:00,6.8,1.543,-0.0174,0.38,-0.0029,7.75,-1.065,20.2,normal,LOW
2026-08-17T20:50:00,7.38,1.524,-0.1116,0.58,-0.0186,7.4,-0.964,19.9,normal,LOW
2026-08-17T21:00:00,7.38,1.533,0.0522,0.0,0.0087,7.17,-0.815,19.9,normal,LOW
2026-08-17T21:10:00,5.16,1.49,-0.2574,-2.22,-0.0429,6.93,-0.785,20.0,normal,LOW
2026-08-17T21:20:00,5.24,1.49,-0.0012,0.08,-0.0002,6.68,-0.67,19.5,normal,LOW
2026-08-17T21:30:00,6.04,1.52,0.1824,0.79,0.0304,6.51,-0.563,20.0,normal,LOW
2026-08-17T21:40:00,6.57,1.538,0.105,0.53,0.0175,6.41,-0.452,20.1,normal,LOW
2026-08-17T21:50:00,6.65,1.486,-0.3096,0.09,-0.0516,6.41,-0.42,19.9,normal,LOW
2026-08-17T22:00:00,7.25,1.507,0.1248,0.59,0.0208,6.35,-0.345,20.2,normal,LOW
2026-08-17T22:10:00,7.77,1.476,-0.1884,0.52,-0.0314,6.4,-0.31,20.2,normal,LOW
2026-08-17T22:20:00,7.74,1.428,-0.2862,-0.03,-0.0477,6.42,-0.299,19.9,normal,LOW
2026-08-17T22:30:00,5.79,1.409,-0.1146,-1.96,-0.0191,6.41,-0.277,20.3,normal,LOW
2026-08-17T22:40:00,6.81,1.445,0.2184,1.02,0.0364,6.46,-0.212,20.2,normal,LOW
2026-08-17T22:50:00,6.49,1.44,-0.0342,-0.32,-0.0057,6.47,-0.197,19.9,normal,LOW
2026-08-17T23:00:00,7.26,1.463,0.1416,0.77,0.0236,6.58,-0.127,20.0,normal,LOW
2026-08-17T23:10:00,7.49,1.493,0.1764,0.23,0.0294,6.7,-0.089,20.4,normal,LOW
2026-08-17T23:20:00,7.58,1.479,-0.084,0.1,-0.014,6.77,-0.067,20.1,normal,LOW
2026-08-17T23:30:00,8.5,1.448,-0.1836,0.91,-0.0306,6.88,-0.095,20.2,normal,LOW
2026-08-17T23:40:00,7.76,1.438,-0.0606,-0.74,-0.0101,6.94,-0.086,20.5,normal,LOW
2026-08-17T23:50:00,6.7,1.389,-0.2922,-1.06,-0.0487,6.9,-0.144,20.1,normal,LOW
2026-08-18T00:00:00,7.07,1.368,-0.1278,0.37,-0.0213,6.88,-0.122,20.5,normal,LOW
2026-08-18T00:10:00,6.52,1.371,0.018,-0.55,0.003,6.96,-0.119,20.1,normal,LOW
2026-08-18T00:20:00,6.52,1.347,-0.1434,0.01,-0.0239,7.03,-0.173,21.0,normal,LOW
2026-08-18T00:30:00,5.51,1.337,-0.0606,-1.01,-0.0101,7.0,-0.201,20.7,normal,LOW
2026-08-18T00:40:00,5.71,1.345,0.0468,0.2,0.0078,6.95,-0.141,20.4,normal,LOW
2026-08-18T00:50:00,4.62,1.337,-0.0468,-1.09,-0.0078,6.84,-0.17,20.1,normal,LOW
2026-08-18T01:00:00,3.95,1.33,-0.0438,-0.67,-0.0073,6.66,-0.146,20.6,normal,LOW
2026-08-18T01:10:00,6.36,1.304,-0.1572,2.41,-0.0262,6.58,-0.124,20.4,normal,LOW
2026-08-18T01:20:00,6.19,1.296,-0.0492,-0.17,-0.0082,6.49,-0.113,19.9,normal,LOW
2026-08-18T01:30:00,6.93,1.349,0.3234,0.74,0.0539,6.55,-0.096,20.5,normal,LOW
2026-08-18T01:40:00,5.93,1.316,-0.198,-1.0,-0.033,6.51,-0.123,20.4,normal,LOW
2026-08-18T01:50:00,5.12,1.283,-0.2022,-0.81,-0.0337,6.43,-0.181,20.4,normal,LOW
2026-08-18T02:00:00,5.91,1.26,-0.1362,0.79,-0.0227,6.35,-0.233,20.6,normal,LOW
2026-08-18T02:10:00,5.92,1.25,-0.0624,0.02,-0.0104,6.27,-0.229,20.3,normal,LOW
2026-08-18T02:20:00,5.03,1.273,0.1422,-0.89,0.0237,6.12,-0.175,20.4,normal,LOW
2026-08-18T02:30:00,4.46,1.251,-0.1338,-0.57,-0.0223,5.9,-0.187,20.4,normal,LOW
2026-08-18T02:40:00,4.31,1.235,-0.0978,-0.15,-0.0163,5.71,-0.155,20.5,normal,LOW
2026-08-18T02:50:00,4.26,1.229,-0.0324,-0.06,-0.0054,5.57,-0.139,21.1,normal,LOW
2026-08-18T03:00:00,4.2,1.238,0.0504,-0.06,0.0084,5.41,-0.133,21.0,normal,LOW
2026-08-18T03:10:00,4.67,1.211,-0.1584,0.47,-0.0264,5.31,-0.136,20.7,normal,LOW
2026-08-18T03:20:00,4.18,1.214,0.0144,-0.48,0.0024,5.18,-0.123,21.0,normal,LOW
2026-08-18T03:30:00,3.13,1.212,-0.0102,-1.06,-0.0017,5.05,-0.133,20.9,normal,LOW
2026-08-18T03:40:00,3.41,1.218,0.0366,0.28,0.0061,4.92,-0.119,21.1,normal,LOW
2026-08-18T03:50:00,5.08,1.203,-0.0924,1.67,-0.0154,4.95,-0.127,20.5,normal,LOW
2026-08-18T04:00:00,4.58,1.218,0.09,-0.49,0.015,4.98,-0.086,21.3,normal,LOW
2026-08-18T04:10:00,5.86,1.22,0.0144,1.28,0.0024,4.95,-0.075,20.8,normal,LOW
2026-08-18T04:20:00,5.61,1.239,0.1134,-0.25,0.0189,4.92,-0.11,21.0,normal,LOW
2026-08-18T04:30:00,4.88,1.227,-0.075,-0.73,-0.0125,4.81,-0.09,20.8,normal,LOW
2026-08-18T04:40:00,5.13,1.247,0.12,0.26,0.02,4.76,-0.036,20.5,normal,LOW
2026-08-18T04:50:00,4.35,1.226,-0.1224,-0.78,-0.0204,4.72,-0.034,20.5,normal,LOW
2026-08-18T05:00:00,5.51,1.222,-0.0252,1.16,-0.0042,4.7,-0.028,20.7,normal,LOW
2026-08-18T05:10:00,5.63,1.249,0.1644,0.12,0.0274,4.68,-0.024,21.5,normal,LOW
2026-08-18T05:20:00,4.35,1.229,-0.123,-1.28,-0.0205,4.64,-0.022,21.4,normal,LOW
2026-08-18T05:30:00,5.83,1.228,-0.0042,1.48,-0.0007,4.72,-0.006,20.7,normal,LOW
2026-08-18T05:40:00,4.91,1.223,-0.033,-0.91,-0.0055,4.75,-0.007,21.4,normal,LOW
2026-08-18T05:50:00,4.34,1.208,-0.0852,-0.57,-0.0142,4.76,-0.029,21.4,normal,LOW
2026-08-18T06:00:00,3.87,1.196,-0.0774,-0.47,-0.0129,4.74,-0.016,21.5,normal,LOW
2026-08-18T06:10:00,3.64,1.184,-0.0684,-0.24,-0.0114,4.68,-0.03,21.1,normal,LOW
2026-08-18T06:20:00,4.86,1.195,0.066,1.22,0.011,4.72,-0.017,21.1,normal,LOW
2026-08-18T06:30:00,4.43,1.209,0.0804,-0.43,0.0134,4.79,-0.01,21.7,normal,LOW
2026-08-18T06:40:00,4.43,1.218,0.0576,-0.0,0.0096,4.85,0.015,20.9,normal,LOW
2026-08-18T06:50:00,5.03,1.219,0.0066,0.6,0.0011,4.85,0.002,21.6,normal,LOW
2026-08-18T07:00:00,4.13,1.256,0.2208,-0.9,0.0368,4.82,0.036,21.1,normal,LOW
2026-08-18T07:10:00,3.74,1.249,-0.0396,-0.39,-0.0066,4.7,0.01,21.3,normal,LOW
2026-08-18T07:20:00,3.89,1.25,0.0048,0.15,0.0008,4.61,0.024,21.6,normal,LOW
2026-08-18T07:30:00,3.65,1.222,-0.1686,-0.24,-0.0281,4.54,-0.024,21.6,normal,LOW
2026-08-18T07:40:00,3.85,1.242,0.1212,0.21,0.0202,4.47,0.016,21.5,normal,LOW
2026-08-18T07:50:00,4.84,1.233,-0.0534,0.99,-0.0089,4.5,0.011,21.2,normal,LOW
2026-08-18T08:00:00,4.63,1.277,0.2646,-0.22,0.0441,4.45,0.028,22.0,normal,LOW
2026-08-18T08:10:00,5.84,1.288,0.063,1.22,0.0105,4.46,0.059,21.6,normal,LOW
2026-08-18T08:20:00,5.94,1.279,-0.0558,0.1,-0.0093,4.55,0.051,21.4,normal,LOW
2026-08-18T08:30:00,5.56,1.276,-0.0162,-0.38,-0.0027,4.53,0.053,22.3,normal,LOW
2026-08-18T08:40:00,6.6,1.274,-0.0138,1.04,-0.0023,4.63,0.065,21.9,normal,LOW
2026-08-18T08:50:00,5.42,1.245,-0.1704,-1.18,-0.0284,4.69,0.05,22.2,normal,LOW
2026-08-18T09:00:00,5.82,1.232,-0.0792,0.4,-0.0132,4.79,0.048,22.0,normal,LOW
2026-08-18T09:10:00,4.73,1.26,0.1674,-1.08,0.0279,4.85,0.065,22.0,normal,LOW
2026-08-18T09:20:00,6.08,1.249,-0.0636,1.34,-0.0106,4.92,0.041,21.8,normal,LOW
2026-08-18T09:30:00,5.97,1.274,0.1476,-0.1,0.0246,5.01,0.056,21.6,normal,LOW
2026-08-18T09:40:00,6.07,1.298,0.1458,0.09,0.0243,5.1,0.079,22.1,normal,LOW
2026-08-18T09:50:00,4.99,1.311,0.0792,-1.08,0.0132,5.1,0.055,22.3,normal,LOW
2026-08-18T10:00:00,5.73,1.301,-0.0642,0.74,-0.0107,5.19,0.051,21.6,normal,LOW
2026-08-18T10:10:00,5.23,1.27,-0.1836,-0.49,-0.0306,5.27,0.02,22.4,normal,LOW
2026-08-18T10:20:00,5.81,1.264,-0.0378,0.57,-0.0063,5.37,0.042,22.2,normal,LOW
2026-08-18T10:30:00,6.17,1.251,-0.0792,0.37,-0.0132,5.51,0.008,22.3,normal,LOW
2026-08-18T10:40:00,5.68,1.234,-0.099,-0.49,-0.0165,5.62,0.001,22.1,normal,LOW
2026-08-18T10:50:00,6.62,1.264,0.1776,0.93,0.0296,5.72,-0.014,22.2,normal,LOW
2026-08-18T11:00:00,7.26,1.306,0.255,0.65,0.0425,5.86,0.018,22.3,normal,LOW
2026-08-18T11:10:00,6.97,1.303,-0.0198,-0.29,-0.0033,5.92,0.024,22.8,normal,LOW
2026-08-18T11:20:00,6.63,1.303,-0.0012,-0.34,-0.0002,5.96,0.027,22.9,normal,LOW
2026-08-18T11:30:00,5.7,1.309,0.0384,-0.93,0.0064,5.97,0.035,22.4,normal,LOW
2026-08-18T11:40:00,5.1,1.29,-0.1158,-0.6,-0.0193,5.89,0.044,22.1,normal,LOW
2026-08-18T11:50:00,4.85,1.306,0.0984,-0.25,0.0164,5.86,0.074,22.5,normal,LOW
2026-08-18T12:00:00,4.77,1.32,0.0852,-0.08,0.0142,5.8,0.06,22.9,normal,LOW
2026-08-18T12:10:00,6.4,1.301,-0.1176,1.62,-0.0196,5.89,0.051,22.6,normal,LOW
2026-08-18T12:20:00,5.03,1.32,0.1128,-1.37,0.0188,5.83,0.046,23.2,normal,LOW
2026-08-18T12:30:00,3.67,1.277,-0.252,-1.36,-0.042,5.7,-0.021,23.1,normal,LOW
2026-08-18T12:40:00,3.48,1.28,0.0126,-0.19,0.0021,5.56,-0.032,22.7,normal,LOW
2026-08-18T12:50:00,2.83,1.303,0.138,-0.65,0.023,5.44,0.002,22.8,normal,LOW
2026-08-18T13:00:00,4.26,1.303,0.003,1.42,0.0005,5.36,0.033,22.2,normal,LOW
2026-08-18T13:10:00,3.81,1.303,0.0018,-0.44,0.0003,5.28,0.04,22.5,normal,LOW
2026-08-18T13:20:00,3.54,1.293,-0.0654,-0.27,-0.0109,5.15,0.042,23.2,normal,LOW
2026-08-18T13:30:00,3.55,1.276,-0.1008,0.0,-0.0168,5.01,0.042,22.2,normal,LOW
2026-08-18T13:40:00,5.54,1.304,0.1704,2.0,0.0284,5.0,0.04,23.0,normal,LOW
2026-08-18T13:50:00,4.74,1.259,-0.273,-0.8,-0.0455,4.9,-0.047,22.8,normal,LOW
2026-08-18T14:00:00,5.47,1.219,-0.2382,0.73,-0.0397,4.8,-0.084,23.2,normal,LOW
2026-08-18T14:10:00,4.57,1.212,-0.0402,-0.89,-0.0067,4.66,-0.09,23.2,normal,LOW
2026-08-18T14:20:00,5.05,1.206,-0.0408,0.48,-0.0068,4.58,-0.103,23.3,normal,LOW
2026-08-18T14:30:00,4.42,1.2,-0.0354,-0.63,-0.0059,4.5,-0.09,23.1,normal,LOW
2026-08-18T14:40:00,6.07,1.221,0.129,1.65,0.0215,4.56,-0.085,23.2,normal,LOW
2026-08-18T14:50:00,5.34,1.241,0.1182,-0.73,0.0197,4.59,-0.079,23.4,normal,LOW
2026-08-18T15:00:00,4.34,1.195,-0.2766,-1.0,-0.0461,4.56,-0.106,23.4,normal,LOW
2026-08-18T15:10:00,5.18,1.164,-0.1872,0.83,-0.0312,4.49,-0.156,23.3,normal,LOW
2026-08-18T15:20:00,6.89,1.161,-0.0162,1.71,-0.0027,4.6,-0.116,24.0,normal,LOW
2026-08-18T15:30:00,6.75,1.181,0.1224,-0.13,0.0204,4.77,-0.098,23.8,normal,LOW
2026-08-18T15:40:00,6.16,1.191,0.0594,-0.59,0.0099,4.92,-0.111,23.8,normal,LOW
2026-08-18T15:50:00,4.93,1.209,0.1068,-1.23,0.0178,5.03,-0.094,23.5,normal,LOW
2026-08-18T16:00:00,3.88,1.201,-0.051,-1.05,-0.0085,5.01,-0.103,23.7,normal,LOW
2026-08-18T16:10:00,3.8,1.176,-0.1488,-0.08,-0.0248,5.01,-0.117,23.7,normal,LOW
2026-08-18T16:20:00,3.72,1.208,0.1944,-0.08,0.0324,5.02,-0.067,23.8,normal,LOW
2026-08-18T16:30:00,3.57,1.239,0.1872,-0.15,0.0312,5.02,-0.065,23.2,normal,LOW
2026-08-18T16:40:00,3.79,1.242,0.0132,0.21,0.0022,4.93,-0.017,24.0,normal,LOW
2026-08-18T16:50:00,3.65,1.239,-0.0174,-0.14,-0.0029,4.87,0.02,24.1,normal,LOW
2026-08-18T17:00:00,3.42,1.26,0.1248,-0.23,0.0208,4.75,0.047,23.9,normal,LOW
2026-08-18T17:10:00,6.07,1.259,-0.0018,2.65,-0.0003,4.84,0.054,23.7,normal,LOW
2026-08-18T17:20:00,5.39,1.245,-0.084,-0.67,-0.014,4.85,0.045,24.5,normal,LOW
2026-08-18T17:30:00,6.64,1.229,-0.0984,1.25,-0.0164,4.98,0.008,23.8,normal,LOW
2026-08-18T17:40:00,7.12,1.262,0.198,0.47,0.033,5.04,0.021,24.4,normal,LOW
2026-08-18T17:50:00,7.46,1.241,-0.1254,0.34,-0.0209,5.15,0.046,23.7,normal,LOW
2026-08-18T18:00:00,7.48,1.247,0.036,0.03,0.006,5.33,0.083,24.0,normal,LOW
2026-08-18T18:10:00,8.54,1.29,0.2574,1.06,0.0429,5.51,0.129,23.6,normal,LOW
2026-08-18T18:20:00,7.78,1.298,0.0504,-0.77,0.0084,5.56,0.117,24.7,normal,LOW
2026-08-18T18:30:00,8.5,1.317,0.1152,0.72,0.0192,5.66,0.126,24.3,normal,LOW
2026-08-18T18:40:00,8.68,1.327,0.0558,0.18,0.0093,5.8,0.118,24.1,normal,LOW
2026-08-18T18:50:00,9.44,1.349,0.132,0.76,0.022,6.05,0.148,24.2,normal,LOW
2026-08-18T19:00:00,7.6,1.364,0.0936,-1.84,0.0156,6.26,0.188,23.8,normal,LOW
2026-08-18T19:10:00,6.01,1.395,0.1848,-1.59,0.0308,6.38,0.187,24.2,normal,LOW
2026-08-18T19:20:00,6.81,1.394,-0.0066,0.8,-0.0011,6.55,0.155,24.8,normal,LOW
2026-08-18T19:30:00,5.89,1.386,-0.0516,-0.92,-0.0086,6.68,0.144,24.2,normal,LOW
2026-08-18T19:40:00,6.25,1.379,-0.0366,0.36,-0.0061,6.82,0.141,24.4,normal,LOW
2026-08-18T19:50:00,6.8,1.376,-0.021,0.56,-0.0035,6.99,0.116,24.5,normal,LOW
2026-08-18T20:00:00,6.17,1.354,-0.1332,-0.63,-0.0222,7.15,0.095,24.8,normal,LOW
2026-08-18T20:10:00,6.91,1.362,0.051,0.74,0.0085,7.19,0.117,24.4,normal,LOW
2026-08-18T20:20:00,5.75,1.33,-0.1956,-1.16,-0.0326,7.21,0.101,24.6,normal,LOW
2026-08-18T20:30:00,7.24,1.352,0.1338,1.49,0.0223,7.25,0.09,24.7,normal,LOW
2026-08-18T20:40:00,7.01,1.372,0.12,-0.23,0.02,7.24,0.131,24.9,normal,LOW
2026-08-18T20:50:00,5.9,1.372,0.0024,-1.12,0.0004,7.15,0.126,24.9,normal,LOW
2026-08-18T21:00:00,6.77,1.402,0.1782,0.88,0.0297,7.11,0.112,24.9,normal,LOW
2026-08-18T21:10:00,7.46,1.409,0.0384,0.69,0.0064,7.05,0.11,24.2,normal,LOW
2026-08-18T21:20:00,6.88,1.428,0.1182,-0.58,0.0197,7.01,0.111,24.7,normal,LOW
2026-08-18T21:30:00,6.95,1.42,-0.0498,0.07,-0.0083,6.92,0.093,24.9,normal,LOW
2026-08-18T21:40:00,6.74,1.446,0.1542,-0.21,0.0257,6.81,0.097,24.6,normal,LOW
2026-08-18T21:50:00,5.47,1.425,-0.1206,-1.26,-0.0201,6.59,0.061,25.0,normal,LOW
2026-08-18T22:00:00,6.4,1.419,-0.0384,0.92,-0.0064,6.52,0.024,25.3,normal,LOW
2026-08-18T22:10:00,6.98,1.403,-0.0954,0.58,-0.0159,6.58,0.009,25.3,normal,LOW
2026-08-18T22:20:00,7.02,1.412,0.0534,0.04,0.0089,6.59,0.027,24.8,normal,LOW
2026-08-18T22:30:00,7.25,1.393,-0.1122,0.23,-0.0187,6.66,0.014,25.1,normal,LOW
2026-08-18T22:40:00,6.58,1.38,-0.0834,-0.66,-0.0139,6.68,0.004,25.2,normal,LOW
2026-08-18T22:50:00,6.79,1.381,0.0066,0.21,0.0011,6.68,0.027,24.4,normal,LOW
2026-08-18T23:00:00,7.74,1.368,-0.0756,0.94,-0.0126,6.77,0.006,25.1,normal,LOW
2026-08-18T23:10:00,8.12,1.4,0.1902,0.39,0.0317,6.84,0.07,25.1,normal,LOW
2026-08-18T23:20:00,7.35,1.354,-0.2724,-0.77,-0.0454,6.93,0.002,24.9,normal,LOW
2026-08-18T23:30:00,8.29,1.37,0.0966,0.93,0.0161,6.98,-0.002,25.3,normal,LOW
2026-08-18T23:40:00,7.13,1.373,0.0144,-1.16,0.0024,6.99,0.0,25.8,normal,LOW
2026-08-18T23:50:00,8.41,1.371,-0.0102,1.28,-0.0017,7.13,-0.031,25.3,normal,LOW
2026-08-19T00:00:00,8.72,1.333,-0.2298,0.31,-0.0383,7.24,-0.076,25.6,normal,LOW
2026-08-19T00:10:00,7.07,1.287,-0.276,-1.65,-0.046,7.22,-0.141,25.2,normal,LOW
2026-08-19T00:20:00,6.64,1.261,-0.156,-0.44,-0.026,7.2,-0.159,25.5,normal,LOW
2026-08-19T00:30:00,6.69,1.286,0.1494,0.05,0.0249,7.19,-0.16,26.1,normal,LOW
2026-08-19T00:40:00,6.03,1.31,0.1446,-0.66,0.0241,7.15,-0.116,25.0,normal,LOW
2026-08-19T00:50:00,4.44,1.289,-0.1284,-1.59,-0.0214,7.09,-0.131,25.7,normal,LOW
2026-08-19T01:00:00,5.34,1.295,0.042,0.9,0.007,7.03,-0.108,25.4,normal,LOW
2026-08-19T01:10:00,7.36,1.266,-0.1746,2.02,-0.0291,7.05,-0.146,25.8,normal,LOW
2026-08-19T01:20:00,6.53,1.25,-0.0984,-0.83,-0.0164,7.03,-0.143,25.4,normal,LOW
2026-08-19T01:30:00,5.8,1.297,0.2838,-0.73,0.0473,6.95,-0.082,25.4,normal,LOW
2026-08-19T01:40:00,4.83,1.309,0.069,-0.97,0.0115,6.85,-0.072,25.5,normal,LOW
2026-08-19T01:50:00,4.77,1.305,-0.0222,-0.06,-0.0037,6.74,-0.063,26.0,normal,LOW
2026-08-19T02:00:00,4.04,1.308,0.0192,-0.73,0.0032,6.53,-0.092,25.1,normal,LOW
2026-08-19T02:10:00,5.94,1.306,-0.015,1.9,-0.0025,6.41,-0.049,25.5,normal,LOW
2026-08-19T02:20:00,5.88,1.31,0.0276,-0.06,0.0046,6.33,-0.06,26.3,normal,LOW
2026-08-19T02:30:00,5.95,1.288,-0.1356,0.07,-0.0226,6.2,-0.085,25.6,normal,LOW
2026-08-19T02:40:00,6.56,1.285,-0.0174,0.6,-0.0029,6.17,-0.086,25.9,normal,LOW
2026-08-19T02:50:00,6.0,1.312,0.1626,-0.55,0.0271,6.03,-0.021,25.7,normal,LOW
2026-08-19T03:00:00,5.87,1.298,-0.081,-0.13,-0.0135,5.88,0.011,25.4,normal,LOW
2026-08-19T03:10:00,5.48,1.278,-0.1242,-0.39,-0.0207,5.79,0.017,25.9,normal,LOW
2026-08-19T03:20:00,5.88,1.269,-0.0534,0.4,-0.0089,5.74,-0.017,26.2,normal,LOW
2026-08-19T03:30:00,5.4,1.299,0.1788,-0.48,0.0298,5.67,-0.011,25.7,normal,LOW
2026-08-19T03:40:00,6.02,1.295,-0.0216,0.62,-0.0036,5.67,0.007,25.3,normal,LOW
2026-08-19T03:50:00,6.16,1.305,0.0606,0.14,0.0101,5.77,0.01,25.6,normal,LOW
2026-08-19T04:00:00,5.75,1.33,0.1524,-0.41,0.0254,5.79,0.064,25.5,normal,LOW
2026-08-19T04:10:00,6.26,1.339,0.0492,0.51,0.0082,5.73,0.089,26.0,normal,LOW
2026-08-19T04:20:00,6.46,1.38,0.2508,0.2,0.0418,5.73,0.083,25.3,normal,LOW
2026-08-19T04:30:00,7.51,1.377,-0.0222,1.05,-0.0037,5.82,0.068,25.4,normal,LOW
2026-08-19T04:40:00,6.6,1.368,-0.0522,-0.91,-0.0087,5.92,0.063,25.5,normal,LOW
2026-08-19T04:50:00,5.46,1.359,-0.0552,-1.14,-0.0092,5.96,0.051,26.2,normal,LOW
2026-08-19T05:00:00,5.03,1.313,-0.273,-0.43,-0.0455,6.01,0.008,25.8,normal,LOW
2026-08-19T05:10:00,6.09,1.286,-0.1644,1.05,-0.0274,6.02,-0.024,26.0,normal,LOW
2026-08-19T05:20:00,8.16,1.283,-0.021,2.07,-0.0035,6.15,-0.005,25.5,normal,LOW
2026-08-19T05:30:00,7.21,1.302,0.1182,-0.94,0.0197,6.22,0.017,25.9,normal,LOW
2026-08-19T05:40:00,7.98,1.277,-0.1506,0.77,-0.0251,6.3,-0.035,26.0,normal,LOW
2026-08-19T05:50:00,6.37,1.324,0.2814,-1.61,0.0469,6.32,0.026,26.1,normal,LOW
2026-08-19T06:00:00,7.97,1.273,-0.3042,1.6,-0.0507,6.43,-0.004,26.1,normal,LOW
2026-08-19T06:10:00,7.61,1.28,0.0402,-0.37,0.0067,6.55,0.011,25.6,normal,LOW
2026-08-19T06:20:00,6.41,1.283,0.0156,-1.2,0.0026,6.58,-0.016,25.8,normal,LOW
2026-08-19T06:30:00,4.85,1.309,0.1578,-1.56,0.0263,6.55,0.014,26.0,normal,LOW
2026-08-19T06:40:00,5.52,1.305,-0.0252,0.67,-0.0042,6.52,-0.0,26.6,normal,LOW
2026-08-19T06:50:00,6.53,1.312,0.0444,1.01,0.0074,6.54,-0.018,26.1,normal,LOW
2026-08-19T07:00:00,5.78,1.308,-0.0252,-0.76,-0.0042,6.54,-0.031,26.0,normal,LOW
2026-08-19T07:10:00,6.7,1.28,-0.1662,0.92,-0.0277,6.57,-0.1,26.0,normal,LOW
2026-08-19T07:20:00,6.79,1.272,-0.0534,0.09,-0.0089,6.59,-0.105,26.2,normal,LOW
2026-08-19T07:30:00,6.3,1.26,-0.0666,-0.5,-0.0111,6.52,-0.108,25.8,normal,LOW
2026-08-19T07:40:00,6.79,1.281,0.1254,0.5,0.0209,6.53,-0.078,25.4,normal,LOW
2026-08-19T07:50:00,6.29,1.271,-0.0594,-0.51,-0.0099,6.58,-0.042,26.3,normal,LOW
2026-08-19T08:00:00,5.71,1.299,0.165,-0.58,0.0275,6.61,0.013,25.8,normal,LOW
2026-08-19T08:10:00,6.18,1.326,0.1626,0.47,0.0271,6.62,0.044,26.0,normal,LOW
2026-08-19T08:20:00,6.27,1.304,-0.132,0.09,-0.022,6.51,0.002,25.8,normal,LOW
2026-08-19T08:30:00,5.94,1.309,0.0318,-0.33,0.0053,6.44,0.032,25.8,normal,LOW
2026-08-19T08:40:00,5.1,1.302,-0.0462,-0.84,-0.0077,6.28,-0.022,26.0,normal,LOW
2026-08-19T08:50:00,4.44,1.281,-0.1254,-0.66,-0.0209,6.18,0.007,26.2,normal,LOW
2026-08-19T09:00:00,4.69,1.271,-0.057,0.25,-0.0095,5.99,-0.009,26.2,normal,LOW
2026-08-19T09:10:00,4.74,1.238,-0.1998,0.05,-0.0333,5.83,-0.045,26.4,normal,LOW
2026-08-19T09:20:00,3.81,1.217,-0.1266,-0.93,-0.0211,5.69,-0.092,26.4,normal,LOW
2026-08-19T09:30:00,5.07,1.234,0.1002,1.26,0.0167,5.7,-0.071,26.2,normal,LOW
2026-08-19T09:40:00,5.54,1.227,-0.0384,0.47,-0.0064,5.7,-0.085,26.6,normal,LOW
2026-08-19T09:50:00,4.18,1.231,0.0222,-1.35,0.0037,5.57,-0.077,25.4,normal,LOW
2026-08-19T10:00:00,4.33,1.242,0.0672,0.15,0.0112,5.49,-0.038,25.8,normal,LOW
2026-08-19T10:10:00,5.0,1.238,-0.0222,0.67,-0.0037,5.4,-0.033,25.5,normal,LOW
2026-08-19T10:20:00,5.41,1.259,0.1218,0.41,0.0203,5.32,-0.002,25.5,normal,LOW
2026-08-19T10:30:00,5.41,1.293,0.207,0.0,0.0345,5.27,0.012,25.8,normal,LOW
2026-08-19T10:40:00,4.45,1.296,0.0156,-0.96,0.0026,5.14,0.024,25.2,normal,LOW
2026-08-19T10:50:00,4.41,1.303,0.042,-0.04,0.007,5.04,0.004,25.9,normal,LOW
2026-08-19T11:00:00,4.47,1.317,0.087,0.06,0.0145,4.97,-0.009,26.1,normal,LOW
2026-08-19T11:10:00,4.74,1.318,0.0036,0.27,0.0006,4.89,0.014,26.1,normal,LOW
2026-08-19T11:20:00,5.7,1.301,-0.1026,0.96,-0.0171,4.86,-0.009,25.9,normal,LOW
2026-08-19T11:30:00,5.64,1.297,-0.021,-0.06,-0.0035,4.84,-0.004,25.4,normal,LOW
2026-08-19T11:40:00,6.55,1.293,-0.024,0.9,-0.004,4.92,0.012,26.3,normal,LOW
2026-08-19T11:50:00,7.14,1.317,0.141,0.59,0.0235,5.07,0.045,25.6,normal,LOW
2026-08-19T12:00:00,7.11,1.309,-0.0468,-0.03,-0.0078,5.21,0.071,26.2,normal,LOW
2026-08-19T12:10:00,7.06,1.289,-0.1194,-0.05,-0.0199,5.34,0.072,26.1,normal,LOW
2026-08-19T12:20:00,6.75,1.279,-0.0588,-0.32,-0.0098,5.5,0.046,26.1,normal,LOW
2026-08-19T12:30:00,5.3,1.276,-0.0204,-1.45,-0.0034,5.51,0.048,25.6,normal,LOW
2026-08-19T12:40:00,5.59,1.271,-0.0264,0.29,-0.0044,5.51,0.04,26.2,normal,LOW
2026-08-19T12:50:00,37.64,2.5,7.3728,32.04,1.2288,7.37,1.258,16.5,flash_flood,MEDIUM
2026-08-19T13:00:00,65.13,2.584,0.5028,27.49,0.0838,10.75,1.345,16.6,flash_flood,HIGH
2026-08-19T13:10:00,86.23,2.685,0.6096,21.11,0.1016,15.26,1.427,16.9,flash_flood,HIGH
2026-08-19T13:20:00,105.31,2.827,0.8508,19.08,0.1418,20.81,1.534,17.2,flash_flood,HIGH
2026-08-19T13:30:00,119.9,3.003,1.0554,14.59,0.1759,27.17,1.707,17.1,flash_flood,HIGH
2026-08-19T13:40:00,129.79,3.2,1.1802,9.9,0.1967,34.14,1.897,17.6,flash_flood,HIGH
2026-08-19T13:50:00,106.99,3.349,0.8976,-22.81,0.1496,39.84,2.032,17.1,flash_flood,HIGH
2026-08-19T14:00:00,100.82,3.495,0.8748,-6.17,0.1458,45.19,2.177,16.9,flash_flood,HIGH
2026-08-19T14:10:00,112.88,3.637,0.8484,12.06,0.1414,51.2,2.336,16.9,flash_flood,HIGH
2026-08-19T14:20:00,116.57,3.82,1.0986,3.69,0.1831,57.35,2.523,17.5,flash_flood,HIGH
2026-08-19T14:30:00,120.46,3.998,1.068,3.89,0.178,63.73,2.705,16.9,flash_flood,HIGH
2026-08-19T14:40:00,124.6,4.17,1.0344,4.15,0.1724,70.29,2.854,16.6,flash_flood,HIGH
2026-08-19T14:50:00,119.7,4.332,0.9726,-4.9,0.1621,76.55,3.024,16.7,flash_flood,HIGH
2026-08-19T15:00:00,112.11,4.495,0.9744,-7.6,0.1624,82.38,3.206,17.4,flash_flood,HIGH
2026-08-19T15:10:00,112.78,4.651,0.9348,0.67,0.1558,88.25,3.371,16.0,flash_flood,HIGH
2026-08-19T15:20:00,108.88,4.843,1.155,-3.9,0.1925,93.93,3.567,16.4,flash_flood,HIGH
2026-08-19T15:30:00,119.11,5.031,1.1256,10.23,0.1876,100.25,3.759,17.3,flash_flood,HIGH
2026-08-19T15:40:00,122.23,5.167,0.819,3.12,0.1365,106.73,2.667,15.9,flash_flood,HIGH
2026-08-19T15:50:00,129.64,5.286,0.7128,7.41,0.1188,111.84,2.702,17.4,flash_flood,HIGH
2026-08-19T16:00:00,122.57,5.474,1.1274,-7.08,0.1879,115.03,2.788,17.1,flash_flood,HIGH
2026-08-19T16:10:00,122.73,5.627,0.921,0.16,0.1535,117.06,2.8,17.0,flash_flood,HIGH
2026-08-19T16:20:00,128.85,5.779,0.9102,6.12,0.1517,118.37,2.776,16.9,flash_flood,HIGH
2026-08-19T16:30:00,109.74,5.932,0.9198,-19.11,0.1533,117.8,2.732,17.8,flash_flood,HIGH
2026-08-19T16:40:00,126.82,6.094,0.9726,17.08,0.1621,117.64,2.745,16.4,flash_flood,HIGH
2026-08-19T16:50:00,128.24,6.267,1.0344,1.43,0.1724,118.82,2.772,17.0,flash_flood,HIGH
2026-08-19T17:00:00,128.67,6.455,1.1292,0.43,0.1882,120.37,2.818,17.6,flash_flood,HIGH
2026-08-19T17:10:00,116.99,6.625,1.0212,-11.68,0.1702,120.59,2.805,17.2,flash_flood,HIGH
2026-08-19T17:20:00,107.45,6.791,0.9978,-9.54,0.1663,120.09,2.794,17.8,flash_flood,HIGH
2026-08-19T17:30:00,113.53,6.8,0.0516,6.08,0.0086,119.7,2.63,16.7,flash_flood,HIGH
2026-08-19T17:40:00,109.99,6.8,0.0,-3.55,0.0,118.89,2.468,16.5,flash_flood,HIGH
2026-08-19T17:50:00,114.41,6.8,0.0,4.42,0.0,118.6,2.305,17.3,flash_flood,HIGH
2026-08-19T18:00:00,108.38,6.8,0.0,-6.03,0.0,118.39,2.149,16.6,flash_flood,HIGH
2026-08-19T18:10:00,97.19,6.8,0.0,-11.19,0.0,117.52,1.957,16.6,flash_flood,HIGH
2026-08-19T18:20:00,110.63,6.8,0.0,13.44,0.0,117.62,1.769,16.9,flash_flood,HIGH
2026-08-19T18:30:00,115.85,6.8,0.0,5.22,0.0,117.44,1.633,17.5,flash_flood,HIGH
2026-08-19T18:40:00,117.76,6.8,0.0,1.91,0.0,117.19,1.514,16.7,flash_flood,HIGH
2026-08-19T18:50:00,110.48,6.8,0.0,-7.28,0.0,116.13,1.326,17.4,flash_flood,HIGH
2026-08-19T19:00:00,98.89,6.8,0.0,-11.6,0.0,114.81,1.173,17.1,flash_flood,HIGH
2026-08-19T19:10:00,102.95,6.8,0.0,4.07,0.0,113.71,1.021,17.1,flash_flood,HIGH
2026-08-19T19:20:00,102.31,6.8,0.0,-0.64,0.0,112.24,0.868,16.8,flash_flood,HIGH
2026-08-19T19:30:00,107.15,6.8,0.0,4.83,0.0,112.09,0.706,17.4,flash_flood,HIGH
2026-08-19T19:40:00,99.42,6.8,0.0,-7.73,0.0,110.57,0.533,16.5,flash_flood,HIGH
2026-08-19T19:50:00,96.05,6.8,0.0,-3.37,0.0,108.78,0.345,15.9,flash_flood,HIGH
2026-08-19T20:00:00,94.7,6.8,0.0,-1.35,0.0,106.9,0.175,17.6,flash_flood,HIGH
2026-08-19T20:10:00,96.29,6.8,0.0,1.59,0.0,105.75,0.009,17.7,flash_flood,HIGH
2026-08-19T20:20:00,119.35,6.8,0.0,23.06,0.0,106.41,0.0,17.6,flash_flood,HIGH
2026-08-19T20:30:00,119.04,6.8,0.0,-0.31,0.0,106.71,0.0,17.3,flash_flood,HIGH
2026-08-19T20:40:00,105.56,6.8,0.0,-13.47,0.0,106.47,0.0,16.4,flash_flood,HIGH
2026-08-19T20:50:00,101.49,6.8,0.0,-4.07,0.0,105.75,0.0,16.2,flash_flood,HIGH
2026-08-19T21:00:00,103.27,6.8,0.0,1.78,0.0,105.47,0.0,16.9,flash_flood,HIGH
2026-08-19T21:10:00,103.66,6.8,0.0,0.39,0.0,105.83,0.0,17.1,flash_flood,HIGH
2026-08-19T21:20:00,113.7,6.8,0.0,10.04,0.0,106.0,0.0,16.6,flash_flood,HIGH
2026-08-19T21:30:00,123.91,6.8,0.0,10.21,0.0,106.44,0.0,16.9,flash_flood,HIGH
2026-08-19T21:40:00,108.9,6.8,0.0,-15.01,0.0,105.95,0.0,17.5,flash_flood,HIGH
2026-08-19T21:50:00,101.32,6.8,0.0,-7.58,0.0,105.44,0.0,17.5,flash_flood,HIGH
2026-08-19T22:00:00,102.04,6.8,0.0,0.72,0.0,105.62,0.0,17.0,flash_flood,HIGH
2026-08-19T22:10:00,106.58,6.8,0.0,4.54,0.0,105.82,0.0,16.8,flash_flood,HIGH
2026-08-19T22:20:00,107.76,6.8,0.0,1.18,0.0,106.12,0.0,17.6,flash_flood,HIGH
2026-08-19T22:30:00,110.08,6.8,0.0,2.32,0.0,106.29,0.0,17.1,flash_flood,HIGH
2026-08-19T22:40:00,103.95,6.8,0.0,-6.13,0.0,106.54,0.0,17.8,flash_flood,HIGH
2026-08-19T22:50:00,113.58,6.8,0.0,9.64,0.0,107.51,0.0,17.0,flash_flood,HIGH
2026-08-19T23:00:00,111.68,6.8,0.0,-1.91,0.0,108.45,0.0,16.8,flash_flood,HIGH
2026-08-19T23:10:00,106.43,6.8,0.0,-5.25,0.0,109.02,0.0,16.8,flash_flood,HIGH
2026-08-19T23:20:00,113.26,6.8,0.0,6.83,0.0,108.68,0.0,17.6,flash_flood,HIGH
2026-08-19T23:30:00,110.48,6.8,0.0,-2.78,0.0,108.2,0.0,16.4,flash_flood,HIGH
2026-08-19T23:40:00,120.6,6.8,0.0,10.12,0.0,109.04,0.0,17.2,flash_flood,HIGH
2026-08-19T23:50:00,129.2,6.8,0.0,8.6,0.0,110.58,0.0,17.5,flash_flood,HIGH
2026-08-20T00:00:00,130.15,6.8,0.0,0.96,0.0,112.07,0.0,16.7,flash_flood,HIGH
2026-08-20T00:10:00,113.41,6.8,0.0,-16.75,0.0,112.61,0.0,17.2,flash_flood,HIGH
2026-08-20T00:20:00,102.28,6.8,0.0,-11.13,0.0,111.98,0.0,17.5,flash_flood,HIGH
2026-08-20T00:30:00,103.52,6.8,0.0,1.24,0.0,110.85,0.0,16.9,flash_flood,HIGH
2026-08-20T00:40:00,107.65,6.8,0.0,4.13,0.0,110.78,0.0,17.0,flash_flood,HIGH
2026-08-20T00:50:00,104.43,6.8,0.0,-3.22,0.0,110.95,0.0,16.6,flash_flood,HIGH
2026-08-20T01:00:00,105.46,6.8,0.0,1.03,0.0,111.14,0.0,18.4,flash_flood,HIGH
2026-08-20T01:10:00,115.25,6.8,0.0,9.79,0.0,111.62,0.0,16.2,flash_flood,HIGH
2026-08-20T01:20:00,108.87,6.8,0.0,-6.38,0.0,111.68,0.0,16.7,flash_flood,HIGH
2026-08-20T01:30:00,116.2,6.8,0.0,7.33,0.0,112.02,0.0,17.0,flash_flood,HIGH
2026-08-20T01:40:00,114.81,6.8,0.0,-1.4,0.0,112.63,0.0,17.4,flash_flood,HIGH
2026-08-20T01:50:00,113.65,6.8,0.0,-1.16,0.0,112.63,0.0,17.1,flash_flood,HIGH
2026-08-20T02:00:00,116.89,6.8,0.0,3.24,0.0,112.92,0.0,17.2,flash_flood,HIGH
2026-08-20T02:10:00,115.09,6.8,0.0,-1.8,0.0,113.4,0.0,17.0,flash_flood,HIGH
2026-08-20T02:20:00,127.99,6.8,0.0,12.9,0.0,114.22,0.0,17.0,flash_flood,HIGH
2026-08-20T02:30:00,131.82,6.8,0.0,3.82,0.0,115.4,0.0,16.7,flash_flood,HIGH
2026-08-20T02:40:00,114.25,6.8,0.0,-17.57,0.0,115.05,0.0,17.5,flash_flood,HIGH
2026-08-20T02:50:00,105.37,6.8,0.0,-8.88,0.0,113.73,0.0,17.2,flash_flood,HIGH
2026-08-20T03:00:00,99.62,6.8,0.0,-5.75,0.0,112.03,0.0,17.5,flash_flood,HIGH
2026-08-20T03:10:00,100.48,6.8,0.0,0.86,0.0,111.31,0.0,17.1,flash_flood,HIGH
2026-08-20T03:20:00,93.9,6.8,0.0,-6.58,0.0,110.85,0.0,16.1,flash_flood,HIGH
2026-08-20T03:30:00,95.43,6.8,0.0,1.53,0.0,110.4,0.0,17.7,flash_flood,HIGH
2026-08-20T03:40:00,106.53,6.8,0.0,11.09,0.0,110.34,0.0,17.4,flash_flood,HIGH
2026-08-20T03:50:00,118.02,6.8,0.0,11.49,0.0,111.09,0.0,17.2,flash_flood,HIGH
2026-08-20T04:00:00,124.55,6.8,0.0,6.53,0.0,112.15,0.0,16.2,flash_flood,HIGH
2026-08-20T04:10:00,127.76,6.8,0.0,3.21,0.0,112.85,0.0,17.3,flash_flood,HIGH
2026-08-20T04:20:00,124.89,6.8,0.0,-2.87,0.0,113.74,0.0,16.8,flash_flood,HIGH
2026-08-20T04:30:00,116.25,6.8,0.0,-8.64,0.0,113.74,0.0,17.2,flash_flood,HIGH
2026-08-20T04:40:00,124.48,6.8,0.0,8.24,0.0,114.28,0.0,16.7,flash_flood,HIGH
2026-08-20T04:50:00,129.16,6.8,0.0,4.68,0.0,115.14,0.0,17.0,flash_flood,HIGH
2026-08-20T05:00:00,118.32,6.8,0.0,-10.85,0.0,115.22,0.0,16.5,flash_flood,HIGH
2026-08-20T05:10:00,110.54,6.8,0.0,-7.77,0.0,114.96,0.0,17.6,flash_flood,HIGH
2026-08-20T05:20:00,110.72,6.8,0.0,0.18,0.0,114.0,0.0,17.4,flash_flood,HIGH
2026-08-20T05:30:00,120.08,6.8,0.0,9.36,0.0,113.35,0.0,17.7,flash_flood,HIGH
2026-08-20T05:40:00,115.65,6.8,0.0,-4.43,0.0,113.43,0.0,16.5,flash_flood,HIGH
2026-08-20T05:50:00,109.08,6.8,0.0,-6.57,0.0,113.64,0.0,16.8,flash_flood,HIGH
2026-08-20T06:00:00,104.88,6.8,0.0,-4.2,0.0,113.93,0.0,16.3,flash_flood,HIGH
2026-08-20T06:10:00,105.24,6.8,0.0,0.36,0.0,114.19,0.0,17.7,flash_flood,HIGH
2026-08-20T06:20:00,101.97,6.8,0.0,-3.27,0.0,114.64,0.0,17.6,flash_flood,HIGH
2026-08-20T06:30:00,123.31,6.8,0.0,21.34,0.0,116.19,0.0,17.3,flash_flood,HIGH
2026-08-20T06:40:00,107.5,6.8,0.0,-15.81,0.0,116.24,0.0,17.1,flash_flood,HIGH
2026-08-20T06:50:00,105.56,6.8,0.0,-1.93,0.0,115.55,0.0,16.9,flash_flood,HIGH
2026-08-20T07:00:00,97.98,6.8,0.0,-7.59,0.0,114.08,0.0,16.9,flash_flood,HIGH
2026-08-20T07:10:00,118.88,6.8,0.0,20.9,0.0,113.58,0.0,16.7,flash_flood,HIGH
2026-08-20T07:20:00,119.36,6.8,0.0,0.49,0.0,113.28,0.0,17.1,flash_flood,HIGH
2026-08-20T07:30:00,126.62,6.8,0.0,7.26,0.0,113.85,0.0,17.3,flash_flood,HIGH
2026-08-20T07:40:00,113.95,6.8,0.0,-12.67,0.0,113.27,0.0,16.9,flash_flood,HIGH
2026-08-20T07:50:00,125.51,6.8,0.0,11.56,0.0,113.06,0.0,17.4,flash_flood,HIGH
2026-08-20T08:00:00,123.77,6.8,0.0,-1.74,0.0,113.37,0.0,16.9,flash_flood,HIGH
2026-08-20T08:10:00,110.5,6.8,0.0,-13.27,0.0,113.36,0.0,17.5,flash_flood,HIGH
2026-08-20T08:20:00,119.24,6.8,0.0,8.74,0.0,113.84,0.0,16.6,flash_flood,HIGH
2026-08-20T08:30:00,124.97,6.8,0.0,5.74,0.0,114.11,0.0,17.5,flash_flood,HIGH
2026-08-20T08:40:00,118.17,6.8,0.0,-6.8,0.0,114.25,0.0,18.1,flash_flood,HIGH
2026-08-20T08:50:00,116.06,6.8,0.0,-2.11,0.0,114.64,0.0,17.0,flash_flood,HIGH
2026-08-20T09:00:00,124.69,6.8,0.0,8.63,0.0,115.74,0.0,17.1,flash_flood,HIGH
2026-08-20T09:10:00,124.89,6.8,0.0,0.21,0.0,116.83,0.0,16.7,flash_flood,HIGH
2026-08-20T09:20:00,114.55,6.8,0.0,-10.35,0.0,117.53,0.0,17.6,flash_flood,HIGH
2026-08-20T09:30:00,108.5,6.8,0.0,-6.05,0.0,116.71,0.0,16.5,flash_flood,HIGH
2026-08-20T09:40:00,119.65,6.8,0.0,11.15,0.0,117.38,0.0,17.0,flash_flood,HIGH
2026-08-20T09:50:00,129.73,6.8,0.0,10.09,0.0,118.72,0.0,17.6,flash_flood,HIGH
2026-08-20T10:00:00,115.63,6.8,0.0,-14.1,0.0,119.7,0.0,17.0,flash_flood,HIGH
2026-08-20T10:10:00,115.94,6.8,0.0,0.31,0.0,119.54,0.0,17.5,flash_flood,HIGH
2026-08-20T10:20:00,111.74,6.8,0.0,-4.2,0.0,119.12,0.0,17.1,flash_flood,HIGH
2026-08-20T10:30:00,113.7,6.8,0.0,1.96,0.0,118.4,0.0,17.2,flash_flood,HIGH
2026-08-20T10:40:00,115.11,6.8,0.0,1.41,0.0,118.46,0.0,16.8,flash_flood,HIGH
2026-08-20T10:50:00,117.1,6.8,0.0,1.99,0.0,118.0,0.0,17.4,flash_flood,HIGH
2026-08-20T11:00:00,117.2,6.8,0.0,0.11,0.0,117.63,0.0,17.0,flash_flood,HIGH
2026-08-20T11:10:00,133.58,6.8,0.0,16.38,0.0,118.91,0.0,16.6,flash_flood,HIGH
2026-08-20T11:20:00,130.94,6.8,0.0,-2.64,0.0,119.56,0.0,16.9,flash_flood,HIGH
2026-08-20T11:30:00,128.93,6.8,0.0,-2.01,0.0,119.78,0.0,17.2,flash_flood,HIGH
2026-08-20T11:40:00,132.54,6.8,0.0,3.6,0.0,120.58,0.0,17.2,flash_flood,HIGH
2026-08-20T11:50:00,107.95,6.8,0.0,-24.58,0.0,120.13,0.0,16.4,flash_flood,HIGH
2026-08-20T12:00:00,115.0,6.8,0.0,7.05,0.0,119.59,0.0,17.6,flash_flood,HIGH
2026-08-20T12:10:00,117.78,6.8,0.0,2.78,0.0,119.2,0.0,17.2,flash_flood,HIGH
2026-08-20T12:20:00,111.16,6.8,0.0,-6.62,0.0,119.01,0.0,16.7,flash_flood,HIGH
2026-08-20T12:30:00,118.39,6.8,0.0,7.22,0.0,119.56,0.0,16.1,flash_flood,HIGH
2026-08-20T12:40:00,122.65,6.8,0.0,4.27,0.0,119.73,0.0,17.8,flash_flood,HIGH
2026-08-20T12:50:00,108.52,6.8,0.0,-14.14,0.0,118.55,0.0,16.9,flash_flood,HIGH
2026-08-20T13:00:00,105.59,6.8,0.0,-2.93,0.0,117.99,0.0,16.8,flash_flood,HIGH
2026-08-20T13:10:00,93.23,6.8,0.0,-12.35,0.0,116.73,0.0,16.9,flash_flood,HIGH
2026-08-20T13:20:00,89.11,6.8,0.0,-4.13,0.0,115.47,0.0,16.7,flash_flood,HIGH
2026-08-20T13:30:00,100.78,6.8,0.0,11.68,0.0,114.75,0.0,16.9,flash_flood,HIGH
2026-08-20T13:40:00,110.57,6.8,0.0,9.79,0.0,114.5,0.0,17.0,flash_flood,HIGH
2026-08-20T13:50:00,111.09,6.8,0.0,0.53,0.0,114.17,0.0,17.3,flash_flood,HIGH
2026-08-20T14:00:00,125.78,6.8,0.0,14.68,0.0,114.64,0.0,17.6,flash_flood,HIGH
2026-08-20T14:10:00,114.48,6.8,0.0,-11.29,0.0,113.58,0.0,17.1,flash_flood,HIGH
2026-08-20T14:20:00,120.0,6.8,0.0,5.51,0.0,112.98,0.0,16.7,flash_flood,HIGH
2026-08-20T14:30:00,116.49,6.8,0.0,-3.51,0.0,112.28,0.0,17.6,flash_flood,HIGH
2026-08-20T14:40:00,122.26,6.8,0.0,5.77,0.0,111.71,0.0,17.1,flash_flood,HIGH
2026-08-20T14:50:00,117.88,6.8,0.0,-4.38,0.0,112.26,0.0,17.3,flash_flood,HIGH
2026-08-20T15:00:00,108.34,6.8,0.0,-9.54,0.0,111.89,0.0,17.5,flash_flood,HIGH
2026-08-20T15:10:00,114.54,6.8,0.0,6.2,0.0,111.71,0.0,17.7,flash_flood,HIGH
2026-08-20T15:20:00,104.54,6.8,0.0,-9.99,0.0,111.35,0.0,17.4,flash_flood,HIGH
2026-08-20T15:30:00,108.31,6.8,0.0,3.77,0.0,110.79,0.0,16.9,flash_flood,HIGH
2026-08-20T15:40:00,126.4,6.8,0.0,18.08,0.0,110.99,0.0,17.1,flash_flood,HIGH
2026-08-20T15:50:00,120.38,6.8,0.0,-6.02,0.0,111.65,0.0,17.8,flash_flood,HIGH
2026-08-20T16:00:00,112.89,6.8,0.0,-7.48,0.0,112.06,0.0,17.1,flash_flood,HIGH
2026-08-20T16:10:00,126.54,6.8,0.0,13.65,0.0,113.91,0.0,16.5,flash_flood,HIGH
2026-08-20T16:20:00,130.36,6.8,0.0,3.82,0.0,116.2,0.0,17.5,flash_flood,HIGH
2026-08-20T16:30:00,137.25,6.8,0.0,6.89,0.0,118.23,0.0,17.2,flash_flood,HIGH
2026-08-20T16:40:00,129.1,6.8,0.0,-8.15,0.0,119.26,0.0,17.1,flash_flood,HIGH
2026-08-20T16:50:00,127.41,6.8,0.0,-1.69,0.0,120.16,0.0,18.5,flash_flood,HIGH
2026-08-20T17:00:00,119.0,6.8,0.0,-8.41,0.0,119.79,0.0,16.9,flash_flood,HIGH
2026-08-20T17:10:00,125.44,6.8,0.0,6.43,0.0,120.4,0.0,17.0,flash_flood,HIGH
2026-08-20T17:20:00,119.86,6.8,0.0,-5.58,0.0,120.39,0.0,17.0,flash_flood,HIGH
2026-08-20T17:30:00,117.02,6.8,0.0,-2.83,0.0,120.42,0.0,16.8,flash_flood,HIGH
2026-08-20T17:40:00,116.08,6.8,0.0,-0.94,0.0,120.07,0.0,16.7,flash_flood,HIGH
2026-08-20T17:50:00,116.87,6.8,0.0,0.79,0.0,120.02,0.0,16.7,flash_flood,HIGH
2026-08-20T18:00:00,120.1,6.8,0.0,3.23,0.0,120.67,0.0,17.0,flash_flood,HIGH
2026-08-20T18:10:00,108.8,6.8,0.0,-11.3,0.0,120.35,0.0,17.1,flash_flood,HIGH
2026-08-20T18:20:00,117.01,6.8,0.0,8.21,0.0,121.05,0.0,16.5,flash_flood,HIGH
2026-08-20T18:30:00,126.83,6.8,0.0,9.82,0.0,122.07,0.0,17.2,flash_flood,HIGH
2026-08-20T18:40:00,113.42,6.8,0.0,-13.41,0.0,121.35,0.0,16.1,flash_flood,HIGH
2026-08-20T18:50:00,115.62,6.8,0.0,2.2,0.0,121.09,0.0,17.3,flash_flood,HIGH
2026-08-20T19:00:00,110.64,6.8,0.0,-4.98,0.0,120.96,0.0,16.5,flash_flood,HIGH
2026-08-20T19:10:00,114.09,6.8,0.0,3.44,0.0,120.27,0.0,17.3,flash_flood,HIGH
2026-08-20T19:20:00,127.38,6.8,0.0,13.29,0.0,120.11,0.0,17.2,flash_flood,HIGH
2026-08-20T19:30:00,131.23,6.8,0.0,3.85,0.0,119.77,0.0,17.2,flash_flood,HIGH
2026-08-20T19:40:00,133.32,6.8,0.0,2.1,0.0,120.01,0.0,16.7,flash_flood,HIGH
2026-08-20T19:50:00,127.2,6.8,0.0,-6.12,0.0,119.99,0.0,17.3,flash_flood,HIGH
2026-08-20T20:00:00,119.24,6.8,0.0,-7.96,0.0,120.01,0.0,16.9,flash_flood,HIGH
2026-08-20T20:10:00,130.64,6.8,0.0,11.4,0.0,120.3,0.0,17.1,flash_flood,HIGH
2026-08-20T20:20:00,128.62,6.8,0.0,-2.01,0.0,120.78,0.0,18.3,flash_flood,HIGH
2026-08-20T20:30:00,123.59,6.8,0.0,-5.04,0.0,121.15,0.0,17.1,flash_flood,HIGH
2026-08-20T20:40:00,112.45,6.8,0.0,-11.14,0.0,120.95,0.0,16.3,flash_flood,HIGH
2026-08-20T20:50:00,117.67,6.8,0.0,5.22,0.0,120.99,0.0,17.1,flash_flood,HIGH
2026-08-20T21:00:00,115.27,6.8,0.0,-2.4,0.0,120.72,0.0,18.0,flash_flood,HIGH
2026-08-20T21:10:00,117.28,6.8,0.0,2.01,0.0,121.19,0.0,16.5,flash_flood,HIGH
2026-08-20T21:20:00,128.79,6.8,0.0,11.51,0.0,121.85,0.0,16.4,flash_flood,HIGH
2026-08-20T21:30:00,114.8,6.8,0.0,-13.98,0.0,121.18,0.0,16.3,flash_flood,HIGH
2026-08-20T21:40:00,105.61,6.8,0.0,-9.2,0.0,120.75,0.0,15.5,flash_flood,HIGH
2026-08-20T21:50:00,99.19,6.8,0.0,-6.42,0.0,119.83,0.0,17.6,flash_flood,HIGH
2026-08-20T22:00:00,104.72,6.8,0.0,5.53,0.0,119.5,0.0,17.2,flash_flood,HIGH
2026-08-20T22:10:00,118.48,6.8,0.0,13.77,0.0,119.75,0.0,17.1,flash_flood,HIGH
2026-08-20T22:20:00,112.3,6.8,0.0,-6.18,0.0,118.91,0.0,17.1,flash_flood,HIGH
2026-08-20T22:30:00,106.04,6.8,0.0,-6.26,0.0,117.51,0.0,17.2,flash_flood,HIGH
2026-08-20T22:40:00,119.57,6.8,0.0,13.54,0.0,116.75,0.0,17.2,flash_flood,HIGH
2026-08-20T22:50:00,106.21,6.8,0.0,-13.36,0.0,115.58,0.0,16.4,flash_flood,HIGH
2026-08-20T23:00:00,103.51,6.8,0.0,-2.7,0.0,114.71,0.0,16.4,flash_flood,HIGH
2026-08-20T23:10:00,98.32,6.8,0.0,-5.19,0.0,112.91,0.0,16.9,flash_flood,HIGH
2026-08-20T23:20:00,112.64,6.8,0.0,14.32,0.0,112.02,0.0,16.6,flash_flood,HIGH
2026-08-20T23:30:00,103.57,6.8,0.0,-9.07,0.0,110.91,0.0,16.1,flash_flood,HIGH
2026-08-20T23:40:00,109.34,6.8,0.0,5.77,0.0,110.74,0.0,17.0,flash_flood,HIGH
2026-08-20T23:50:00,94.84,6.8,0.0,-14.49,0.0,109.47,0.0,17.9,flash_flood,HIGH
2026-08-21T00:00:00,107.77,6.8,0.0,12.93,0.0,109.05,0.0,16.8,flash_flood,HIGH
2026-08-21T00:10:00,102.22,6.8,0.0,-5.55,0.0,108.22,0.0,16.0,flash_flood,HIGH
2026-08-21T00:20:00,105.88,6.8,0.0,3.66,0.0,106.94,0.0,17.6,flash_flood,HIGH
2026-08-21T00:30:00,110.53,6.8,0.0,4.65,0.0,106.71,0.0,16.8,flash_flood,HIGH
2026-08-21T00:40:00,105.89,6.8,0.0,-4.64,0.0,106.72,0.0,17.1,flash_flood,HIGH
2026-08-21T00:50:00,113.97,6.8,0.0,8.08,0.0,107.54,0.0,17.2,flash_flood,HIGH
2026-08-21T01:00:00,120.51,6.8,0.0,6.54,0.0,108.42,0.0,16.8,flash_flood,HIGH
2026-08-21T01:10:00,130.96,6.8,0.0,10.45,0.0,109.12,0.0,16.4,flash_flood,HIGH
2026-08-21T01:20:00,136.78,6.8,0.0,5.82,0.0,110.48,0.0,16.4,flash_flood,HIGH
2026-08-21T01:30:00,125.12,6.8,0.0,-11.67,0.0,111.54,0.0,17.7,flash_flood,HIGH
2026-08-21T01:40:00,126.36,6.8,0.0,1.24,0.0,111.91,0.0,16.8,flash_flood,HIGH
2026-08-21T01:50:00,130.46,6.8,0.0,4.1,0.0,113.26,0.0,17.0,flash_flood,HIGH
2026-08-21T02:00:00,118.63,6.8,0.0,-11.83,0.0,114.1,0.0,17.6,flash_flood,HIGH
2026-08-21T02:10:00,111.0,6.8,0.0,-7.63,0.0,114.81,0.0,16.9,flash_flood,HIGH
2026-08-21T02:20:00,119.86,6.8,0.0,8.85,0.0,115.21,0.0,17.8,flash_flood,HIGH
2026-08-21T02:30:00,116.75,6.8,0.0,-3.11,0.0,115.94,0.0,17.8,flash_flood,HIGH
2026-08-21T02:40:00,110.6,6.8,0.0,-6.15,0.0,116.01,0.0,17.5,flash_flood,HIGH
2026-08-21T02:50:00,111.49,6.8,0.0,0.89,0.0,116.93,0.0,16.5,flash_flood,HIGH
2026-08-21T03:00:00,111.88,6.8,0.0,0.4,0.0,117.16,0.0,16.9,flash_flood,HIGH
2026-08-21T03:10:00,101.3,6.8,0.0,-10.58,0.0,117.11,0.0,17.1,flash_flood,HIGH
2026-08-21T03:20:00,111.93,6.8,0.0,10.63,0.0,117.45,0.0,17.0,flash_flood,HIGH
2026-08-21T03:30:00,120.63,6.8,0.0,8.7,0.0,118.01,0.0,16.8,flash_flood,HIGH
2026-08-21T03:40:00,114.04,6.8,0.0,-6.59,0.0,118.46,0.0,16.4,flash_flood,HIGH
2026-08-21T03:50:00,112.02,6.8,0.0,-2.02,0.0,118.35,0.0,16.7,flash_flood,HIGH
2026-08-21T04:00:00,122.14,6.8,0.0,10.12,0.0,118.44,0.0,17.4,flash_flood,HIGH
2026-08-21T04:10:00,105.34,6.8,0.0,-16.8,0.0,117.02,0.0,17.6,flash_flood,HIGH
2026-08-21T04:20:00,97.72,6.8,0.0,-7.62,0.0,114.85,0.0,17.3,flash_flood,HIGH
2026-08-21T04:30:00,88.12,6.8,0.0,-9.6,0.0,112.79,0.0,18.0,flash_flood,HIGH
2026-08-21T04:40:00,95.33,6.8,0.0,7.22,0.0,111.07,0.0,17.4,flash_flood,HIGH
2026-08-21T04:50:00,89.8,6.8,0.0,-5.54,0.0,108.81,0.0,16.6,flash_flood,HIGH
2026-08-21T05:00:00,111.51,6.8,0.0,21.71,0.0,108.41,0.0,16.9,flash_flood,HIGH
2026-08-21T05:10:00,107.45,6.8,0.0,-4.06,0.0,108.22,0.0,16.8,flash_flood,HIGH
2026-08-21T05:20:00,117.4,6.8,0.0,9.95,0.0,108.08,0.0,17.1,flash_flood,HIGH
2026-08-21T05:30:00,113.95,6.8,0.0,-3.45,0.0,107.92,0.0,17.5,flash_flood,HIGH
2026-08-21T05:40:00,121.04,6.8,0.0,7.09,0.0,108.5,0.0,16.9,flash_flood,HIGH
2026-08-21T05:50:00,109.71,6.8,0.0,-11.33,0.0,108.41,0.0,17.0,flash_flood,HIGH
2026-08-21T06:00:00,120.26,6.8,0.0,10.55,0.0,108.87,0.0,16.4,flash_flood,HIGH
2026-08-21T06:10:00,105.31,6.8,0.0,-14.95,0.0,109.09,0.0,17.0,flash_flood,HIGH
2026-08-21T06:20:00,118.13,6.8,0.0,12.82,0.0,109.44,0.0,17.1,flash_flood,HIGH
2026-08-21T06:30:00,125.09,6.8,0.0,6.96,0.0,109.69,0.0,17.2,flash_flood,HIGH
2026-08-21T06:40:00,111.44,6.8,0.0,-13.65,0.0,109.54,0.0,17.1,flash_flood,HIGH
2026-08-21T06:50:00,99.58,6.8,0.0,-11.86,0.0,108.85,0.0,17.6,flash_flood,HIGH
2026-08-21T07:00:00,89.85,6.8,0.0,-9.73,0.0,107.06,0.0,16.0,flash_flood,HIGH
2026-08-21T07:10:00,100.09,6.8,0.0,10.23,0.0,106.76,0.0,17.5,flash_flood,HIGH
2026-08-21T07:20:00,116.36,6.8,0.0,16.27,0.0,107.8,0.0,16.7,flash_flood,HIGH
2026-08-21T07:30:00,108.52,6.8,0.0,-7.84,0.0,108.93,0.0,18.0,flash_flood,HIGH
2026-08-21T07:40:00,104.25,6.8,0.0,-4.27,0.0,109.43,0.0,16.4,flash_flood,HIGH
2026-08-21T07:50:00,122.44,6.8,0.0,18.19,0.0,111.24,0.0,17.1,flash_flood,HIGH
2026-08-21T08:00:00,118.67,6.8,0.0,-3.77,0.0,111.64,0.0,16.7,flash_flood,HIGH
2026-08-21T08:10:00,134.94,6.8,0.0,16.27,0.0,113.17,0.0,17.4,flash_flood,HIGH
2026-08-21T08:20:00,132.61,6.8,0.0,-2.33,0.0,114.01,0.0,16.9,flash_flood,HIGH
2026-08-21T08:30:00,135.64,6.8,0.0,3.03,0.0,115.22,0.0,16.5,flash_flood,HIGH
2026-08-21T08:40:00,131.81,6.8,0.0,-3.83,0.0,115.82,0.0,17.4,flash_flood,HIGH
2026-08-21T08:50:00,114.38,6.8,0.0,-17.43,0.0,116.08,0.0,16.9,flash_flood,HIGH
2026-08-21T09:00:00,115.65,6.8,0.0,1.27,0.0,115.82,0.0,17.7,flash_flood,HIGH
2026-08-21T09:10:00,120.33,6.8,0.0,4.68,0.0,116.65,0.0,17.0,flash_flood,HIGH
2026-08-21T09:20:00,120.7,6.8,0.0,0.37,0.0,116.8,0.0,17.1,flash_flood,HIGH
2026-08-21T09:30:00,127.2,6.8,0.0,6.49,0.0,116.91,0.0,16.7,flash_flood,HIGH
2026-08-21T09:40:00,124.5,6.8,0.0,-2.7,0.0,117.64,0.0,17.0,flash_flood,HIGH
2026-08-21T09:50:00,118.96,6.8,0.0,-5.54,0.0,118.72,0.0,15.3,flash_flood,HIGH
2026-08-21T10:00:00,117.02,6.8,0.0,-1.94,0.0,120.23,0.0,16.2,flash_flood,HIGH
2026-08-21T10:10:00,97.2,6.8,0.0,-19.82,0.0,120.07,0.0,17.6,flash_flood,HIGH
2026-08-21T10:20:00,106.39,6.8,0.0,9.19,0.0,119.51,0.0,17.1,flash_flood,HIGH
2026-08-21T10:30:00,104.83,6.8,0.0,-1.57,0.0,119.31,0.0,16.9,flash_flood,HIGH
2026-08-21T10:40:00,112.51,6.8,0.0,7.68,0.0,119.77,0.0,17.2,flash_flood,HIGH
2026-08-21T10:50:00,122.15,6.8,0.0,9.65,0.0,119.75,0.0,17.8,flash_flood,HIGH
2026-08-21T11:00:00,125.29,6.8,0.0,3.13,0.0,120.12,0.0,17.0,flash_flood,HIGH
2026-08-21T11:10:00,114.74,6.8,0.0,-10.55,0.0,118.99,0.0,17.0,flash_flood,HIGH
2026-08-21T11:20:00,120.51,6.8,0.0,5.77,0.0,118.32,0.0,17.2,flash_flood,HIGH
2026-08-21T11:30:00,114.56,6.8,0.0,-5.95,0.0,117.15,0.0,16.9,flash_flood,HIGH
2026-08-21T11:40:00,110.58,6.8,0.0,-3.98,0.0,115.97,0.0,17.1,flash_flood,HIGH
2026-08-21T11:50:00,109.97,6.8,0.0,-0.62,0.0,115.73,0.0,17.1,flash_flood,HIGH
2026-08-21T12:00:00,115.68,6.8,0.0,5.71,0.0,115.73,0.0,18.2,flash_flood,HIGH
2026-08-21T12:10:00,112.3,6.8,0.0,-3.38,0.0,115.28,0.0,16.4,flash_flood,HIGH
2026-08-21T12:20:00,105.63,6.8,0.0,-6.67,0.0,114.45,0.0,17.5,flash_flood,HIGH
2026-08-21T12:30:00,112.78,6.8,0.0,7.15,0.0,113.64,0.0,17.3,flash_flood,HIGH
2026-08-21T12:40:00,110.0,6.8,0.0,-2.78,0.0,112.84,0.0,17.4,flash_flood,HIGH
2026-08-21T12:50:00,105.43,6.8,0.0,-4.58,0.0,112.09,0.0,16.1,flash_flood,HIGH
2026-08-21T13:00:00,96.6,6.8,0.0,-8.83,0.0,110.95,0.0,16.5,flash_flood,HIGH
2026-08-21T13:10:00,108.14,6.8,0.0,11.54,0.0,111.56,0.0,17.3,flash_flood,HIGH
2026-08-21T13:20:00,108.52,6.8,0.0,0.38,0.0,111.68,0.0,16.7,flash_flood,HIGH
2026-08-21T13:30:00,108.43,6.8,0.0,-0.09,0.0,111.88,0.0,16.3,flash_flood,HIGH
2026-08-21T13:40:00,128.84,6.8,0.0,20.41,0.0,112.79,0.0,16.6,flash_flood,HIGH
2026-08-21T13:50:00,118.48,6.8,0.0,-10.36,0.0,112.58,0.0,17.9,flash_flood,HIGH
2026-08-21T14:00:00,123.64,6.8,0.0,5.15,0.0,112.49,0.0,16.6,flash_flood,HIGH
2026-08-21T14:10:00,125.76,6.8,0.0,2.13,0.0,113.1,0.0,16.8,flash_flood,HIGH
2026-08-21T14:20:00,109.91,6.8,0.0,-15.85,0.0,112.51,0.0,17.0,flash_flood,HIGH
2026-08-21T14:30:00,101.33,6.8,0.0,-8.58,0.0,111.78,0.0,17.9,flash_flood,HIGH
2026-08-21T14:40:00,97.88,6.8,0.0,-3.45,0.0,111.07,0.0,17.0,flash_flood,HIGH
2026-08-21T14:50:00,100.57,6.8,0.0,2.69,0.0,110.55,0.0,17.4,flash_flood,HIGH
2026-08-21T15:00:00,112.21,6.8,0.0,11.65,0.0,110.36,0.0,17.3,flash_flood,HIGH
2026-08-21T15:10:00,124.53,6.8,0.0,12.32,0.0,111.04,0.0,16.6,flash_flood,HIGH
2026-08-21T15:20:00,121.47,6.8,0.0,-3.06,0.0,111.92,0.0,16.6,flash_flood,HIGH
2026-08-21T15:30:00,116.7,6.8,0.0,-4.76,0.0,112.14,0.0,17.5,flash_flood,HIGH
2026-08-21T15:40:00,118.86,6.8,0.0,2.16,0.0,112.63,0.0,17.3,flash_flood,HIGH
2026-08-21T15:50:00,117.74,6.8,0.0,-1.12,0.0,113.31,0.0,17.6,flash_flood,HIGH
2026-08-21T16:00:00,120.73,6.8,0.0,2.99,0.0,114.65,0.0,16.3,flash_flood,HIGH
2026-08-21T16:10:00,131.79,6.8,0.0,11.06,0.0,115.97,0.0,17.9,flash_flood,HIGH
2026-08-21T16:20:00,108.74,6.8,0.0,-23.05,0.0,115.98,0.0,17.4,flash_flood,HIGH
2026-08-21T16:30:00,98.49,6.8,0.0,-10.25,0.0,115.43,0.0,16.0,flash_flood,HIGH
2026-08-21T16:40:00,114.19,6.8,0.0,15.7,0.0,114.61,0.0,16.9,flash_flood,HIGH
2026-08-21T16:50:00,120.95,6.8,0.0,6.75,0.0,114.75,0.0,17.3,flash_flood,HIGH
2026-08-21T17:00:00,115.08,6.8,0.0,-5.86,0.0,114.27,0.0,16.4,flash_flood,HIGH
2026-08-21T17:10:00,120.86,6.8,0.0,5.77,0.0,114.0,0.0,17.1,flash_flood,HIGH
2026-08-21T17:20:00,122.31,6.8,0.0,1.45,0.0,114.69,0.0,16.7,flash_flood,HIGH
2026-08-21T17:30:00,135.91,6.8,0.0,13.6,0.0,116.61,0.0,17.0,flash_flood,HIGH
2026-08-21T17:40:00,133.58,6.8,0.0,-2.32,0.0,118.6,0.0,16.2,flash_flood,HIGH
2026-08-21T17:50:00,121.74,6.8,0.0,-11.85,0.0,119.77,0.0,17.4,flash_flood,HIGH
2026-08-21T18:00:00,129.21,6.8,0.0,7.47,0.0,120.72,0.0,16.8,flash_flood,HIGH
2026-08-21T18:10:00,125.2,6.8,0.0,-4.0,0.0,120.75,0.0,15.7,flash_flood,HIGH
2026-08-21T18:20:00,123.49,6.8,0.0,-1.72,0.0,120.86,0.0,16.6,flash_flood,HIGH
2026-08-21T18:30:00,117.09,6.8,0.0,-6.39,0.0,120.89,0.0,16.0,flash_flood,HIGH
2026-08-21T18:40:00,111.97,6.8,0.0,-5.12,0.0,120.5,0.0,17.0,flash_flood,HIGH
2026-08-21T18:50:00,108.78,6.8,0.0,-3.19,0.0,120.01,0.0,17.4,flash_flood,HIGH
2026-08-21T19:00:00,112.88,6.8,0.0,4.09,0.0,119.57,0.0,17.2,flash_flood,HIGH
2026-08-21T19:10:00,104.16,6.8,0.0,-8.72,0.0,118.03,0.0,16.6,flash_flood,HIGH
2026-08-21T19:20:00,108.58,6.8,0.0,4.42,0.0,118.03,0.0,16.8,flash_flood,HIGH
2026-08-21T19:30:00,119.73,6.8,0.0,11.15,0.0,119.21,0.0,17.4,flash_flood,HIGH
2026-08-21T19:40:00,111.77,6.8,0.0,-7.96,0.0,119.07,0.0,17.0,flash_flood,HIGH
2026-08-21T19:50:00,113.35,6.8,0.0,1.58,0.0,118.65,0.0,16.9,flash_flood,HIGH
2026-08-21T20:00:00,103.66,6.8,0.0,-9.69,0.0,118.01,0.0,17.3,flash_flood,HIGH
2026-08-21T20:10:00,108.5,6.8,0.0,4.84,0.0,117.33,0.0,17.9,flash_flood,HIGH
2026-08-21T20:20:00,107.81,6.8,0.0,-0.69,0.0,116.52,0.0,16.9,flash_flood,HIGH
2026-08-21T20:30:00,106.78,6.8,0.0,-1.03,0.0,114.9,0.0,17.3,flash_flood,HIGH
2026-08-21T20:40:00,117.39,6.8,0.0,10.61,0.0,114.0,0.0,17.0,flash_flood,HIGH
2026-08-21T20:50:00,104.91,6.8,0.0,-12.48,0.0,113.07,0.0,16.0,flash_flood,HIGH
2026-08-21T21:00:00,108.76,6.8,0.0,3.85,0.0,111.93,0.0,17.3,flash_flood,HIGH
2026-08-21T21:10:00,104.06,6.8,0.0,-4.7,0.0,110.76,0.0,17.6,flash_flood,HIGH
2026-08-21T21:20:00,107.44,6.8,0.0,3.38,0.0,109.87,0.0,16.7,flash_flood,HIGH
2026-08-21T21:30:00,109.03,6.8,0.0,1.59,0.0,109.42,0.0,17.2,flash_flood,HIGH
2026-08-21T21:40:00,101.41,6.8,0.0,-7.62,0.0,108.83,0.0,17.7,flash_flood,HIGH
2026-08-21T21:50:00,103.38,6.8,0.0,1.97,0.0,108.53,0.0,17.5,flash_flood,HIGH
2026-08-21T22:00:00,113.0,6.8,0.0,9.61,0.0,108.54,0.0,17.2,flash_flood,HIGH
2026-08-21T22:10:00,121.85,6.8,0.0,8.85,0.0,109.52,0.0,16.8,flash_flood,HIGH
2026-08-21T22:20:00,111.61,6.8,0.0,-10.24,0.0,109.69,0.0,17.1,flash_flood,HIGH
2026-08-21T22:30:00,112.56,6.8,0.0,0.95,0.0,109.29,0.0,17.1,flash_flood,HIGH
2026-08-21T22:40:00,111.46,6.8,0.0,-1.1,0.0,109.28,0.0,16.6,flash_flood,HIGH
2026-08-21T22:50:00,111.58,6.8,0.0,0.12,0.0,109.18,0.0,17.0,flash_flood,HIGH
2026-08-21T23:00:00,100.47,6.8,0.0,-11.1,0.0,109.0,0.0,16.6,flash_flood,HIGH
2026-08-21T23:10:00,117.72,6.8,0.0,17.24,0.0,109.51,0.0,16.7,flash_flood,HIGH
2026-08-21T23:20:00,101.39,6.8,0.0,-16.33,0.0,109.16,0.0,16.7,flash_flood,HIGH
2026-08-21T23:30:00,97.61,6.8,0.0,-3.77,0.0,108.65,0.0,17.4,flash_flood,HIGH
2026-08-21T23:40:00,78.44,6.508,-1.7544,-19.17,-0.2924,106.48,-0.292,24.5,normal,HIGH
2026-08-21T23:50:00,64.76,6.218,-1.7376,-13.68,-0.2896,104.25,-0.582,24.6,normal,HIGH
2026-08-22T00:00:00,52.67,5.872,-2.0784,-12.09,-0.3464,101.14,-0.928,24.9,normal,HIGH
2026-08-22T00:10:00,42.4,5.517,-2.13,-10.27,-0.355,97.71,-1.283,24.3,normal,HIGH
2026-08-22T00:20:00,36.0,5.223,-1.7616,-6.41,-0.2936,93.74,-1.577,24.9,normal,HIGH
2026-08-22T00:30:00,30.17,4.889,-2.0022,-5.82,-0.3337,89.36,-1.911,24.6,normal,HIGH
2026-08-22T00:40:00,24.84,4.574,-1.8942,-5.33,-0.3157,85.11,-2.226,24.8,normal,HIGH
2026-08-22T00:50:00,21.04,4.291,-1.6962,-3.8,-0.2827,80.53,-2.509,24.9,normal,HIGH
2026-08-22T01:00:00,18.59,4.01,-1.6884,-2.45,-0.2814,75.29,-2.79,24.7,normal,HIGH
2026-08-22T01:10:00,15.14,3.798,-1.269,-3.45,-0.2115,69.36,-3.002,25.1,normal,MEDIUM
2026-08-22T01:20:00,13.06,3.514,-1.7058,-2.08,-0.2843,63.88,-3.286,25.1,normal,MEDIUM
2026-08-22T01:30:00,11.64,3.312,-1.2114,-1.41,-0.2019,58.28,-3.488,24.9,normal,MEDIUM
2026-08-22T01:40:00,10.19,3.125,-1.1214,-1.45,-0.1869,52.65,-3.675,25.7,normal,MEDIUM
2026-08-22T01:50:00,10.29,2.98,-0.8682,0.1,-0.1447,47.02,-3.82,25.5,normal,MEDIUM
2026-08-22T02:00:00,8.34,2.827,-0.9204,-1.95,-0.1534,41.91,-3.973,25.3,normal,MEDIUM
2026-08-22T02:10:00,8.77,2.687,-0.8364,0.44,-0.1394,35.85,-4.113,24.9,normal,MEDIUM
2026-08-22T02:20:00,8.82,2.541,-0.8808,0.05,-0.1468,30.71,-4.259,25.3,normal,MEDIUM
2026-08-22T02:30:00,7.84,2.359,-1.0914,-0.98,-0.1819,25.72,-4.149,25.0,normal,MEDIUM
2026-08-22T02:40:00,7.94,2.289,-0.42,0.1,-0.07,21.81,-3.929,25.2,normal,MEDIUM
2026-08-22T02:50:00,7.48,2.187,-0.6072,-0.45,-0.1012,18.62,-3.684,25.1,normal,MEDIUM
2026-08-22T03:00:00,6.38,2.137,-0.303,-1.1,-0.0505,16.05,-3.38,25.0,normal,MEDIUM
2026-08-22T03:10:00,5.69,2.042,-0.5694,-0.69,-0.0949,14.01,-3.181,25.3,normal,MEDIUM
2026-08-22T03:20:00,7.45,1.937,-0.6312,1.76,-0.1052,12.43,-2.952,25.3,normal,LOW
2026-08-22T03:30:00,6.6,1.913,-0.1428,-0.85,-0.0238,11.12,-2.661,25.7,normal,LOW
2026-08-22T03:40:00,7.31,1.809,-0.6216,0.71,-0.1036,10.14,-2.481,25.5,normal,LOW
2026-08-22T03:50:00,6.61,1.767,-0.2526,-0.7,-0.0421,9.34,-2.242,24.8,normal,LOW
2026-08-22T04:00:00,5.68,1.712,-0.3348,-0.93,-0.0558,8.62,-2.086,25.1,normal,LOW
2026-08-22T04:10:00,6.5,1.645,-0.399,0.82,-0.0665,8.14,-1.869,25.7,normal,LOW
2026-08-22T04:20:00,4.99,1.596,-0.297,-1.52,-0.0495,7.7,-1.716,25.3,normal,LOW
2026-08-22T04:30:00,5.83,1.57,-0.1554,0.84,-0.0259,7.37,-1.555,25.2,normal,LOW
2026-08-22T04:40:00,4.7,1.538,-0.1902,-1.13,-0.0317,7.07,-1.442,25.9,normal,LOW
2026-08-22T04:50:00,5.58,1.474,-0.384,0.88,-0.064,6.81,-1.353,25.3,normal,LOW
2026-08-22T05:00:00,5.49,1.462,-0.0726,-0.09,-0.0121,6.65,-1.226,25.2,normal,LOW
2026-08-22T05:10:00,6.32,1.434,-0.1662,0.83,-0.0277,6.51,-1.106,25.9,normal,LOW
2026-08-22T05:20:00,6.33,1.436,0.0114,0.0,0.0019,6.37,-0.923,25.6,normal,LOW
2026-08-22T05:30:00,5.65,1.436,0.0024,-0.67,0.0004,6.25,-0.852,25.2,normal,LOW
2026-08-22T05:40:00,6.24,1.391,-0.2754,0.58,-0.0459,6.16,-0.797,26.0,normal,LOW
2026-08-22T05:50:00,5.81,1.401,0.063,-0.43,0.0105,6.07,-0.736,25.2,normal,LOW
2026-08-22T06:00:00,4.55,1.382,-0.1116,-1.26,-0.0186,5.96,-0.66,25.7,normal,LOW
2026-08-22T06:10:00,5.0,1.395,0.0738,0.46,0.0123,5.93,-0.542,25.3,normal,LOW
2026-08-22T06:20:00,6.41,1.379,-0.096,1.41,-0.016,5.87,-0.534,25.8,normal,LOW
2026-08-22T06:30:00,5.82,1.381,0.0144,-0.59,0.0024,5.82,-0.428,25.7,normal,LOW
2026-08-22T06:40:00,6.1,1.349,-0.1956,0.27,-0.0326,5.76,-0.419,26.1,normal,LOW
2026-08-22T06:50:00,5.26,1.363,0.0888,-0.84,0.0148,5.68,-0.348,25.9,normal,LOW
2026-08-22T07:00:00,5.87,1.425,0.3684,0.61,0.0614,5.69,-0.22,25.7,normal,LOW
2026-08-22T07:10:00,5.04,1.415,-0.0582,-0.83,-0.0097,5.61,-0.181,26.1,normal,LOW
2026-08-22T07:20:00,5.79,1.396,-0.114,0.75,-0.019,5.65,-0.174,26.0,normal,LOW
2026-08-22T07:30:00,5.12,1.405,0.0528,-0.67,0.0088,5.62,-0.133,25.6,normal,LOW
2026-08-22T07:40:00,6.14,1.361,-0.2634,1.02,-0.0439,5.7,-0.113,25.9,normal,LOW
2026-08-22T07:50:00,6.42,1.399,0.2286,0.28,0.0381,5.74,-0.063,26.1,normal,LOW
2026-08-22T08:00:00,5.47,1.383,-0.0972,-0.95,-0.0162,5.74,-0.051,25.3,normal,LOW
2026-08-22T08:10:00,5.67,1.37,-0.075,0.2,-0.0125,5.71,-0.066,25.8,normal,LOW
2026-08-22T08:20:00,7.02,1.384,0.0858,1.35,0.0143,5.74,-0.052,25.7,normal,LOW
2026-08-22T08:30:00,7.69,1.383,-0.0066,0.67,-0.0011,5.86,-0.007,25.8,normal,LOW
2026-08-22T08:40:00,8.52,1.363,-0.1236,0.83,-0.0206,5.98,-0.038,25.6,normal,LOW
2026-08-22T08:50:00,8.76,1.371,0.0468,0.24,0.0078,6.15,-0.012,25.6,normal,LOW
2026-08-22T09:00:00,7.25,1.383,0.0744,-1.5,0.0124,6.3,-0.012,25.9,normal,LOW
2026-08-22T09:10:00,7.54,1.371,-0.0738,0.28,-0.0123,6.44,-0.008,26.1,normal,LOW
2026-08-22T09:20:00,7.16,1.376,0.0324,-0.37,0.0054,6.48,-0.005,25.9,normal,LOW
2026-08-22T09:30:00,7.3,1.385,0.0528,0.14,0.0088,6.56,0.036,25.7,normal,LOW
2026-08-22T09:40:00,7.72,1.413,0.1674,0.42,0.0279,6.65,0.049,26.4,normal,LOW
2026-08-22T09:50:00,7.65,1.411,-0.0108,-0.07,-0.0018,6.79,-0.014,26.6,normal,LOW
2026-08-22T10:00:00,6.57,1.387,-0.1452,-1.08,-0.0242,6.82,-0.028,25.9,normal,LOW
2026-08-22T10:10:00,7.1,1.386,-0.0042,0.53,-0.0007,6.94,-0.01,26.3,normal,LOW
2026-08-22T10:20:00,5.62,1.368,-0.111,-1.48,-0.0185,6.93,-0.037,25.7,normal,LOW
2026-08-22T10:30:00,4.87,1.364,-0.0216,-0.75,-0.0036,6.92,0.003,26.1,normal,LOW
2026-08-22T10:40:00,5.4,1.367,0.018,0.53,0.003,6.87,-0.032,25.6,normal,LOW
2026-08-22T10:50:00,4.93,1.333,-0.2022,-0.47,-0.0337,6.79,-0.049,26.3,normal,LOW
2026-08-22T11:00:00,7.51,1.29,-0.2574,2.58,-0.0429,6.9,-0.08,26.4,normal,LOW
2026-08-22T11:10:00,8.04,1.294,0.0216,0.52,0.0036,7.04,-0.09,25.8,normal,LOW
2026-08-22T11:20:00,7.45,1.327,0.1986,-0.59,0.0331,7.06,-0.056,25.3,normal,LOW
2026-08-22T11:30:00,8.05,1.306,-0.129,0.6,-0.0215,7.08,-0.057,26.1,normal,LOW
2026-08-22T11:40:00,7.69,1.278,-0.1662,-0.36,-0.0277,7.03,-0.093,26.0,normal,LOW
2026-08-22T11:50:00,7.01,1.287,0.0516,-0.69,0.0086,6.94,-0.096,25.6,normal,LOW
2026-08-22T12:00:00,6.96,1.3,0.0828,-0.04,0.0138,6.92,-0.07,26.2,normal,LOW
2026-08-22T12:10:00,7.93,1.312,0.0702,0.97,0.0117,6.94,-0.064,26.0,normal,LOW
2026-08-22T12:20:00,7.81,1.292,-0.1182,-0.12,-0.0197,6.98,-0.093,26.1,normal,LOW
2026-08-22T12:30:00,6.49,1.277,-0.0894,-1.31,-0.0149,6.93,-0.135,26.1,normal,LOW
2026-08-22T12:40:00,6.18,1.294,0.102,-0.32,0.017,6.85,-0.117,26.1,normal,LOW
2026-08-22T12:50:00,6.16,1.276,-0.111,-0.01,-0.0185,6.77,-0.111,26.0,normal,LOW
2026-08-22T13:00:00,5.77,1.275,-0.003,-0.4,-0.0005,6.72,-0.111,26.2,normal,LOW
2026-08-22T13:10:00,6.08,1.257,-0.111,0.32,-0.0185,6.66,-0.111,26.2,normal,LOW
2026-08-22T13:20:00,6.77,1.258,0.0054,0.69,0.0009,6.73,-0.106,26.4,normal,LOW
2026-08-22T13:30:00,5.83,1.245,-0.0762,-0.94,-0.0127,6.78,-0.122,25.8,normal,LOW
2026-08-22T13:40:00,6.17,1.26,0.0882,0.34,0.0147,6.82,-0.074,25.9,normal,LOW
2026-08-22T13:50:00,7.02,1.283,0.1404,0.85,0.0234,6.94,-0.007,25.3,normal,LOW
2026-08-22T14:00:00,6.52,1.284,0.0042,-0.49,0.0007,6.89,-0.01,25.8,normal,LOW
2026-08-22T14:10:00,7.32,1.267,-0.1002,0.8,-0.0167,6.85,-0.06,25.6,normal,LOW
2026-08-22T14:20:00,7.45,1.276,0.0522,0.13,0.0087,6.85,-0.03,26.2,normal,LOW
2026-08-22T14:30:00,6.97,1.316,0.243,-0.48,0.0405,6.79,0.038,25.8,normal,LOW
2026-08-22T14:40:00,5.64,1.318,0.0132,-1.33,0.0022,6.67,0.032,26.2,normal,LOW
2026-08-22T14:50:00,6.17,1.318,-0.0006,0.53,-0.0001,6.62,0.018,26.3,normal,LOW
2026-08-22T15:00:00,5.33,1.309,-0.0564,-0.84,-0.0094,6.53,-0.003,25.7,normal,LOW
2026-08-22T15:10:00,4.81,1.296,-0.0786,-0.52,-0.0131,6.36,0.004,26.1,normal,LOW
2026-08-22T15:20:00,4.21,1.302,0.039,-0.6,0.0065,6.16,0.025,26.5,normal,LOW
2026-08-22T15:30:00,4.76,1.265,-0.2238,0.55,-0.0373,6.06,-0.029,25.8,normal,LOW
2026-08-22T15:40:00,4.99,1.254,-0.0678,0.23,-0.0113,6.0,-0.022,25.6,normal,LOW
2026-08-22T15:50:00,4.42,1.242,-0.0726,-0.57,-0.0121,5.9,-0.034,26.5,normal,LOW
2026-08-22T16:00:00,4.82,1.255,0.0816,0.41,0.0136,5.85,-0.002,25.4,normal,LOW
2026-08-22T16:10:00,6.1,1.261,0.036,1.28,0.006,5.85,0.003,25.8,normal,LOW
2026-08-22T16:20:00,6.77,1.296,0.2082,0.67,0.0347,5.85,0.051,25.6,normal,LOW
2026-08-22T16:30:00,5.69,1.299,0.018,-1.08,0.003,5.84,0.039,25.7,normal,LOW
2026-08-22T16:40:00,4.59,1.301,0.0108,-1.1,0.0018,5.75,0.017,25.9,normal,LOW
2026-08-22T16:50:00,3.82,1.297,-0.0222,-0.77,-0.0037,5.58,0.013,26.0,normal,LOW
2026-08-22T17:00:00,3.96,1.29,-0.042,0.14,-0.007,5.43,0.023,25.9,normal,LOW
2026-08-22T17:10:00,5.14,1.288,-0.009,1.18,-0.0015,5.31,0.013,25.3,normal,LOW
2026-08-22T17:20:00,4.64,1.285,-0.021,-0.5,-0.0035,5.16,-0.032,26.0,normal,LOW
2026-08-22T17:30:00,4.01,1.282,-0.015,-0.62,-0.0025,4.99,-0.036,26.1,normal,LOW
2026-08-22T17:40:00,52.6,2.5,7.3062,48.58,1.2177,7.6,1.182,17.4,flash_flood,MEDIUM
2026-08-22T17:50:00,66.77,2.613,0.6774,14.17,0.1129,10.97,1.304,17.2,flash_flood,HIGH
2026-08-22T18:00:00,90.01,2.743,0.7776,23.24,0.1296,15.67,1.447,17.2,flash_flood,HIGH
2026-08-22T18:10:00,92.74,2.85,0.6432,2.74,0.1072,20.56,1.547,17.1,flash_flood,HIGH
2026-08-22T18:20:00,114.45,3.019,1.0176,21.71,0.1696,26.68,1.754,17.7,flash_flood,HIGH
2026-08-22T18:30:00,101.65,3.163,0.8598,-12.8,0.1433,32.06,1.909,16.8,flash_flood,HIGH
2026-08-22T18:40:00,98.39,3.315,0.912,-3.26,0.152,37.25,2.073,15.7,flash_flood,HIGH
2026-08-22T18:50:00,100.36,3.491,1.0584,1.97,0.1764,42.58,2.236,17.5,flash_flood,HIGH
2026-08-22T19:00:00,114.83,3.642,0.9036,14.47,0.1506,48.69,2.381,16.9,flash_flood,HIGH
2026-08-22T19:10:00,116.8,3.754,0.6708,1.97,0.1118,54.84,2.458,17.2,flash_flood,HIGH
2026-08-22T19:20:00,115.32,3.909,0.9318,-1.49,0.1553,60.87,2.61,16.1,flash_flood,HIGH
2026-08-22T19:30:00,122.14,4.09,1.089,6.83,0.1815,67.34,2.79,16.6,flash_flood,HIGH
2026-08-22T19:40:00,128.91,4.267,1.0626,6.77,0.1771,74.25,2.971,17.4,flash_flood,HIGH
2026-08-22T19:50:00,130.27,4.437,1.0188,1.36,0.1698,81.28,3.147,17.0,flash_flood,HIGH
2026-08-22T20:00:00,133.49,4.616,1.0746,3.21,0.1791,88.47,3.328,17.0,flash_flood,HIGH
2026-08-22T20:10:00,120.35,4.778,0.9678,-13.13,0.1613,94.87,3.493,17.4,flash_flood,HIGH
2026-08-22T20:20:00,117.19,4.954,1.0578,-3.16,0.1763,101.13,3.672,17.2,flash_flood,HIGH
2026-08-22T20:30:00,125.95,5.145,1.1448,8.76,0.1908,107.9,2.645,16.6,flash_flood,HIGH
2026-08-22T20:40:00,124.82,5.299,0.9252,-1.12,0.1542,111.91,2.686,16.8,flash_flood,HIGH
2026-08-22T20:50:00,120.88,5.48,1.0842,-3.95,0.1807,114.92,2.737,16.6,flash_flood,HIGH
2026-08-22T21:00:00,116.52,5.626,0.876,-4.35,0.146,116.39,2.776,17.1,flash_flood,HIGH
2026-08-22T21:10:00,107.07,5.785,0.957,-9.45,0.1595,117.19,2.766,16.5,flash_flood,HIGH
2026-08-22T21:20:00,103.29,5.936,0.9084,-3.79,0.1514,116.57,2.774,16.9,flash_flood,HIGH
2026-08-22T21:30:00,101.71,6.091,0.9252,-1.58,0.1542,116.57,2.776,17.6,flash_flood,HIGH
2026-08-22T21:40:00,101.41,6.273,1.0938,-0.3,0.1823,116.74,2.782,17.4,flash_flood,HIGH
2026-08-22T21:50:00,109.57,6.411,0.8304,8.16,0.1384,117.25,2.77,17.4,flash_flood,HIGH
2026-08-22T22:00:00,111.74,6.599,1.125,2.17,0.1875,117.08,2.845,17.2,flash_flood,HIGH
2026-08-22T22:10:00,103.77,6.769,1.0176,-7.97,0.1696,116.36,2.86,17.1,flash_flood,HIGH
2026-08-22T22:20:00,107.48,6.8,0.1884,3.71,0.0314,115.92,2.71,16.6,flash_flood,HIGH
2026-08-22T22:30:00,120.65,6.8,0.0,13.17,0.0,115.84,2.533,16.5,flash_flood,HIGH
2026-08-22T22:40:00,115.78,6.8,0.0,-4.87,0.0,115.11,2.363,17.4,flash_flood,HIGH
2026-08-22T22:50:00,115.56,6.8,0.0,-0.22,0.0,114.29,2.184,17.7,flash_flood,HIGH
2026-08-22T23:00:00,108.59,6.8,0.0,-6.97,0.0,112.91,2.022,18.3,flash_flood,HIGH
2026-08-22T23:10:00,113.6,6.8,0.0,5.01,0.0,112.53,1.846,17.2,flash_flood,HIGH
2026-08-22T23:20:00,115.83,6.8,0.0,2.23,0.0,112.46,1.655,18.1,flash_flood,HIGH
2026-08-22T23:30:00,100.68,6.8,0.0,-15.15,0.0,111.05,1.501,16.9,flash_flood,HIGH
2026-08-22T23:40:00,108.15,6.8,0.0,7.47,0.0,110.13,1.32,17.4,flash_flood,HIGH
2026-08-22T23:50:00,103.09,6.8,0.0,-5.06,0.0,109.14,1.174,16.1,flash_flood,HIGH
2026-08-23T00:00:00,103.19,6.8,0.0,0.1,0.0,108.4,1.015,16.3,flash_flood,HIGH
2026-08-23T00:10:00,98.61,6.8,0.0,-4.58,0.0,107.93,0.864,17.6,flash_flood,HIGH
2026-08-23T00:20:00,101.67,6.8,0.0,3.06,0.0,107.84,0.709,17.5,flash_flood,HIGH
2026-08-23T00:30:00,113.56,6.8,0.0,11.89,0.0,108.5,0.527,18.0,flash_flood,HIGH
2026-08-23T00:40:00,107.49,6.8,0.0,-6.07,0.0,108.83,0.389,16.2,flash_flood,HIGH
2026-08-23T00:50:00,116.97,6.8,0.0,9.48,0.0,109.24,0.201,17.2,flash_flood,HIGH
2026-08-23T01:00:00,117.52,6.8,0.0,0.55,0.0,109.57,0.031,16.8,flash_flood,HIGH
2026-08-23T01:10:00,108.2,6.8,0.0,-9.32,0.0,109.81,0.0,17.3,flash_flood,HIGH
2026-08-23T01:20:00,119.77,6.8,0.0,11.57,0.0,110.49,0.0,16.5,flash_flood,HIGH
2026-08-23T01:30:00,116.63,6.8,0.0,-3.14,0.0,110.27,0.0,16.5,flash_flood,HIGH
2026-08-23T01:40:00,108.9,6.8,0.0,-7.74,0.0,109.89,0.0,16.9,flash_flood,HIGH
2026-08-23T01:50:00,99.0,6.8,0.0,-9.89,0.0,108.97,0.0,17.2,flash_flood,HIGH
2026-08-23T02:00:00,117.67,6.8,0.0,18.67,0.0,109.47,0.0,17.0,flash_flood,HIGH
2026-08-23T02:10:00,123.1,6.8,0.0,5.43,0.0,110.0,0.0,17.3,flash_flood,HIGH
2026-08-23T02:20:00,121.15,6.8,0.0,-1.95,0.0,110.3,0.0,17.5,flash_flood,HIGH
2026-08-23T02:30:00,115.62,6.8,0.0,-5.53,0.0,111.13,0.0,17.3,flash_flood,HIGH
2026-08-23T02:40:00,106.07,6.8,0.0,-9.55,0.0,111.01,0.0,17.3,flash_flood,HIGH
2026-08-23T02:50:00,109.25,6.8,0.0,3.18,0.0,111.35,0.0,16.1,flash_flood,HIGH
2026-08-23T03:00:00,125.91,6.8,0.0,16.66,0.0,112.62,0.0,16.6,flash_flood,HIGH
2026-08-23T03:10:00,119.01,6.8,0.0,-6.9,0.0,113.75,0.0,17.3,flash_flood,HIGH
2026-08-23T03:20:00,105.82,6.8,0.0,-13.2,0.0,113.98,0.0,18.2,flash_flood,HIGH
2026-08-23T03:30:00,105.77,6.8,0.0,-0.05,0.0,113.55,0.0,16.6,flash_flood,HIGH
2026-08-23T03:40:00,115.26,6.8,0.0,9.49,0.0,113.98,0.0,16.6,flash_flood,HIGH
2026-08-23T03:50:00,115.47,6.8,0.0,0.21,0.0,113.9,0.0,17.1,flash_flood,HIGH
2026-08-23T04:00:00,114.91,6.8,0.0,-0.56,0.0,113.75,0.0,16.0,flash_flood,HIGH
2026-08-23T04:10:00,124.0,6.8,0.0,9.09,0.0,114.63,0.0,16.9,flash_flood,HIGH
2026-08-23T04:20:00,117.73,6.8,0.0,-6.27,0.0,114.52,0.0,16.6,flash_flood,HIGH
2026-08-23T04:30:00,120.84,6.8,0.0,3.1,0.0,114.75,0.0,17.7,flash_flood,HIGH
2026-08-23T04:40:00,128.47,6.8,0.0,7.64,0.0,115.84,0.0,17.5,flash_flood,HIGH
2026-08-23T04:50:00,113.39,6.8,0.0,-15.08,0.0,116.64,0.0,16.6,flash_flood,HIGH
2026-08-23T05:00:00,103.66,6.8,0.0,-9.73,0.0,115.86,0.0,16.9,flash_flood,HIGH
2026-08-23T05:10:00,105.38,6.8,0.0,1.72,0.0,114.87,0.0,16.9,flash_flood,HIGH
2026-08-23T05:20:00,125.12,6.8,0.0,19.74,0.0,115.09,0.0,16.9,flash_flood,HIGH
2026-08-23T05:30:00,110.63,6.8,0.0,-14.49,0.0,114.82,0.0,17.6,flash_flood,HIGH
2026-08-23T05:40:00,127.54,6.8,0.0,16.9,0.0,116.01,0.0,17.9,flash_flood,HIGH
2026-08-23T05:50:00,112.37,6.8,0.0,-15.17,0.0,116.18,0.0,16.7,flash_flood,HIGH
2026-08-23T06:00:00,116.4,6.8,0.0,4.04,0.0,115.65,0.0,17.6,flash_flood,HIGH
2026-08-23T06:10:00,119.48,6.8,0.0,3.07,0.0,115.68,0.0,17.0,flash_flood,HIGH
2026-08-23T06:20:00,128.19,6.8,0.0,8.72,0.0,116.92,0.0,16.5,flash_flood,HIGH
2026-08-23T06:30:00,122.1,6.8,0.0,-6.09,0.0,117.83,0.0,17.2,flash_flood,HIGH
2026-08-23T06:40:00,113.21,6.8,0.0,-8.89,0.0,117.72,0.0,16.5,flash_flood,HIGH
2026-08-23T06:50:00,105.64,6.8,0.0,-7.58,0.0,117.17,0.0,16.8,flash_flood,HIGH
2026-08-23T07:00:00,105.82,6.8,0.0,0.18,0.0,116.66,0.0,16.6,flash_flood,HIGH
2026-08-23T07:10:00,96.82,6.8,0.0,-8.99,0.0,115.16,0.0,17.5,flash_flood,HIGH
2026-08-23T07:20:00,100.75,6.8,0.0,3.92,0.0,114.21,0.0,17.6,flash_flood,HIGH
2026-08-23T07:30:00,106.71,6.8,0.0,5.97,0.0,113.43,0.0,17.0,flash_flood,HIGH
2026-08-23T07:40:00,106.48,6.8,0.0,-0.23,0.0,112.21,0.0,17.9,flash_flood,HIGH
2026-08-23T07:50:00,115.43,6.8,0.0,8.95,0.0,112.32,0.0,16.2,flash_flood,HIGH
2026-08-23T08:00:00,115.58,6.8,0.0,0.15,0.0,112.98,0.0,17.5,flash_flood,HIGH
2026-08-23T08:10:00,129.9,6.8,0.0,14.32,0.0,114.34,0.0,16.3,flash_flood,HIGH
2026-08-23T08:20:00,137.78,6.8,0.0,7.88,0.0,115.05,0.0,16.6,flash_flood,HIGH
2026-08-23T08:30:00,118.69,6.8,0.0,-19.09,0.0,115.49,0.0,17.3,flash_flood,HIGH
2026-08-23T08:40:00,100.33,6.8,0.0,-18.36,0.0,113.98,0.0,16.4,flash_flood,HIGH
2026-08-23T08:50:00,115.2,6.8,0.0,14.87,0.0,114.14,0.0,16.4,flash_flood,HIGH
2026-08-23T09:00:00,100.37,6.8,0.0,-14.83,0.0,113.25,0.0,17.3,flash_flood,HIGH
2026-08-23T09:10:00,105.54,6.8,0.0,5.18,0.0,112.47,0.0,17.6,flash_flood,HIGH
2026-08-23T09:20:00,111.65,6.8,0.0,6.11,0.0,111.56,0.0,17.3,flash_flood,HIGH
2026-08-23T09:30:00,115.33,6.8,0.0,3.68,0.0,111.18,0.0,17.1,flash_flood,HIGH
2026-08-23T09:40:00,114.94,6.8,0.0,-0.39,0.0,111.27,0.0,17.4,flash_flood,HIGH
2026-08-23T09:50:00,103.42,6.8,0.0,-11.52,0.0,111.15,0.0,17.4,flash_flood,HIGH
2026-08-23T10:00:00,115.41,6.8,0.0,11.99,0.0,111.68,0.0,17.4,flash_flood,HIGH
2026-08-23T10:10:00,122.35,6.8,0.0,6.94,0.0,113.1,0.0,16.8,flash_flood,HIGH
2026-08-23T10:20:00,131.5,6.8,0.0,9.15,0.0,114.81,0.0,16.3,flash_flood,HIGH
2026-08-23T10:30:00,116.57,6.8,0.0,-14.93,0.0,115.36,0.0,17.9,flash_flood,HIGH
2026-08-23T10:40:00,120.74,6.8,0.0,4.16,0.0,116.15,0.0,18.2,flash_flood,HIGH
2026-08-23T10:50:00,118.77,6.8,0.0,-1.97,0.0,116.34,0.0,17.4,flash_flood,HIGH
2026-08-23T11:00:00,114.46,6.8,0.0,-4.31,0.0,116.27,0.0,17.8,flash_flood,HIGH
2026-08-23T11:10:00,116.79,6.8,0.0,2.32,0.0,115.55,0.0,17.6,flash_flood,HIGH
2026-08-23T11:20:00,117.21,6.8,0.0,0.42,0.0,114.4,0.0,16.6,flash_flood,HIGH
2026-08-23T11:30:00,109.6,6.8,0.0,-7.61,0.0,113.9,0.0,16.8,flash_flood,HIGH
2026-08-23T11:40:00,102.81,6.8,0.0,-6.79,0.0,114.04,0.0,17.6,flash_flood,HIGH
2026-08-23T11:50:00,109.34,6.8,0.0,6.53,0.0,113.71,0.0,17.1,flash_flood,HIGH
2026-08-23T12:00:00,99.69,6.8,0.0,-9.65,0.0,113.67,0.0,16.8,flash_flood,HIGH
2026-08-23T12:10:00,110.89,6.8,0.0,11.2,0.0,113.97,0.0,17.3,flash_flood,HIGH
2026-08-23T12:20:00,115.95,6.8,0.0,5.06,0.0,114.21,0.0,17.4,flash_flood,HIGH
2026-08-23T12:30:00,117.26,6.8,0.0,1.3,0.0,114.32,0.0,16.8,flash_flood,HIGH
2026-08-23T12:40:00,103.96,6.8,0.0,-13.3,0.0,113.71,0.0,17.3,flash_flood,HIGH
2026-08-23T12:50:00,104.86,6.8,0.0,0.9,0.0,113.79,0.0,17.4,flash_flood,HIGH
2026-08-23T13:00:00,101.49,6.8,0.0,-3.37,0.0,113.01,0.0,17.8,flash_flood,HIGH
2026-08-23T13:10:00,108.97,6.8,0.0,7.49,0.0,112.27,0.0,17.3,flash_flood,HIGH
2026-08-23T13:20:00,113.25,6.8,0.0,4.28,0.0,111.26,0.0,16.8,flash_flood,HIGH
2026-08-23T13:30:00,104.89,6.8,0.0,-8.36,0.0,110.61,0.0,16.1,flash_flood,HIGH
2026-08-23T13:40:00,98.67,6.8,0.0,-6.22,0.0,109.38,0.0,17.5,flash_flood,HIGH
2026-08-23T13:50:00,102.66,6.8,0.0,4.0,0.0,108.49,0.0,17.8,flash_flood,HIGH
2026-08-23T14:00:00,117.69,6.8,0.0,15.03,0.0,108.67,0.0,16.6,flash_flood,HIGH
2026-08-23T14:10:00,104.82,6.8,0.0,-12.87,0.0,108.0,0.0,16.8,flash_flood,HIGH
2026-08-23T14:20:00,113.25,6.8,0.0,8.43,0.0,107.78,0.0,16.9,flash_flood,HIGH
2026-08-23T14:30:00,115.9,6.8,0.0,2.65,0.0,108.13,0.0,17.0,flash_flood,HIGH
2026-08-23T14:40:00,101.07,6.8,0.0,-14.83,0.0,108.03,0.0,17.3,flash_flood,HIGH
2026-08-23T14:50:00,117.09,6.8,0.0,16.02,0.0,108.46,0.0,16.6,flash_flood,HIGH
2026-08-23T15:00:00,106.46,6.8,0.0,-10.64,0.0,108.84,0.0,16.9,flash_flood,HIGH
2026-08-23T15:10:00,113.84,6.8,0.0,7.38,0.0,109.0,0.0,17.0,flash_flood,HIGH
2026-08-23T15:20:00,118.45,6.8,0.0,4.61,0.0,109.14,0.0,17.2,flash_flood,HIGH
2026-08-23T15:30:00,127.47,6.8,0.0,9.02,0.0,109.71,0.0,17.5,flash_flood,HIGH
2026-08-23T15:40:00,123.86,6.8,0.0,-3.61,0.0,110.82,0.0,16.6,flash_flood,HIGH
2026-08-23T15:50:00,124.32,6.8,0.0,0.47,0.0,111.9,0.0,17.2,flash_flood,HIGH
2026-08-23T16:00:00,108.79,6.8,0.0,-15.53,0.0,112.3,0.0,16.8,flash_flood,HIGH
2026-08-23T16:10:00,112.19,6.8,0.0,3.4,0.0,112.48,0.0,16.9,flash_flood,HIGH
2026-08-23T16:20:00,118.11,6.8,0.0,5.92,0.0,112.75,0.0,16.9,flash_flood,HIGH
2026-08-23T16:30:00,106.11,6.8,0.0,-12.0,0.0,112.82,0.0,16.9,flash_flood,HIGH
2026-08-23T16:40:00,110.06,6.8,0.0,3.95,0.0,113.45,0.0,18.0,flash_flood,HIGH
2026-08-23T16:50:00,110.9,6.8,0.0,0.84,0.0,113.91,0.0,17.6,flash_flood,HIGH
2026-08-23T17:00:00,130.12,6.8,0.0,19.22,0.0,114.6,0.0,17.1,flash_flood,HIGH
2026-08-23T17:10:00,126.71,6.8,0.0,-3.41,0.0,115.82,0.0,17.2,flash_flood,HIGH
2026-08-23T17:20:00,119.08,6.8,0.0,-7.63,0.0,116.14,0.0,16.7,flash_flood,HIGH
2026-08-23T17:30:00,111.08,6.8,0.0,-8.0,0.0,115.87,0.0,16.9,flash_flood,HIGH
2026-08-23T17:40:00,118.73,6.8,0.0,7.65,0.0,116.85,0.0,17.6,flash_flood,HIGH
2026-08-23T17:50:00,103.3,6.8,0.0,-15.43,0.0,116.09,0.0,16.8,flash_flood,HIGH
2026-08-23T18:00:00,118.84,6.8,0.0,15.54,0.0,116.78,0.0,16.3,flash_flood,HIGH
2026-08-23T18:10:00,122.97,6.8,0.0,4.13,0.0,117.28,0.0,17.5,flash_flood,HIGH
2026-08-23T18:20:00,108.09,6.8,0.0,-14.88,0.0,116.71,0.0,17.4,flash_flood,HIGH
2026-08-23T18:30:00,106.16,6.8,0.0,-1.93,0.0,115.52,0.0,16.9,flash_flood,HIGH
2026-08-23T18:40:00,111.31,6.8,0.0,5.16,0.0,114.83,0.0,17.5,flash_flood,HIGH
2026-08-23T18:50:00,120.63,6.8,0.0,9.32,0.0,114.62,0.0,16.3,flash_flood,HIGH
2026-08-23T19:00:00,116.44,6.8,0.0,-4.2,0.0,115.05,0.0,16.8,flash_flood,HIGH
2026-08-23T19:10:00,124.61,6.8,0.0,8.17,0.0,115.74,0.0,16.8,flash_flood,HIGH
2026-08-23T19:20:00,117.59,6.8,0.0,-7.02,0.0,115.71,0.0,16.5,flash_flood,HIGH
2026-08-23T19:30:00,109.7,6.8,0.0,-7.89,0.0,115.91,0.0,17.3,flash_flood,HIGH
2026-08-23T19:40:00,99.85,6.8,0.0,-9.85,0.0,115.34,0.0,17.5,flash_flood,HIGH
2026-08-23T19:50:00,110.19,6.8,0.0,10.34,0.0,115.3,0.0,16.7,flash_flood,HIGH
2026-08-23T20:00:00,126.54,6.8,0.0,16.35,0.0,115.1,0.0,17.4,flash_flood,HIGH
2026-08-23T20:10:00,131.17,6.8,0.0,4.62,0.0,115.35,0.0,16.5,flash_flood,HIGH
2026-08-23T20:20:00,134.77,6.8,0.0,3.6,0.0,116.22,0.0,17.5,flash_flood,HIGH
2026-08-23T20:30:00,123.59,6.8,0.0,-11.18,0.0,116.92,0.0,17.9,flash_flood,HIGH
2026-08-23T20:40:00,121.13,6.8,0.0,-2.46,0.0,117.05,0.0,17.6,flash_flood,HIGH
2026-08-23T20:50:00,105.77,6.8,0.0,-15.36,0.0,117.19,0.0,17.6,flash_flood,HIGH
2026-08-23T21:00:00,102.44,6.8,0.0,-3.33,0.0,116.28,0.0,17.4,flash_flood,HIGH
2026-08-23T21:10:00,114.35,6.8,0.0,11.91,0.0,115.8,0.0,17.0,flash_flood,HIGH
2026-08-23T21:20:00,110.07,6.8,0.0,-4.28,0.0,115.91,0.0,16.5,flash_flood,HIGH
2026-08-23T21:30:00,102.28,6.8,0.0,-7.79,0.0,115.69,0.0,16.9,flash_flood,HIGH
2026-08-23T21:40:00,91.93,6.8,0.0,-10.35,0.0,114.61,0.0,17.3,flash_flood,HIGH
2026-08-23T21:50:00,114.14,6.8,0.0,22.22,0.0,114.25,0.0,17.2,flash_flood,HIGH
2026-08-23T22:00:00,115.57,6.8,0.0,1.42,0.0,114.21,0.0,18.0,flash_flood,HIGH
2026-08-23T22:10:00,121.61,6.8,0.0,6.04,0.0,114.04,0.0,16.1,flash_flood,HIGH
2026-08-23T22:20:00,127.63,6.8,0.0,6.02,0.0,114.6,0.0,17.0,flash_flood,HIGH
2026-08-23T22:30:00,124.6,6.8,0.0,-3.03,0.0,115.42,0.0,16.7,flash_flood,HIGH
2026-08-23T22:40:00,132.11,6.8,0.0,7.51,0.0,117.22,0.0,16.0,flash_flood,HIGH
2026-08-23T22:50:00,118.29,6.8,0.0,-13.82,0.0,117.67,0.0,16.8,flash_flood,HIGH
2026-08-23T23:00:00,108.11,6.8,0.0,-10.18,0.0,116.64,0.0,15.9,flash_flood,HIGH
2026-08-23T23:10:00,112.82,6.8,0.0,4.71,0.0,115.62,0.0,17.7,flash_flood,HIGH
2026-08-23T23:20:00,106.58,6.8,0.0,-6.24,0.0,114.06,0.0,17.7,flash_flood,HIGH
2026-08-23T23:30:00,102.39,6.8,0.0,-4.19,0.0,112.88,0.0,17.6,flash_flood,HIGH
2026-08-23T23:40:00,102.52,6.8,0.0,0.13,0.0,111.85,0.0,17.5,flash_flood,HIGH
2026-08-23T23:50:00,109.47,6.8,0.0,6.95,0.0,112.05,0.0,17.3,flash_flood,HIGH
2026-08-24T00:00:00,121.18,6.8,0.0,11.71,0.0,113.09,0.0,16.9,flash_flood,HIGH
2026-08-24T00:10:00,126.58,6.8,0.0,5.4,0.0,113.77,0.0,16.5,flash_flood,HIGH
2026-08-24T00:20:00,127.84,6.8,0.0,1.27,0.0,114.76,0.0,17.1,flash_flood,HIGH
2026-08-24T00:30:00,119.04,6.8,0.0,-8.8,0.0,115.69,0.0,17.1,flash_flood,HIGH
2026-08-24T00:40:00,112.14,6.8,0.0,-6.9,0.0,116.81,0.0,17.4,flash_flood,HIGH
2026-08-24T00:50:00,113.05,6.8,0.0,0.9,0.0,116.75,0.0,16.2,flash_flood,HIGH
2026-08-24T01:00:00,129.44,6.8,0.0,16.4,0.0,117.52,0.0,17.0,flash_flood,HIGH
2026-08-24T01:10:00,127.53,6.8,0.0,-1.92,0.0,117.85,0.0,17.1,flash_flood,HIGH
2026-08-24T01:20:00,129.74,6.8,0.0,2.21,0.0,117.97,0.0,17.3,flash_flood,HIGH
2026-08-24T01:30:00,124.19,6.8,0.0,-5.54,0.0,117.95,0.0,17.0,flash_flood,HIGH
2026-08-24T01:40:00,119.14,6.8,0.0,-5.05,0.0,117.23,0.0,17.1,flash_flood,HIGH
2026-08-24T01:50:00,114.34,6.8,0.0,-4.8,0.0,117.01,0.0,16.6,flash_flood,HIGH
2026-08-24T02:00:00,123.62,6.8,0.0,9.28,0.0,117.87,0.0,16.8,flash_flood,HIGH
2026-08-24T02:10:00,127.84,6.8,0.0,4.22,0.0,118.7,0.0,16.2,flash_flood,HIGH
2026-08-24T02:20:00,112.05,6.8,0.0,-15.79,0.0,119.01,0.0,17.1,flash_flood,HIGH
2026-08-24T02:30:00,125.35,6.8,0.0,13.3,0.0,120.28,0.0,16.8,flash_flood,HIGH
2026-08-24T02:40:00,122.65,6.8,0.0,-2.7,0.0,121.4,0.0,17.3,flash_flood,HIGH
2026-08-24T02:50:00,108.43,6.8,0.0,-14.22,0.0,121.34,0.0,17.1,flash_flood,HIGH
2026-08-24T03:00:00,96.03,6.8,0.0,-12.4,0.0,119.94,0.0,16.7,flash_flood,HIGH
2026-08-24T03:10:00,117.36,6.8,0.0,21.34,0.0,119.43,0.0,16.0,flash_flood,HIGH
2026-08-24T03:20:00,110.14,6.8,0.0,-7.23,0.0,118.45,0.0,16.9,flash_flood,HIGH
2026-08-24T03:30:00,119.65,6.8,0.0,9.52,0.0,118.48,0.0,17.3,flash_flood,HIGH
2026-08-24T03:40:00,115.87,6.8,0.0,-3.78,0.0,118.69,0.0,17.5,flash_flood,HIGH
2026-08-24T03:50:00,95.12,6.8,0.0,-20.75,0.0,117.69,0.0,17.0,flash_flood,HIGH
2026-08-24T04:00:00,109.88,6.8,0.0,14.76,0.0,116.61,0.0,17.4,flash_flood,HIGH
2026-08-24T04:10:00,119.51,6.8,0.0,9.63,0.0,116.16,0.0,16.5,flash_flood,HIGH
2026-08-24T04:20:00,112.86,6.8,0.0,-6.64,0.0,115.22,0.0,17.4,flash_flood,HIGH
2026-08-24T04:30:00,110.34,6.8,0.0,-2.53,0.0,114.45,0.0,17.5,flash_flood,HIGH
2026-08-24T04:40:00,109.97,6.8,0.0,-0.36,0.0,113.95,0.0,17.2,flash_flood,HIGH
2026-08-24T04:50:00,120.82,6.8,0.0,10.84,0.0,114.31,0.0,16.8,flash_flood,HIGH
2026-08-24T05:00:00,117.54,6.8,0.0,-3.28,0.0,113.97,0.0,17.5,flash_flood,HIGH
2026-08-24T05:10:00,123.04,6.8,0.0,5.5,0.0,113.7,0.0,17.8,flash_flood,HIGH
2026-08-24T05:20:00,109.51,6.8,0.0,-13.53,0.0,113.56,0.0,15.7,flash_flood,HIGH
2026-08-24T05:30:00,105.8,6.8,0.0,-3.71,0.0,112.47,0.0,16.7,flash_flood,HIGH
2026-08-24T05:40:00,102.95,6.8,0.0,-2.86,0.0,111.38,0.0,17.2,flash_flood,HIGH
2026-08-24T05:50:00,106.91,6.8,0.0,3.97,0.0,111.29,0.0,17.6,flash_flood,HIGH
2026-08-24T06:00:00,99.12,6.8,0.0,-7.79,0.0,111.47,0.0,16.5,flash_flood,HIGH
2026-08-24T06:10:00,112.01,6.8,0.0,12.89,0.0,111.17,0.0,17.5,flash_flood,HIGH
2026-08-24T06:20:00,109.26,6.8,0.0,-2.75,0.0,111.12,0.0,16.7,flash_flood,HIGH
2026-08-24T06:30:00,100.48,6.8,0.0,-8.78,0.0,110.06,0.0,16.7,flash_flood,HIGH
2026-08-24T06:40:00,100.08,6.8,0.0,-0.4,0.0,109.18,0.0,16.4,flash_flood,HIGH
2026-08-24T06:50:00,112.95,6.8,0.0,12.87,0.0,110.17,0.0,17.7,flash_flood,HIGH
2026-08-24T07:00:00,114.19,6.8,0.0,1.24,0.0,110.41,0.0,17.5,flash_flood,HIGH
2026-08-24T07:10:00,91.39,6.578,-1.3314,-22.79,-0.2219,108.85,-0.222,19.9,normal,HIGH
2026-08-24T07:20:00,75.29,6.297,-1.6854,-16.1,-0.2809,106.76,-0.503,20.7,normal,HIGH
2026-08-24T07:30:00,62.29,5.981,-1.899,-13.0,-0.3165,104.09,-0.819,20.2,normal,HIGH
2026-08-24T07:40:00,51.77,5.667,-1.884,-10.53,-0.314,100.86,-1.133,20.2,normal,HIGH
2026-08-24T07:50:00,42.03,5.367,-1.7982,-9.74,-0.2997,96.48,-1.433,20.3,normal,HIGH
2026-08-24T08:00:00,34.85,5.019,-2.0868,-7.18,-0.3478,91.88,-1.781,20.8,normal,HIGH
2026-08-24T08:10:00,29.65,4.705,-1.8846,-5.2,-0.3141,86.7,-2.095,20.2,normal,HIGH
2026-08-24T08:20:00,24.68,4.427,-1.6656,-4.97,-0.2776,81.98,-2.373,21.0,normal,HIGH
2026-08-24T08:30:00,20.14,4.166,-1.5702,-4.55,-0.2617,77.22,-2.634,20.6,normal,HIGH
2026-08-24T08:40:00,17.4,3.946,-1.3176,-2.74,-0.2196,72.47,-2.854,20.5,normal,MEDIUM
2026-08-24T08:50:00,14.53,3.73,-1.2984,-2.86,-0.2164,67.34,-3.07,20.6,normal,MEDIUM
2026-08-24T09:00:00,12.91,3.51,-1.32,-1.63,-0.22,62.55,-3.29,20.1,normal,MEDIUM
2026-08-24T09:10:00,11.62,3.306,-1.2204,-1.29,-0.2034,56.97,-3.494,20.5,normal,MEDIUM
2026-08-24T09:20:00,9.83,3.115,-1.1448,-1.79,-0.1908,51.45,-3.685,20.8,normal,MEDIUM
2026-08-24T09:30:00,8.94,2.922,-1.1598,-0.89,-0.1933,46.36,-3.878,20.5,normal,MEDIUM
2026-08-24T09:40:00,7.84,2.731,-1.149,-1.1,-0.1915,41.24,-4.069,21.0,normal,MEDIUM
2026-08-24T09:50:00,7.41,2.582,-0.8922,-0.43,-0.1487,35.38,-4.218,20.2,normal,MEDIUM
2026-08-24T10:00:00,6.97,2.485,-0.5838,-0.45,-0.0973,29.42,-4.093,20.9,normal,MEDIUM
2026-08-24T10:10:00,6.23,2.359,-0.7566,-0.73,-0.1261,24.69,-3.939,21.0,normal,MEDIUM
2026-08-24T10:20:00,5.1,2.24,-0.7146,-1.14,-0.1191,20.79,-3.741,21.2,normal,MEDIUM
2026-08-24T10:30:00,5.74,2.145,-0.567,0.64,-0.0945,17.65,-3.522,21.1,normal,MEDIUM
2026-08-24T10:40:00,4.91,2.082,-0.3756,-0.83,-0.0626,15.04,-3.284,20.9,normal,MEDIUM
2026-08-24T10:50:00,5.82,2.023,-0.357,0.91,-0.0595,13.03,-2.996,21.2,normal,MEDIUM
2026-08-24T11:00:00,6.85,1.959,-0.3822,1.04,-0.0637,11.48,-2.746,20.7,normal,LOW
2026-08-24T11:10:00,8.05,1.899,-0.3594,1.2,-0.0599,10.28,-2.528,21.1,normal,LOW
2026-08-24T11:20:00,6.96,1.847,-0.312,-1.09,-0.052,9.29,-2.318,21.1,normal,LOW
2026-08-24T11:30:00,6.29,1.823,-0.1476,-0.67,-0.0246,8.52,-2.123,21.4,normal,LOW
2026-08-24T11:40:00,5.21,1.795,-0.1668,-1.08,-0.0278,7.84,-1.935,21.0,normal,LOW
2026-08-24T11:50:00,4.97,1.743,-0.309,-0.24,-0.0515,7.31,-1.766,21.2,normal,LOW
2026-08-24T12:00:00,3.72,1.72,-0.1386,-1.24,-0.0231,6.8,-1.586,21.1,normal,LOW
2026-08-24T12:10:00,4.3,1.645,-0.4506,0.57,-0.0751,6.4,-1.47,21.2,normal,LOW
2026-08-24T12:20:00,5.52,1.588,-0.3426,1.23,-0.0571,6.16,-1.334,21.0,normal,LOW
2026-08-24T12:30:00,4.14,1.558,-0.1776,-1.38,-0.0296,5.89,-1.172,21.7,normal,LOW
2026-08-24T12:40:00,5.26,1.54,-0.1092,1.12,-0.0182,5.75,-1.042,21.0,normal,LOW
2026-08-24T12:50:00,5.2,1.545,0.0264,-0.05,0.0044,5.62,-0.94,21.3,normal,LOW
2026-08-24T13:00:00,7.3,1.553,0.0534,2.1,0.0089,5.64,-0.805,21.5,normal,LOW
2026-08-24T13:10:00,5.98,1.533,-0.12,-1.32,-0.02,5.63,-0.706,21.2,normal,LOW
2026-08-24T13:20:00,5.26,1.504,-0.177,-0.72,-0.0295,5.64,-0.641,21.1,normal,LOW
2026-08-24T13:30:00,6.78,1.478,-0.1554,1.52,-0.0259,5.7,-0.604,21.4,normal,LOW
2026-08-24T13:40:00,7.07,1.483,0.0306,0.29,0.0051,5.82,-0.54,21.9,normal,LOW
2026-08-24T13:50:00,6.51,1.436,-0.2826,-0.56,-0.0471,5.85,-0.523,21.4,normal,LOW
2026-08-24T14:00:00,6.32,1.405,-0.189,-0.19,-0.0315,5.82,-0.495,21.0,normal,LOW
2026-08-24T14:10:00,8.53,1.423,0.1128,2.21,0.0188,5.85,-0.424,21.5,normal,LOW
2026-08-24T14:20:00,8.37,1.387,-0.2202,-0.16,-0.0367,5.93,-0.436,21.7,normal,LOW
2026-08-24T14:30:00,7.18,1.345,-0.2508,-1.19,-0.0418,5.98,-0.45,21.6,normal,LOW
2026-08-24T14:40:00,6.76,1.345,0.0018,-0.42,0.0003,6.06,-0.398,22.1,normal,LOW
2026-08-24T14:50:00,5.32,1.347,0.0132,-1.44,0.0022,6.08,-0.373,22.4,normal,LOW
2026-08-24T15:00:00,5.15,1.364,0.0978,-0.17,0.0163,6.16,-0.281,22.1,normal,LOW
2026-08-24T15:10:00,5.83,1.346,-0.1062,0.68,-0.0177,6.25,-0.242,21.5,normal,LOW
2026-08-24T15:20:00,6.48,1.34,-0.0384,0.65,-0.0064,6.3,-0.219,21.6,normal,LOW
2026-08-24T15:30:00,7.54,1.365,0.1536,1.06,0.0256,6.49,-0.175,21.9,normal,LOW
2026-08-24T15:40:00,7.63,1.334,-0.1896,0.09,-0.0316,6.62,-0.211,22.4,normal,LOW
2026-08-24T15:50:00,8.18,1.335,0.0078,0.56,0.0013,6.79,-0.219,22.2,normal,LOW
2026-08-24T16:00:00,7.85,1.347,0.0726,-0.34,0.0121,6.82,-0.186,21.8,normal,LOW
2026-08-24T16:10:00,6.36,1.348,0.0042,-1.49,0.0007,6.84,-0.156,21.9,normal,LOW
2026-08-24T16:20:00,5.72,1.364,0.0954,-0.64,0.0159,6.87,-0.114,21.7,normal,LOW
2026-08-24T16:30:00,6.1,1.356,-0.0456,0.39,-0.0076,6.83,-0.127,22.4,normal,LOW
2026-08-24T16:40:00,6.34,1.359,0.0162,0.24,0.0027,6.79,-0.077,21.7,normal,LOW
2026-08-24T16:50:00,4.76,1.381,0.1362,-1.58,0.0227,6.69,-0.023,22.3,normal,LOW
2026-08-24T17:00:00,5.38,1.394,0.0744,0.62,0.0124,6.64,-0.029,21.7,normal,LOW
2026-08-24T17:10:00,7.34,1.415,0.1248,1.95,0.0208,6.57,0.028,22.3,normal,LOW
2026-08-24T17:20:00,8.04,1.431,0.0972,0.71,0.0162,6.55,0.086,22.3,normal,LOW
2026-08-24T17:30:00,6.7,1.412,-0.1104,-1.34,-0.0184,6.53,0.067,22.2,normal,LOW
2026-08-24T17:40:00,6.81,1.398,-0.0894,0.11,-0.0149,6.53,0.05,22.6,normal,LOW
2026-08-24T17:50:00,5.58,1.337,-0.3618,-1.23,-0.0603,6.54,-0.026,22.4,normal,LOW
2026-08-24T18:00:00,5.95,1.303,-0.204,0.36,-0.034,6.59,-0.043,22.0,normal,LOW
2026-08-24T18:10:00,4.74,1.291,-0.0738,-1.21,-0.0123,6.53,-0.049,22.0,normal,LOW
2026-08-24T18:20:00,5.12,1.301,0.0606,0.38,0.0101,6.45,-0.064,22.1,normal,LOW
2026-08-24T18:30:00,4.48,1.307,0.0336,-0.65,0.0056,6.28,-0.027,22.2,normal,LOW
2026-08-24T18:40:00,5.39,1.314,0.0414,0.92,0.0069,6.16,-0.021,22.2,normal,LOW
2026-08-24T18:50:00,7.03,1.309,-0.0246,1.64,-0.0041,6.09,-0.038,22.3,normal,LOW
2026-08-24T19:00:00,5.97,1.328,0.1116,-1.06,0.0186,5.99,-0.02,23.0,normal,LOW
2026-08-24T19:10:00,5.68,1.325,-0.0204,-0.29,-0.0034,5.95,-0.039,22.4,normal,LOW
2026-08-24T19:20:00,5.23,1.355,0.1806,-0.45,0.0301,5.93,-0.001,22.9,normal,LOW
2026-08-24T19:30:00,6.28,1.335,-0.1158,1.05,-0.0193,5.94,-0.023,22.9,normal,LOW
2026-08-24T19:40:00,6.04,1.368,0.1974,-0.24,0.0329,5.92,-0.013,22.7,normal,LOW
2026-08-24T19:50:00,5.2,1.332,-0.2154,-0.84,-0.0359,5.94,-0.061,22.8,normal,LOW
2026-08-24T20:00:00,5.3,1.374,0.2472,0.11,0.0412,5.94,-0.041,23.0,normal,LOW
2026-08-24T20:10:00,5.28,1.385,0.0684,-0.02,0.0114,5.82,-0.046,23.5,normal,LOW
2026-08-24T20:20:00,4.53,1.364,-0.126,-0.76,-0.021,5.63,-0.048,23.0,normal,LOW
2026-08-24T20:30:00,5.44,1.367,0.0192,0.92,0.0032,5.56,-0.03,23.0,normal,LOW
2026-08-24T20:40:00,6.24,1.373,0.033,0.8,0.0055,5.53,0.035,23.3,normal,LOW
2026-08-24T20:50:00,6.91,1.35,-0.1362,0.67,-0.0227,5.6,0.047,23.5,normal,LOW
2026-08-24T21:00:00,7.21,1.347,-0.018,0.3,-0.003,5.67,0.056,23.3,normal,LOW
2026-08-24T21:10:00,6.57,1.349,0.0144,-0.63,0.0024,5.77,0.048,23.2,normal,LOW
2026-08-24T21:20:00,6.49,1.357,0.0426,-0.09,0.0071,5.85,0.05,22.7,normal,LOW
2026-08-24T21:30:00,6.82,1.378,0.1296,0.33,0.0216,5.98,0.065,23.0,normal,LOW
2026-08-24T21:40:00,6.49,1.362,-0.0978,-0.33,-0.0163,6.04,0.052,23.0,normal,LOW
2026-08-24T21:50:00,5.74,1.329,-0.1986,-0.76,-0.0331,5.97,0.001,23.2,normal,LOW
2026-08-24T22:00:00,5.39,1.287,-0.2472,-0.35,-0.0412,5.94,-0.037,23.6,normal,LOW
2026-08-24T22:10:00,4.96,1.277,-0.066,-0.42,-0.011,5.9,-0.078,23.6,normal,LOW
2026-08-24T22:20:00,4.58,1.278,0.009,-0.38,0.0015,5.86,-0.057,23.5,normal,LOW
2026-08-24T22:30:00,5.24,1.265,-0.081,0.65,-0.0135,5.8,-0.104,23.3,normal,LOW
2026-08-24T22:40:00,4.63,1.253,-0.072,-0.61,-0.012,5.72,-0.08,23.5,normal,LOW
2026-08-24T22:50:00,4.9,1.288,0.2112,0.27,0.0352,5.71,-0.086,23.6,normal,LOW
2026-08-24T23:00:00,5.24,1.263,-0.1494,0.34,-0.0249,5.7,-0.122,23.5,normal,LOW
2026-08-24T23:10:00,5.61,1.278,0.0906,0.37,0.0151,5.72,-0.086,23.4,normal,LOW
2026-08-24T23:20:00,5.54,1.292,0.0858,-0.07,0.0143,5.78,-0.075,23.4,normal,LOW
2026-08-24T23:30:00,4.12,1.273,-0.114,-1.42,-0.019,5.7,-0.099,24.0,normal,LOW
2026-08-24T23:40:00,4.77,1.29,0.0996,0.65,0.0166,5.62,-0.06,24.2,normal,LOW
2026-08-24T23:50:00,5.11,1.264,-0.1572,0.34,-0.0262,5.52,-0.083,23.5,normal,LOW
2026-08-25T00:00:00,4.26,1.277,0.0816,-0.85,0.0136,5.36,-0.072,23.9,normal,LOW
2026-08-25T00:10:00,3.85,1.256,-0.1278,-0.41,-0.0213,5.21,-0.1,24.3,normal,LOW
2026-08-25T00:20:00,4.58,1.221,-0.2088,0.73,-0.0348,5.1,-0.157,24.2,normal,LOW
2026-08-25T00:30:00,4.29,1.225,0.021,-0.29,0.0035,4.96,-0.137,23.8,normal,LOW
2026-08-25T00:40:00,6.76,1.226,0.009,2.46,0.0015,4.98,-0.102,24.2,normal,LOW
2026-08-25T00:50:00,6.45,1.234,0.0456,-0.31,0.0076,5.02,-0.053,24.2,normal,LOW
2026-08-25T01:00:00,6.15,1.267,0.1986,-0.3,0.0331,5.06,-0.009,24.6,normal,LOW
2026-08-25T01:10:00,5.78,1.234,-0.1992,-0.38,-0.0332,5.1,-0.044,24.2,normal,LOW
2026-08-25T01:20:00,5.6,1.207,-0.1596,-0.18,-0.0266,5.16,-0.057,24.0,normal,LOW
2026-08-25T01:30:00,6.34,1.211,0.0246,0.74,0.0041,5.22,-0.041,23.9,normal,LOW
2026-08-25T01:40:00,5.45,1.211,-0.0042,-0.89,-0.0007,5.27,-0.077,24.4,normal,LOW
2026-08-25T01:50:00,5.64,1.242,0.1896,0.19,0.0316,5.31,-0.021,23.7,normal,LOW
2026-08-25T02:00:00,5.71,1.25,0.0468,0.07,0.0078,5.33,-0.028,24.6,normal,LOW
2026-08-25T02:10:00,6.46,1.249,-0.0048,0.75,-0.0008,5.38,-0.043,24.5,normal,LOW
2026-08-25T02:20:00,6.53,1.254,0.0312,0.07,0.0052,5.44,-0.019,24.4,normal,LOW
2026-08-25T02:30:00,8.33,1.264,0.0576,1.8,0.0096,5.67,-0.026,23.9,normal,LOW
2026-08-25T02:40:00,6.69,1.285,0.1248,-1.64,0.0208,5.78,0.021,24.8,normal,LOW
2026-08-25T02:50:00,6.3,1.275,-0.057,-0.39,-0.0095,5.84,-0.002,23.7,normal,LOW
2026-08-25T03:00:00,7.34,1.234,-0.2484,1.04,-0.0414,6.01,-0.022,24.6,normal,LOW
2026-08-25T03:10:00,6.41,1.267,0.1986,-0.93,0.0331,6.16,0.046,24.7,normal,LOW
2026-08-25T03:20:00,5.79,1.3,0.198,-0.61,0.033,6.22,0.075,24.8,normal,LOW
2026-08-25T03:30:00,5.55,1.306,0.0354,-0.24,0.0059,6.29,0.079,25.5,normal,LOW
2026-08-25T03:40:00,6.55,1.326,0.1182,1.0,0.0197,6.28,0.092,24.9,normal,LOW
2026-08-25T03:50:00,7.81,1.338,0.0744,1.25,0.0124,6.36,0.071,24.6,normal,LOW
2026-08-25T04:00:00,8.2,1.33,-0.0444,0.4,-0.0074,6.47,0.097,24.6,normal,LOW
2026-08-25T04:10:00,6.94,1.307,-0.1404,-1.26,-0.0234,6.54,0.1,24.7,normal,LOW
2026-08-25T04:20:00,5.18,1.335,0.1668,-1.77,0.0278,6.51,0.124,24.8,normal,LOW
2026-08-25T04:30:00,6.05,1.356,0.129,0.87,0.0215,6.5,0.146,24.6,normal,LOW
2026-08-25T04:40:00,5.48,1.372,0.0918,-0.57,0.0153,6.5,0.13,25.3,normal,LOW
2026-08-25T04:50:00,5.77,1.371,-0.0042,0.29,-0.0007,6.5,0.121,25.1,normal,LOW
2026-08-25T05:00:00,7.06,1.353,-0.1098,1.29,-0.0183,6.58,0.104,25.3,normal,LOW
2026-08-25T05:10:00,5.7,1.315,-0.2298,-1.36,-0.0383,6.54,0.06,25.4,normal,LOW
2026-08-25T05:20:00,4.31,1.334,0.1194,-1.39,0.0199,6.41,0.07,24.8,normal,LOW
2026-08-25T05:30:00,4.04,1.309,-0.153,-0.27,-0.0255,6.18,0.024,25.3,normal,LOW
2026-08-25T05:40:00,5.06,1.327,0.1086,1.02,0.0181,6.08,0.052,25.3,normal,LOW
2026-08-25T05:50:00,6.46,1.331,0.0234,1.4,0.0039,6.09,0.097,25.3,normal,LOW
2026-08-25T06:00:00,6.33,1.337,0.0342,-0.13,0.0057,6.04,0.07,25.0,normal,LOW
2026-08-25T06:10:00,6.45,1.375,0.2328,0.11,0.0388,6.04,0.076,25.0,normal,LOW
2026-08-25T06:20:00,6.06,1.369,-0.0384,-0.39,-0.0064,6.05,0.063,24.9,normal,LOW
2026-08-25T06:30:00,5.09,1.36,-0.0528,-0.97,-0.0088,6.03,0.035,24.8,normal,LOW
2026-08-25T06:40:00,5.75,1.335,-0.1536,0.66,-0.0256,5.98,-0.003,25.0,normal,LOW
2026-08-25T06:50:00,4.51,1.321,-0.0828,-1.24,-0.0138,5.8,-0.01,25.9,normal,LOW
2026-08-25T07:00:00,5.41,1.313,-0.045,0.9,-0.0075,5.65,0.006,25.2,normal,LOW
2026-08-25T07:10:00,4.88,1.292,-0.1254,-0.53,-0.0209,5.53,-0.043,25.6,normal,LOW
2026-08-25T07:20:00,5.32,1.323,0.1872,0.43,0.0312,5.54,-0.033,25.3,normal,LOW
2026-08-25T07:30:00,4.58,1.316,-0.0462,-0.73,-0.0077,5.46,-0.056,25.6,normal,LOW
2026-08-25T07:40:00,5.11,1.301,-0.0882,0.52,-0.0147,5.44,-0.07,25.8,normal,LOW
2026-08-25T07:50:00,6.04,1.31,0.0522,0.93,0.0087,5.45,-0.043,25.6,normal,LOW
2026-08-25T08:00:00,7.24,1.301,-0.051,1.21,-0.0085,5.46,-0.013,25.6,normal,LOW
2026-08-25T08:10:00,6.7,1.312,0.0678,-0.55,0.0113,5.52,-0.022,25.6,normal,LOW
2026-08-25T08:20:00,5.85,1.274,-0.2292,-0.85,-0.0382,5.6,-0.035,25.1,normal,LOW
2026-08-25T08:30:00,6.79,1.243,-0.1866,0.94,-0.0311,5.76,-0.084,25.6,normal,LOW
2026-08-25T08:40:00,6.81,1.27,0.1626,0.02,0.0271,5.85,-0.061,25.4,normal,LOW
2026-08-25T08:50:00,7.66,1.277,0.0384,0.86,0.0064,5.92,-0.06,25.4,normal,LOW
2026-08-25T09:00:00,7.3,1.267,-0.0564,-0.36,-0.0094,5.98,-0.108,26.1,normal,LOW
2026-08-25T09:10:00,6.06,1.28,0.0732,-1.24,0.0122,5.95,-0.089,25.6,normal,LOW
2026-08-25T09:20:00,4.03,1.281,0.0084,-2.03,0.0014,5.84,-0.079,25.0,normal,LOW
2026-08-25T09:30:00,4.78,1.265,-0.0942,0.76,-0.0157,5.82,-0.069,25.9,normal,LOW
2026-08-25T09:40:00,3.63,1.233,-0.192,-1.15,-0.032,5.71,-0.087,25.6,normal,LOW
2026-08-25T09:50:00,4.28,1.233,0.0006,0.65,0.0001,5.69,-0.08,25.7,normal,LOW
2026-08-25T10:00:00,3.63,1.198,-0.2148,-0.65,-0.0358,5.59,-0.095,26.2,normal,LOW
2026-08-25T10:10:00,4.49,1.215,0.1062,0.87,0.0177,5.57,-0.108,25.9,normal,LOW
2026-08-25T10:20:00,6.19,1.236,0.1224,1.7,0.0204,5.62,-0.08,25.6,normal,LOW
2026-08-25T10:30:00,6.33,1.225,-0.0648,0.14,-0.0108,5.72,-0.076,25.8,normal,LOW
2026-08-25T10:40:00,6.22,1.22,-0.03,-0.11,-0.005,5.78,-0.09,26.1,normal,LOW
2026-08-25T10:50:00,6.53,1.26,0.2388,0.31,0.0398,5.81,-0.042,25.8,normal,LOW
2026-08-25T11:00:00,7.82,1.284,0.1452,1.29,0.0242,5.84,-0.029,25.3,normal,LOW
2026-08-25T11:10:00,7.27,1.283,-0.0042,-0.55,-0.0007,5.87,0.009,26.0,normal,LOW
2026-08-25T11:20:00,6.21,1.268,-0.0882,-1.06,-0.0147,5.89,0.025,26.1,normal,LOW
2026-08-25T11:30:00,6.03,1.298,0.1764,-0.18,0.0294,5.85,0.027,25.1,normal,LOW
2026-08-25T11:40:00,6.78,1.281,-0.1008,0.75,-0.0168,5.85,0.004,25.7,normal,LOW
2026-08-25T11:50:00,6.91,1.307,0.156,0.13,0.026,5.81,0.04,25.8,normal,LOW
2026-08-25T12:00:00,6.43,1.303,-0.0246,-0.48,-0.0041,5.76,0.023,26.1,normal,LOW
2026-08-25T12:10:00,6.07,1.318,0.0918,-0.35,0.0153,5.76,0.037,26.2,normal,LOW
2026-08-25T12:20:00,6.76,1.303,-0.0888,0.69,-0.0148,5.91,0.038,25.6,normal,LOW
2026-08-25T12:30:00,6.21,1.335,0.1878,-0.55,0.0313,5.99,0.101,26.4,normal,LOW
2026-08-25T12:40:00,5.77,1.344,0.0564,-0.45,0.0094,6.11,0.111,25.9,normal,LOW
2026-08-25T12:50:00,4.33,1.366,0.1344,-1.44,0.0224,6.11,0.169,26.2,normal,LOW
2026-08-25T13:00:00,4.08,1.336,-0.183,-0.25,-0.0305,6.14,0.121,25.8,normal,LOW
2026-08-25T13:10:00,3.21,1.339,0.0186,-0.87,0.0031,6.06,0.103,25.5,normal,LOW
2026-08-25T13:20:00,3.88,1.309,-0.1776,0.67,-0.0296,5.94,0.085,26.3,normal,LOW
2026-08-25T13:30:00,4.05,1.326,0.0972,0.17,0.0162,5.81,0.106,26.0,normal,LOW
2026-08-25T13:40:00,3.27,1.315,-0.0642,-0.79,-0.0107,5.64,0.055,25.7,normal,LOW
2026-08-25T13:50:00,3.56,1.323,0.048,0.3,0.008,5.48,0.039,26.5,normal,LOW
2026-08-25T14:00:00,4.11,1.31,-0.0762,0.54,-0.0127,5.27,0.027,25.8,normal,LOW
2026-08-25T14:10:00,2.8,1.316,0.0348,-1.31,0.0058,5.03,0.048,25.6,normal,LOW
2026-08-25T14:20:00,4.43,1.319,0.0162,1.63,0.0027,4.93,0.021,26.3,normal,LOW
2026-08-25T14:30:00,3.92,1.303,-0.0948,-0.51,-0.0158,4.81,0.022,25.5,normal,LOW
2026-08-25T14:40:00,3.84,1.258,-0.2724,-0.08,-0.0454,4.65,-0.049,26.3,normal,LOW
2026-08-25T14:50:00,2.26,1.264,0.0354,-1.58,0.0059,4.39,-0.039,25.9,normal,LOW
2026-08-25T15:00:00,3.44,1.218,-0.2712,1.18,-0.0452,4.22,-0.1,25.6,normal,LOW
2026-08-25T15:10:00,3.91,1.197,-0.1308,0.47,-0.0218,4.1,-0.107,26.0,normal,LOW
2026-08-25T15:20:00,4.4,1.206,0.057,0.48,0.0095,3.97,-0.129,26.0,normal,LOW
2026-08-25T15:30:00,4.74,1.248,0.252,0.35,0.042,3.89,-0.096,26.1,normal,LOW
2026-08-25T15:40:00,4.86,1.222,-0.1554,0.12,-0.0259,3.84,-0.144,26.6,normal,LOW
2026-08-25T15:50:00,3.78,1.227,0.027,-1.08,0.0045,3.81,-0.109,25.4,normal,LOW
2026-08-25T16:00:00,3.91,1.23,0.0192,0.13,0.0032,3.8,-0.109,26.0,normal,LOW
2026-08-25T16:10:00,4.32,1.208,-0.1332,0.41,-0.0222,3.86,-0.102,25.9,normal,LOW
2026-08-25T16:20:00,3.45,1.207,-0.0024,-0.87,-0.0004,3.84,-0.118,25.9,normal,LOW
2026-08-25T16:30:00,4.05,1.198,-0.0558,0.61,-0.0093,3.84,-0.117,25.9,normal,LOW
2026-08-25T16:40:00,5.59,1.197,-0.0048,1.54,-0.0008,3.97,-0.126,25.4,normal,LOW
2026-08-25T16:50:00,5.1,1.24,0.2556,-0.49,0.0426,4.05,-0.071,25.7,normal,LOW
2026-08-25T17:00:00,4.81,1.27,0.1824,-0.29,0.0304,4.09,-0.046,26.0,normal,LOW
2026-08-25T17:10:00,4.9,1.259,-0.0666,0.1,-0.0111,4.21,-0.06,26.1,normal,LOW
2026-08-25T17:20:00,5.69,1.245,-0.0828,0.79,-0.0138,4.28,-0.058,25.8,normal,LOW
2026-08-25T17:30:00,7.3,1.264,0.1146,1.61,0.0191,4.46,0.007,25.7,normal,LOW
2026-08-25T17:40:00,5.58,1.284,0.1182,-1.72,0.0197,4.56,0.02,25.9,normal,LOW
2026-08-25T17:50:00,6.49,1.28,-0.0228,0.91,-0.0038,4.8,0.062,26.3,normal,LOW
2026-08-25T18:00:00,6.43,1.335,0.3282,-0.06,0.0547,4.96,0.138,26.0,normal,LOW
2026-08-25T18:10:00,5.5,1.33,-0.0324,-0.93,-0.0054,5.05,0.124,25.9,normal,LOW
2026-08-25T18:20:00,4.67,1.369,0.2376,-0.83,0.0396,5.07,0.121,26.3,normal,LOW
2026-08-25T18:30:00,4.96,1.38,0.0636,0.29,0.0106,5.08,0.158,25.8,normal,LOW
2026-08-25T18:40:00,5.87,1.387,0.0408,0.91,0.0068,5.13,0.16,25.7,normal,LOW
2026-08-25T18:50:00,5.31,1.375,-0.0678,-0.56,-0.0113,5.22,0.146,25.4,normal,LOW
2026-08-25T19:00:00,5.52,1.362,-0.0804,0.21,-0.0134,5.31,0.154,25.5,normal,LOW
2026-08-25T19:10:00,5.78,1.342,-0.1176,0.26,-0.0196,5.39,0.135,25.5,normal,LOW
2026-08-25T19:20:00,5.68,1.373,0.1818,-0.1,0.0303,5.51,0.175,26.2,normal,LOW
2026-08-25T19:30:00,4.47,1.347,-0.1554,-1.21,-0.0259,5.54,0.15,25.2,normal,LOW
2026-08-25T19:40:00,5.43,1.337,-0.0552,0.97,-0.0092,5.53,0.098,25.8,normal,LOW
2026-08-25T19:50:00,6.83,1.328,-0.054,1.4,-0.009,5.62,0.058,26.1,normal,LOW
2026-08-25T20:00:00,5.47,1.294,-0.207,-1.36,-0.0345,5.66,0.035,25.4,normal,LOW
2026-08-25T20:10:00,7.06,1.342,0.2898,1.59,0.0483,5.78,0.097,25.7,normal,LOW
2026-08-25T20:20:00,7.87,1.323,-0.114,0.81,-0.019,5.9,0.059,25.7,normal,LOW
2026-08-25T20:30:00,6.86,1.289,-0.207,-1.02,-0.0345,5.88,0.005,25.5,normal,LOW
2026-08-25T20:40:00,4.88,1.276,-0.0768,-1.97,-0.0128,5.84,-0.004,25.6,normal,LOW
2026-08-25T20:50:00,6.36,1.265,-0.0666,1.47,-0.0111,5.83,-0.07,25.6,normal,LOW
2026-08-25T21:00:00,4.71,1.281,0.0954,-1.65,0.0159,5.73,-0.049,25.8,normal,LOW
2026-08-25T21:10:00,4.85,1.257,-0.1446,0.14,-0.0241,5.7,-0.113,25.8,normal,LOW
2026-08-25T21:20:00,3.53,1.258,0.0084,-1.32,0.0014,5.63,-0.122,26.3,normal,LOW
2026-08-25T21:30:00,2.73,1.292,0.2022,-0.79,0.0337,5.51,-0.095,25.4,normal,LOW
2026-08-25T21:40:00,2.77,1.267,-0.1452,0.04,-0.0242,5.34,-0.108,25.7,normal,LOW
2026-08-25T21:50:00,4.65,1.233,-0.2082,1.88,-0.0347,5.3,-0.129,25.8,normal,LOW
2026-08-25T22:00:00,5.0,1.205,-0.1674,0.35,-0.0279,5.27,-0.137,25.6,normal,LOW
2026-08-25T22:10:00,4.09,1.201,-0.0216,-0.9,-0.0036,5.18,-0.171,25.9,normal,LOW
2026-08-25T22:20:00,4.71,1.184,-0.105,0.62,-0.0175,5.13,-0.163,25.3,normal,LOW
2026-08-25T22:30:00,5.66,1.213,0.1728,0.95,0.0288,5.19,-0.125,25.9,normal,LOW
2026-08-25T22:40:00,6.29,1.213,0.0048,0.63,0.0008,5.24,-0.115,25.9,normal,LOW
2026-08-25T22:50:00,5.83,1.224,0.0618,-0.46,0.0103,5.19,-0.07,25.9,normal,LOW
2026-08-25T23:00:00,7.33,1.224,-0.0012,1.5,-0.0002,5.29,-0.119,25.3,normal,LOW
2026-08-25T23:10:00,8.5,1.242,0.1134,1.17,0.0189,5.37,-0.081,25.3,normal,LOW
2026-08-25T23:20:00,6.75,1.223,-0.1146,-1.75,-0.0191,5.31,-0.065,25.3,normal,LOW
2026-08-25T23:30:00,5.8,1.283,0.357,-0.95,0.0595,5.25,0.007,25.0,normal,LOW
2026-08-25T23:40:00,6.15,1.286,0.0204,0.35,0.0034,5.32,0.022,25.2,normal,LOW
2026-08-25T23:50:00,6.05,1.301,0.0882,-0.1,0.0147,5.3,0.02,24.8,normal,LOW
2026-08-26T00:00:00,6.69,1.307,0.033,0.64,0.0055,5.41,0.05,25.4,normal,LOW
2026-08-26T00:10:00,6.88,1.3,-0.0402,0.19,-0.0067,5.53,0.042,25.0,normal,LOW
2026-08-26T00:20:00,5.59,1.332,0.1914,-1.3,0.0319,5.64,0.04,25.5,normal,LOW
2026-08-26T00:30:00,6.86,1.382,0.3024,1.27,0.0504,5.87,0.115,24.9,normal,LOW
2026-08-26T00:40:00,19.06,1.8,2.5074,12.2,0.4179,6.77,0.567,19.0,heavy_rain,LOW
2026-08-26T00:50:00,29.23,1.804,0.0264,10.17,0.0044,8.14,0.6,19.7,heavy_rain,LOW
2026-08-26T01:00:00,38.72,1.817,0.075,9.49,0.0125,10.01,0.616,19.1,heavy_rain,LOW
2026-08-26T01:10:00,38.93,1.819,0.0102,0.21,0.0017,11.95,0.635,19.4,heavy_rain,LOW
2026-08-26T01:20:00,41.51,1.831,0.075,2.58,0.0125,13.99,0.618,19.2,heavy_rain,LOW
2026-08-26T01:30:00,55.25,1.827,-0.024,13.74,-0.004,16.75,0.614,19.1,heavy_rain,LOW
2026-08-26T01:40:00,52.97,1.85,0.1386,-2.28,0.0231,19.34,0.626,19.4,heavy_rain,MEDIUM
2026-08-26T01:50:00,50.9,1.864,0.0816,-2.08,0.0136,21.84,0.64,19.4,heavy_rain,MEDIUM
2026-08-26T02:00:00,47.3,1.88,0.0954,-3.59,0.0159,24.06,0.637,19.2,heavy_rain,MEDIUM
2026-08-26T02:10:00,50.29,1.912,0.1926,2.99,0.0321,26.39,0.688,19.3,heavy_rain,MEDIUM
2026-08-26T02:20:00,49.74,1.926,0.084,-0.55,0.014,28.77,0.643,20.0,heavy_rain,MEDIUM
2026-08-26T02:30:00,56.0,1.94,0.0828,6.26,0.0138,31.56,0.653,19.3,heavy_rain,MEDIUM
2026-08-26T02:40:00,54.27,1.963,0.1416,-1.73,0.0236,34.24,0.662,19.9,heavy_rain,MEDIUM
2026-08-26T02:50:00,59.93,1.976,0.0756,5.67,0.0126,37.23,0.669,20.2,heavy_rain,LOW
2026-08-26T03:00:00,59.55,2.004,0.1668,-0.38,0.0278,40.17,0.704,19.9,heavy_rain,MEDIUM
2026-08-26T03:10:00,60.15,2.033,0.1758,0.6,0.0293,43.13,0.701,20.2,heavy_rain,MEDIUM
2026-08-26T03:20:00,57.93,2.061,0.1668,-2.22,0.0278,46.03,0.678,19.0,heavy_rain,MEDIUM
2026-08-26T03:30:00,56.74,2.084,0.1428,-1.19,0.0238,48.81,0.284,18.9,heavy_rain,MEDIUM
2026-08-26T03:40:00,58.15,2.102,0.1038,1.41,0.0173,50.98,0.297,19.4,heavy_rain,MEDIUM
2026-08-26T03:50:00,52.39,2.129,0.1656,-5.77,0.0276,52.26,0.312,19.7,heavy_rain,MEDIUM
2026-08-26T04:00:00,57.22,2.154,0.1482,4.83,0.0247,53.29,0.335,19.1,heavy_rain,MEDIUM
2026-08-26T04:10:00,61.79,2.186,0.1926,4.57,0.0321,54.56,0.355,19.0,heavy_rain,MEDIUM
2026-08-26T04:20:00,59.79,2.222,0.2184,-2.0,0.0364,55.58,0.395,20.1,heavy_rain,MEDIUM
2026-08-26T04:30:00,53.66,2.239,0.1014,-6.13,0.0169,55.49,0.389,19.3,heavy_rain,MEDIUM
2026-08-26T04:40:00,54.33,2.288,0.2952,0.67,0.0492,55.56,0.425,19.0,heavy_rain,MEDIUM
2026-08-26T04:50:00,54.34,2.317,0.1734,0.01,0.0289,55.76,0.438,19.2,heavy_rain,MEDIUM
2026-08-26T05:00:00,54.8,2.333,0.0954,0.46,0.0159,56.17,0.422,19.8,heavy_rain,MEDIUM
2026-08-26T05:10:00,60.6,2.36,0.1584,5.8,0.0264,56.74,0.434,19.3,heavy_rain,MEDIUM
2026-08-26T05:20:00,55.95,2.383,0.1416,-4.65,0.0236,57.09,0.444,20.1,heavy_rain,MEDIUM
2026-08-26T05:30:00,54.97,2.412,0.1734,-0.99,0.0289,57.03,0.449,19.3,heavy_rain,MEDIUM
2026-08-26T05:40:00,51.44,2.418,0.0324,-3.52,0.0054,56.87,0.442,19.5,heavy_rain,MEDIUM
2026-08-26T05:50:00,55.67,2.448,0.1842,4.23,0.0307,56.64,0.445,19.1,heavy_rain,MEDIUM
2026-08-26T06:00:00,53.51,2.458,0.0594,-2.16,0.0099,56.3,0.425,19.6,heavy_rain,MEDIUM
2026-08-26T06:10:00,46.3,2.485,0.1584,-7.21,0.0264,55.53,0.424,19.2,heavy_rain,MEDIUM
2026-08-26T06:20:00,56.88,2.535,0.3054,10.58,0.0509,55.47,0.451,19.7,heavy_rain,MEDIUM
2026-08-26T06:30:00,51.8,2.553,0.1062,-5.07,0.0177,55.2,0.452,18.9,heavy_rain,MEDIUM
2026-08-26T06:40:00,56.6,2.572,0.1098,4.79,0.0183,55.11,0.442,19.4,heavy_rain,MEDIUM
2026-08-26T06:50:00,53.9,2.605,0.201,-2.7,0.0335,55.2,0.451,19.8,heavy_rain,MEDIUM
2026-08-26T07:00:00,59.52,2.615,0.0594,5.62,0.0099,55.32,0.429,19.6,heavy_rain,MEDIUM
2026-08-26T07:10:00,51.41,2.649,0.207,-8.11,0.0345,54.75,0.427,19.5,heavy_rain,MEDIUM
2026-08-26T07:20:00,60.18,2.664,0.0894,8.77,0.0149,54.77,0.425,19.7,heavy_rain,MEDIUM
2026-08-26T07:30:00,61.69,2.689,0.147,1.51,0.0245,55.22,0.4,19.4,heavy_rain,MEDIUM
2026-08-26T07:40:00,64.0,2.711,0.1314,2.31,0.0219,55.75,0.393,19.1,heavy_rain,MEDIUM
2026-08-26T07:50:00,63.91,2.759,0.2934,-0.09,0.0489,56.28,0.426,19.7,heavy_rain,MEDIUM
2026-08-26T08:00:00,58.59,2.789,0.1794,-5.32,0.0299,56.5,0.43,20.0,heavy_rain,MEDIUM
2026-08-26T08:10:00,54.72,2.84,0.3054,-3.87,0.0509,56.17,0.457,19.3,heavy_rain,MEDIUM
2026-08-26T08:20:00,61.34,2.875,0.2082,6.61,0.0347,56.47,0.463,19.3,heavy_rain,MEDIUM
2026-08-26T08:30:00,64.24,2.896,0.126,2.9,0.021,56.98,0.478,19.0,heavy_rain,MEDIUM
2026-08-26T08:40:00,57.68,2.929,0.201,-6.56,0.0335,57.33,0.481,19.7,heavy_rain,MEDIUM
2026-08-26T08:50:00,59.04,2.959,0.1764,1.35,0.0294,57.52,0.501,19.4,heavy_rain,MEDIUM
2026-08-26T09:00:00,60.9,2.988,0.1782,1.87,0.0297,57.93,0.504,20.1,heavy_rain,MEDIUM
2026-08-26T09:10:00,57.71,3.016,0.1674,-3.19,0.0279,58.56,0.481,19.7,heavy_rain,MEDIUM
2026-08-26T09:20:00,54.29,3.039,0.1368,-3.43,0.0228,58.42,0.486,20.0,heavy_rain,MEDIUM
2026-08-26T09:30:00,54.95,3.091,0.3138,0.67,0.0523,58.59,0.52,19.4,heavy_rain,MEDIUM
2026-08-26T09:40:00,61.51,3.119,0.1638,6.56,0.0273,58.87,0.514,19.2,heavy_rain,MEDIUM
2026-08-26T09:50:00,62.04,3.146,0.1662,0.53,0.0277,59.32,0.531,19.0,heavy_rain,MEDIUM
2026-08-26T10:00:00,63.43,3.176,0.1794,1.39,0.0299,59.54,0.527,19.8,heavy_rain,MEDIUM
2026-08-26T10:10:00,62.32,3.205,0.1716,-1.11,0.0286,60.14,0.541,19.3,heavy_rain,MEDIUM
2026-08-26T10:20:00,65.57,3.243,0.2274,3.26,0.0379,60.44,0.554,19.4,heavy_rain,MEDIUM
2026-08-26T10:30:00,63.25,3.27,0.1662,-2.33,0.0277,60.53,0.56,20.0,heavy_rain,MEDIUM
2026-08-26T10:40:00,67.07,3.303,0.1938,3.82,0.0323,60.7,0.543,19.6,heavy_rain,MEDIUM
2026-08-26T10:50:00,68.37,3.325,0.135,1.31,0.0225,60.95,0.536,19.6,heavy_rain,MEDIUM
2026-08-26T11:00:00,67.3,3.353,0.1692,-1.07,0.0282,61.43,0.513,20.1,heavy_rain,MEDIUM
2026-08-26T11:10:00,63.19,3.381,0.1656,-4.12,0.0276,61.9,0.506,19.6,heavy_rain,MEDIUM
2026-08-26T11:20:00,54.42,3.4,0.114,-8.77,0.019,61.52,0.504,19.2,heavy_rain,HIGH
2026-08-26T11:30:00,53.27,3.4,0.0,-1.15,0.0,60.91,0.471,19.3,heavy_rain,MEDIUM
2026-08-26T11:40:00,59.37,3.4,0.0,6.1,0.0,61.0,0.441,19.0,heavy_rain,MEDIUM
2026-08-26T11:50:00,61.33,3.4,0.0,1.96,0.0,61.13,0.412,19.1,heavy_rain,MEDIUM
2026-08-26T12:00:00,61.06,3.4,0.0,-0.27,0.0,61.14,0.384,20.1,heavy_rain,MEDIUM
2026-08-26T12:10:00,54.42,3.4,0.0,-6.64,0.0,60.95,0.361,19.4,heavy_rain,MEDIUM
2026-08-26T12:20:00,53.92,3.4,0.0,-0.51,0.0,60.93,0.309,19.2,heavy_rain,MEDIUM
2026-08-26T12:30:00,60.6,3.4,0.0,6.68,0.0,61.25,0.281,19.7,heavy_rain,MEDIUM
2026-08-26T12:40:00,61.82,3.4,0.0,1.22,0.0,61.26,0.254,19.7,heavy_rain,MEDIUM
2026-08-26T12:50:00,55.9,3.4,0.0,-5.91,0.0,60.92,0.224,19.2,heavy_rain,MEDIUM
2026-08-26T13:00:00,59.25,3.4,0.0,3.34,0.0,60.69,0.195,19.3,heavy_rain,MEDIUM
2026-08-26T13:10:00,58.55,3.396,-0.0228,-0.7,-0.0038,60.48,0.153,19.1,heavy_rain,MEDIUM
2026-08-26T13:20:00,59.44,3.4,0.0228,0.9,0.0038,60.14,0.13,19.8,heavy_rain,MEDIUM
2026-08-26T13:30:00,53.01,3.4,0.0,-6.43,0.0,59.57,0.097,19.0,heavy_rain,MEDIUM
2026-08-26T13:40:00,54.23,3.4,0.0,1.22,0.0,58.86,0.075,19.7,heavy_rain,MEDIUM
2026-08-26T13:50:00,56.07,3.4,0.0,1.84,0.0,58.18,0.047,19.8,heavy_rain,MEDIUM
2026-08-26T14:00:00,53.79,3.4,0.0,-2.29,0.0,57.42,0.019,19.2,heavy_rain,MEDIUM
2026-08-26T14:10:00,50.2,3.4,0.0,-3.59,0.0,56.7,0.0,19.7,heavy_rain,MEDIUM
2026-08-26T14:20:00,47.22,3.388,-0.069,-2.97,-0.0115,56.3,-0.012,19.0,heavy_rain,MEDIUM
2026-08-26T14:30:00,48.59,3.4,0.069,1.36,0.0115,56.04,0.0,19.5,heavy_rain,MEDIUM
2026-08-26T14:40:00,49.69,3.4,0.0,1.11,0.0,55.51,0.0,19.2,heavy_rain,MEDIUM
2026-08-26T14:50:00,49.09,3.4,0.0,-0.6,0.0,54.82,0.0,19.3,heavy_rain,MEDIUM
2026-08-26T15:00:00,48.41,3.4,0.0,-0.68,0.0,54.12,0.0,19.9,heavy_rain,MEDIUM
2026-08-26T15:10:00,48.81,3.4,0.0,0.39,0.0,53.81,0.0,19.8,heavy_rain,MEDIUM
2026-08-26T15:20:00,53.58,3.397,-0.015,4.78,-0.0025,53.79,-0.003,19.5,heavy_rain,MEDIUM
2026-08-26T15:30:00,53.79,3.4,0.015,0.21,0.0025,53.41,0.0,19.8,heavy_rain,MEDIUM
2026-08-26T15:40:00,53.74,3.4,0.0,-0.05,0.0,52.97,0.0,20.0,heavy_rain,MEDIUM
2026-08-26T15:50:00,54.24,3.4,0.0,0.5,0.0,52.87,0.0,19.5,heavy_rain,MEDIUM
2026-08-26T16:00:00,53.22,3.4,0.0,-1.02,0.0,52.54,0.004,19.3,heavy_rain,MEDIUM
2026-08-26T16:10:00,56.66,3.4,0.0,3.44,0.0,52.43,0.0,19.9,heavy_rain,MEDIUM
2026-08-26T16:20:00,62.4,3.4,0.0,5.75,0.0,52.6,0.0,19.6,heavy_rain,MEDIUM
2026-08-26T16:30:00,65.25,3.4,0.0,2.85,0.0,53.28,0.0,19.3,heavy_rain,MEDIUM
2026-08-26T16:40:00,57.89,3.4,0.0,-7.36,0.0,53.48,0.0,19.6,heavy_rain,MEDIUM
2026-08-26T16:50:00,61.39,3.4,0.0,3.5,0.0,53.78,0.0,19.8,heavy_rain,MEDIUM
2026-08-26T17:00:00,56.28,3.4,0.0,-5.11,0.0,53.91,0.0,19.2,heavy_rain,MEDIUM
2026-08-26T17:10:00,55.29,3.4,0.0,-0.99,0.0,54.2,0.012,19.3,heavy_rain,MEDIUM
2026-08-26T17:20:00,54.02,3.4,0.0,-1.27,0.0,54.58,0.0,20.1,heavy_rain,MEDIUM
2026-08-26T17:30:00,51.93,3.4,0.0,-2.09,0.0,54.76,0.0,19.7,heavy_rain,MEDIUM
2026-08-26T17:40:00,54.53,3.4,0.0,2.6,0.0,55.03,0.0,19.5,heavy_rain,MEDIUM
2026-08-26T17:50:00,55.72,3.4,0.0,1.19,0.0,55.4,0.0,18.8,heavy_rain,MEDIUM
2026-08-26T18:00:00,56.26,3.4,0.0,0.53,0.0,55.83,0.0,19.2,heavy_rain,MEDIUM
2026-08-26T18:10:00,57.29,3.4,0.0,1.04,0.0,56.31,0.003,18.8,heavy_rain,MEDIUM
2026-08-26T18:20:00,52.57,3.4,0.0,-4.72,0.0,56.25,0.0,19.3,heavy_rain,MEDIUM
2026-08-26T18:30:00,55.19,3.4,0.0,2.62,0.0,56.33,0.0,19.7,heavy_rain,MEDIUM
2026-08-26T18:40:00,59.05,3.4,0.0,3.86,0.0,56.62,0.0,20.2,heavy_rain,MEDIUM
2026-08-26T18:50:00,56.08,3.4,0.0,-2.96,0.0,56.72,0.0,20.3,heavy_rain,MEDIUM
2026-08-26T19:00:00,56.06,3.4,-0.0024,-0.02,-0.0004,56.88,-0.0,19.7,heavy_rain,MEDIUM
2026-08-26T19:10:00,58.29,3.4,0.0024,2.23,0.0004,56.97,0.0,19.4,heavy_rain,MEDIUM
2026-08-26T19:20:00,57.81,3.4,0.0,-0.48,0.0,56.72,0.0,20.0,heavy_rain,MEDIUM
2026-08-26T19:30:00,57.89,3.4,0.0,0.08,0.0,56.31,0.0,19.8,heavy_rain,MEDIUM
2026-08-26T19:40:00,52.02,3.4,0.0,-5.87,0.0,55.98,0.0,19.9,heavy_rain,MEDIUM
2026-08-26T19:50:00,56.01,3.4,0.0,3.99,0.0,55.68,0.0,19.4,heavy_rain,MEDIUM
2026-08-26T20:00:00,58.95,3.4,0.0,2.94,0.0,55.83,0.0,19.4,heavy_rain,MEDIUM
2026-08-26T20:10:00,60.68,3.4,0.0,1.73,0.0,56.13,0.0,19.1,heavy_rain,MEDIUM
2026-08-26T20:20:00,53.23,3.4,0.0,-7.45,0.0,56.09,0.0,20.4,heavy_rain,MEDIUM
2026-08-26T20:30:00,58.43,3.4,0.0,5.19,0.0,56.45,0.0,19.8,heavy_rain,MEDIUM
2026-08-26T20:40:00,59.63,3.4,0.0,1.21,0.0,56.73,0.0,19.4,heavy_rain,MEDIUM
2026-08-26T20:50:00,53.79,3.4,0.0,-5.84,0.0,56.62,0.0,19.7,heavy_rain,MEDIUM
2026-08-26T21:00:00,58.17,3.4,0.0,4.39,0.0,56.73,0.0,18.4,heavy_rain,MEDIUM
2026-08-26T21:10:00,53.77,3.4,0.0,-4.4,0.0,56.53,0.0,19.8,heavy_rain,MEDIUM
2026-08-26T21:20:00,57.95,3.4,0.0,4.18,0.0,56.83,0.0,20.3,heavy_rain,MEDIUM
2026-08-26T21:30:00,59.01,3.4,0.0,1.06,0.0,57.05,0.0,20.1,heavy_rain,MEDIUM
2026-08-26T21:40:00,58.99,3.4,0.0,-0.02,0.0,57.04,0.0,19.3,heavy_rain,MEDIUM
2026-08-26T21:50:00,56.16,3.4,0.0,-2.83,0.0,57.05,0.0,19.7,heavy_rain,MEDIUM
2026-08-26T22:00:00,55.47,3.4,0.0,-0.69,0.0,57.01,0.0,19.9,heavy_rain,MEDIUM
2026-08-26T22:10:00,61.54,3.4,0.0,6.07,0.0,57.19,0.0,19.7,heavy_rain,MEDIUM
2026-08-26T22:20:00,60.57,3.4,0.0,-0.97,0.0,57.35,0.0,20.1,heavy_rain,MEDIUM
2026-08-26T22:30:00,62.4,3.4,0.0,1.83,0.0,57.6,0.0,19.8,heavy_rain,MEDIUM
2026-08-26T22:40:00,67.26,3.4,0.0,4.86,0.0,58.45,0.0,19.5,heavy_rain,MEDIUM
2026-08-26T22:50:00,62.52,3.4,0.0,-4.74,0.0,58.81,0.0,19.9,heavy_rain,MEDIUM
2026-08-26T23:00:00,60.87,3.4,0.0,-1.65,0.0,58.91,0.0,19.6,heavy_rain,MEDIUM
2026-08-26T23:10:00,62.21,3.4,0.0,1.34,0.0,59.0,0.0,20.3,heavy_rain,MEDIUM
2026-08-26T23:20:00,61.27,3.4,0.0,-0.95,0.0,59.45,0.0,20.1,heavy_rain,MEDIUM
2026-08-26T23:30:00,55.0,3.4,0.0,-6.27,0.0,59.26,0.0,19.0,heavy_rain,MEDIUM
2026-08-26T23:40:00,57.57,3.4,0.0,2.57,0.0,59.14,0.0,19.6,heavy_rain,MEDIUM
2026-08-26T23:50:00,52.24,3.4,0.0,-5.33,0.0,59.06,0.0,19.8,heavy_rain,MEDIUM
2026-08-27T00:00:00,54.54,3.4,0.0,2.3,0.0,58.85,0.0,19.3,heavy_rain,MEDIUM
2026-08-27T00:10:00,55.64,3.4,0.0,1.1,0.0,58.96,0.0,19.2,heavy_rain,MEDIUM
2026-08-27T00:20:00,57.25,3.4,0.0,1.61,0.0,58.92,0.0,20.3,heavy_rain,MEDIUM
2026-08-27T00:30:00,55.67,3.4,0.0,-1.57,0.0,58.73,0.0,19.8,heavy_rain,MEDIUM
2026-08-27T00:40:00,54.31,3.4,0.0,-1.36,0.0,58.47,0.0,20.2,heavy_rain,MEDIUM
2026-08-27T00:50:00,59.9,3.4,0.0,5.59,0.0,58.68,0.0,19.0,heavy_rain,MEDIUM
2026-08-27T01:00:00,59.12,3.4,0.0,-0.78,0.0,58.88,0.0,19.0,heavy_rain,MEDIUM
2026-08-27T01:10:00,61.51,3.4,0.0,2.38,0.0,58.88,0.0,19.3,heavy_rain,MEDIUM
2026-08-27T01:20:00,58.44,3.4,0.0,-3.06,0.0,58.76,0.0,20.0,heavy_rain,MEDIUM
2026-08-27T01:30:00,51.76,3.4,0.0,-6.68,0.0,58.17,0.0,19.4,heavy_rain,MEDIUM
2026-08-27T01:40:00,46.97,3.4,0.0,-4.78,0.0,57.04,0.0,19.8,heavy_rain,MEDIUM
2026-08-27T01:50:00,55.2,3.4,0.0,8.23,0.0,56.64,0.0,19.4,heavy_rain,MEDIUM
2026-08-27T02:00:00,57.08,3.4,0.0,1.88,0.0,56.43,0.0,19.4,heavy_rain,MEDIUM
2026-08-27T02:10:00,58.1,3.4,0.0,1.02,0.0,56.2,0.0,19.3,heavy_rain,MEDIUM
2026-08-27T02:20:00,55.98,3.4,0.0,-2.12,0.0,55.91,0.0,19.4,heavy_rain,MEDIUM
2026-08-27T02:30:00,52.03,3.4,0.0,-3.95,0.0,55.74,0.0,19.8,heavy_rain,MEDIUM
2026-08-27T02:40:00,49.87,3.4,0.0,-2.16,0.0,55.31,0.0,19.5,heavy_rain,MEDIUM
2026-08-27T02:50:00,53.18,3.4,0.0,3.31,0.0,55.36,0.0,19.6,heavy_rain,MEDIUM
2026-08-27T03:00:00,60.48,3.4,0.0,7.3,0.0,55.7,0.0,19.6,heavy_rain,MEDIUM
2026-08-27T03:10:00,60.81,3.4,0.0,0.33,0.0,55.98,0.0,20.0,heavy_rain,MEDIUM
2026-08-27T03:20:00,53.59,3.4,0.0,-7.22,0.0,55.78,0.0,19.2,heavy_rain,MEDIUM
2026-08-27T03:30:00,48.12,3.4,0.0,-5.47,0.0,55.36,0.0,19.7,heavy_rain,MEDIUM
2026-08-27T03:40:00,53.11,3.4,0.0,4.99,0.0,55.29,0.0,19.7,heavy_rain,MEDIUM
2026-08-27T03:50:00,57.25,3.4,0.0,4.14,0.0,55.15,0.0,19.7,heavy_rain,MEDIUM
2026-08-27T04:00:00,62.63,3.4,0.0,5.38,0.0,55.34,0.0,19.0,heavy_rain,MEDIUM
2026-08-27T04:10:00,63.28,3.4,0.0,0.65,0.0,55.44,0.0,19.5,heavy_rain,MEDIUM
2026-08-27T04:20:00,66.31,3.4,0.0,3.02,0.0,55.88,0.0,19.8,heavy_rain,MEDIUM
2026-08-27T04:30:00,64.7,3.4,0.0,-1.61,0.0,56.6,0.0,19.8,heavy_rain,MEDIUM
2026-08-27T04:40:00,52.45,3.4,0.0,-12.25,0.0,56.9,0.0,19.5,heavy_rain,MEDIUM
2026-08-27T04:50:00,58.29,3.4,0.0,5.84,0.0,57.07,0.0,19.8,heavy_rain,MEDIUM
2026-08-27T05:00:00,59.06,3.4,0.0,0.77,0.0,57.18,0.0,19.4,heavy_rain,MEDIUM
2026-08-27T05:10:00,63.94,3.4,0.0,4.88,0.0,57.51,0.0,19.3,heavy_rain,MEDIUM
2026-08-27T05:20:00,58.29,3.4,0.0,-5.65,0.0,57.63,0.0,19.7,heavy_rain,MEDIUM
2026-08-27T05:30:00,54.53,3.4,0.0,-3.76,0.0,57.77,0.0,19.1,heavy_rain,MEDIUM
2026-08-27T05:40:00,50.94,3.4,0.0,-3.59,0.0,57.83,0.0,19.1,heavy_rain,MEDIUM
2026-08-27T05:50:00,52.75,3.4,0.0,1.81,0.0,57.81,0.0,19.0,heavy_rain,MEDIUM
2026-08-27T06:00:00,57.25,3.4,0.0,4.49,0.0,57.63,0.0,19.9,heavy_rain,MEDIUM
2026-08-27T06:10:00,53.03,3.4,0.0,-4.22,0.0,57.2,0.0,19.9,heavy_rain,MEDIUM
2026-08-27T06:20:00,54.22,3.4,0.0,1.2,0.0,57.23,0.0,19.7,heavy_rain,MEDIUM
2026-08-27T06:30:00,53.89,3.4,0.0,-0.34,0.0,57.55,0.0,19.9,heavy_rain,MEDIUM
2026-08-27T06:40:00,47.48,3.4,0.0,-6.41,0.0,57.24,0.0,19.2,heavy_rain,MEDIUM
2026-08-27T06:50:00,54.17,3.4,0.0,6.7,0.0,57.07,0.0,19.9,heavy_rain,MEDIUM
2026-08-27T07:00:00,48.96,3.4,0.0,-5.22,0.0,56.31,0.0,19.4,heavy_rain,MEDIUM
2026-08-27T07:10:00,47.72,3.4,0.0,-1.24,0.0,55.44,0.0,20.2,heavy_rain,MEDIUM
2026-08-27T07:20:00,47.08,3.4,0.0,-0.64,0.0,54.37,0.0,19.0,heavy_rain,MEDIUM
2026-08-27T07:30:00,52.66,3.4,0.0,5.58,0.0,53.71,0.0,18.5,heavy_rain,MEDIUM
2026-08-27T07:40:00,54.72,3.4,0.0,2.06,0.0,53.83,0.0,18.9,heavy_rain,MEDIUM
2026-08-27T07:50:00,53.04,3.4,0.0,-1.69,0.0,53.54,0.0,18.9,heavy_rain,MEDIUM
2026-08-27T08:00:00,51.56,3.4,0.0,-1.48,0.0,53.12,0.0,20.1,heavy_rain,MEDIUM
2026-08-27T08:10:00,59.06,3.4,0.0,7.5,0.0,52.85,0.0,19.2,heavy_rain,MEDIUM
2026-08-27T08:20:00,60.4,3.4,0.0,1.35,0.0,52.97,0.0,20.1,heavy_rain,MEDIUM
2026-08-27T08:30:00,58.85,3.4,0.0,-1.55,0.0,53.21,0.0,19.6,heavy_rain,MEDIUM
2026-08-27T08:40:00,54.95,3.4,0.0,-3.9,0.0,53.43,0.0,20.0,heavy_rain,MEDIUM
2026-08-27T08:50:00,55.11,3.4,0.0,0.16,0.0,53.56,0.0,19.7,heavy_rain,MEDIUM
2026-08-27T09:00:00,56.78,3.4,0.0,1.67,0.0,53.54,0.0,19.0,heavy_rain,MEDIUM
2026-08-27T09:10:00,57.94,3.4,0.0,1.16,0.0,53.81,0.0,19.5,heavy_rain,MEDIUM
2026-08-27T09:20:00,56.61,3.4,0.0,-1.33,0.0,53.94,0.0,19.1,heavy_rain,MEDIUM
2026-08-27T09:30:00,54.13,3.4,0.0,-2.48,0.0,53.96,0.0,19.8,heavy_rain,MEDIUM
2026-08-27T09:40:00,48.29,3.4,0.0,-5.84,0.0,54.0,0.0,19.7,heavy_rain,MEDIUM
2026-08-27T09:50:00,52.55,3.4,0.0,4.26,0.0,53.91,0.0,18.7,heavy_rain,MEDIUM
2026-08-27T10:00:00,57.44,3.4,0.0,4.88,0.0,54.38,0.0,19.4,heavy_rain,MEDIUM
2026-08-27T10:10:00,57.81,3.4,0.0,0.37,0.0,54.94,0.0,20.0,heavy_rain,MEDIUM
2026-08-27T10:20:00,55.11,3.4,0.0,-2.7,0.0,55.39,0.0,19.2,heavy_rain,MEDIUM
2026-08-27T10:30:00,56.71,3.4,0.0,1.59,0.0,55.62,0.0,19.0,heavy_rain,MEDIUM
2026-08-27T10:40:00,58.53,3.4,0.0,1.82,0.0,55.83,0.0,19.1,heavy_rain,MEDIUM
2026-08-27T10:50:00,55.76,3.4,0.0,-2.77,0.0,55.98,0.0,19.7,heavy_rain,MEDIUM
2026-08-27T11:00:00,55.87,3.4,0.0,0.11,0.0,56.22,0.0,20.2,heavy_rain,MEDIUM
2026-08-27T11:10:00,60.07,3.4,0.0,4.21,0.0,56.27,0.0,19.7,heavy_rain,MEDIUM
2026-08-27T11:20:00,57.65,3.4,0.0,-2.42,0.0,56.12,0.0,19.3,heavy_rain,MEDIUM
2026-08-27T11:30:00,61.23,3.4,0.0,3.58,0.0,56.25,0.0,19.5,heavy_rain,MEDIUM
2026-08-27T11:40:00,54.76,3.4,0.0,-6.46,0.0,56.24,0.0,19.6,heavy_rain,MEDIUM
2026-08-27T11:50:00,52.2,3.4,0.0,-2.56,0.0,56.08,0.0,18.9,heavy_rain,MEDIUM
2026-08-27T12:00:00,43.67,3.359,-0.2436,-8.54,-0.0406,55.35,-0.041,21.0,normal,MEDIUM
2026-08-27T12:10:00,36.56,3.279,-0.483,-7.11,-0.0805,54.16,-0.121,20.9,normal,MEDIUM
2026-08-27T12:20:00,30.58,3.184,-0.5682,-5.97,-0.0947,52.72,-0.216,20.4,normal,MEDIUM
2026-08-27T12:30:00,24.94,3.07,-0.6822,-5.64,-0.1137,51.1,-0.33,20.8,normal,MEDIUM
2026-08-27T12:40:00,21.11,2.934,-0.8166,-3.83,-0.1361,49.59,-0.466,20.3,normal,MEDIUM
2026-08-27T12:50:00,19.06,2.815,-0.7158,-2.05,-0.1193,47.73,-0.585,20.5,normal,MEDIUM
2026-08-27T13:00:00,16.17,2.736,-0.4746,-2.89,-0.0791,45.43,-0.664,21.0,normal,MEDIUM
2026-08-27T13:10:00,14.44,2.638,-0.5862,-1.73,-0.0977,43.02,-0.762,21.0,normal,MEDIUM
2026-08-27T13:20:00,12.9,2.518,-0.7242,-1.54,-0.1207,40.68,-0.882,20.4,normal,MEDIUM
2026-08-27T13:30:00,12.48,2.399,-0.7098,-0.42,-0.1183,38.22,-1.001,20.4,normal,MEDIUM
2026-08-27T13:40:00,11.74,2.303,-0.5802,-0.74,-0.0967,35.62,-1.097,20.5,normal,MEDIUM
2026-08-27T13:50:00,10.65,2.232,-0.4254,-1.09,-0.0709,33.12,-1.168,20.9,normal,MEDIUM
2026-08-27T14:00:00,8.31,2.178,-0.321,-2.34,-0.0535,30.47,-1.222,21.7,normal,MEDIUM
2026-08-27T14:10:00,7.76,2.095,-0.501,-0.55,-0.0835,27.57,-1.305,20.3,normal,MEDIUM
2026-08-27T14:20:00,6.59,2.014,-0.483,-1.18,-0.0805,24.73,-1.386,21.3,normal,MEDIUM
2026-08-27T14:30:00,5.28,1.942,-0.435,-1.31,-0.0725,21.62,-1.458,21.3,normal,LOW
2026-08-27T14:40:00,5.17,1.869,-0.438,-0.11,-0.073,18.87,-1.531,20.9,normal,LOW
2026-08-27T14:50:00,5.56,1.825,-0.2586,0.39,-0.0431,16.28,-1.534,21.4,normal,LOW
2026-08-27T15:00:00,4.87,1.771,-0.3294,-0.69,-0.0549,14.12,-1.508,20.6,normal,LOW
2026-08-27T15:10:00,5.25,1.714,-0.3408,0.38,-0.0568,12.38,-1.47,20.9,normal,LOW
2026-08-27T15:20:00,5.78,1.65,-0.3846,0.53,-0.0641,11.01,-1.421,21.4,normal,LOW
2026-08-27T15:30:00,7.36,1.592,-0.3432,1.57,-0.0572,10.03,-1.342,21.5,normal,LOW
2026-08-27T15:40:00,7.63,1.567,-0.1494,0.27,-0.0249,9.28,-1.248,21.1,normal,LOW
2026-08-27T15:50:00,6.09,1.523,-0.2682,-1.54,-0.0447,8.56,-1.213,21.2,normal,LOW
2026-08-27T16:00:00,4.45,1.471,-0.3102,-1.65,-0.0517,7.91,-1.167,20.9,normal,LOW
2026-08-27T16:10:00,3.8,1.43,-0.2484,-0.64,-0.0414,7.32,-1.088,21.2,normal,LOW
2026-08-27T16:20:00,4.6,1.431,0.0054,0.79,0.0009,6.85,-0.969,21.6,normal,LOW
2026-08-27T16:30:00,4.4,1.449,0.1098,-0.19,0.0183,6.41,-0.854,21.2,normal,LOW
2026-08-27T16:40:00,3.28,1.406,-0.2574,-1.12,-0.0429,5.94,-0.826,21.0,normal,LOW
2026-08-27T16:50:00,4.87,1.394,-0.0714,1.59,-0.0119,5.61,-0.784,21.2,normal,LOW
2026-08-27T17:00:00,5.77,1.412,0.1104,0.9,0.0184,5.47,-0.682,21.3,normal,LOW
2026-08-27T17:10:00,5.21,1.397,-0.0948,-0.56,-0.0158,5.33,-0.617,21.8,normal,LOW
2026-08-27T17:20:00,4.78,1.376,-0.1212,-0.43,-0.0202,5.23,-0.565,22.1,normal,LOW
2026-08-27T17:30:00,3.92,1.392,0.0954,-0.86,0.0159,5.16,-0.476,21.7,normal,LOW
2026-08-27T17:40:00,4.32,1.388,-0.0252,0.4,-0.0042,5.11,-0.437,21.7,normal,LOW
2026-08-27T17:50:00,4.91,1.384,-0.0222,0.59,-0.0037,5.07,-0.386,21.5,normal,LOW
2026-08-27T18:00:00,6.45,1.401,0.0972,1.54,0.0162,5.16,-0.313,21.6,normal,LOW
2026-08-27T18:10:00,7.41,1.446,0.2736,0.96,0.0456,5.28,-0.204,21.4,normal,LOW
2026-08-27T18:20:00,6.39,1.437,-0.054,-1.01,-0.009,5.31,-0.155,20.9,normal,LOW
2026-08-27T18:30:00,5.34,1.415,-0.1326,-1.05,-0.0221,5.2,-0.152,21.5,normal,LOW
2026-08-27T18:40:00,4.59,1.409,-0.0342,-0.75,-0.0057,5.03,-0.113,21.2,normal,LOW
2026-08-27T18:50:00,4.29,1.407,-0.015,-0.31,-0.0025,4.93,-0.064,21.7,normal,LOW
2026-08-27T19:00:00,4.85,1.413,0.039,0.56,0.0065,4.96,-0.016,21.0,normal,LOW
2026-08-27T19:10:00,6.58,1.404,-0.0558,1.73,-0.0093,5.11,-0.027,21.7,normal,LOW
2026-08-27T19:20:00,6.55,1.398,-0.036,-0.03,-0.006,5.22,-0.051,21.9,normal,LOW
2026-08-27T19:30:00,6.22,1.382,-0.0936,-0.33,-0.0156,5.32,-0.023,22.4,normal,LOW
2026-08-27T19:40:00,6.45,1.413,0.186,0.22,0.031,5.5,0.019,22.3,normal,LOW
2026-08-27T19:50:00,6.15,1.41,-0.0216,-0.3,-0.0036,5.57,-0.003,22.0,normal,LOW
2026-08-27T20:00:00,6.42,1.365,-0.2718,0.26,-0.0453,5.6,-0.032,22.3,normal,LOW
2026-08-27T20:10:00,5.56,1.356,-0.0534,-0.86,-0.0089,5.62,-0.021,22.4,normal,LOW
2026-08-27T20:20:00,5.87,1.386,0.1794,0.31,0.0299,5.68,-0.007,22.1,normal,LOW
2026-08-27T20:30:00,5.56,1.394,0.0486,-0.31,0.0081,5.77,0.006,22.2,normal,LOW
2026-08-27T20:40:00,6.12,1.361,-0.1968,0.56,-0.0328,5.87,-0.023,22.6,normal,LOW
2026-08-27T20:50:00,6.17,1.323,-0.2292,0.05,-0.0382,5.94,-0.078,22.0,normal,LOW
2026-08-27T21:00:00,6.17,1.344,0.1302,0.0,0.0217,5.93,-0.102,22.5,normal,LOW
2026-08-27T21:10:00,7.7,1.35,0.0336,1.52,0.0056,5.94,-0.087,22.8,normal,LOW
2026-08-27T21:20:00,5.81,1.355,0.0318,-1.89,0.0053,5.91,-0.06,22.5,normal,LOW
2026-08-27T21:30:00,6.09,1.357,0.0132,0.28,0.0022,5.95,-0.052,22.3,normal,LOW
2026-08-27T21:40:00,7.01,1.347,-0.063,0.92,-0.0105,6.09,-0.06,22.4,normal,LOW
2026-08-27T21:50:00,6.87,1.334,-0.0798,-0.14,-0.0133,6.23,-0.08,23.3,normal,LOW
2026-08-27T22:00:00,5.01,1.331,-0.018,-1.86,-0.003,6.24,-0.073,22.5,normal,LOW
2026-08-27T22:10:00,3.97,1.317,-0.0846,-1.04,-0.0141,6.09,-0.082,22.6,normal,LOW
2026-08-27T22:20:00,4.24,1.317,0.0012,0.27,0.0002,5.97,-0.066,22.7,normal,LOW
2026-08-27T22:30:00,5.02,1.336,0.117,0.79,0.0195,5.9,-0.077,22.7,normal,LOW
2026-08-27T22:40:00,4.57,1.362,0.1542,-0.45,0.0257,5.79,-0.048,22.4,normal,LOW
2026-08-27T22:50:00,3.82,1.353,-0.0504,-0.74,-0.0084,5.66,-0.011,22.9,normal,LOW
2026-08-27T23:00:00,3.98,1.364,0.0612,0.16,0.0102,5.53,0.008,23.0,normal,LOW
2026-08-27T23:10:00,3.28,1.365,0.0054,-0.7,0.0009,5.4,-0.021,23.2,normal,LOW
2026-08-27T23:20:00,3.48,1.325,-0.2376,0.19,-0.0396,5.27,-0.069,23.3,normal,LOW
2026-08-27T23:30:00,1.66,1.309,-0.099,-1.81,-0.0165,5.05,-0.052,22.9,normal,LOW
2026-08-27T23:40:00,3.26,1.295,-0.0792,1.6,-0.0132,4.89,-0.027,22.9,normal,LOW
2026-08-27T23:50:00,3.99,1.289,-0.0402,0.73,-0.0067,4.77,-0.056,22.5,normal,LOW
2026-08-28T00:00:00,5.8,1.267,-0.132,1.81,-0.022,4.75,-0.083,22.8,normal,LOW
2026-08-28T00:10:00,5.95,1.28,0.0786,0.15,0.0131,4.66,-0.076,23.5,normal,LOW
2026-08-28T00:20:00,6.8,1.27,-0.057,0.85,-0.0095,4.71,-0.087,23.3,normal,LOW
2026-08-28T00:30:00,6.36,1.267,-0.0216,-0.44,-0.0036,4.73,-0.08,23.3,normal,LOW
2026-08-28T00:40:00,5.99,1.284,0.1044,-0.37,0.0174,4.67,-0.05,23.0,normal,LOW
2026-08-28T00:50:00,4.97,1.294,0.0594,-1.02,0.0099,4.56,-0.037,23.8,normal,LOW
2026-08-28T01:00:00,6.45,1.336,0.2538,1.48,0.0423,4.64,0.02,23.0,normal,LOW
2026-08-28T01:10:00,6.35,1.347,0.0648,-0.11,0.0108,4.78,0.03,23.5,normal,LOW
2026-08-28T01:20:00,5.85,1.332,-0.0918,-0.5,-0.0153,4.87,-0.004,23.5,normal,LOW
2026-08-28T01:30:00,5.0,1.324,-0.048,-0.84,-0.008,4.87,-0.038,23.1,normal,LOW
2026-08-28T01:40:00,4.59,1.335,0.0696,-0.41,0.0116,4.87,-0.018,23.3,normal,LOW
2026-08-28T01:50:00,4.36,1.35,0.09,-0.23,0.015,4.9,-0.013,23.6,normal,LOW
2026-08-28T02:00:00,6.01,1.357,0.0372,1.65,0.0062,5.01,-0.008,23.7,normal,LOW
2026-08-28T02:10:00,5.16,1.35,-0.0402,-0.85,-0.0067,5.11,0.025,23.2,normal,LOW
2026-08-28T02:20:00,5.13,1.357,0.042,-0.03,0.007,5.21,0.048,22.8,normal,LOW
2026-08-28T02:30:00,5.51,1.36,0.0192,0.38,0.0032,5.42,0.065,23.9,normal,LOW
2026-08-28T02:40:00,6.57,1.369,0.0552,1.06,0.0092,5.6,0.081,24.3,normal,LOW
2026-08-28T02:50:00,7.03,1.383,0.081,0.46,0.0135,5.77,0.116,23.8,normal,LOW
2026-08-28T03:00:00,17.19,1.8,2.5032,10.16,0.4172,6.4,0.52,19.7,heavy_rain,LOW
2026-08-28T03:10:00,33.47,1.803,0.0168,16.28,0.0028,7.93,0.533,19.9,heavy_rain,LOW
2026-08-28T03:20:00,38.78,1.81,0.0408,5.31,0.0068,9.71,0.543,19.5,heavy_rain,LOW
2026-08-28T03:30:00,49.91,1.807,-0.0132,11.13,-0.0022,12.13,0.523,19.9,heavy_rain,LOW
2026-08-28T03:40:00,53.97,1.829,0.1278,4.06,0.0213,14.79,0.535,19.3,heavy_rain,MEDIUM
2026-08-28T03:50:00,57.93,1.833,0.0246,3.96,0.0041,17.74,0.496,19.7,heavy_rain,LOW
2026-08-28T04:00:00,59.7,1.866,0.2022,1.77,0.0337,20.69,0.519,19.1,heavy_rain,MEDIUM
2026-08-28T04:10:00,52.73,1.874,0.0474,-6.97,0.0079,23.27,0.543,19.7,heavy_rain,LOW
2026-08-28T04:20:00,55.36,1.888,0.084,2.64,0.014,26.02,0.565,19.2,heavy_rain,MEDIUM
2026-08-28T04:30:00,51.69,1.891,0.0162,-3.68,0.0027,28.62,0.556,19.9,heavy_rain,LOW
2026-08-28T04:40:00,50.38,1.919,0.1674,-1.31,0.0279,31.16,0.569,19.4,heavy_rain,MEDIUM
2026-08-28T04:50:00,46.75,1.928,0.054,-3.62,0.009,33.51,0.571,19.2,heavy_rain,LOW
2026-08-28T05:00:00,46.51,1.954,0.1548,-0.24,0.0258,35.76,0.604,19.7,heavy_rain,MEDIUM
2026-08-28T05:10:00,52.82,1.944,-0.0558,6.31,-0.0093,38.41,0.588,19.4,heavy_rain,LOW
2026-08-28T05:20:00,52.12,1.959,0.0858,-0.7,0.0143,41.02,0.599,19.5,heavy_rain,MEDIUM
2026-08-28T05:30:00,47.88,1.966,0.0462,-4.24,0.0077,43.38,0.597,19.1,heavy_rain,LOW
2026-08-28T05:40:00,47.37,1.986,0.1146,-0.51,0.0191,45.64,0.603,19.5,heavy_rain,MEDIUM
2026-08-28T05:50:00,48.98,2.003,0.1014,1.61,0.0169,47.97,0.203,18.9,heavy_rain,MEDIUM
2026-08-28T06:00:00,45.55,2.017,0.0846,-3.43,0.0141,49.55,0.214,19.2,heavy_rain,MEDIUM
2026-08-28T06:10:00,51.41,2.044,0.165,5.85,0.0275,50.55,0.235,19.6,heavy_rain,MEDIUM
2026-08-28T06:20:00,48.16,2.085,0.2472,-3.24,0.0412,51.07,0.278,19.2,heavy_rain,MEDIUM
2026-08-28T06:30:00,50.25,2.118,0.1974,2.08,0.0329,51.09,0.29,19.2,heavy_rain,MEDIUM
2026-08-28T06:40:00,51.1,2.133,0.09,0.85,0.015,50.93,0.301,19.9,heavy_rain,MEDIUM
2026-08-28T06:50:00,53.68,2.178,0.267,2.58,0.0445,50.69,0.311,19.4,heavy_rain,MEDIUM
2026-08-28T07:00:00,58.01,2.191,0.0822,4.33,0.0137,50.6,0.317,19.1,heavy_rain,MEDIUM
2026-08-28T07:10:00,59.24,2.223,0.1872,1.23,0.0312,50.96,0.334,20.0,heavy_rain,MEDIUM
2026-08-28T07:20:00,57.49,2.243,0.1218,-1.76,0.0203,51.08,0.352,20.0,heavy_rain,MEDIUM
2026-08-28T07:30:00,51.58,2.26,0.0996,-5.91,0.0166,51.07,0.341,19.2,heavy_rain,MEDIUM
2026-08-28T07:40:00,48.13,2.292,0.1956,-3.46,0.0326,50.95,0.364,20.2,heavy_rain,MEDIUM
2026-08-28T07:50:00,54.88,2.309,0.0996,6.75,0.0166,51.4,0.355,19.6,heavy_rain,MEDIUM
2026-08-28T08:00:00,51.22,2.312,0.0192,-3.66,0.0032,51.66,0.367,19.6,heavy_rain,MEDIUM
2026-08-28T08:10:00,56.76,2.339,0.165,5.54,0.0275,51.88,0.381,19.3,heavy_rain,MEDIUM
2026-08-28T08:20:00,59.79,2.369,0.1752,3.03,0.0292,52.3,0.402,19.5,heavy_rain,MEDIUM
2026-08-28T08:30:00,59.56,2.39,0.1278,-0.23,0.0213,52.95,0.404,19.5,heavy_rain,MEDIUM
2026-08-28T08:40:00,58.16,2.417,0.1614,-1.4,0.0269,53.55,0.414,20.0,heavy_rain,MEDIUM
2026-08-28T08:50:00,60.14,2.441,0.1446,1.97,0.0241,54.17,0.424,19.1,heavy_rain,MEDIUM
2026-08-28T09:00:00,59.9,2.475,0.2046,-0.23,0.0341,54.97,0.431,19.9,heavy_rain,MEDIUM
2026-08-28T09:10:00,54.1,2.501,0.156,-5.81,0.026,55.12,0.416,19.3,heavy_rain,MEDIUM
2026-08-28T09:20:00,51.06,2.526,0.1518,-3.03,0.0253,55.28,0.408,19.4,heavy_rain,MEDIUM
2026-08-28T09:30:00,54.2,2.549,0.1362,3.14,0.0227,55.5,0.416,19.3,heavy_rain,MEDIUM
2026-08-28T09:40:00,55.96,2.561,0.0696,1.76,0.0116,55.77,0.383,18.9,heavy_rain,MEDIUM
2026-08-28T09:50:00,50.22,2.592,0.1884,-5.74,0.0314,55.58,0.4,19.0,heavy_rain,MEDIUM
2026-08-28T10:00:00,52.41,2.619,0.1626,2.19,0.0271,55.27,0.396,19.8,heavy_rain,MEDIUM
2026-08-28T10:10:00,53.52,2.655,0.216,1.1,0.036,54.95,0.412,19.5,heavy_rain,MEDIUM
2026-08-28T10:20:00,50.43,2.693,0.228,-3.08,0.038,54.56,0.434,19.4,heavy_rain,MEDIUM
2026-08-28T10:30:00,48.23,2.71,0.099,-2.2,0.0165,54.37,0.418,19.5,heavy_rain,MEDIUM
2026-08-28T10:40:00,47.92,2.725,0.093,-0.3,0.0155,54.36,0.416,20.4,heavy_rain,MEDIUM
2026-08-28T10:50:00,56.54,2.733,0.0468,8.62,0.0078,54.45,0.421,19.9,heavy_rain,MEDIUM
2026-08-28T11:00:00,56.94,2.744,0.0642,0.4,0.0107,54.77,0.404,19.9,heavy_rain,MEDIUM
2026-08-28T11:10:00,54.78,2.78,0.2196,-2.16,0.0366,54.66,0.412,19.6,heavy_rain,MEDIUM
2026-08-28T11:20:00,51.95,2.802,0.1308,-2.83,0.0218,54.22,0.412,19.7,heavy_rain,MEDIUM
2026-08-28T11:30:00,55.09,2.832,0.1818,3.14,0.0303,53.98,0.416,18.9,heavy_rain,MEDIUM
2026-08-28T11:40:00,58.43,2.846,0.084,3.34,0.014,53.99,0.406,19.3,heavy_rain,MEDIUM
2026-08-28T11:50:00,59.77,2.87,0.1398,1.34,0.0233,53.97,0.395,19.5,heavy_rain,MEDIUM
2026-08-28T12:00:00,53.69,2.873,0.0204,-6.08,0.0034,53.63,0.372,19.6,heavy_rain,MEDIUM
2026-08-28T12:10:00,51.01,2.901,0.1686,-2.68,0.0281,53.45,0.375,19.7,heavy_rain,MEDIUM
2026-08-28T12:20:00,60.24,2.929,0.1674,9.22,0.0279,53.96,0.38,19.5,heavy_rain,MEDIUM
2026-08-28T12:30:00,56.07,2.959,0.1806,-4.17,0.0301,54.07,0.399,19.5,heavy_rain,MEDIUM
2026-08-28T12:40:00,58.44,2.976,0.102,2.37,0.017,54.2,0.384,19.5,heavy_rain,MEDIUM
2026-08-28T12:50:00,61.83,2.986,0.0606,3.39,0.0101,54.85,0.367,19.4,heavy_rain,MEDIUM
2026-08-28T13:00:00,62.1,2.991,0.0288,0.27,0.0048,55.39,0.336,19.4,heavy_rain,MEDIUM
2026-08-28T13:10:00,60.13,3.002,0.0636,-1.98,0.0106,55.76,0.309,19.9,heavy_rain,MEDIUM
2026-08-28T13:20:00,62.63,3.024,0.132,2.5,0.022,56.43,0.314,20.1,heavy_rain,MEDIUM
2026-08-28T13:30:00,61.86,3.044,0.1242,-0.77,0.0207,57.19,0.319,19.8,heavy_rain,MEDIUM
2026-08-28T13:40:00,57.81,3.079,0.2052,-4.05,0.0342,57.74,0.346,19.9,heavy_rain,MEDIUM
2026-08-28T13:50:00,56.39,3.107,0.1698,-1.43,0.0283,57.73,0.363,19.6,heavy_rain,MEDIUM
2026-08-28T14:00:00,52.82,3.136,0.1752,-3.57,0.0292,57.5,0.356,19.8,heavy_rain,MEDIUM
2026-08-28T14:10:00,51.92,3.16,0.1422,-0.89,0.0237,57.34,0.358,19.3,heavy_rain,MEDIUM
2026-08-28T14:20:00,45.18,3.178,0.1104,-6.74,0.0184,56.97,0.346,19.6,heavy_rain,MEDIUM
2026-08-28T14:30:00,48.77,3.197,0.1116,3.59,0.0186,56.62,0.351,19.2,heavy_rain,MEDIUM
2026-08-28T14:40:00,47.51,3.206,0.0516,-1.26,0.0086,56.01,0.336,19.0,heavy_rain,MEDIUM
2026-08-28T14:50:00,54.25,3.233,0.1668,6.74,0.0278,55.7,0.36,19.9,heavy_rain,MEDIUM
2026-08-28T15:00:00,50.8,3.253,0.1176,-3.45,0.0196,55.54,0.352,19.7,heavy_rain,MEDIUM
2026-08-28T15:10:00,58.11,3.272,0.1116,7.31,0.0186,55.94,0.342,19.9,heavy_rain,MEDIUM
2026-08-28T15:20:00,62.64,3.286,0.0846,4.53,0.0141,56.07,0.326,18.8,heavy_rain,MEDIUM
2026-08-28T15:30:00,65.48,3.301,0.0912,2.84,0.0152,56.59,0.325,19.5,heavy_rain,MEDIUM
2026-08-28T15:40:00,57.53,3.316,0.0882,-7.95,0.0147,56.54,0.329,19.1,heavy_rain,MEDIUM
2026-08-28T15:50:00,62.14,3.336,0.12,4.61,0.02,56.56,0.344,19.5,heavy_rain,MEDIUM
2026-08-28T16:00:00,60.87,3.36,0.1458,-1.27,0.0243,56.49,0.358,18.9,heavy_rain,MEDIUM
2026-08-28T16:10:00,55.94,3.387,0.1614,-4.93,0.0269,56.26,0.363,19.6,heavy_rain,MEDIUM
2026-08-28T16:20:00,58.95,3.4,0.0798,3.01,0.0133,56.05,0.356,19.9,heavy_rain,MEDIUM
2026-08-28T16:30:00,62.6,3.4,0.0,3.65,0.0,56.09,0.321,19.1,heavy_rain,MEDIUM
2026-08-28T16:40:00,55.74,3.4,0.0,-6.86,0.0,55.98,0.293,19.0,heavy_rain,MEDIUM
2026-08-28T16:50:00,55.11,3.4,0.0,-0.63,0.0,55.91,0.264,19.3,heavy_rain,MEDIUM
2026-08-28T17:00:00,52.74,3.4,0.0,-2.37,0.0,55.9,0.24,20.2,heavy_rain,MEDIUM
2026-08-28T17:10:00,52.01,3.4,0.0,-0.73,0.0,55.91,0.222,18.9,heavy_rain,MEDIUM
2026-08-28T17:20:00,53.02,3.4,0.0,1.02,0.0,56.34,0.203,19.6,heavy_rain,MEDIUM
2026-08-28T17:30:00,56.09,3.4,0.0,3.07,0.0,56.75,0.194,19.7,heavy_rain,MEDIUM
2026-08-28T17:40:00,59.99,3.4,0.0,3.9,0.0,57.44,0.167,19.8,heavy_rain,MEDIUM
2026-08-28T17:50:00,65.39,3.4,0.0,5.4,0.0,58.06,0.147,19.5,heavy_rain,MEDIUM
2026-08-28T18:00:00,66.06,3.4,0.0,0.67,0.0,58.91,0.128,19.1,heavy_rain,MEDIUM
2026-08-28T18:10:00,65.47,3.4,0.0,-0.58,0.0,59.32,0.114,19.8,heavy_rain,MEDIUM
2026-08-28T18:20:00,63.61,3.4,0.0,-1.86,0.0,59.37,0.099,19.2,heavy_rain,MEDIUM
2026-08-28T18:30:00,67.31,3.4,0.0,3.7,0.0,59.48,0.084,19.5,heavy_rain,MEDIUM
2026-08-28T18:40:00,60.97,3.4,0.0,-6.34,0.0,59.67,0.064,19.8,heavy_rain,MEDIUM
2026-08-28T18:50:00,66.39,3.4,0.0,5.42,0.0,59.9,0.04,20.7,heavy_rain,MEDIUM
2026-08-28T19:00:00,60.13,3.4,0.0,-6.26,0.0,59.86,0.013,19.9,heavy_rain,MEDIUM
2026-08-28T19:10:00,56.05,3.4,0.0,-4.08,0.0,59.87,0.0,19.2,heavy_rain,MEDIUM
2026-08-28T19:20:00,57.01,3.4,0.0,0.96,0.0,59.76,0.0,19.5,heavy_rain,MEDIUM
2026-08-28T19:30:00,61.2,3.4,0.0,4.19,0.0,59.68,0.0,20.0,heavy_rain,MEDIUM
2026-08-28T19:40:00,63.29,3.4,0.0,2.09,0.0,60.1,0.0,19.5,heavy_rain,MEDIUM
2026-08-28T19:50:00,61.74,3.4,0.0,-1.55,0.0,60.47,0.0,18.8,heavy_rain,MEDIUM
2026-08-28T20:00:00,57.19,3.4,0.0,-4.55,0.0,60.72,0.0,19.0,heavy_rain,MEDIUM
2026-08-28T20:10:00,57.95,3.4,0.0,0.76,0.0,61.05,0.0,19.2,heavy_rain,MEDIUM
2026-08-28T20:20:00,61.56,3.4,0.0,3.61,0.0,61.52,0.0,19.5,heavy_rain,MEDIUM
2026-08-28T20:30:00,57.73,3.4,0.0,-3.83,0.0,61.61,0.0,18.9,heavy_rain,MEDIUM
2026-08-28T20:40:00,58.86,3.4,0.0,1.14,0.0,61.55,0.0,19.8,heavy_rain,MEDIUM
2026-08-28T20:50:00,56.39,3.4,0.0,-2.47,0.0,61.05,0.0,19.3,heavy_rain,MEDIUM
2026-08-28T21:00:00,57.88,3.4,0.0,1.49,0.0,60.6,0.0,19.4,heavy_rain,MEDIUM
2026-08-28T21:10:00,59.4,3.4,0.0,1.52,0.0,60.26,0.0,19.3,heavy_rain,MEDIUM
2026-08-28T21:20:00,55.68,3.4,0.0,-3.72,0.0,59.82,0.0,20.0,heavy_rain,MEDIUM
2026-08-28T21:30:00,56.07,3.4,0.0,0.39,0.0,59.19,0.0,19.3,heavy_rain,MEDIUM
2026-08-28T21:40:00,56.98,3.4,0.0,0.91,0.0,58.97,0.0,19.1,heavy_rain,MEDIUM
2026-08-28T21:50:00,57.18,3.4,0.0,0.2,0.0,58.46,0.0,19.6,heavy_rain,MEDIUM
2026-08-28T22:00:00,53.11,3.4,0.0,-4.07,0.0,58.07,0.0,19.4,heavy_rain,MEDIUM
2026-08-28T22:10:00,54.04,3.4,0.0,0.93,0.0,57.96,0.0,19.0,heavy_rain,MEDIUM
2026-08-28T22:20:00,52.86,3.4,0.0,-1.18,0.0,57.73,0.0,19.9,heavy_rain,MEDIUM
2026-08-28T22:30:00,49.13,3.4,0.0,-3.74,0.0,57.06,0.0,18.8,heavy_rain,MEDIUM
2026-08-28T22:40:00,60.11,3.4,0.0,10.98,0.0,56.88,0.0,19.5,heavy_rain,MEDIUM
2026-08-28T22:50:00,57.55,3.4,0.0,-2.56,0.0,56.65,0.0,20.5,heavy_rain,MEDIUM
2026-08-28T23:00:00,63.33,3.4,0.0,5.78,0.0,56.99,0.0,19.0,heavy_rain,MEDIUM
2026-08-28T23:10:00,64.09,3.4,0.0,0.76,0.0,57.33,0.0,19.8,heavy_rain,MEDIUM
2026-08-28T23:20:00,56.88,3.4,0.0,-7.2,0.0,57.07,0.0,19.4,heavy_rain,MEDIUM
2026-08-28T23:30:00,55.41,3.4,0.0,-1.48,0.0,56.94,0.0,19.7,heavy_rain,MEDIUM
2026-08-28T23:40:00,55.92,3.4,0.0,0.52,0.0,56.78,0.0,19.9,heavy_rain,MEDIUM
2026-08-28T23:50:00,54.26,3.4,0.0,-1.66,0.0,56.66,0.0,19.4,heavy_rain,MEDIUM
2026-08-29T00:00:00,54.12,3.4,0.0,-0.15,0.0,56.45,0.0,19.1,heavy_rain,MEDIUM
2026-08-29T00:10:00,51.18,3.4,0.0,-2.93,0.0,56.0,0.0,19.6,heavy_rain,MEDIUM
2026-08-29T00:20:00,58.38,3.4,0.0,7.2,0.0,56.14,0.0,19.7,heavy_rain,MEDIUM
2026-08-29T00:30:00,60.06,3.4,0.0,1.68,0.0,56.37,0.0,20.2,heavy_rain,MEDIUM
2026-08-29T00:40:00,66.11,3.4,0.0,6.06,0.0,56.87,0.0,19.7,heavy_rain,MEDIUM
2026-08-29T00:50:00,59.4,3.4,0.0,-6.72,0.0,57.0,0.0,18.8,heavy_rain,MEDIUM
2026-08-29T01:00:00,56.98,3.4,0.0,-2.41,0.0,57.21,0.0,19.7,heavy_rain,MEDIUM
2026-08-29T01:10:00,61.38,3.4,0.0,4.4,0.0,57.62,0.0,19.4,heavy_rain,MEDIUM
2026-08-29T01:20:00,61.0,3.4,0.0,-0.38,0.0,58.07,0.0,20.0,heavy_rain,MEDIUM
2026-08-29T01:30:00,66.12,3.4,0.0,5.11,0.0,59.02,0.0,19.2,heavy_rain,MEDIUM
2026-08-29T01:40:00,59.77,3.4,0.0,-6.35,0.0,59.0,0.0,19.2,heavy_rain,MEDIUM
2026-08-29T01:50:00,56.01,3.4,0.0,-3.76,0.0,58.91,0.0,19.1,heavy_rain,MEDIUM
2026-08-29T02:00:00,60.38,3.4,0.0,4.36,0.0,58.75,0.0,20.2,heavy_rain,MEDIUM
2026-08-29T02:10:00,58.44,3.4,0.0,-1.93,0.0,58.43,0.0,19.3,heavy_rain,MEDIUM
2026-08-29T02:20:00,64.95,3.4,0.0,6.51,0.0,58.88,0.0,19.3,heavy_rain,MEDIUM
2026-08-29T02:30:00,62.59,3.4,0.0,-2.36,0.0,59.28,0.0,19.7,heavy_rain,MEDIUM
2026-08-29T02:40:00,60.71,3.4,0.0,-1.88,0.0,59.55,0.0,19.0,heavy_rain,MEDIUM
2026-08-29T02:50:00,60.54,3.4,0.0,-0.17,0.0,59.9,0.0,19.4,heavy_rain,MEDIUM
2026-08-29T03:00:00,62.38,3.4,0.0,1.83,0.0,60.36,0.0,19.7,heavy_rain,MEDIUM
2026-08-29T03:10:00,58.9,3.4,0.0,-3.47,0.0,60.78,0.0,19.0,heavy_rain,MEDIUM
2026-08-29T03:20:00,60.41,3.4,0.0,1.51,0.0,60.9,0.0,19.5,heavy_rain,MEDIUM
2026-08-29T03:30:00,63.0,3.4,0.0,2.59,0.0,61.06,0.0,20.2,heavy_rain,MEDIUM
2026-08-29T03:40:00,64.19,3.4,0.0,1.19,0.0,60.95,0.0,19.2,heavy_rain,MEDIUM
2026-08-29T03:50:00,64.59,3.4,0.0,0.4,0.0,61.24,0.0,20.0,heavy_rain,MEDIUM
2026-08-29T04:00:00,60.3,3.4,0.0,-4.3,0.0,61.43,0.0,19.1,heavy_rain,MEDIUM
2026-08-29T04:10:00,66.26,3.4,0.0,5.97,0.0,61.7,0.0,18.9,heavy_rain,MEDIUM
2026-08-29T04:20:00,64.59,3.4,0.0,-1.67,0.0,61.9,0.0,19.6,heavy_rain,MEDIUM
2026-08-29T04:30:00,66.58,3.4,0.0,1.99,0.0,61.92,0.0,19.4,heavy_rain,MEDIUM
2026-08-29T04:40:00,67.71,3.4,0.0,1.13,0.0,62.36,0.0,18.9,heavy_rain,MEDIUM
2026-08-29T04:50:00,66.81,3.4,0.0,-0.9,0.0,62.96,0.0,18.9,heavy_rain,MEDIUM
2026-08-29T05:00:00,65.08,3.4,0.0,-1.73,0.0,63.22,0.0,18.9,heavy_rain,MEDIUM
2026-08-29T05:10:00,65.99,3.4,0.0,0.91,0.0,63.64,0.0,19.9,heavy_rain,MEDIUM
2026-08-29T05:20:00,61.16,3.4,0.0,-4.83,0.0,63.43,0.0,19.4,heavy_rain,MEDIUM
2026-08-29T05:30:00,55.65,3.4,0.0,-5.51,0.0,63.05,0.0,19.5,heavy_rain,MEDIUM
2026-08-29T05:40:00,59.34,3.4,0.0,3.69,0.0,62.97,0.0,19.4,heavy_rain,MEDIUM
2026-08-29T05:50:00,60.22,3.4,0.0,0.88,0.0,62.95,0.0,18.8,heavy_rain,MEDIUM
2026-08-29T06:00:00,51.8,3.4,0.0,-8.41,0.0,62.37,0.0,19.4,heavy_rain,MEDIUM
2026-08-29T06:10:00,52.47,3.4,0.0,0.66,0.0,62.01,0.0,19.5,heavy_rain,MEDIUM
2026-08-29T06:20:00,55.68,3.4,0.0,3.22,0.0,61.75,0.0,19.9,heavy_rain,MEDIUM
2026-08-29T06:30:00,58.71,3.4,0.0,3.03,0.0,61.51,0.0,19.4,heavy_rain,MEDIUM
2026-08-29T06:40:00,53.46,3.4,0.0,-5.25,0.0,60.91,0.0,19.8,heavy_rain,MEDIUM
2026-08-29T06:50:00,57.02,3.4,0.0,3.56,0.0,60.49,0.0,19.9,heavy_rain,MEDIUM
2026-08-29T07:00:00,61.3,3.4,0.0,4.28,0.0,60.55,0.0,19.3,heavy_rain,MEDIUM
2026-08-29T07:10:00,58.66,3.4,0.0,-2.65,0.0,60.12,0.0,20.6,heavy_rain,MEDIUM
2026-08-29T07:20:00,61.43,3.4,0.0,2.77,0.0,59.95,0.0,19.5,heavy_rain,MEDIUM
2026-08-29T07:30:00,58.9,3.4,0.0,-2.53,0.0,59.52,0.0,19.9,heavy_rain,MEDIUM
2026-08-29T07:40:00,61.07,3.4,0.0,2.18,0.0,59.15,0.0,19.4,heavy_rain,MEDIUM
2026-08-29T07:50:00,62.5,3.4,0.0,1.43,0.0,58.91,0.0,20.0,heavy_rain,MEDIUM
2026-08-29T08:00:00,62.1,3.4,0.0,-0.4,0.0,58.75,0.0,19.6,heavy_rain,MEDIUM
2026-08-29T08:10:00,64.94,3.4,0.0,2.84,0.0,58.69,0.0,20.5,heavy_rain,MEDIUM
2026-08-29T08:20:00,61.47,3.4,0.0,-3.47,0.0,58.71,0.0,19.9,heavy_rain,MEDIUM
2026-08-29T08:30:00,60.66,3.4,0.0,-0.81,0.0,58.99,0.0,19.9,heavy_rain,MEDIUM
2026-08-29T08:40:00,68.16,3.4,0.0,7.49,0.0,59.48,0.0,19.3,heavy_rain,MEDIUM
2026-08-29T08:50:00,73.3,3.4,0.0,5.14,0.0,60.2,0.0,19.2,heavy_rain,MEDIUM
2026-08-29T09:00:00,66.42,3.4,0.0,-6.88,0.0,61.01,0.0,19.2,heavy_rain,MEDIUM
2026-08-29T09:10:00,60.62,3.4,0.0,-5.8,0.0,61.47,0.0,19.3,heavy_rain,MEDIUM
2026-08-29T09:20:00,53.88,3.4,0.0,-6.74,0.0,61.37,0.0,19.7,heavy_rain,MEDIUM
2026-08-29T09:30:00,60.68,3.4,0.0,6.8,0.0,61.48,0.0,19.3,heavy_rain,MEDIUM
2026-08-29T09:40:00,55.61,3.4,0.0,-5.07,0.0,61.6,0.0,18.8,heavy_rain,MEDIUM
2026-08-29T09:50:00,48.46,3.4,0.0,-7.15,0.0,61.12,0.0,19.6,heavy_rain,MEDIUM
2026-08-29T10:00:00,51.42,3.4,0.0,2.97,0.0,60.57,0.0,19.1,heavy_rain,MEDIUM
2026-08-29T10:10:00,52.77,3.4,0.0,1.34,0.0,60.24,0.0,19.2,heavy_rain,MEDIUM
2026-08-29T10:20:00,55.41,3.4,0.0,2.65,0.0,59.91,0.0,19.0,heavy_rain,MEDIUM
2026-08-29T10:30:00,59.0,3.4,0.0,3.58,0.0,59.92,0.0,19.9,heavy_rain,MEDIUM
2026-08-29T10:40:00,64.12,3.4,0.0,5.12,0.0,60.08,0.0,19.7,heavy_rain,MEDIUM
2026-08-29T10:50:00,70.85,3.4,0.0,6.74,0.0,60.55,0.0,19.6,heavy_rain,MEDIUM
2026-08-29T11:00:00,62.15,3.4,0.0,-8.7,0.0,60.55,0.0,19.7,heavy_rain,MEDIUM
2026-08-29T11:10:00,59.62,3.4,0.0,-2.53,0.0,60.26,0.0,19.7,heavy_rain,MEDIUM
2026-08-29T11:20:00,61.47,3.4,0.0,1.86,0.0,60.26,0.0,19.7,heavy_rain,MEDIUM
2026-08-29T11:30:00,60.75,3.4,0.0,-0.72,0.0,60.26,0.0,19.8,heavy_rain,MEDIUM
2026-08-29T11:40:00,53.13,3.4,0.0,-7.62,0.0,59.43,0.0,19.3,heavy_rain,MEDIUM
2026-08-29T11:50:00,51.94,3.4,0.0,-1.19,0.0,58.24,0.0,20.1,heavy_rain,MEDIUM
2026-08-29T12:00:00,55.31,3.4,0.0,3.37,0.0,57.62,0.0,19.9,heavy_rain,MEDIUM
2026-08-29T12:10:00,50.91,3.4,0.0,-4.39,0.0,57.08,0.0,19.5,heavy_rain,MEDIUM
2026-08-29T12:20:00,52.72,3.4,0.0,1.81,0.0,57.02,0.0,19.6,heavy_rain,MEDIUM
2026-08-29T12:30:00,48.84,3.4,0.0,-3.88,0.0,56.36,0.0,19.6,heavy_rain,MEDIUM
2026-08-29T12:40:00,61.36,3.4,0.0,12.52,0.0,56.68,0.0,19.5,heavy_rain,MEDIUM
2026-08-29T12:50:00,64.67,3.4,0.0,3.31,0.0,57.58,0.0,19.2,heavy_rain,MEDIUM
2026-08-29T13:00:00,60.97,3.4,0.0,-3.7,0.0,58.11,0.0,19.1,heavy_rain,MEDIUM
2026-08-29T13:10:00,57.69,3.4,0.0,-3.29,0.0,58.38,0.0,19.0,heavy_rain,MEDIUM
2026-08-29T13:20:00,60.08,3.4,0.0,2.4,0.0,58.64,0.0,19.7,heavy_rain,MEDIUM
2026-08-29T13:30:00,54.57,3.4,0.0,-5.51,0.0,58.4,0.0,19.5,heavy_rain,MEDIUM
2026-08-29T13:40:00,51.83,3.4,0.0,-2.75,0.0,57.72,0.0,19.4,heavy_rain,MEDIUM
2026-08-29T13:50:00,50.17,3.4,0.0,-1.66,0.0,56.57,0.0,19.6,heavy_rain,MEDIUM
2026-08-29T14:00:00,55.81,3.4,0.0,5.64,0.0,56.21,0.0,19.2,heavy_rain,MEDIUM
2026-08-29T14:10:00,57.39,3.4,0.0,1.58,0.0,56.09,0.0,19.8,heavy_rain,MEDIUM
2026-08-29T14:20:00,55.66,3.4,0.0,-1.72,0.0,55.77,0.0,20.1,heavy_rain,MEDIUM
2026-08-29T14:30:00,59.45,3.4,0.0,3.78,0.0,55.69,0.0,19.9,heavy_rain,MEDIUM
2026-08-29T14:40:00,58.29,3.4,0.0,-1.16,0.0,55.98,0.0,19.1,heavy_rain,MEDIUM
2026-08-29T14:50:00,54.56,3.4,0.0,-3.73,0.0,56.13,0.0,18.9,heavy_rain,MEDIUM
2026-08-29T15:00:00,58.4,3.4,0.0,3.84,0.0,56.3,0.0,19.7,heavy_rain,MEDIUM
2026-08-29T15:10:00,63.55,3.4,0.0,5.15,0.0,57.0,0.0,19.9,heavy_rain,MEDIUM
2026-08-29T15:20:00,64.36,3.4,0.0,0.81,0.0,57.65,0.0,18.9,heavy_rain,MEDIUM
2026-08-29T15:30:00,65.16,3.4,0.0,0.8,0.0,58.55,0.0,19.7,heavy_rain,MEDIUM
2026-08-29T15:40:00,55.56,3.4,0.0,-9.6,0.0,58.23,0.0,18.9,heavy_rain,MEDIUM
2026-08-29T15:50:00,60.05,3.4,0.0,4.5,0.0,57.98,0.0,19.7,heavy_rain,MEDIUM
2026-08-29T16:00:00,57.09,3.4,0.0,-2.96,0.0,57.76,0.0,19.2,heavy_rain,MEDIUM
2026-08-29T16:10:00,54.05,3.4,0.0,-3.04,0.0,57.56,0.0,19.1,heavy_rain,MEDIUM
2026-08-29T16:20:00,48.63,3.4,0.0,-5.42,0.0,56.92,0.0,19.9,heavy_rain,MEDIUM
2026-08-29T16:30:00,54.23,3.4,0.0,5.6,0.0,56.9,0.0,19.5,heavy_rain,MEDIUM
2026-08-29T16:40:00,49.02,3.4,0.0,-5.2,0.0,56.75,0.0,19.6,heavy_rain,MEDIUM
2026-08-29T16:50:00,51.6,3.4,0.0,2.57,0.0,56.83,0.0,19.2,heavy_rain,MEDIUM
2026-08-29T17:00:00,53.26,3.4,0.0,1.67,0.0,56.68,0.0,20.1,heavy_rain,MEDIUM
2026-08-29T17:10:00,55.13,3.4,0.0,1.87,0.0,56.56,0.0,20.3,heavy_rain,MEDIUM
2026-08-29T17:20:00,59.27,3.4,0.0,4.14,0.0,56.76,0.0,19.9,heavy_rain,MEDIUM
2026-08-29T17:30:00,58.31,3.4,0.0,-0.96,0.0,56.7,0.0,19.3,heavy_rain,MEDIUM
2026-08-29T17:40:00,62.78,3.4,0.0,4.46,0.0,56.95,0.0,19.1,heavy_rain,MEDIUM
2026-08-29T17:50:00,62.91,3.4,0.0,0.13,0.0,57.41,0.0,19.6,heavy_rain,MEDIUM
2026-08-29T18:00:00,59.45,3.4,0.0,-3.46,0.0,57.47,0.0,19.8,heavy_rain,MEDIUM
2026-08-29T18:10:00,60.64,3.4,0.0,1.19,0.0,57.31,0.0,20.2,heavy_rain,MEDIUM
2026-08-29T18:20:00,62.12,3.4,0.0,1.47,0.0,57.18,0.0,18.6,heavy_rain,MEDIUM
2026-08-29T18:30:00,65.54,3.4,0.0,3.42,0.0,57.2,0.0,19.5,heavy_rain,MEDIUM
2026-08-29T18:40:00,67.31,3.4,0.0,1.77,0.0,57.86,0.0,19.2,heavy_rain,MEDIUM
2026-08-29T18:50:00,69.54,3.4,0.0,2.23,0.0,58.38,0.0,19.7,heavy_rain,MEDIUM
2026-08-29T19:00:00,69.99,3.4,0.0,0.46,0.0,59.1,0.0,19.5,heavy_rain,MEDIUM
2026-08-29T19:10:00,66.57,3.4,0.0,-3.42,0.0,59.79,0.0,19.1,heavy_rain,MEDIUM
2026-08-29T19:20:00,64.27,3.4,0.0,-2.31,0.0,60.66,0.0,19.7,heavy_rain,MEDIUM
2026-08-29T19:30:00,68.25,3.4,0.0,3.98,0.0,61.44,0.0,19.3,heavy_rain,MEDIUM
2026-08-29T19:40:00,64.85,3.4,0.0,-3.4,0.0,62.32,0.0,19.3,heavy_rain,MEDIUM
2026-08-29T19:50:00,64.83,3.4,0.0,-0.02,0.0,63.06,0.0,19.7,heavy_rain,MEDIUM
2026-08-29T20:00:00,73.25,3.523,0.7404,8.42,0.1234,64.17,0.123,17.2,flash_flood,HIGH
2026-08-29T20:10:00,84.43,3.695,1.0314,11.18,0.1719,65.8,0.295,17.1,flash_flood,HIGH
2026-08-29T20:20:00,101.95,3.844,0.8946,17.52,0.1491,68.17,0.444,17.5,flash_flood,HIGH
2026-08-29T20:30:00,104.83,3.982,0.8226,2.89,0.1371,70.75,0.582,17.4,flash_flood,HIGH
2026-08-29T20:40:00,100.23,4.139,0.9438,-4.6,0.1573,72.83,0.739,16.3,flash_flood,HIGH
2026-08-29T20:50:00,94.6,4.305,0.999,-5.63,0.1665,74.59,0.905,16.6,flash_flood,HIGH
2026-08-29T21:00:00,93.94,4.513,1.2432,-0.66,0.2072,76.51,1.113,16.9,flash_flood,HIGH
2026-08-29T21:10:00,100.08,4.616,0.6204,6.14,0.1034,78.7,1.216,17.0,flash_flood,HIGH
2026-08-29T21:20:00,107.57,4.752,0.8166,7.49,0.1361,81.22,1.352,16.7,flash_flood,HIGH
2026-08-29T21:30:00,105.61,4.941,1.1346,-1.96,0.1891,83.45,1.541,17.2,flash_flood,HIGH
2026-08-29T21:40:00,110.2,5.085,0.861,4.59,0.1435,85.83,1.685,17.2,flash_flood,HIGH
2026-08-29T21:50:00,109.23,5.206,0.729,-0.97,0.1215,88.04,1.806,17.6,flash_flood,HIGH
2026-08-29T22:00:00,111.23,5.364,0.9486,2.0,0.1581,90.33,1.964,16.8,flash_flood,HIGH
2026-08-29T22:10:00,109.65,5.514,0.8958,-1.58,0.1493,92.72,2.114,16.5,flash_flood,HIGH
2026-08-29T22:20:00,110.06,5.642,0.771,0.41,0.1285,95.27,2.242,16.9,flash_flood,HIGH
2026-08-29T22:30:00,125.55,5.808,0.9966,15.49,0.1661,98.45,2.408,16.9,flash_flood,HIGH
2026-08-29T22:40:00,118.01,5.957,0.8904,-7.54,0.1484,101.4,2.557,17.4,flash_flood,HIGH
2026-08-29T22:50:00,116.42,6.101,0.8634,-1.59,0.1439,104.27,2.577,16.9,flash_flood,HIGH
2026-08-29T23:00:00,118.38,6.212,0.6672,1.97,0.1112,106.78,2.516,16.3,flash_flood,HIGH
2026-08-29T23:10:00,114.68,6.386,1.0458,-3.7,0.1743,108.46,2.542,17.2,flash_flood,HIGH
2026-08-29T23:20:00,117.53,6.56,1.0416,2.85,0.1736,109.32,2.578,16.4,flash_flood,HIGH
2026-08-29T23:30:00,113.81,6.759,1.1946,-3.71,0.1991,109.82,2.62,17.9,flash_flood,HIGH
2026-08-29T23:40:00,106.79,6.8,0.2472,-7.02,0.0412,110.19,2.495,17.8,flash_flood,HIGH
2026-08-29T23:50:00,111.35,6.8,0.0,4.56,0.0,111.12,2.287,17.3,flash_flood,HIGH
2026-08-30T00:00:00,112.45,6.8,0.0,1.1,0.0,112.15,2.184,17.8,flash_flood,HIGH
2026-08-30T00:10:00,114.53,6.8,0.0,2.08,0.0,112.95,2.048,17.3,flash_flood,HIGH
2026-08-30T00:20:00,121.36,6.8,0.0,6.83,0.0,113.71,1.859,15.6,flash_flood,HIGH
2026-08-30T00:30:00,118.11,6.8,0.0,-3.26,0.0,114.41,1.715,16.9,flash_flood,HIGH
2026-08-30T00:40:00,119.0,6.8,0.0,0.9,0.0,114.9,1.594,16.3,flash_flood,HIGH
2026-08-30T00:50:00,111.15,6.8,0.0,-7.86,0.0,115.0,1.436,17.1,flash_flood,HIGH
2026-08-30T01:00:00,98.52,6.8,0.0,-12.63,0.0,114.3,1.286,17.5,flash_flood,HIGH
2026-08-30T01:10:00,115.61,6.8,0.0,17.09,0.0,114.63,1.158,16.5,flash_flood,HIGH
2026-08-30T01:20:00,108.69,6.8,0.0,-6.92,0.0,114.55,0.992,17.2,flash_flood,HIGH
2026-08-30T01:30:00,102.58,6.8,0.0,-6.11,0.0,113.28,0.843,17.7,flash_flood,HIGH
2026-08-30T01:40:00,96.39,6.8,0.0,-6.19,0.0,112.07,0.699,17.5,flash_flood,HIGH
2026-08-30T01:50:00,103.92,6.8,0.0,7.54,0.0,111.38,0.588,16.6,flash_flood,HIGH
2026-08-30T02:00:00,122.97,6.8,0.0,19.05,0.0,111.63,0.414,16.5,flash_flood,HIGH
2026-08-30T02:10:00,114.93,6.8,0.0,-8.04,0.0,111.65,0.24,17.6,flash_flood,HIGH
2026-08-30T02:20:00,123.45,6.8,0.0,8.52,0.0,111.98,0.041,16.4,flash_flood,HIGH
2026-08-30T02:30:00,111.26,6.8,0.0,-12.19,0.0,111.84,0.0,17.2,flash_flood,HIGH
2026-08-30T02:40:00,114.73,6.8,0.0,3.47,0.0,112.28,0.0,16.2,flash_flood,HIGH
2026-08-30T02:50:00,104.18,6.8,0.0,-10.55,0.0,111.88,0.0,17.2,flash_flood,HIGH
2026-08-30T03:00:00,103.14,6.8,0.0,-1.04,0.0,111.36,0.0,16.2,flash_flood,HIGH
2026-08-30T03:10:00,96.56,6.8,0.0,-6.59,0.0,110.36,0.0,17.5,flash_flood,HIGH
2026-08-30T03:20:00,102.68,6.8,0.0,6.12,0.0,109.33,0.0,17.5,flash_flood,HIGH
2026-08-30T03:30:00,113.8,6.8,0.0,11.12,0.0,109.09,0.0,16.8,flash_flood,HIGH
2026-08-30T03:40:00,105.0,6.8,0.0,-8.8,0.0,108.31,0.0,17.3,flash_flood,HIGH
2026-08-30T03:50:00,102.69,6.8,0.0,-2.32,0.0,107.84,0.0,16.7,flash_flood,HIGH
2026-08-30T04:00:00,93.72,6.8,0.0,-8.97,0.0,107.57,0.0,17.2,flash_flood,HIGH
2026-08-30T04:10:00,106.34,6.8,0.0,12.62,0.0,107.06,0.0,17.1,flash_flood,HIGH
2026-08-30T04:20:00,103.94,6.8,0.0,-2.4,0.0,106.79,0.0,17.3,flash_flood,HIGH
2026-08-30T04:30:00,102.44,6.8,0.0,-1.5,0.0,106.79,0.0,16.9,flash_flood,HIGH
2026-08-30T04:40:00,109.05,6.8,0.0,6.62,0.0,107.49,0.0,17.5,flash_flood,HIGH
2026-08-30T04:50:00,114.04,6.8,0.0,4.99,0.0,108.05,0.0,17.8,flash_flood,HIGH
2026-08-30T05:00:00,118.93,6.8,0.0,4.89,0.0,107.83,0.0,16.3,flash_flood,HIGH
2026-08-30T05:10:00,120.44,6.8,0.0,1.51,0.0,108.13,0.0,17.1,flash_flood,HIGH
2026-08-30T05:20:00,129.68,6.8,0.0,9.24,0.0,108.48,0.0,16.2,flash_flood,HIGH
2026-08-30T05:30:00,114.03,6.8,0.0,-15.65,0.0,108.63,0.0,17.5,flash_flood,HIGH
2026-08-30T05:40:00,111.61,6.8,0.0,-2.42,0.0,108.46,0.0,17.4,flash_flood,HIGH
2026-08-30T05:50:00,103.58,6.8,0.0,-8.04,0.0,108.43,0.0,18.1,flash_flood,HIGH
2026-08-30T06:00:00,115.74,6.8,0.0,12.17,0.0,109.13,0.0,17.0,flash_flood,HIGH
2026-08-30T06:10:00,108.6,6.8,0.0,-7.14,0.0,109.8,0.0,17.6,flash_flood,HIGH
2026-08-30T06:20:00,119.83,6.8,0.0,11.22,0.0,110.75,0.0,16.7,flash_flood,HIGH
2026-08-30T06:30:00,120.79,6.8,0.0,0.96,0.0,111.14,0.0,16.3,flash_flood,HIGH
2026-08-30T06:40:00,111.75,6.8,0.0,-9.03,0.0,111.51,0.0,16.6,flash_flood,HIGH
2026-08-30T06:50:00,107.62,6.8,0.0,-4.14,0.0,111.79,0.0,17.7,flash_flood,HIGH
2026-08-30T07:00:00,121.52,6.8,0.0,13.91,0.0,113.33,0.0,17.1,flash_flood,HIGH
2026-08-30T07:10:00,115.08,6.8,0.0,-6.44,0.0,113.82,0.0,17.1,flash_flood,HIGH
2026-08-30T07:20:00,115.44,6.8,0.0,0.36,0.0,114.45,0.0,17.6,flash_flood,HIGH
2026-08-30T07:30:00,104.68,6.8,0.0,-10.75,0.0,114.58,0.0,17.2,flash_flood,HIGH
2026-08-30T07:40:00,106.03,6.8,0.0,1.34,0.0,114.41,0.0,17.2,flash_flood,HIGH
2026-08-30T07:50:00,111.28,6.8,0.0,5.25,0.0,114.26,0.0,16.7,flash_flood,HIGH
2026-08-30T08:00:00,112.52,6.8,0.0,1.24,0.0,113.9,0.0,16.7,flash_flood,HIGH
2026-08-30T08:10:00,107.31,6.8,0.0,-5.21,0.0,113.17,0.0,17.2,flash_flood,HIGH
2026-08-30T08:20:00,101.39,6.8,0.0,-5.92,0.0,111.6,0.0,17.5,flash_flood,HIGH
2026-08-30T08:30:00,110.12,6.8,0.0,8.73,0.0,111.38,0.0,17.0,flash_flood,HIGH
2026-08-30T08:40:00,111.81,6.8,0.0,1.69,0.0,111.39,0.0,17.5,flash_flood,HIGH
2026-08-30T08:50:00,121.6,6.8,0.0,9.79,0.0,112.39,0.0,17.4,flash_flood,HIGH
2026-08-30T09:00:00,124.35,6.8,0.0,2.75,0.0,112.87,0.0,17.6,flash_flood,HIGH
2026-08-30T09:10:00,124.95,6.8,0.0,0.6,0.0,113.78,0.0,17.4,flash_flood,HIGH
2026-08-30T09:20:00,116.92,6.8,0.0,-8.03,0.0,113.62,0.0,16.6,flash_flood,HIGH
2026-08-30T09:30:00,122.18,6.8,0.0,5.26,0.0,113.7,0.0,17.7,flash_flood,HIGH
2026-08-30T09:40:00,114.75,6.8,0.0,-7.43,0.0,113.86,0.0,17.5,flash_flood,HIGH
2026-08-30T09:50:00,106.68,6.8,0.0,-8.07,0.0,113.81,0.0,16.1,flash_flood,HIGH
2026-08-30T10:00:00,105.08,6.8,0.0,-1.6,0.0,112.9,0.0,16.8,flash_flood,HIGH
2026-08-30T10:10:00,110.45,6.8,0.0,5.37,0.0,112.64,0.0,17.0,flash_flood,HIGH
2026-08-30T10:20:00,118.74,6.8,0.0,8.29,0.0,112.82,0.0,16.8,flash_flood,HIGH
2026-08-30T10:30:00,127.59,6.8,0.0,8.84,0.0,114.1,0.0,17.5,flash_flood,HIGH
2026-08-30T10:40:00,112.16,6.8,0.0,-15.43,0.0,114.44,0.0,17.0,flash_flood,HIGH
2026-08-30T10:50:00,110.95,6.8,0.0,-1.21,0.0,114.42,0.0,16.0,flash_flood,HIGH
2026-08-30T11:00:00,120.79,6.8,0.0,9.84,0.0,114.88,0.0,17.6,flash_flood,HIGH
2026-08-30T11:10:00,129.7,6.8,0.0,8.9,0.0,116.12,0.0,16.3,flash_flood,HIGH
2026-08-30T11:20:00,130.25,6.8,0.0,0.55,0.0,117.73,0.0,17.4,flash_flood,HIGH
2026-08-30T11:30:00,114.78,6.8,0.0,-15.47,0.0,117.99,0.0,16.3,flash_flood,HIGH
2026-08-30T11:40:00,104.36,6.8,0.0,-10.42,0.0,117.57,0.0,16.5,flash_flood,HIGH
2026-08-30T11:50:00,103.69,6.8,0.0,-0.67,0.0,116.58,0.0,16.4,flash_flood,HIGH
2026-08-30T12:00:00,122.46,6.8,0.0,18.77,0.0,116.47,0.0,16.3,flash_flood,HIGH
2026-08-30T12:10:00,122.15,6.8,0.0,-0.31,0.0,116.32,0.0,17.7,flash_flood,HIGH
2026-08-30T12:20:00,134.18,6.8,0.0,12.03,0.0,117.28,0.0,16.7,flash_flood,HIGH
2026-08-30T12:30:00,131.98,6.8,0.0,-2.19,0.0,117.82,0.0,17.0,flash_flood,HIGH
2026-08-30T12:40:00,131.13,6.8,0.0,-0.85,0.0,118.73,0.0,16.9,flash_flood,HIGH
2026-08-30T12:50:00,121.14,6.8,0.0,-9.99,0.0,119.53,0.0,17.0,flash_flood,HIGH
2026-08-30T13:00:00,119.56,6.8,0.0,-1.58,0.0,120.34,0.0,16.3,flash_flood,HIGH
2026-08-30T13:10:00,104.09,6.8,0.0,-15.46,0.0,119.98,0.0,17.1,flash_flood,HIGH
2026-08-30T13:20:00,92.11,3.4,-20.4,-11.98,-3.4,118.5,-3.4,19.7,heavy_rain,MEDIUM
2026-08-30T13:30:00,77.79,3.4,0.0,-14.31,0.0,115.74,-3.4,19.7,heavy_rain,MEDIUM
2026-08-30T13:40:00,72.89,3.4,0.0,-4.9,0.0,113.56,-3.4,20.1,heavy_rain,MEDIUM
2026-08-30T13:50:00,61.18,3.4,0.0,-11.71,0.0,110.79,-3.4,19.7,heavy_rain,MEDIUM
2026-08-30T14:00:00,57.56,3.4,0.0,-3.62,0.0,107.28,-3.4,20.0,heavy_rain,MEDIUM
2026-08-30T14:10:00,50.52,3.4,0.0,-7.04,0.0,102.88,-3.4,19.3,heavy_rain,MEDIUM
2026-08-30T14:20:00,57.29,3.4,0.0,6.76,0.0,98.83,-3.4,19.8,heavy_rain,MEDIUM
2026-08-30T14:30:00,55.66,3.4,0.0,-1.63,0.0,95.54,-3.4,20.0,heavy_rain,MEDIUM
2026-08-30T14:40:00,60.06,3.4,0.0,4.39,0.0,93.08,-3.4,20.4,heavy_rain,MEDIUM
2026-08-30T14:50:00,54.09,3.4,0.0,-5.96,0.0,90.32,-3.4,20.5,heavy_rain,MEDIUM
2026-08-30T15:00:00,55.11,3.4,0.0,1.02,0.0,86.58,-3.4,19.3,heavy_rain,MEDIUM
2026-08-30T15:10:00,54.02,3.4,0.0,-1.08,0.0,82.8,-3.4,19.6,heavy_rain,MEDIUM
2026-08-30T15:20:00,54.98,3.4,0.0,0.96,0.0,78.4,-3.4,19.1,heavy_rain,MEDIUM
2026-08-30T15:30:00,58.99,3.4,0.0,4.01,0.0,74.34,-3.4,19.6,heavy_rain,MEDIUM
2026-08-30T15:40:00,54.29,3.4,0.0,-4.69,0.0,70.07,-3.4,19.0,heavy_rain,MEDIUM
2026-08-30T15:50:00,62.05,3.4,0.0,7.76,0.0,66.79,-3.4,19.8,heavy_rain,MEDIUM
2026-08-30T16:00:00,63.8,3.4,0.0,1.74,0.0,63.69,-3.4,20.1,heavy_rain,MEDIUM
2026-08-30T16:10:00,61.33,3.4,0.0,-2.47,0.0,61.32,0.0,19.4,heavy_rain,MEDIUM
2026-08-30T16:20:00,54.08,3.4,0.0,-7.25,0.0,59.21,0.0,19.2,heavy_rain,MEDIUM
2026-08-30T16:30:00,56.57,3.4,0.0,2.49,0.0,58.03,0.0,19.5,heavy_rain,MEDIUM
2026-08-30T16:40:00,63.98,3.4,0.0,7.41,0.0,57.53,0.0,19.5,heavy_rain,MEDIUM
2026-08-30T16:50:00,64.39,3.4,0.0,0.41,0.0,57.71,0.0,19.8,heavy_rain,MEDIUM
2026-08-30T17:00:00,64.36,3.4,0.0,-0.03,0.0,58.09,0.0,19.5,heavy_rain,MEDIUM
2026-08-30T17:10:00,68.38,3.4,0.0,4.02,0.0,59.08,0.0,19.6,heavy_rain,MEDIUM
2026-08-30T17:20:00,68.26,3.4,0.0,-0.12,0.0,59.69,0.0,18.9,heavy_rain,MEDIUM
2026-08-30T17:30:00,66.09,3.4,0.0,-2.17,0.0,60.27,0.0,19.9,heavy_rain,MEDIUM
2026-08-30T17:40:00,66.0,3.4,0.0,-0.09,0.0,60.6,0.0,19.8,heavy_rain,MEDIUM
2026-08-30T17:50:00,58.65,3.4,0.0,-7.35,0.0,60.85,0.0,19.0,heavy_rain,MEDIUM
2026-08-30T18:00:00,56.04,3.4,0.0,-2.61,0.0,60.9,0.0,19.4,heavy_rain,MEDIUM
2026-08-30T18:10:00,48.65,3.4,0.0,-7.4,0.0,60.6,0.0,18.8,heavy_rain,MEDIUM
2026-08-30T18:20:00,51.65,3.4,0.0,3.01,0.0,60.42,0.0,19.6,heavy_rain,MEDIUM
2026-08-30T18:30:00,54.53,3.4,0.0,2.88,0.0,60.17,0.0,19.3,heavy_rain,MEDIUM
2026-08-30T18:40:00,52.8,3.4,0.0,-1.73,0.0,60.09,0.0,19.2,heavy_rain,MEDIUM
2026-08-30T18:50:00,50.48,3.4,0.0,-2.32,0.0,59.45,0.0,19.7,heavy_rain,MEDIUM
2026-08-30T19:00:00,46.99,3.4,0.0,-3.49,0.0,58.51,0.0,19.0,heavy_rain,MEDIUM
2026-08-30T19:10:00,54.95,3.4,0.0,7.96,0.0,58.16,0.0,20.2,heavy_rain,MEDIUM
2026-08-30T19:20:00,57.49,3.4,0.0,2.54,0.0,58.35,0.0,19.5,heavy_rain,MEDIUM
2026-08-30T19:30:00,52.21,3.4,0.0,-5.28,0.0,58.11,0.0,19.4,heavy_rain,MEDIUM
2026-08-30T19:40:00,48.46,3.4,0.0,-3.75,0.0,57.24,0.0,19.6,heavy_rain,MEDIUM
2026-08-30T19:50:00,51.26,3.4,0.0,2.8,0.0,56.51,0.0,19.6,heavy_rain,MEDIUM
2026-08-30T20:00:00,49.4,3.4,0.0,-1.86,0.0,55.68,0.0,20.0,heavy_rain,MEDIUM
2026-08-30T20:10:00,47.8,3.4,0.0,-1.6,0.0,54.54,0.0,19.7,heavy_rain,MEDIUM
2026-08-30T20:20:00,45.8,3.4,0.0,-2.0,0.0,53.29,0.0,19.2,heavy_rain,MEDIUM
2026-08-30T20:30:00,49.48,3.4,0.0,3.67,0.0,52.37,0.0,19.7,heavy_rain,MEDIUM
2026-08-30T20:40:00,48.66,3.4,0.0,-0.82,0.0,51.4,0.0,19.2,heavy_rain,MEDIUM
2026-08-30T20:50:00,52.72,3.4,0.0,4.06,0.0,51.08,0.0,19.8,heavy_rain,MEDIUM
2026-08-30T21:00:00,49.0,3.4,0.0,-3.71,0.0,50.68,0.0,19.6,heavy_rain,MEDIUM
2026-08-30T21:10:00,46.96,3.4,0.0,-2.04,0.0,50.59,0.0,19.6,heavy_rain,MEDIUM
2026-08-30T21:20:00,45.26,3.399,-0.0084,-1.7,-0.0014,50.24,-0.001,19.2,heavy_rain,MEDIUM
2026-08-30T21:30:00,48.69,3.4,0.0084,3.42,0.0014,49.91,0.0,19.2,heavy_rain,MEDIUM
2026-08-30T21:40:00,47.68,3.4,0.0,-1.01,0.0,49.63,0.0,19.4,heavy_rain,MEDIUM
2026-08-30T21:50:00,48.35,3.4,0.0,0.67,0.0,49.51,0.0,19.7,heavy_rain,MEDIUM
2026-08-30T22:00:00,47.67,3.4,0.0,-0.68,0.0,49.55,0.0,19.9,heavy_rain,MEDIUM
2026-08-30T22:10:00,50.84,3.4,0.0,3.17,0.0,49.32,0.0,19.7,heavy_rain,MEDIUM
2026-08-30T22:20:00,56.18,3.4,0.0,5.33,0.0,49.25,0.0,19.5,heavy_rain,MEDIUM
2026-08-30T22:30:00,56.97,3.4,0.0,0.79,0.0,49.51,0.0,19.8,heavy_rain,MEDIUM
2026-08-30T22:40:00,53.62,3.4,0.0,-3.35,0.0,49.8,0.0,19.9,heavy_rain,MEDIUM
2026-08-30T22:50:00,48.92,3.4,0.0,-4.69,0.0,49.67,0.0,20.0,heavy_rain,MEDIUM
2026-08-30T23:00:00,45.51,3.4,0.0,-3.41,0.0,49.45,0.0,19.1,heavy_rain,MEDIUM
2026-08-30T23:10:00,49.75,3.4,0.0,4.23,0.0,49.56,0.0,19.7,heavy_rain,MEDIUM
2026-08-30T23:20:00,54.09,3.4,0.0,4.34,0.0,50.02,0.0,19.1,heavy_rain,MEDIUM
2026-08-30T23:30:00,52.18,3.4,0.0,-1.91,0.0,50.17,0.0,19.3,heavy_rain,MEDIUM
2026-08-30T23:40:00,56.1,3.4,0.0,3.91,0.0,50.58,0.0,19.6,heavy_rain,MEDIUM
2026-08-30T23:50:00,52.64,3.4,0.0,-3.46,0.0,50.58,0.0,19.1,heavy_rain,MEDIUM
2026-08-31T00:00:00,57.7,3.4,0.0,5.06,0.0,51.06,0.0,19.0,heavy_rain,MEDIUM
2026-08-31T00:10:00,61.45,3.4,0.0,3.76,0.0,51.87,0.001,19.6,heavy_rain,MEDIUM
2026-08-31T00:20:00,61.69,3.4,0.0,0.23,0.0,52.78,0.0,19.3,heavy_rain,MEDIUM
2026-08-31T00:30:00,64.0,3.4,0.0,2.31,0.0,53.63,0.0,18.4,heavy_rain,MEDIUM
2026-08-31T00:40:00,59.88,3.4,0.0,-4.12,0.0,54.31,0.0,18.6,heavy_rain,MEDIUM
2026-08-31T00:50:00,62.17,3.4,0.0,2.29,0.0,55.08,0.0,19.8,heavy_rain,MEDIUM
2026-08-31T01:00:00,55.13,3.4,0.0,-7.03,0.0,55.49,0.0,19.6,heavy_rain,MEDIUM
2026-08-31T01:10:00,51.51,3.4,0.0,-3.62,0.0,55.53,0.0,19.6,heavy_rain,MEDIUM
2026-08-31T01:20:00,53.72,3.4,0.0,2.21,0.0,55.39,0.0,19.1,heavy_rain,MEDIUM
2026-08-31T01:30:00,60.88,3.4,0.0,7.16,0.0,55.61,0.0,19.5,heavy_rain,MEDIUM
2026-08-31T01:40:00,65.91,3.4,0.0,5.03,0.0,56.29,0.0,18.7,heavy_rain,MEDIUM
2026-08-31T01:50:00,64.29,3.4,0.0,-1.62,0.0,57.14,0.0,20.0,heavy_rain,MEDIUM
2026-08-31T02:00:00,64.74,3.4,0.0,0.45,0.0,58.21,0.0,20.1,heavy_rain,MEDIUM
2026-08-31T02:10:00,64.8,3.4,0.0,0.07,0.0,59.05,0.0,20.2,heavy_rain,MEDIUM
2026-08-31T02:20:00,64.71,3.4,0.0,-0.09,0.0,59.64,0.0,19.0,heavy_rain,MEDIUM
2026-08-31T02:30:00,60.46,3.4,0.0,-4.25,0.0,60.1,0.0,19.6,heavy_rain,MEDIUM
2026-08-31T02:40:00,62.6,3.4,0.0,2.14,0.0,60.46,0.0,19.5,heavy_rain,MEDIUM
2026-08-31T02:50:00,58.32,3.4,0.0,-4.28,0.0,60.78,0.0,19.1,heavy_rain,MEDIUM
2026-08-31T03:00:00,57.68,3.4,0.0,-0.65,0.0,60.77,0.0,19.1,heavy_rain,MEDIUM
2026-08-31T03:10:00,52.92,3.4,0.0,-4.76,0.0,60.3,0.0,20.0,heavy_rain,MEDIUM
2026-08-31T03:20:00,57.55,3.4,0.0,4.63,0.0,60.07,0.0,19.6,heavy_rain,MEDIUM
2026-08-31T03:30:00,53.46,3.4,0.0,-4.09,0.0,59.48,0.0,19.6,heavy_rain,MEDIUM
2026-08-31T03:40:00,51.64,3.4,0.0,-1.82,0.0,59.03,0.0,18.9,heavy_rain,MEDIUM
2026-08-31T03:50:00,53.76,3.4,0.0,2.12,0.0,58.56,0.0,19.8,heavy_rain,MEDIUM
2026-08-31T04:00:00,59.28,3.4,0.0,5.52,0.0,58.79,0.0,19.9,heavy_rain,MEDIUM
2026-08-31T04:10:00,55.48,3.4,0.0,-3.8,0.0,59.01,0.0,19.1,heavy_rain,MEDIUM
2026-08-31T04:20:00,58.01,3.4,0.0,2.53,0.0,59.25,0.0,19.7,heavy_rain,MEDIUM
2026-08-31T04:30:00,54.44,3.4,0.0,-3.57,0.0,58.89,0.0,18.9,heavy_rain,MEDIUM
2026-08-31T04:40:00,58.34,3.4,0.0,3.9,0.0,58.47,0.0,19.9,heavy_rain,MEDIUM
2026-08-31T04:50:00,50.56,3.4,0.0,-7.78,0.0,57.71,0.0,19.4,heavy_rain,MEDIUM
2026-08-31T05:00:00,46.36,3.4,0.0,-4.2,0.0,56.69,0.0,19.4,heavy_rain,MEDIUM
2026-08-31T05:10:00,51.86,3.4,0.0,5.51,0.0,55.97,0.0,19.3,heavy_rain,MEDIUM
2026-08-31T05:20:00,49.83,3.4,0.0,-2.03,0.0,55.14,0.0,19.8,heavy_rain,MEDIUM
2026-08-31T05:30:00,54.38,3.4,0.0,4.55,0.0,54.8,0.0,19.8,heavy_rain,MEDIUM
2026-08-31T05:40:00,49.84,3.4,0.0,-4.54,0.0,54.09,0.0,19.1,heavy_rain,MEDIUM
2026-08-31T05:50:00,53.5,3.4,0.0,3.67,0.0,53.83,0.0,19.1,heavy_rain,MEDIUM
2026-08-31T06:00:00,54.31,3.4,0.0,0.81,0.0,53.64,0.0,19.9,heavy_rain,MEDIUM
2026-08-31T06:10:00,56.94,3.4,0.0,2.63,0.0,53.86,0.0,19.2,heavy_rain,MEDIUM
2026-08-31T06:20:00,61.51,3.4,0.0,4.57,0.0,54.08,0.0,19.8,heavy_rain,MEDIUM
2026-08-31T06:30:00,59.68,3.4,0.0,-1.83,0.0,54.43,0.0,19.7,heavy_rain,MEDIUM
2026-08-31T06:40:00,63.83,3.4,0.0,4.15,0.0,55.11,0.0,19.4,heavy_rain,MEDIUM
2026-08-31T06:50:00,57.97,3.4,0.0,-5.86,0.0,55.34,0.0,19.1,heavy_rain,MEDIUM
2026-08-31T07:00:00,58.38,3.4,0.0,0.41,0.0,55.29,0.0,19.2,heavy_rain,MEDIUM
2026-08-31T07:10:00,60.4,3.4,0.0,2.02,0.0,55.56,0.0,19.7,heavy_rain,MEDIUM
2026-08-31T07:20:00,66.71,3.4,0.0,6.3,0.0,56.05,0.0,20.0,heavy_rain,MEDIUM
2026-08-31T07:30:00,64.23,3.4,0.0,-2.48,0.0,56.59,0.0,18.9,heavy_rain,MEDIUM
2026-08-31T07:40:00,63.88,3.4,0.0,-0.36,0.0,56.9,0.0,19.6,heavy_rain,MEDIUM
2026-08-31T07:50:00,64.07,3.4,0.0,0.19,0.0,57.65,0.0,19.8,heavy_rain,MEDIUM
2026-08-31T08:00:00,65.12,3.4,0.0,1.05,0.0,58.69,0.0,18.7,heavy_rain,MEDIUM
2026-08-31T08:10:00,65.26,3.4,0.0,0.14,0.0,59.44,0.0,19.1,heavy_rain,MEDIUM
2026-08-31T08:20:00,68.87,3.4,0.0,3.61,0.0,60.49,0.0,19.3,heavy_rain,MEDIUM
2026-08-31T08:30:00,71.04,3.4,0.0,2.17,0.0,61.42,0.0,19.0,heavy_rain,MEDIUM
2026-08-31T08:40:00,73.79,3.4,0.0,2.75,0.0,62.75,0.0,19.1,heavy_rain,MEDIUM
2026-08-31T08:50:00,68.54,3.4,0.0,-5.25,0.0,63.59,0.0,19.2,heavy_rain,MEDIUM
2026-08-31T09:00:00,72.84,3.4,0.0,4.3,0.0,64.62,0.0,19.2,heavy_rain,MEDIUM
2026-08-31T09:10:00,72.62,3.4,0.0,-0.23,0.0,65.49,0.0,19.2,heavy_rain,MEDIUM
2026-08-31T09:20:00,73.08,3.4,0.0,0.46,0.0,66.13,0.0,18.9,heavy_rain,MEDIUM
2026-08-31T09:30:00,65.54,3.4,0.0,-7.54,0.0,66.45,0.0,19.4,heavy_rain,MEDIUM
2026-08-31T09:40:00,62.1,3.4,0.0,-3.44,0.0,66.36,0.0,19.5,heavy_rain,MEDIUM
2026-08-31T09:50:00,58.49,3.4,0.0,-3.61,0.0,66.39,0.0,19.4,heavy_rain,MEDIUM
2026-08-31T10:00:00,57.55,3.4,0.0,-0.93,0.0,66.34,0.0,19.4,heavy_rain,MEDIUM
2026-08-31T10:10:00,61.94,3.4,0.0,4.39,0.0,66.43,0.0,19.1,heavy_rain,MEDIUM
2026-08-31T10:20:00,62.68,3.4,0.0,0.74,0.0,66.2,0.0,18.8,heavy_rain,MEDIUM
2026-08-31T10:30:00,62.99,3.4,0.0,0.31,0.0,66.13,0.0,19.7,heavy_rain,MEDIUM
2026-08-31T10:40:00,66.23,3.4,0.0,3.24,0.0,66.26,0.0,20.1,heavy_rain,MEDIUM
2026-08-31T10:50:00,63.55,3.4,0.0,-2.68,0.0,66.23,0.0,19.0,heavy_rain,MEDIUM
2026-08-31T11:00:00,62.44,3.4,0.0,-1.11,0.0,66.09,0.0,20.4,heavy_rain,MEDIUM
2026-08-31T11:10:00,53.5,3.4,0.0,-8.94,0.0,65.43,0.0,19.6,heavy_rain,MEDIUM
2026-08-31T11:20:00,55.31,3.4,0.0,1.81,0.0,64.68,0.0,19.8,heavy_rain,MEDIUM
2026-08-31T11:30:00,51.67,3.4,0.0,-3.64,0.0,63.6,0.0,18.9,heavy_rain,MEDIUM
2026-08-31T11:40:00,49.35,3.4,0.0,-2.32,0.0,62.24,0.0,19.7,heavy_rain,MEDIUM
2026-08-31T11:50:00,45.35,3.4,0.0,-4.0,0.0,60.96,0.0,19.4,heavy_rain,MEDIUM
2026-08-31T12:00:00,44.54,3.4,0.0,-0.81,0.0,59.38,0.0,19.2,heavy_rain,MEDIUM
2026-08-31T12:10:00,43.28,3.4,0.0,-1.25,0.0,57.75,0.0,19.5,heavy_rain,MEDIUM
2026-08-31T12:20:00,50.06,3.4,0.0,6.78,0.0,56.48,0.0,19.8,heavy_rain,MEDIUM
2026-08-31T12:30:00,53.89,3.4,0.0,3.83,0.0,55.83,0.0,19.8,heavy_rain,MEDIUM
2026-08-31T12:40:00,50.4,3.4,0.0,-3.48,0.0,55.18,0.0,19.7,heavy_rain,MEDIUM
2026-08-31T12:50:00,58.31,3.4,0.0,7.91,0.0,55.17,0.0,18.9,heavy_rain,MEDIUM
2026-08-31T13:00:00,57.35,3.4,0.0,-0.97,0.0,55.16,0.0,20.3,heavy_rain,MEDIUM
2026-08-31T13:10:00,59.6,3.398,-0.0132,2.25,-0.0022,55.03,-0.002,19.5,heavy_rain,MEDIUM
2026-08-31T13:20:00,57.64,3.4,0.0132,-1.96,0.0022,54.75,0.0,20.0,heavy_rain,MEDIUM
2026-08-31T13:30:00,60.59,3.4,0.0,2.95,0.0,54.61,0.0,19.0,heavy_rain,MEDIUM
2026-08-31T13:40:00,66.7,3.4,0.0,6.11,0.0,54.64,0.0,19.6,heavy_rain,MEDIUM
2026-08-31T13:50:00,68.69,3.4,0.0,1.99,0.0,54.93,0.0,19.1,heavy_rain,MEDIUM
2026-08-31T14:00:00,68.02,3.4,0.0,-0.67,0.0,55.24,0.0,18.6,heavy_rain,MEDIUM
2026-08-31T14:10:00,71.82,3.4,0.0,3.8,0.0,56.25,0.0,19.2,heavy_rain,MEDIUM
2026-08-31T14:20:00,66.53,3.4,0.0,-5.29,0.0,56.88,0.0,20.2,heavy_rain,MEDIUM
2026-08-31T14:30:00,64.49,3.4,0.0,-2.05,0.0,57.59,0.0,19.4,heavy_rain,MEDIUM
2026-08-31T14:40:00,68.0,3.4,0.0,3.51,0.0,58.63,0.0,19.2,heavy_rain,MEDIUM
2026-08-31T14:50:00,68.15,3.4,0.0,0.15,0.0,59.89,0.0,19.8,heavy_rain,MEDIUM
2026-08-31T15:00:00,63.48,3.4,0.0,-4.68,0.0,60.94,0.0,19.0,heavy_rain,MEDIUM
2026-08-31T15:10:00,66.32,3.4,0.0,2.84,0.0,62.22,0.0,19.7,heavy_rain,MEDIUM
2026-08-31T15:20:00,60.28,3.4,0.0,-6.04,0.0,62.79,0.0,18.9,heavy_rain,MEDIUM
2026-08-31T15:30:00,56.34,3.4,0.0,-3.94,0.0,62.93,0.0,19.0,heavy_rain,MEDIUM
2026-08-31T15:40:00,57.29,3.4,0.0,0.95,0.0,63.31,0.0,19.1,heavy_rain,MEDIUM
2026-08-31T15:50:00,51.86,3.4,0.0,-5.43,0.0,62.95,0.0,19.4,heavy_rain,MEDIUM
2026-08-31T16:00:00,54.19,3.4,0.0,2.33,0.0,62.78,0.002,20.0,heavy_rain,MEDIUM
2026-08-31T16:10:00,55.91,3.4,0.0,1.72,0.0,62.57,0.0,19.6,heavy_rain,MEDIUM
2026-08-31T16:20:00,54.5,3.4,0.0,-1.41,0.0,62.4,0.0,20.1,heavy_rain,MEDIUM
2026-08-31T16:30:00,56.48,3.4,0.0,1.99,0.0,62.17,0.0,20.0,heavy_rain,MEDIUM
2026-08-31T16:40:00,53.96,3.4,0.0,-2.53,0.0,61.46,0.0,19.7,heavy_rain,MEDIUM
2026-08-31T16:50:00,52.34,3.4,0.0,-1.61,0.0,60.55,0.0,19.3,heavy_rain,MEDIUM
2026-08-31T17:00:00,59.49,3.4,0.0,7.15,0.0,60.08,0.0,19.5,heavy_rain,MEDIUM
2026-08-31T17:10:00,57.23,3.4,0.0,-2.26,0.0,59.27,0.0,19.4,heavy_rain,MEDIUM
2026-08-31T17:20:00,52.27,3.4,0.0,-4.96,0.0,58.48,0.0,19.4,heavy_rain,MEDIUM
2026-08-31T17:30:00,56.17,3.4,0.0,3.89,0.0,58.01,0.0,19.6,heavy_rain,MEDIUM
2026-08-31T17:40:00,63.24,3.4,0.0,7.07,0.0,57.75,0.0,19.8,heavy_rain,MEDIUM
2026-08-31T17:50:00,58.21,3.4,0.0,-5.03,0.0,57.2,0.0,19.3,heavy_rain,MEDIUM
2026-08-31T18:00:00,54.46,3.4,0.0,-3.74,0.0,56.7,0.0,19.9,heavy_rain,MEDIUM
2026-08-31T18:10:00,59.13,3.4,0.0,4.67,0.0,56.3,0.0,19.9,heavy_rain,MEDIUM
2026-08-31T18:20:00,61.64,3.4,0.0,2.5,0.0,56.37,0.0,19.3,heavy_rain,MEDIUM
2026-08-31T18:30:00,56.53,3.4,0.0,-5.11,0.0,56.38,0.0,19.1,heavy_rain,MEDIUM
2026-08-31T18:40:00,62.39,3.4,0.0,5.86,0.0,56.67,0.0,19.1,heavy_rain,MEDIUM
2026-08-31T18:50:00,60.76,3.4,0.0,-1.63,0.0,57.16,0.0,19.6,heavy_rain,MEDIUM
2026-08-31T19:00:00,65.87,3.4,0.0,5.11,0.0,57.81,0.0,19.9,heavy_rain,MEDIUM
2026-08-31T19:10:00,68.28,3.4,0.0,2.41,0.0,58.5,0.0,18.9,heavy_rain,MEDIUM
2026-08-31T19:20:00,69.05,3.4,0.0,0.77,0.0,59.31,0.0,19.9,heavy_rain,MEDIUM
2026-08-31T19:30:00,63.44,3.4,0.0,-5.6,0.0,59.69,0.0,19.2,heavy_rain,MEDIUM
2026-08-31T19:40:00,64.09,3.4,0.0,0.65,0.0,60.25,0.0,19.8,heavy_rain,MEDIUM
2026-08-31T19:50:00,59.01,3.4,0.0,-5.08,0.0,60.62,0.0,19.2,heavy_rain,MEDIUM
2026-08-31T20:00:00,58.12,3.4,0.0,-0.89,0.0,60.55,0.0,19.5,heavy_rain,MEDIUM
2026-08-31T20:10:00,46.86,3.359,-0.2442,-11.26,-0.0407,59.97,-0.041,26.1,normal,MEDIUM
2026-08-31T20:20:00,39.29,3.265,-0.5664,-7.57,-0.0944,59.25,-0.135,25.7,normal,MEDIUM
2026-08-31T20:30:00,33.54,3.144,-0.7278,-5.75,-0.1213,57.99,-0.256,25.5,normal,MEDIUM
2026-08-31T20:40:00,29.69,3.054,-0.5382,-3.85,-0.0897,56.13,-0.346,26.1,normal,MEDIUM
2026-08-31T20:50:00,26.19,2.927,-0.7596,-3.49,-0.1266,54.35,-0.473,26.3,normal,MEDIUM
2026-08-31T21:00:00,22.47,2.826,-0.6078,-3.73,-0.1013,52.57,-0.574,26.0,normal,MEDIUM
2026-08-31T21:10:00,18.65,2.732,-0.5628,-3.82,-0.0938,50.32,-0.668,26.4,normal,MEDIUM
2026-08-31T21:20:00,16.54,2.6,-0.7902,-2.1,-0.1317,47.82,-0.8,26.2,normal,MEDIUM
2026-08-31T21:30:00,15.68,2.511,-0.5352,-0.86,-0.0892,45.55,-0.889,25.6,normal,MEDIUM
2026-08-31T21:40:00,12.01,2.396,-0.693,-3.67,-0.1155,42.75,-1.004,26.3,normal,MEDIUM
2026-08-31T21:50:00,9.85,2.316,-0.48,-2.17,-0.08,39.92,-1.084,26.0,normal,MEDIUM
2026-08-31T22:00:00,10.65,2.225,-0.5436,0.8,-0.0906,36.86,-1.175,25.8,normal,MEDIUM
2026-08-31T22:10:00,9.0,2.157,-0.4122,-1.65,-0.0687,33.56,-1.243,26.2,normal,MEDIUM
2026-08-31T22:20:00,7.36,2.093,-0.384,-1.64,-0.064,30.14,-1.307,26.3,normal,MEDIUM
2026-08-31T22:30:00,6.53,2.051,-0.2502,-0.83,-0.0417,26.97,-1.349,25.7,normal,MEDIUM
2026-08-31T22:40:00,6.67,1.98,-0.4284,0.13,-0.0714,23.78,-1.42,25.5,normal,LOW
2026-08-31T22:50:00,6.54,1.891,-0.5334,-0.13,-0.0889,20.87,-1.509,25.8,normal,LOW
2026-08-31T23:00:00,6.85,1.831,-0.3582,0.31,-0.0597,18.02,-1.528,26.1,normal,LOW
2026-08-31T23:10:00,6.68,1.769,-0.3708,-0.17,-0.0618,15.79,-1.496,25.8,normal,LOW
2026-08-31T23:20:00,6.28,1.71,-0.3558,-0.4,-0.0593,13.95,-1.434,25.9,normal,LOW
2026-08-31T23:30:00,6.97,1.633,-0.462,0.69,-0.077,12.48,-1.421,26.0,normal,LOW
2026-08-31T23:40:00,6.2,1.602,-0.1866,-0.77,-0.0311,11.17,-1.326,25.8,normal,LOW
2026-08-31T23:50:00,6.18,1.589,-0.0762,-0.02,-0.0127,10.06,-1.237,26.0,normal,LOW
2026-09-01T00:00:00,4.37,1.589,0.0018,-1.81,0.0003,9.06,-1.143,25.8,normal,LOW
2026-09-01T00:10:00,4.0,1.544,-0.2694,-0.37,-0.0449,8.24,-1.056,26.0,normal,LOW
2026-09-01T00:20:00,4.54,1.501,-0.2622,0.54,-0.0437,7.57,-1.011,26.1,normal,LOW
2026-09-01T00:30:00,5.31,1.517,0.0984,0.77,0.0164,7.0,-0.879,25.8,normal,LOW
2026-09-01T00:40:00,5.68,1.503,-0.0846,0.37,-0.0141,6.65,-0.813,25.8,normal,LOW
2026-09-01T00:50:00,4.94,1.502,-0.0072,-0.74,-0.0012,6.37,-0.724,25.8,normal,LOW
2026-09-01T01:00:00,4.64,1.487,-0.0882,-0.3,-0.0147,6.04,-0.67,26.8,normal,LOW
2026-09-01T01:10:00,4.23,1.468,-0.1146,-0.41,-0.0191,5.78,-0.625,25.5,normal,LOW
2026-09-01T01:20:00,3.96,1.443,-0.1518,-0.27,-0.0253,5.59,-0.608,26.1,normal,LOW
2026-09-01T01:30:00,4.0,1.421,-0.132,0.04,-0.022,5.45,-0.559,25.7,normal,LOW
2026-09-01T01:40:00,4.83,1.44,0.1164,0.83,0.0194,5.34,-0.451,25.6,normal,LOW
2026-09-01T01:50:00,3.62,1.432,-0.048,-1.21,-0.008,5.18,-0.399,25.8,normal,LOW
2026-09-01T02:00:00,3.83,1.405,-0.165,0.21,-0.0275,5.01,-0.364,26.1,normal,LOW
2026-09-01T02:10:00,5.53,1.387,-0.1038,1.69,-0.0173,4.95,-0.322,25.9,normal,LOW
2026-09-01T02:20:00,6.34,1.389,0.009,0.81,0.0015,4.95,-0.244,26.1,normal,LOW
2026-09-01T02:30:00,6.1,1.398,0.0588,-0.24,0.0098,4.91,-0.203,25.1,normal,LOW
2026-09-01T02:40:00,7.34,1.392,-0.0402,1.24,-0.0067,4.97,-0.197,26.0,normal,LOW
2026-09-01T02:50:00,6.28,1.407,0.09,-1.06,0.015,4.97,-0.182,25.4,normal,LOW
2026-09-01T03:00:00,5.34,1.408,0.009,-0.93,0.0015,5.03,-0.136,25.9,normal,LOW
2026-09-01T03:10:00,5.36,1.382,-0.1554,0.02,-0.0259,5.1,-0.118,25.5,normal,LOW
2026-09-01T03:20:00,5.29,1.419,0.219,-0.07,0.0365,5.15,-0.098,24.9,normal,LOW
2026-09-01T03:30:00,6.68,1.408,-0.0618,1.39,-0.0103,5.22,-0.094,25.8,normal,LOW
2026-09-01T03:40:00,5.98,1.407,-0.0084,-0.71,-0.0014,5.24,-0.095,25.0,normal,LOW
2026-09-01T03:50:00,5.45,1.388,-0.1164,-0.53,-0.0194,5.27,-0.099,25.6,normal,LOW
2026-09-01T04:00:00,5.39,1.377,-0.0672,-0.06,-0.0112,5.31,-0.091,25.8,normal,LOW
2026-09-01T04:10:00,5.91,1.387,0.06,0.52,0.01,5.4,-0.056,25.5,normal,LOW
2026-09-01T04:20:00,6.36,1.372,-0.09,0.44,-0.015,5.53,-0.049,25.5,normal,LOW
2026-09-01T04:30:00,5.63,1.371,-0.0036,-0.72,-0.0006,5.63,-0.069,26.3,normal,LOW
2026-09-01T04:40:00,5.48,1.347,-0.1422,-0.16,-0.0237,5.66,-0.085,25.4,normal,LOW
2026-09-01T04:50:00,5.17,1.296,-0.3072,-0.31,-0.0512,5.75,-0.109,25.0,normal,LOW
2026-09-01T05:00:00,6.68,1.297,0.0048,1.51,0.0008,5.91,-0.09,25.7,normal,LOW
2026-09-01T05:10:00,7.35,1.325,0.168,0.67,0.028,6.01,-0.064,25.4,normal,LOW
2026-09-01T05:20:00,7.51,1.306,-0.1146,0.16,-0.0191,6.07,-0.093,25.6,normal,LOW
2026-09-01T05:30:00,7.63,1.324,0.1134,0.12,0.0189,6.16,-0.067,25.6,normal,LOW
2026-09-01T05:40:00,8.09,1.316,-0.0504,0.45,-0.0084,6.2,-0.091,25.0,normal,LOW
2026-09-01T05:50:00,9.84,1.31,-0.0366,1.76,-0.0061,6.4,-0.098,25.4,normal,LOW
2026-09-01T06:00:00,9.17,1.342,0.1902,-0.67,0.0317,6.61,-0.041,24.8,normal,LOW
2026-09-01T06:10:00,8.72,1.35,0.0474,-0.45,0.0079,6.8,-0.069,25.8,normal,LOW
2026-09-01T06:20:00,7.44,1.342,-0.0432,-1.28,-0.0072,6.92,-0.066,25.5,normal,LOW
2026-09-01T06:30:00,7.34,1.333,-0.0534,-0.09,-0.0089,6.95,-0.074,25.7,normal,LOW
2026-09-01T06:40:00,8.79,1.321,-0.0744,1.44,-0.0124,7.11,-0.067,25.1,normal,LOW
2026-09-01T06:50:00,9.36,1.34,0.1146,0.57,0.0191,7.33,-0.037,25.3,normal,LOW
2026-09-01T07:00:00,8.34,1.31,-0.1794,-1.02,-0.0299,7.49,-0.076,25.6,normal,LOW
2026-09-01T07:10:00,7.79,1.326,0.096,-0.55,0.016,7.59,-0.045,25.1,normal,LOW
2026-09-01T07:20:00,6.21,1.333,0.0384,-1.59,0.0064,7.59,-0.038,24.9,normal,LOW
2026-09-01T07:30:00,5.11,1.325,-0.0468,-1.1,-0.0078,7.56,-0.022,24.9,normal,LOW
2026-09-01T07:40:00,4.67,1.327,0.0132,-0.43,0.0022,7.51,0.031,25.2,normal,LOW
2026-09-01T07:50:00,6.41,1.365,0.231,1.74,0.0385,7.58,0.069,24.9,normal,LOW
2026-09-01T08:00:00,6.51,1.393,0.165,0.09,0.0275,7.57,0.068,25.0,normal,LOW
2026-09-01T08:10:00,6.17,1.388,-0.0318,-0.33,-0.0053,7.51,0.082,25.2,normal,LOW
2026-09-01T08:20:00,5.7,1.369,-0.1134,-0.47,-0.0189,7.41,0.044,25.0,normal,LOW
2026-09-01T08:30:00,4.38,1.377,0.0486,-1.32,0.0081,7.23,0.061,25.1,normal,LOW
2026-09-01T08:40:00,5.48,1.353,-0.1458,1.1,-0.0243,7.08,0.043,24.6,normal,LOW
2026-09-01T08:50:00,6.31,1.314,-0.2286,0.83,-0.0381,6.88,-0.027,24.7,normal,LOW
2026-09-01T09:00:00,4.74,1.309,-0.03,-1.58,-0.005,6.64,-0.04,24.4,normal,LOW
2026-09-01T09:10:00,4.35,1.315,0.0348,-0.39,0.0058,6.4,-0.027,24.8,normal,LOW
2026-09-01T09:20:00,4.45,1.301,-0.087,0.1,-0.0145,6.23,-0.033,24.7,normal,LOW
2026-09-01T09:30:00,4.74,1.284,-0.1038,0.29,-0.0173,6.09,-0.037,24.7,normal,LOW
2026-09-01T09:40:00,3.97,1.269,-0.0894,-0.78,-0.0149,5.82,-0.071,24.1,normal,LOW
2026-09-01T09:50:00,4.55,1.286,0.1062,0.59,0.0177,5.55,-0.024,24.9,normal,LOW
2026-09-01T10:00:00,5.38,1.281,-0.033,0.83,-0.0055,5.39,-0.045,24.5,normal,LOW
2026-09-01T10:10:00,5.95,1.283,0.012,0.56,0.002,5.28,-0.05,24.6,normal,LOW
2026-09-01T10:20:00,5.58,1.235,-0.2874,-0.36,-0.0479,5.25,-0.09,24.7,normal,LOW
2026-09-01T10:30:00,5.88,1.234,-0.009,0.3,-0.0015,5.29,-0.093,24.8,normal,LOW
2026-09-01T10:40:00,5.54,1.23,-0.0192,-0.34,-0.0032,5.34,-0.135,24.8,normal,LOW
2026-09-01T10:50:00,4.77,1.246,0.0948,-0.78,0.0158,5.25,-0.147,24.3,normal,LOW
2026-09-01T11:00:00,4.18,1.232,-0.084,-0.58,-0.014,5.12,-0.155,23.6,normal,LOW
2026-09-01T11:10:00,4.94,1.211,-0.1254,0.76,-0.0209,5.05,-0.157,24.7,normal,LOW
2026-09-01T11:20:00,4.86,1.254,0.255,-0.08,0.0425,5.0,-0.123,24.5,normal,LOW
2026-09-01T11:30:00,5.63,1.225,-0.1722,0.77,-0.0287,5.07,-0.127,23.8,normal,LOW
2026-09-01T11:40:00,4.11,1.246,0.1278,-1.52,0.0213,5.0,-0.068,23.9,normal,LOW
2026-09-01T11:50:00,3.13,1.217,-0.1782,-0.98,-0.0297,4.82,-0.093,24.4,normal,LOW
2026-09-01T12:00:00,4.53,1.198,-0.1134,1.4,-0.0189,4.81,-0.118,24.3,normal,LOW
2026-09-01T12:10:00,5.3,1.224,0.1554,0.77,0.0259,4.86,-0.077,24.2,normal,LOW
2026-09-01T12:20:00,6.03,1.236,0.0726,0.72,0.0121,4.95,-0.048,23.9,normal,LOW
2026-09-01T12:30:00,4.95,1.253,0.1038,-1.07,0.0173,4.96,-0.016,23.7,normal,LOW
2026-09-01T12:40:00,5.3,1.252,-0.006,0.34,-0.001,5.03,-0.035,23.8,normal,LOW
2026-09-01T12:50:00,5.51,1.254,0.0108,0.22,0.0018,5.09,-0.027,23.7,normal,LOW
2026-09-01T13:00:00,5.96,1.236,-0.105,0.44,-0.0175,5.12,-0.047,24.1,normal,LOW
2026-09-01T13:10:00,4.76,1.232,-0.0276,-1.2,-0.0046,5.05,-0.003,24.1,normal,LOW
2026-09-01T13:20:00,4.01,1.235,0.0186,-0.75,0.0031,4.97,0.001,24.3,normal,LOW
2026-09-01T13:30:00,4.58,1.231,-0.0228,0.57,-0.0038,4.89,0.001,24.0,normal,LOW
2026-09-01T13:40:00,4.98,1.231,-0.0006,0.4,-0.0001,4.86,-0.015,24.0,normal,LOW
2026-09-01T13:50:00,4.22,1.227,-0.0216,-0.76,-0.0036,4.83,-0.005,24.0,normal,LOW
2026-09-01T14:00:00,3.98,1.22,-0.0444,-0.24,-0.0074,4.82,0.009,23.9,normal,LOW
2026-09-01T14:10:00,3.54,1.222,0.0156,-0.44,0.0026,4.74,-0.031,23.6,normal,LOW
2026-09-01T14:20:00,4.76,1.225,0.0126,1.23,0.0021,4.74,-0.001,23.6,normal,LOW
2026-09-01T14:30:00,5.13,1.214,-0.0606,0.37,-0.0101,4.71,-0.032,23.5,normal,LOW
2026-09-01T14:40:00,3.52,1.234,0.117,-1.61,0.0195,4.68,0.017,23.5,normal,LOW
2026-09-01T14:50:00,3.65,1.229,-0.033,0.12,-0.0055,4.71,0.031,23.4,normal,LOW
2026-09-01T15:00:00,3.92,1.246,0.102,0.27,0.017,4.67,0.022,23.8,normal,LOW
2026-09-01T15:10:00,4.1,1.248,0.012,0.18,0.002,4.61,0.012,23.5,normal,LOW
2026-09-01T15:20:00,3.47,1.218,-0.177,-0.63,-0.0295,4.46,-0.035,23.7,normal,LOW
2026-09-01T15:30:00,2.13,1.234,0.0978,-1.33,0.0163,4.31,-0.017,23.6,normal,LOW
2026-09-01T15:40:00,2.02,1.227,-0.0474,-0.12,-0.0079,4.12,-0.027,23.0,normal,LOW
2026-09-01T15:50:00,3.68,1.229,0.0156,1.66,0.0026,4.02,-0.007,23.7,normal,LOW
2026-09-01T16:00:00,4.8,1.193,-0.2148,1.12,-0.0358,3.96,-0.038,23.1,normal,LOW
2026-09-01T16:10:00,4.55,1.199,0.0342,-0.25,0.0057,3.95,-0.036,23.4,normal,LOW
2026-09-01T16:20:00,5.43,1.22,0.1248,0.88,0.0208,4.03,-0.011,23.1,normal,LOW
2026-09-01T16:30:00,6.12,1.201,-0.1134,0.69,-0.0189,4.11,-0.03,23.4,normal,LOW
2026-09-01T16:40:00,6.59,1.212,0.0678,0.46,0.0113,4.2,-0.015,23.1,normal,LOW
2026-09-01T16:50:00,6.84,1.234,0.129,0.26,0.0215,4.35,0.014,23.3,normal,LOW
2026-09-01T17:00:00,8.34,1.267,0.1986,1.49,0.0331,4.59,0.045,23.1,normal,LOW
2026-09-01T17:10:00,7.73,1.264,-0.0156,-0.61,-0.0026,4.82,0.04,22.5,normal,LOW
2026-09-01T17:20:00,6.54,1.278,0.0834,-1.19,0.0139,4.92,0.064,23.4,normal,LOW
2026-09-01T17:30:00,6.22,1.263,-0.0906,-0.32,-0.0151,4.98,0.029,22.8,normal,LOW
2026-09-01T17:40:00,5.99,1.251,-0.0732,-0.24,-0.0122,5.12,0.023,23.2,normal,LOW
2026-09-01T17:50:00,4.68,1.249,-0.0114,-1.31,-0.0019,5.17,0.004,22.9,normal,LOW
2026-09-01T18:00:00,5.16,1.25,0.0048,0.48,0.0008,5.24,0.002,22.6,normal,LOW
2026-09-01T18:10:00,4.87,1.296,0.2772,-0.29,0.0462,5.29,0.078,23.1,normal,LOW
2026-09-01T18:20:00,4.64,1.296,-0.0012,-0.22,-0.0002,5.35,0.061,22.9,normal,LOW
2026-09-01T18:30:00,4.69,1.303,0.0396,0.05,0.0066,5.49,0.076,22.8,normal,LOW
2026-09-01T18:40:00,4.46,1.316,0.0798,-0.22,0.0133,5.63,0.087,22.5,normal,LOW
2026-09-01T18:50:00,5.31,1.322,0.0402,0.84,0.0067,5.72,0.129,22.6,normal,LOW
2026-09-01T19:00:00,6.12,1.355,0.198,0.81,0.033,5.79,0.156,22.4,normal,LOW
2026-09-01T19:10:00,5.96,1.339,-0.1014,-0.15,-0.0169,5.87,0.119,22.2,normal,LOW
2026-09-01T19:20:00,4.61,1.336,-0.0162,-1.35,-0.0027,5.83,0.135,21.7,normal,LOW
2026-09-01T19:30:00,6.77,1.335,-0.003,2.16,-0.0005,5.86,0.123,22.5,normal,LOW
2026-09-01T19:40:00,6.52,1.319,-0.0948,-0.25,-0.0158,5.86,0.086,22.1,normal,LOW
2026-09-01T19:50:00,6.02,1.286,-0.1986,-0.5,-0.0331,5.81,0.019,22.2,normal,LOW
2026-09-01T20:00:00,6.37,1.285,-0.0066,0.35,-0.0011,5.7,0.021,22.2,normal,LOW
2026-09-01T20:10:00,7.16,1.293,0.0444,0.79,0.0074,5.67,0.014,21.9,normal,LOW
2026-09-01T20:20:00,7.06,1.279,-0.0822,-0.1,-0.0137,5.7,0.016,22.3,normal,LOW
2026-09-01T20:30:00,7.26,1.284,0.0276,0.2,0.0046,5.76,0.033,22.2,normal,LOW
2026-09-01T20:40:00,8.39,1.333,0.2964,1.13,0.0494,5.89,0.084,21.7,normal,LOW
2026-09-01T20:50:00,8.84,1.34,0.0402,0.45,0.0067,6.12,0.09,22.2,normal,LOW
2026-09-01T21:00:00,8.26,1.355,0.0936,-0.58,0.0156,6.29,0.059,21.5,normal,LOW
2026-09-01T21:10:00,8.61,1.394,0.2304,0.35,0.0384,6.5,0.098,22.2,normal,LOW
2026-09-01T21:20:00,9.62,1.385,-0.0516,1.01,-0.0086,6.78,0.083,21.8,normal,LOW
2026-09-01T21:30:00,8.92,1.385,0.0006,-0.7,0.0001,7.01,0.069,21.8,normal,LOW
2026-09-01T21:40:00,9.47,1.405,0.1194,0.55,0.0199,7.29,0.083,21.9,normal,LOW
2026-09-01T21:50:00,8.55,1.406,0.0054,-0.92,0.0009,7.47,0.051,21.8,normal,LOW
2026-09-01T22:00:00,8.27,1.398,-0.051,-0.28,-0.0085,7.59,0.059,22.0,normal,LOW
2026-09-01T22:10:00,6.9,1.386,-0.069,-1.37,-0.0115,7.64,0.05,21.7,normal,LOW
2026-09-01T22:20:00,6.57,1.371,-0.0912,-0.33,-0.0152,7.75,0.036,21.2,normal,LOW
2026-09-01T22:30:00,5.49,1.382,0.0672,-1.08,0.0112,7.68,0.063,21.4,normal,LOW
2026-09-01T22:40:00,5.99,1.385,0.0204,0.5,0.0034,7.65,0.099,21.4,normal,LOW
2026-09-01T22:50:00,7.5,1.429,0.264,1.51,0.044,7.73,0.144,21.7,normal,LOW
2026-09-01T23:00:00,6.55,1.373,-0.3366,-0.95,-0.0561,7.74,0.081,21.6,normal,LOW
2026-09-01T23:10:00,7.19,1.353,-0.1194,0.64,-0.0199,7.75,0.074,21.7,normal,LOW
2026-09-01T23:20:00,6.06,1.36,0.0372,-1.13,0.0062,7.69,0.076,21.9,normal,LOW
2026-09-01T23:30:00,7.58,1.401,0.249,1.52,0.0415,7.71,0.068,21.5,normal,LOW
2026-09-01T23:40:00,8.78,1.4,-0.006,1.19,-0.001,7.73,0.06,21.2,normal,LOW
2026-09-01T23:50:00,9.1,1.406,0.0342,0.33,0.0057,7.74,0.051,21.2,normal,LOW
2026-09-02T00:00:00,7.15,1.417,0.0684,-1.95,0.0114,7.68,0.024,20.9,normal,LOW
2026-09-02T00:10:00,6.88,1.38,-0.2256,-0.26,-0.0376,7.59,-0.006,21.3,normal,LOW
2026-09-02T00:20:00,5.25,1.349,-0.1848,-1.63,-0.0308,7.34,-0.036,21.4,normal,LOW
2026-09-02T00:30:00,5.38,1.322,-0.1608,0.13,-0.0268,7.15,-0.083,21.6,normal,LOW
2026-09-02T00:40:00,5.48,1.336,0.0858,0.1,0.0143,6.93,-0.07,21.4,normal,LOW
2026-09-02T00:50:00,6.35,1.364,0.1686,0.87,0.0281,6.8,-0.033,20.8,normal,LOW
2026-09-02T01:00:00,5.79,1.344,-0.1236,-0.56,-0.0206,6.67,-0.042,21.6,normal,LOW
2026-09-02T01:10:00,5.24,1.336,-0.0468,-0.55,-0.0078,6.57,-0.035,21.3,normal,LOW
2026-09-02T01:20:00,5.97,1.35,0.0816,0.72,0.0136,6.54,-0.033,21.0,normal,LOW
2026-09-02T01:30:00,6.49,1.341,-0.054,0.53,-0.009,6.6,-0.045,20.9,normal,LOW
2026-09-02T01:40:00,6.94,1.346,0.0342,0.45,0.0057,6.65,-0.083,20.9,normal,LOW
2026-09-02T01:50:00,5.68,1.344,-0.0114,-1.26,-0.0019,6.55,-0.029,20.7,normal,LOW
2026-09-02T02:00:00,4.21,1.34,-0.0258,-1.47,-0.0043,6.42,-0.013,20.6,normal,LOW
2026-09-02T02:10:00,4.77,1.356,0.096,0.56,0.016,6.28,-0.004,21.0,normal,LOW
2026-09-02T02:20:00,5.93,1.313,-0.258,1.16,-0.043,6.28,-0.088,20.7,normal,LOW
2026-09-02T02:30:00,4.98,1.316,0.0156,-0.95,0.0026,6.13,-0.085,20.5,normal,LOW
2026-09-02T02:40:00,4.59,1.295,-0.1266,-0.39,-0.0211,5.9,-0.111,21.0,normal,LOW
2026-09-02T02:50:00,3.57,1.258,-0.2166,-1.02,-0.0361,5.59,-0.159,20.5,normal,LOW
2026-09-02T03:00:00,2.45,1.241,-0.1056,-1.13,-0.0176,5.33,-0.139,20.6,normal,LOW
2026-09-02T03:10:00,3.48,1.226,-0.09,1.03,-0.015,5.14,-0.123,21.5,normal,LOW
2026-09-02T03:20:00,4.56,1.234,0.0474,1.08,0.0079,5.1,-0.088,20.7,normal,LOW
2026-09-02T03:30:00,3.38,1.213,-0.1236,-1.17,-0.0206,4.99,-0.123,20.6,normal,LOW
2026-09-02T03:40:00,5.47,1.226,0.075,2.09,0.0125,4.99,-0.139,20.4,normal,LOW
2026-09-02T03:50:00,6.21,1.253,0.162,0.74,0.027,4.98,-0.091,20.3,normal,LOW
2026-09-02T04:00:00,5.76,1.24,-0.0768,-0.45,-0.0128,4.98,-0.096,20.8,normal,LOW
2026-09-02T04:10:00,5.94,1.264,0.1446,0.18,0.0241,5.02,-0.086,20.7,normal,LOW
2026-09-02T04:20:00,6.03,1.262,-0.0144,0.09,-0.0024,5.03,-0.079,20.2,normal,LOW
2026-09-02T04:30:00,6.61,1.295,0.2028,0.58,0.0338,5.03,-0.051,21.0,normal,LOW
2026-09-02T04:40:00,6.24,1.315,0.1164,-0.37,0.0194,4.99,-0.03,20.6,normal,LOW
2026-09-02T04:50:00,4.71,1.304,-0.0666,-1.53,-0.0111,4.94,-0.037,20.8,normal,LOW
2026-09-02T05:00:00,5.92,1.321,0.1056,1.21,0.0176,5.03,-0.035,20.0,normal,LOW
2026-09-02T05:10:00,5.45,1.308,-0.078,-0.47,-0.013,5.07,-0.005,20.3,normal,LOW
2026-09-02T05:20:00,4.72,1.306,-0.0138,-0.73,-0.0023,5.0,-0.01,20.1,normal,LOW
2026-09-02T05:30:00,4.64,1.28,-0.1554,-0.08,-0.0259,4.98,-0.015,19.8,normal,LOW
2026-09-02T05:40:00,6.11,1.256,-0.1422,1.47,-0.0237,5.07,-0.002,20.2,normal,LOW
2026-09-02T05:50:00,4.51,1.278,0.129,-1.6,0.0215,5.12,0.037,20.2,normal,LOW
2026-09-02T06:00:00,3.93,1.251,-0.1626,-0.58,-0.0271,5.2,0.025,20.5,normal,LOW
2026-09-02T06:10:00,4.85,1.213,-0.2256,0.91,-0.0376,5.28,-0.021,20.5,normal,LOW
2026-09-02T06:20:00,6.49,1.227,0.0816,1.65,0.0136,5.39,0.014,20.3,normal,LOW
2026-09-02T06:30:00,5.7,1.212,-0.0858,-0.79,-0.0143,5.52,-0.013,20.3,normal,LOW
2026-09-02T06:40:00,5.09,1.252,0.24,-0.62,0.04,5.5,-0.0,20.3,normal,LOW
2026-09-02T06:50:00,6.71,1.266,0.081,1.62,0.0135,5.52,0.026,20.9,normal,LOW
2026-09-02T07:00:00,7.72,1.263,-0.0198,1.01,-0.0033,5.63,-0.001,20.5,normal,LOW
2026-09-02T07:10:00,6.93,1.257,-0.036,-0.79,-0.006,5.69,-0.005,20.0,normal,LOW
2026-09-02T07:20:00,7.93,1.259,0.0174,1.0,0.0029,5.79,-0.036,20.5,normal,LOW
2026-09-02T07:30:00,6.2,1.237,-0.1338,-1.74,-0.0223,5.77,-0.078,20.0,normal,LOW
2026-09-02T07:40:00,7.72,1.248,0.0672,1.52,0.0112,5.85,-0.055,20.1,normal,LOW
2026-09-02T07:50:00,7.98,1.241,-0.045,0.26,-0.0075,6.03,-0.08,20.2,normal,LOW
2026-09-02T08:00:00,8.02,1.211,-0.177,0.04,-0.0295,6.15,-0.097,20.3,normal,LOW
2026-09-02T08:10:00,7.64,1.23,0.114,-0.39,0.019,6.27,-0.076,20.3,normal,LOW
2026-09-02T08:20:00,6.84,1.231,0.0066,-0.8,0.0011,6.39,-0.049,19.9,normal,LOW
2026-09-02T08:30:00,6.38,1.248,0.0984,-0.45,0.0164,6.49,-0.009,20.0,normal,LOW
2026-09-02T08:40:00,6.87,1.258,0.0606,0.49,0.0101,6.53,-0.02,20.6,normal,LOW
2026-09-02T08:50:00,5.34,1.232,-0.156,-1.53,-0.026,6.57,-0.019,20.3,normal,LOW
2026-09-02T09:00:00,7.09,1.248,0.0954,1.76,0.0159,6.75,0.035,19.9,normal,LOW
2026-09-02T09:10:00,6.65,1.276,0.1674,-0.45,0.0279,6.85,0.049,19.9,normal,LOW
2026-09-02T09:20:00,6.8,1.238,-0.225,0.15,-0.0375,6.87,0.026,20.1,normal,LOW
2026-09-02T09:30:00,6.04,1.253,0.0876,-0.76,0.0146,6.89,0.0,20.1,normal,LOW
2026-09-02T09:40:00,5.35,1.243,-0.0606,-0.68,-0.0101,6.9,-0.023,20.7,normal,LOW
2026-09-02T09:50:00,5.78,1.249,0.036,0.42,0.006,6.85,-0.014,19.8,normal,LOW
2026-09-02T10:00:00,5.43,1.248,-0.0066,-0.34,-0.0011,6.72,-0.009,19.9,normal,LOW
2026-09-02T10:10:00,4.16,1.218,-0.1764,-1.28,-0.0294,6.57,-0.041,20.4,normal,LOW
2026-09-02T10:20:00,4.88,1.231,0.0792,0.72,0.0132,6.4,-0.006,20.0,normal,LOW
2026-09-02T10:30:00,4.72,1.221,-0.0612,-0.16,-0.0102,6.32,-0.027,19.8,normal,LOW
2026-09-02T10:40:00,5.0,1.227,0.033,0.28,0.0055,6.16,-0.014,19.8,normal,LOW
2026-09-02T10:50:00,5.73,1.239,0.0738,0.72,0.0123,6.04,0.028,20.1,normal,LOW
2026-09-02T11:00:00,6.66,1.228,-0.0636,0.94,-0.0106,5.96,-0.002,20.2,normal,LOW
2026-09-02T11:10:00,7.5,1.227,-0.0102,0.84,-0.0017,5.96,-0.005,20.0,normal,LOW
2026-09-02T11:20:00,7.96,1.241,0.0882,0.46,0.0147,6.02,-0.006,20.1,normal,LOW
2026-09-02T11:30:00,8.05,1.246,0.0282,0.09,0.0047,6.11,-0.012,19.8,normal,LOW
2026-09-02T11:40:00,7.95,1.302,0.333,-0.1,0.0555,6.17,0.07,20.1,normal,LOW
2026-09-02T11:50:00,6.69,1.29,-0.0714,-1.26,-0.0119,6.25,0.042,20.2,normal,LOW
2026-09-02T12:00:00,7.05,1.303,0.081,0.37,0.0135,6.24,0.028,20.2,normal,LOW
2026-09-02T12:10:00,6.32,1.308,0.0288,-0.73,0.0048,6.23,0.07,19.8,normal,LOW
2026-09-02T12:20:00,6.5,1.309,0.0078,0.17,0.0013,6.21,0.057,19.6,normal,LOW
2026-09-02T12:30:00,5.9,1.295,-0.0882,-0.59,-0.0147,6.2,0.052,19.9,normal,LOW
2026-09-02T12:40:00,5.46,1.312,0.1032,-0.44,0.0172,6.21,0.063,19.9,normal,LOW
2026-09-02T12:50:00,6.12,1.271,-0.2484,0.66,-0.0414,6.23,0.023,20.4,normal,LOW
2026-09-02T13:00:00,6.11,1.289,0.1092,-0.01,0.0182,6.26,0.071,19.8,normal,LOW
2026-09-02T13:10:00,5.01,1.294,0.0336,-1.09,0.0056,6.31,0.063,19.6,normal,LOW
2026-09-02T13:20:00,4.1,1.305,0.0636,-0.91,0.0106,6.27,0.084,19.8,normal,LOW
2026-09-02T13:30:00,5.79,1.325,0.1224,1.69,0.0204,6.33,0.099,20.2,normal,LOW
2026-09-02T13:40:00,4.31,1.308,-0.1044,-1.48,-0.0174,6.29,0.069,20.1,normal,LOW
2026-09-02T13:50:00,6.52,1.301,-0.0426,2.21,-0.0071,6.33,0.073,19.9,normal,LOW
2026-09-02T14:00:00,5.81,1.261,-0.2424,-0.71,-0.0404,6.29,0.034,19.8,normal,LOW
2026-09-02T14:10:00,6.82,1.259,-0.0108,1.01,-0.0018,6.25,0.017,19.9,normal,LOW
2026-09-02T14:20:00,5.91,1.282,0.141,-0.91,0.0235,6.14,0.036,19.8,normal,LOW
2026-09-02T14:30:00,5.75,1.306,0.1428,-0.16,0.0238,6.01,0.004,19.6,normal,LOW
2026-09-02T14:40:00,6.05,1.317,0.063,0.3,0.0105,5.9,0.027,20.2,normal,LOW
2026-09-02T14:50:00,6.61,1.29,-0.162,0.56,-0.027,5.9,-0.014,20.3,normal,LOW
2026-09-02T15:00:00,5.29,1.27,-0.1176,-1.32,-0.0196,5.8,-0.038,19.8,normal,LOW
2026-09-02T15:10:00,5.9,1.232,-0.2286,0.61,-0.0381,5.78,-0.078,20.3,normal,LOW
2026-09-02T15:20:00,5.54,1.255,0.1386,-0.36,0.0231,5.72,-0.04,20.4,normal,LOW
2026-09-02T15:30:00,6.36,1.228,-0.1638,0.82,-0.0273,5.75,-0.084,20.4,normal,LOW
2026-09-02T15:40:00,7.66,1.218,-0.0582,1.3,-0.0097,5.87,-0.053,20.4,normal,LOW
2026-09-02T15:50:00,7.15,1.243,0.1524,-0.51,0.0254,5.93,-0.045,20.1,normal,LOW
2026-09-02T16:00:00,5.61,1.296,0.3138,-1.54,0.0523,5.9,0.001,20.7,normal,LOW
2026-09-02T16:10:00,5.34,1.258,-0.2256,-0.27,-0.0376,5.92,-0.047,20.0,normal,LOW
2026-09-02T16:20:00,5.03,1.276,0.1074,-0.31,0.0179,5.97,-0.049,20.3,normal,LOW
2026-09-02T16:30:00,4.79,1.254,-0.1326,-0.24,-0.0221,5.91,-0.054,20.0,normal,LOW
2026-09-02T16:40:00,5.87,1.257,0.0204,1.08,0.0034,6.0,-0.044,20.1,normal,LOW
2026-09-02T16:50:00,6.69,1.3,0.2544,0.82,0.0424,6.01,0.039,20.3,normal,LOW
2026-09-02T17:00:00,7.63,1.31,0.0648,0.94,0.0108,6.11,0.052,20.3,normal,LOW
2026-09-02T17:10:00,8.34,1.344,0.2016,0.71,0.0336,6.2,0.062,19.7,normal,LOW
2026-09-02T17:20:00,8.75,1.333,-0.0666,0.41,-0.0111,6.35,0.027,20.5,normal,LOW
2026-09-02T17:30:00,9.43,1.369,0.2148,0.68,0.0358,6.56,0.052,20.7,normal,LOW
2026-09-02T17:40:00,7.98,1.373,0.0264,-1.45,0.0044,6.67,0.083,20.3,normal,LOW
2026-09-02T17:50:00,7.15,1.382,0.0552,-0.83,0.0092,6.7,0.112,20.4,normal,LOW
2026-09-02T18:00:00,7.31,1.393,0.0648,0.16,0.0108,6.81,0.161,20.6,normal,LOW
2026-09-02T18:10:00,6.43,1.418,0.1506,-0.88,0.0251,6.84,0.163,20.7,normal,LOW
2026-09-02T18:20:00,7.28,1.426,0.048,0.85,0.008,6.93,0.199,20.2,normal,LOW
2026-09-02T18:30:00,7.79,1.426,-0.003,0.51,-0.0005,7.01,0.208,20.8,normal,LOW
2026-09-02T18:40:00,7.72,1.384,-0.2484,-0.07,-0.0414,7.02,0.141,20.3,normal,LOW
2026-09-02T18:50:00,6.61,1.366,-0.1122,-1.11,-0.0187,6.99,0.07,20.6,normal,LOW
2026-09-02T19:00:00,8.35,1.359,-0.039,1.75,-0.0065,7.14,0.101,20.0,normal,LOW
2026-09-02T19:10:00,8.27,1.367,0.0462,-0.09,0.0077,7.3,0.091,20.4,normal,LOW
2026-09-02T19:20:00,7.44,1.366,-0.006,-0.82,-0.001,7.43,0.112,20.8,normal,LOW
2026-09-02T19:30:00,7.62,1.364,-0.0126,0.18,-0.0021,7.59,0.107,20.5,normal,LOW
2026-09-02T19:40:00,6.73,1.352,-0.0732,-0.9,-0.0122,7.64,0.052,20.4,normal,LOW
2026-09-02T19:50:00,6.49,1.334,-0.1038,-0.23,-0.0173,7.63,0.024,20.8,normal,LOW
2026-09-02T20:00:00,6.27,1.371,0.2226,-0.22,0.0371,7.55,0.028,21.0,normal,LOW
2026-09-02T20:10:00,5.83,1.342,-0.1788,-0.44,-0.0298,7.41,0.009,20.5,normal,LOW
2026-09-02T20:20:00,5.34,1.336,-0.036,-0.49,-0.006,7.22,-0.033,20.7,normal,LOW
2026-09-02T20:30:00,6.45,1.342,0.0396,1.11,0.0066,7.06,-0.031,20.8,normal,LOW
2026-09-02T20:40:00,6.45,1.364,0.129,-0.0,0.0215,6.97,-0.019,20.2,normal,LOW
2026-09-02T20:50:00,7.7,1.356,-0.0474,1.25,-0.0079,7.0,-0.037,20.6,normal,LOW
2026-09-02T21:00:00,6.6,1.366,0.0612,-1.11,0.0102,6.96,-0.052,20.7,normal,LOW
2026-09-02T21:10:00,5.8,1.323,-0.255,-0.79,-0.0425,6.93,-0.103,21.3,normal,LOW
2026-09-02T21:20:00,8.15,1.328,0.0282,2.34,0.0047,6.98,-0.098,20.8,normal,LOW
2026-09-02T21:30:00,7.84,1.294,-0.2028,-0.31,-0.0338,6.98,-0.09,21.3,normal,LOW
2026-09-02T21:40:00,7.08,1.294,-0.0012,-0.76,-0.0002,6.95,-0.072,20.7,normal,LOW
2026-09-02T21:50:00,6.9,1.275,-0.1128,-0.18,-0.0188,6.96,-0.084,21.1,normal,LOW
2026-09-02T22:00:00,5.62,1.273,-0.012,-1.28,-0.002,6.81,-0.094,20.7,normal,LOW
2026-09-02T22:10:00,7.43,1.289,0.0924,1.81,0.0154,6.76,-0.077,20.9,normal,LOW
2026-09-02T22:20:00,7.46,1.282,-0.039,0.02,-0.0065,6.77,-0.082,21.2,normal,LOW
2026-09-02T22:30:00,5.04,1.257,-0.1518,-2.42,-0.0253,6.62,-0.095,20.9,normal,LOW
2026-09-02T22:40:00,6.33,1.281,0.1476,1.29,0.0246,6.6,-0.053,21.6,normal,LOW
2026-09-02T22:50:00,6.77,1.308,0.1572,0.45,0.0262,6.62,-0.064,21.3,normal,LOW
2026-09-02T23:00:00,6.33,1.286,-0.129,-0.44,-0.0215,6.62,-0.055,20.9,normal,LOW
2026-09-02T23:10:00,5.69,1.319,0.2004,-0.63,0.0334,6.61,-0.016,21.1,normal,LOW
2026-09-02T23:20:00,7.12,1.299,-0.1248,1.43,-0.0208,6.71,-0.043,21.6,normal,LOW
2026-09-02T23:30:00,5.37,1.28,-0.1104,-1.75,-0.0184,6.65,-0.083,21.3,normal,LOW
2026-09-02T23:40:00,4.16,1.289,0.0546,-1.21,0.0091,6.52,-0.066,20.8,normal,LOW
2026-09-02T23:50:00,4.12,1.29,0.0024,-0.04,0.0004,6.32,-0.076,21.0,normal,LOW
2026-09-03T00:00:00,3.35,1.276,-0.0804,-0.77,-0.0134,6.14,-0.047,21.9,normal,LOW
2026-09-03T00:10:00,3.14,1.284,0.0444,-0.21,0.0074,5.99,-0.044,21.8,normal,LOW
2026-09-03T00:20:00,4.58,1.297,0.0804,1.44,0.0134,5.8,0.003,21.6,normal,LOW
2026-09-03T00:30:00,5.85,1.308,0.0636,1.28,0.0106,5.69,0.014,21.1,normal,LOW
2026-09-03T00:40:00,6.41,1.302,-0.036,0.56,-0.006,5.65,0.027,21.3,normal,LOW
2026-09-03T00:50:00,6.01,1.322,0.1218,-0.4,0.0203,5.6,0.049,21.9,normal,LOW
2026-09-03T01:00:00,5.28,1.322,-0.0024,-0.73,-0.0004,5.58,0.033,21.6,normal,LOW
2026-09-03T01:10:00,6.43,1.297,-0.1494,1.15,-0.0249,5.52,0.015,21.5,normal,LOW
2026-09-03T01:20:00,7.25,1.297,0.0018,0.82,0.0003,5.51,0.04,21.3,normal,LOW
2026-09-03T01:30:00,7.53,1.314,0.0978,0.28,0.0163,5.65,0.032,22.2,normal,LOW
2026-09-03T01:40:00,6.39,1.31,-0.0222,-1.13,-0.0037,5.65,0.002,21.9,normal,LOW
2026-09-03T01:50:00,7.52,1.347,0.2202,1.13,0.0367,5.7,0.06,21.6,normal,LOW
2026-09-03T02:00:00,8.41,1.336,-0.0618,0.89,-0.0103,5.81,0.017,22.2,normal,LOW
2026-09-03T02:10:00,9.87,1.348,0.072,1.46,0.012,6.04,0.05,22.1,normal,LOW
2026-09-03T02:20:00,9.5,1.342,-0.0348,-0.37,-0.0058,6.18,0.062,22.0,normal,LOW
2026-09-03T02:30:00,9.66,1.334,-0.051,0.16,-0.0085,6.41,0.045,22.1,normal,LOW
2026-09-03T02:40:00,8.09,1.334,0.0012,-1.57,0.0002,6.63,0.044,22.0,normal,LOW
2026-09-03T02:50:00,9.09,1.319,-0.0894,1.0,-0.0149,6.91,0.043,21.6,normal,LOW
2026-09-03T03:00:00,7.29,1.322,0.0168,-1.8,0.0028,7.13,0.038,22.3,normal,LOW
2026-09-03T03:10:00,5.91,1.294,-0.171,-1.38,-0.0285,7.28,-0.004,21.8,normal,LOW
2026-09-03T03:20:00,5.48,1.284,-0.0552,-0.42,-0.0092,7.33,-0.024,22.6,normal,LOW
2026-09-03T03:30:00,4.35,1.268,-0.1008,-1.14,-0.0168,7.25,-0.034,22.2,normal,LOW
2026-09-03T03:40:00,5.52,1.296,0.1698,1.17,0.0283,7.2,-0.026,22.4,normal,LOW
2026-09-03T03:50:00,4.85,1.306,0.0612,-0.66,0.0102,7.13,-0.016,22.3,normal,LOW
2026-09-03T04:00:00,5.53,1.309,0.018,0.68,0.003,7.15,0.012,22.1,normal,LOW
2026-09-03T04:10:00,4.6,1.248,-0.3648,-0.94,-0.0608,7.05,-0.049,22.4,normal,LOW
2026-09-03T04:20:00,4.47,1.268,0.1188,-0.13,0.0198,6.89,-0.045,22.1,normal,LOW
2026-09-03T04:30:00,3.35,1.267,-0.0054,-1.12,-0.0009,6.66,-0.043,22.5,normal,LOW
2026-09-03T04:40:00,3.73,1.28,0.0756,0.38,0.0126,6.51,-0.067,23.1,normal,LOW
2026-09-03T04:50:00,5.1,1.27,-0.0612,1.37,-0.0102,6.38,-0.067,22.4,normal,LOW
2026-09-03T05:00:00,5.18,1.286,0.0984,0.08,0.0164,6.2,-0.062,22.4,normal,LOW
2026-09-03T05:10:00,4.6,1.28,-0.036,-0.59,-0.006,5.91,-0.062,22.9,normal,LOW
2026-09-03T05:20:00,4.2,1.245,-0.2106,-0.4,-0.0351,5.61,-0.089,22.5,normal,LOW
2026-09-03T05:30:00,2.97,1.211,-0.2034,-1.23,-0.0339,5.24,-0.123,22.8,normal,LOW
2026-09-03T05:40:00,2.87,1.211,-0.0018,-0.11,-0.0003,4.95,-0.109,22.7,normal,LOW
2026-09-03T05:50:00,4.02,1.238,0.1656,1.15,0.0276,4.67,-0.084,22.2,normal,LOW
2026-09-03T06:00:00,4.16,1.249,0.0642,0.14,0.0107,4.49,-0.045,23.4,normal,LOW
2026-09-03T06:10:00,5.13,1.242,-0.0396,0.97,-0.0066,4.45,-0.042,23.1,normal,LOW
2026-09-03T06:20:00,4.93,1.254,0.0678,-0.2,0.0113,4.42,-0.014,23.4,normal,LOW
2026-09-03T06:30:00,4.59,1.254,-0.0,-0.34,-0.0,4.43,-0.042,23.4,normal,LOW
2026-09-03T06:40:00,3.76,1.208,-0.2718,-0.83,-0.0453,4.34,-0.098,23.0,normal,LOW
2026-09-03T06:50:00,4.0,1.205,-0.0228,0.24,-0.0038,4.29,-0.104,24.0,normal,LOW
2026-09-03T07:00:00,5.34,1.242,0.2232,1.34,0.0372,4.28,-0.006,22.5,normal,LOW
2026-09-03T07:10:00,6.98,1.227,-0.0888,1.64,-0.0148,4.41,-0.041,22.9,normal,LOW
2026-09-03T07:20:00,6.56,1.192,-0.2136,-0.42,-0.0356,4.53,-0.076,23.2,normal,LOW
2026-09-03T07:30:00,5.89,1.211,0.1188,-0.67,0.0198,4.67,-0.069,23.1,normal,LOW
2026-09-03T07:40:00,7.16,1.236,0.1458,1.27,0.0243,4.86,-0.034,23.4,normal,LOW
2026-09-03T07:50:00,7.94,1.241,0.03,0.78,0.005,5.01,-0.045,23.5,normal,LOW
2026-09-03T08:00:00,6.73,1.224,-0.0996,-1.2,-0.0166,5.1,-0.056,23.5,normal,LOW
2026-09-03T08:10:00,8.01,1.242,0.1098,1.28,0.0183,5.29,-0.003,23.3,normal,LOW
2026-09-03T08:20:00,9.9,1.242,-0.0018,1.89,-0.0003,5.61,0.031,23.2,normal,LOW
2026-09-03T08:30:00,10.3,1.245,0.0192,0.4,0.0032,6.01,0.035,23.7,normal,LOW
2026-09-03T08:40:00,8.84,1.268,0.135,-1.46,0.0225,6.35,0.029,23.5,normal,LOW
2026-09-03T08:50:00,6.76,1.234,-0.2004,-2.08,-0.0334,6.5,-0.015,23.2,normal,LOW
2026-09-03T09:00:00,6.51,1.24,0.036,-0.25,0.006,6.63,-0.002,23.8,normal,LOW
2026-09-03T09:10:00,5.3,1.238,-0.0108,-1.21,-0.0018,6.64,-0.015,23.5,normal,LOW
2026-09-03T09:20:00,5.01,1.271,0.1926,-0.29,0.0321,6.64,0.017,24.1,normal,LOW
2026-09-03T09:30:00,3.96,1.273,0.0174,-1.05,0.0029,6.61,0.065,23.4,normal,LOW
2026-09-03T09:40:00,5.37,1.264,-0.054,1.41,-0.009,6.7,0.06,23.5,normal,LOW
2026-09-03T09:50:00,6.13,1.31,0.2724,0.76,0.0454,6.81,0.068,23.8,normal,LOW
2026-09-03T10:00:00,6.67,1.316,0.0366,0.54,0.0061,6.89,0.089,24.2,normal,LOW
2026-09-03T10:10:00,6.62,1.312,-0.0234,-0.04,-0.0039,6.87,0.121,23.9,normal,LOW
2026-09-03T10:20:00,6.22,1.29,-0.1302,-0.41,-0.0217,6.85,0.079,23.9,normal,LOW
2026-09-03T10:30:00,6.28,1.279,-0.069,0.06,-0.0115,6.87,0.043,24.0,normal,LOW
2026-09-03T10:40:00,6.05,1.268,-0.063,-0.23,-0.0105,6.81,0.028,24.0,normal,LOW
2026-09-03T10:50:00,5.86,1.294,0.156,-0.19,0.026,6.69,0.07,24.3,normal,LOW
2026-09-03T11:00:00,5.81,1.313,0.1146,-0.05,0.0191,6.64,0.071,24.5,normal,LOW
2026-09-03T11:10:00,6.61,1.304,-0.0546,0.8,-0.0091,6.57,0.062,24.4,normal,LOW
2026-09-03T11:20:00,5.92,1.296,-0.0504,-0.69,-0.0084,6.34,0.051,24.0,normal,LOW
2026-09-03T11:30:00,5.99,1.318,0.1308,0.07,0.0218,6.1,0.05,24.2,normal,LOW
2026-09-03T11:40:00,6.59,1.3,-0.1074,0.6,-0.0179,5.98,0.066,24.5,normal,LOW
2026-09-03T11:50:00,5.12,1.294,-0.033,-1.47,-0.0055,5.89,0.054,24.6,normal,LOW
2026-09-03T12:00:00,5.14,1.329,0.21,0.02,0.035,5.81,0.091,24.5,normal,LOW
2026-09-03T12:10:00,5.45,1.319,-0.0618,0.3,-0.0103,5.82,0.049,24.3,normal,LOW
2026-09-03T12:20:00,7.05,1.292,-0.1638,1.6,-0.0273,5.93,0.018,24.3,normal,LOW
2026-09-03T12:30:00,6.29,1.325,0.1992,-0.76,0.0332,6.06,0.061,24.4,normal,LOW
2026-09-03T12:40:00,5.07,1.307,-0.1092,-1.22,-0.0182,6.05,-0.003,24.1,normal,LOW
2026-09-03T12:50:00,4.76,1.253,-0.3228,-0.31,-0.0538,5.97,-0.063,24.4,normal,LOW
2026-09-03T13:00:00,4.15,1.256,0.0162,-0.61,0.0027,5.83,-0.056,24.4,normal,LOW
2026-09-03T13:10:00,4.34,1.247,-0.0504,0.19,-0.0084,5.71,-0.043,24.4,normal,LOW
2026-09-03T13:20:00,4.02,1.224,-0.1368,-0.32,-0.0228,5.58,-0.054,24.1,normal,LOW
2026-09-03T13:30:00,4.93,1.215,-0.0588,0.91,-0.0098,5.51,-0.054,23.8,normal,LOW
2026-09-03T13:40:00,3.79,1.216,0.0108,-1.14,0.0018,5.38,-0.078,24.3,normal,LOW
2026-09-03T13:50:00,3.57,1.218,0.0084,-0.22,0.0014,5.26,-0.096,24.7,normal,LOW
2026-09-03T14:00:00,5.04,1.194,-0.1404,1.47,-0.0234,5.21,-0.11,25.1,normal,LOW
2026-09-03T14:10:00,3.34,1.195,0.0012,-1.7,0.0002,5.03,-0.101,25.1,normal,LOW
2026-09-03T14:20:00,4.22,1.222,0.165,0.87,0.0275,4.94,-0.095,24.9,normal,LOW
2026-09-03T14:30:00,3.59,1.229,0.0378,-0.63,0.0063,4.8,-0.071,25.1,normal,LOW
2026-09-03T14:40:00,4.21,1.25,0.1308,0.62,0.0218,4.67,-0.044,24.7,normal,LOW
2026-09-03T14:50:00,5.42,1.247,-0.0228,1.21,-0.0038,4.69,-0.083,25.6,normal,LOW
2026-09-03T15:00:00,5.59,1.274,0.165,0.17,0.0275,4.71,-0.045,24.9,normal,LOW
2026-09-03T15:10:00,4.95,1.295,0.1266,-0.64,0.0211,4.69,0.003,25.1,normal,LOW
2026-09-03T15:20:00,3.65,1.272,-0.1416,-1.3,-0.0236,4.5,-0.053,25.0,normal,LOW
2026-09-03T15:30:00,4.39,1.264,-0.048,0.74,-0.008,4.39,-0.043,25.0,normal,LOW
2026-09-03T15:40:00,4.96,1.258,-0.0354,0.57,-0.0059,4.39,0.005,24.9,normal,LOW
2026-09-03T15:50:00,5.59,1.281,0.138,0.63,0.023,4.43,0.025,24.5,normal,LOW
2026-09-03T16:00:00,6.15,1.298,0.1056,0.55,0.0176,4.54,0.051,25.1,normal,LOW
2026-09-03T16:10:00,4.66,1.246,-0.3138,-1.49,-0.0523,4.56,0.022,25.8,normal,LOW
2026-09-03T16:20:00,3.65,1.247,0.0036,-1.01,0.0006,4.54,0.032,25.5,normal,LOW
2026-09-03T16:30:00,5.17,1.197,-0.3006,1.52,-0.0501,4.55,-0.02,25.0,normal,LOW
2026-09-03T16:40:00,5.0,1.208,0.066,-0.17,0.011,4.62,-0.01,25.8,normal,LOW
2026-09-03T16:50:00,3.11,1.184,-0.1404,-1.89,-0.0234,4.59,-0.01,25.8,normal,LOW
2026-09-03T17:00:00,5.0,1.189,0.0318,1.89,0.0053,4.59,-0.005,25.6,normal,LOW
2026-09-03T17:10:00,4.67,1.182,-0.0468,-0.32,-0.0078,4.66,-0.041,25.2,normal,LOW
2026-09-03T17:20:00,5.01,1.183,0.0078,0.34,0.0013,4.71,-0.046,25.5,normal,LOW
2026-09-03T17:30:00,5.08,1.177,-0.0366,0.07,-0.0061,4.79,-0.074,25.4,normal,LOW
2026-09-03T17:40:00,4.25,1.206,0.1728,-0.83,0.0288,4.79,-0.041,25.0,normal,LOW
2026-09-03T17:50:00,3.72,1.22,0.0852,-0.53,0.0142,4.7,-0.054,25.1,normal,LOW
2026-09-03T18:00:00,3.25,1.215,-0.0318,-0.47,-0.0053,4.57,-0.081,25.3,normal,LOW
2026-09-03T18:10:00,5.04,1.227,0.0768,1.79,0.0128,4.57,-0.044,25.4,normal,LOW
2026-09-03T18:20:00,4.1,1.209,-0.1086,-0.93,-0.0181,4.6,-0.054,25.2,normal,LOW
2026-09-03T18:30:00,4.95,1.205,-0.0258,0.84,-0.0043,4.63,-0.053,25.5,normal,LOW
2026-09-03T18:40:00,5.39,1.189,-0.0936,0.45,-0.0156,4.65,-0.091,25.6,normal,LOW
2026-09-03T18:50:00,5.8,1.171,-0.111,0.4,-0.0185,4.67,-0.127,25.0,normal,LOW
2026-09-03T19:00:00,5.58,1.154,-0.1044,-0.22,-0.0174,4.63,-0.092,25.4,normal,LOW
2026-09-03T19:10:00,7.19,1.151,-0.0168,1.61,-0.0028,4.77,-0.096,25.4,normal,LOW
2026-09-03T19:20:00,5.35,1.18,0.1764,-1.84,0.0294,4.87,-0.016,25.9,normal,LOW
2026-09-03T19:30:00,4.34,1.207,0.159,-1.01,0.0265,4.82,-0.001,26.1,normal,LOW
2026-09-03T19:40:00,3.79,1.202,-0.0282,-0.55,-0.0047,4.76,0.018,26.3,normal,LOW
2026-09-03T19:50:00,4.86,1.2,-0.0126,1.07,-0.0021,4.85,0.01,26.0,normal,LOW
2026-09-03T20:00:00,5.61,1.188,-0.0732,0.75,-0.0122,4.89,0.006,25.6,normal,LOW
2026-09-03T20:10:00,5.51,1.2,0.0756,-0.1,0.0126,4.93,0.017,26.0,normal,LOW
2026-09-03T20:20:00,7.29,1.215,0.087,1.78,0.0145,5.06,0.038,26.1,normal,LOW
2026-09-03T20:30:00,6.73,1.232,0.1014,-0.56,0.0169,5.15,0.026,26.1,normal,LOW
2026-09-03T20:40:00,6.39,1.254,0.135,-0.34,0.0225,5.27,0.034,25.6,normal,LOW
2026-09-03T20:50:00,6.66,1.229,-0.1488,0.27,-0.0248,5.43,0.015,25.5,normal,LOW
2026-09-03T21:00:00,7.24,1.24,0.0618,0.59,0.0103,5.66,0.012,25.8,normal,LOW
2026-09-03T21:10:00,7.21,1.239,-0.0024,-0.04,-0.0004,5.78,0.03,25.9,normal,LOW
2026-09-03T21:20:00,7.35,1.237,-0.0108,0.14,-0.0018,5.96,0.032,25.5,normal,LOW
2026-09-03T21:30:00,7.23,1.223,-0.084,-0.12,-0.014,6.08,0.034,25.7,normal,LOW
2026-09-03T21:40:00,4.78,1.226,0.015,-2.44,0.0025,6.05,0.055,26.0,normal,LOW
2026-09-03T21:50:00,5.31,1.238,0.0702,0.53,0.0117,6.02,0.084,25.6,normal,LOW
2026-09-03T22:00:00,5.11,1.256,0.1104,-0.2,0.0184,6.0,0.105,25.9,normal,LOW
2026-09-03T22:10:00,5.69,1.281,0.1482,0.58,0.0247,5.91,0.101,26.0,normal,LOW
2026-09-03T22:20:00,5.5,1.302,0.129,-0.19,0.0215,5.92,0.096,25.8,normal,LOW
2026-09-03T22:30:00,5.99,1.348,0.2724,0.49,0.0454,6.01,0.146,25.7,normal,LOW
2026-09-03T22:40:00,7.72,1.374,0.1596,1.73,0.0266,6.23,0.174,25.5,normal,LOW
2026-09-03T22:50:00,7.4,1.354,-0.1194,-0.31,-0.0199,6.37,0.167,25.9,normal,LOW
2026-09-03T23:00:00,5.49,1.316,-0.2292,-1.91,-0.0382,6.37,0.116,26.3,normal,LOW
2026-09-03T23:10:00,5.45,1.341,0.1476,-0.04,0.0246,6.36,0.126,26.0,normal,LOW
2026-09-03T23:20:00,6.04,1.312,-0.1728,0.58,-0.0288,6.29,0.08,25.7,normal,LOW
2026-09-03T23:30:00,4.62,1.277,-0.2106,-1.41,-0.0351,6.18,0.023,26.1,normal,LOW
2026-09-03T23:40:00,5.69,1.303,0.156,1.06,0.026,6.14,0.074,26.2,normal,LOW
2026-09-03T23:50:00,5.28,1.294,-0.0528,-0.4,-0.0088,6.06,0.054,26.3,normal,LOW
2026-09-04T00:00:00,5.94,1.311,0.1008,0.66,0.0168,5.99,0.072,26.0,normal,LOW
2026-09-04T00:10:00,5.01,1.314,0.018,-0.93,0.003,5.87,0.076,26.2,normal,LOW
2026-09-04T00:20:00,5.52,1.296,-0.1086,0.5,-0.0181,5.77,0.072,25.8,normal,LOW
2026-09-04T00:30:00,6.44,1.308,0.0756,0.92,0.0126,5.72,0.082,25.6,normal,LOW
2026-09-04T00:40:00,5.22,1.298,-0.0612,-1.22,-0.0102,5.75,0.06,25.9,normal,LOW
2026-09-04T00:50:00,6.2,1.32,0.1308,0.99,0.0218,5.8,0.064,26.2,normal,LOW
2026-09-04T01:00:00,7.1,1.319,-0.0036,0.89,-0.0006,5.91,0.038,26.1,normal,LOW
2026-09-04T01:10:00,7.42,1.346,0.1596,0.32,0.0266,6.0,0.044,26.1,normal,LOW
2026-09-04T01:20:00,5.92,1.341,-0.0288,-1.5,-0.0048,6.03,-0.007,25.4,normal,LOW
2026-09-04T01:30:00,6.45,1.353,0.0708,0.53,0.0118,6.05,-0.021,25.6,normal,LOW
2026-09-04T01:40:00,7.36,1.374,0.1296,0.91,0.0216,6.03,0.02,25.9,normal,LOW
2026-09-04T01:50:00,5.58,1.342,-0.1938,-1.78,-0.0323,5.93,0.026,25.9,normal,LOW
2026-09-04T02:00:00,5.14,1.335,-0.0444,-0.44,-0.0074,5.91,-0.006,26.3,normal,LOW
2026-09-04T02:10:00,4.78,1.285,-0.2976,-0.36,-0.0496,5.87,-0.027,25.6,normal,LOW
2026-09-04T02:20:00,3.74,1.284,-0.0078,-1.03,-0.0013,5.75,0.007,26.2,normal,LOW
2026-09-04T02:30:00,5.36,1.256,-0.1698,1.62,-0.0283,5.79,-0.047,26.0,normal,LOW
2026-09-04T02:40:00,6.46,1.264,0.0486,1.1,0.0081,5.83,-0.03,26.3,normal,LOW
2026-09-04T02:50:00,6.73,1.287,0.1386,0.27,0.0231,5.91,-0.024,26.1,normal,LOW
2026-09-04T03:00:00,5.39,1.29,0.0192,-1.34,0.0032,5.88,-0.024,25.6,normal,LOW
2026-09-04T03:10:00,6.68,1.283,-0.0396,1.29,-0.0066,5.97,-0.012,26.1,normal,LOW
2026-09-04T03:20:00,7.55,1.288,0.027,0.87,0.0045,6.09,-0.02,25.8,normal,LOW
2026-09-04T03:30:00,6.5,1.27,-0.1098,-1.04,-0.0183,6.09,-0.028,26.4,normal,LOW
2026-09-04T03:40:00,6.22,1.274,0.0294,-0.28,0.0049,6.14,-0.045,25.7,normal,LOW
2026-09-04T03:50:00,4.99,1.303,0.1734,-1.23,0.0289,6.08,-0.016,25.3,normal,LOW
2026-09-04T04:00:00,4.8,1.293,-0.0618,-0.2,-0.0103,5.95,-0.053,25.9,normal,LOW
2026-09-04T04:10:00,3.44,1.286,-0.045,-1.36,-0.0075,5.73,-0.055,25.7,normal,LOW
2026-09-04T04:20:00,3.44,1.265,-0.1236,-0.0,-0.0206,5.59,-0.088,25.5,normal,LOW
2026-09-04T04:30:00,2.62,1.24,-0.1488,-0.81,-0.0248,5.38,-0.134,26.2,normal,LOW
2026-09-04T04:40:00,3.81,1.233,-0.0402,1.19,-0.0067,5.18,-0.109,25.8,normal,LOW
2026-09-04T04:50:00,4.95,1.247,0.0834,1.14,0.0139,5.15,-0.087,25.9,normal,LOW
2026-09-04T05:00:00,4.44,1.247,-0.0024,-0.51,-0.0004,5.11,-0.038,25.6,normal,LOW
2026-09-04T05:10:00,4.37,1.264,0.1044,-0.06,0.0174,5.08,-0.019,25.7,normal,LOW
2026-09-04T05:20:00,4.06,1.257,-0.0444,-0.31,-0.0074,5.1,0.001,25.3,normal,LOW
2026-09-04T05:30:00,5.26,1.214,-0.2604,1.2,-0.0434,5.1,-0.05,25.4,normal,LOW
2026-09-04T05:40:00,5.75,1.248,0.2076,0.49,0.0346,5.06,-0.039,25.7,normal,LOW
2026-09-04T05:50:00,6.24,1.234,-0.0846,0.49,-0.0141,5.03,-0.056,25.6,normal,LOW
2026-09-04T06:00:00,7.02,1.244,0.0618,0.78,0.0103,5.12,-0.039,25.3,normal,LOW
2026-09-04T06:10:00,6.96,1.288,0.2586,-0.06,0.0431,5.14,-0.0,25.7,normal,LOW
2026-09-04T06:20:00,7.8,1.29,0.0162,0.84,0.0027,5.15,0.021,25.9,normal,LOW
2026-09-04T06:30:00,8.04,1.349,0.3546,0.24,0.0591,5.23,0.075,25.1,normal,LOW
2026-09-04T06:40:00,8.47,1.382,0.1968,0.43,0.0328,5.36,0.079,24.9,normal,LOW
2026-09-04T06:50:00,9.42,1.389,0.0396,0.95,0.0066,5.61,0.096,25.8,normal,LOW
2026-09-04T07:00:00,8.64,1.377,-0.072,-0.78,-0.012,5.82,0.091,25.9,normal,LOW
2026-09-04T07:10:00,8.36,1.364,-0.0756,-0.29,-0.0126,6.09,0.099,25.7,normal,LOW
2026-09-04T07:20:00,7.29,1.353,-0.066,-1.07,-0.011,6.31,0.113,25.2,normal,LOW
2026-09-04T07:30:00,7.25,1.333,-0.1236,-0.04,-0.0206,6.56,0.099,25.7,normal,LOW
2026-09-04T07:40:00,6.58,1.326,-0.042,-0.67,-0.007,6.72,0.078,25.8,normal,LOW
2026-09-04T07:50:00,6.67,1.363,0.2256,0.09,0.0376,6.81,0.116,25.5,normal,LOW
2026-09-04T08:00:00,6.99,1.36,-0.0198,0.32,-0.0033,6.95,0.096,25.4,normal,LOW
2026-09-04T08:10:00,6.84,1.357,-0.0168,-0.15,-0.0028,7.09,0.1,25.5,normal,LOW
2026-09-04T08:20:00,6.79,1.353,-0.0264,-0.05,-0.0044,7.24,0.139,25.5,normal,LOW
2026-09-04T08:30:00,7.75,1.324,-0.1716,0.97,-0.0286,7.38,0.076,25.5,normal,LOW
2026-09-04T08:40:00,7.27,1.324,-0.0018,-0.49,-0.0003,7.47,0.09,25.2,normal,LOW
2026-09-04T08:50:00,6.37,1.352,0.1686,-0.9,0.0281,7.47,0.108,25.4,normal,LOW
2026-09-04T09:00:00,7.84,1.336,-0.099,1.47,-0.0165,7.52,0.048,25.2,normal,LOW
2026-09-04T09:10:00,5.95,1.339,0.018,-1.88,0.003,7.46,0.048,25.5,normal,LOW
2026-09-04T09:20:00,7.29,1.343,0.0252,1.34,0.0042,7.43,-0.007,25.5,normal,LOW
2026-09-04T09:30:00,7.17,1.362,0.1164,-0.13,0.0194,7.38,-0.02,25.2,normal,LOW
2026-09-04T09:40:00,6.35,1.361,-0.0078,-0.82,-0.0013,7.27,-0.028,25.5,normal,LOW
2026-09-04T09:50:00,6.78,1.379,0.108,0.43,0.018,7.12,0.002,25.0,normal,LOW
2026-09-04T10:00:00,6.72,1.382,0.021,-0.06,0.0035,7.01,0.018,25.6,normal,LOW
2026-09-04T10:10:00,7.78,1.363,-0.114,1.06,-0.019,6.98,0.01,25.3,normal,LOW
2026-09-04T10:20:00,6.56,1.337,-0.1578,-1.22,-0.0263,6.94,0.005,25.3,normal,LOW
2026-09-04T10:30:00,6.45,1.373,0.2178,-0.11,0.0363,6.9,0.048,25.4,normal,LOW
2026-09-04T10:40:00,8.91,1.372,-0.0078,2.46,-0.0013,7.03,0.009,25.3,normal,LOW
2026-09-04T10:50:00,7.53,1.372,0.0018,-1.38,0.0003,7.07,0.012,24.8,normal,LOW
2026-09-04T11:00:00,6.18,1.34,-0.195,-1.34,-0.0325,7.03,-0.017,25.6,normal,LOW
2026-09-04T11:10:00,5.2,1.353,0.0816,-0.98,0.0136,6.94,0.001,24.8,normal,LOW
2026-09-04T11:20:00,5.9,1.36,0.0384,0.7,0.0064,6.89,0.036,25.5,normal,LOW
2026-09-04T11:30:00,6.63,1.367,0.0456,0.73,0.0076,6.83,0.043,24.9,normal,LOW
2026-09-04T11:40:00,6.57,1.376,0.0486,-0.06,0.0081,6.79,0.023,24.9,normal,LOW
2026-09-04T11:50:00,5.32,1.365,-0.0648,-1.25,-0.0108,6.73,0.029,24.7,normal,LOW
2026-09-04T12:00:00,7.35,1.387,0.1314,2.03,0.0219,6.7,0.048,25.3,normal,LOW
2026-09-04T12:10:00,7.87,1.392,0.033,0.52,0.0055,6.81,0.049,24.6,normal,LOW
2026-09-04T12:20:00,7.74,1.434,0.2484,-0.13,0.0414,6.83,0.071,24.7,normal,LOW
2026-09-04T12:30:00,7.07,1.441,0.045,-0.67,0.0075,6.83,0.08,24.9,normal,LOW
2026-09-04T12:40:00,7.45,1.471,0.1812,0.37,0.0302,6.89,0.092,24.9,normal,LOW
2026-09-04T12:50:00,6.83,1.446,-0.1524,-0.62,-0.0254,6.89,0.063,24.7,normal,LOW
2026-09-04T13:00:00,6.18,1.456,0.06,-0.65,0.01,6.86,0.092,25.0,normal,LOW
2026-09-04T13:10:00,7.79,1.43,-0.1542,1.62,-0.0257,6.86,0.093,24.4,normal,LOW
2026-09-04T13:20:00,9.09,1.419,-0.066,1.3,-0.011,7.0,0.046,24.8,normal,LOW
2026-09-04T13:30:00,8.63,1.45,0.1836,-0.46,0.0306,7.12,0.078,24.7,normal,LOW
2026-09-04T13:40:00,8.87,1.435,-0.087,0.25,-0.0145,7.12,0.063,24.1,normal,LOW
2026-09-04T13:50:00,8.5,1.459,0.141,-0.37,0.0235,7.18,0.119,24.4,normal,LOW
2026-09-04T14:00:00,7.67,1.466,0.045,-0.84,0.0075,7.26,0.113,24.8,normal,LOW
2026-09-04T14:10:00,7.13,1.44,-0.1554,-0.53,-0.0259,7.37,0.08,24.7,normal,LOW
2026-09-04T14:20:00,5.78,1.466,0.153,-1.35,0.0255,7.36,0.098,24.3,normal,LOW
2026-09-04T14:30:00,7.43,1.471,0.0318,1.64,0.0053,7.4,0.096,24.5,normal,LOW
2026-09-04T14:40:00,8.42,1.419,-0.3096,1.0,-0.0516,7.51,0.055,23.9,normal,LOW
2026-09-04T14:50:00,8.42,1.429,0.0576,0.0,0.0096,7.68,0.042,24.3,normal,LOW
2026-09-04T15:00:00,8.15,1.438,0.0528,-0.28,0.0088,7.72,0.046,24.0,normal,LOW
2026-09-04T15:10:00,6.16,1.409,-0.1716,-1.99,-0.0286,7.63,-0.024,24.3,normal,LOW
2026-09-04T15:20:00,5.22,1.368,-0.2478,-0.94,-0.0413,7.49,-0.073,24.1,normal,LOW
2026-09-04T15:30:00,5.47,1.334,-0.207,0.25,-0.0345,7.4,-0.138,24.0,normal,LOW
2026-09-04T15:40:00,4.7,1.336,0.015,-0.77,0.0025,7.25,-0.11,24.1,normal,LOW
2026-09-04T15:50:00,5.7,1.334,-0.0144,1.01,-0.0024,7.18,-0.122,23.8,normal,LOW
2026-09-04T16:00:00,6.37,1.354,0.1206,0.67,0.0201,7.2,-0.076,23.9,normal,LOW
2026-09-04T16:10:00,6.8,1.304,-0.2982,0.43,-0.0497,7.14,-0.115,23.6,normal,LOW
2026-09-04T16:20:00,7.86,1.285,-0.1116,1.06,-0.0186,7.07,-0.164,23.9,normal,LOW
2026-09-04T16:30:00,7.87,1.285,-0.0,0.01,-0.0,7.03,-0.15,24.5,normal,LOW
2026-09-04T16:40:00,8.01,1.278,-0.0468,0.14,-0.0078,6.98,-0.181,24.0,normal,LOW
2026-09-04T16:50:00,7.65,1.284,0.039,-0.36,0.0065,6.93,-0.182,23.8,normal,LOW
2026-09-04T17:00:00,8.28,1.296,0.0684,0.63,0.0114,6.97,-0.145,23.6,normal,LOW
2026-09-04T17:10:00,7.56,1.273,-0.1362,-0.72,-0.0227,6.99,-0.193,23.9,normal,LOW
2026-09-04T17:20:00,7.59,1.271,-0.0144,0.03,-0.0024,7.09,-0.201,24.3,normal,LOW
2026-09-04T17:30:00,7.97,1.268,-0.018,0.38,-0.003,7.12,-0.152,23.5,normal,LOW
2026-09-04T17:40:00,6.6,1.285,0.1026,-1.37,0.0171,7.02,-0.144,23.6,normal,LOW
2026-09-04T17:50:00,6.89,1.287,0.0138,0.29,0.0023,6.94,-0.151,23.5,normal,LOW
2026-09-04T18:00:00,5.44,1.291,0.0258,-1.44,0.0043,6.79,-0.118,23.4,normal,LOW
2026-09-04T18:10:00,6.23,1.279,-0.0768,0.79,-0.0128,6.79,-0.089,23.5,normal,LOW
2026-09-04T18:20:00,5.99,1.285,0.0414,-0.24,0.0069,6.83,-0.048,23.7,normal,LOW
2026-09-04T18:30:00,4.66,1.316,0.1842,-1.33,0.0307,6.79,-0.02,23.3,normal,LOW
2026-09-04T18:40:00,6.01,1.329,0.0744,1.35,0.0124,6.86,-0.005,23.8,normal,LOW
2026-09-04T18:50:00,4.91,1.314,-0.087,-1.1,-0.0145,6.82,-0.04,22.9,normal,LOW
2026-09-04T19:00:00,5.23,1.322,0.0504,0.32,0.0084,6.75,0.018,23.0,normal,LOW
2026-09-04T19:10:00,6.21,1.304,-0.1116,0.98,-0.0186,6.72,0.018,23.3,normal,LOW
2026-09-04T19:20:00,22.69,1.8,2.9772,16.48,0.4962,7.54,0.515,18.9,heavy_rain,LOW
2026-09-04T19:30:00,30.36,1.8,0.0,7.67,0.0,8.79,0.522,19.2,heavy_rain,LOW
2026-09-04T19:40:00,35.89,1.8,0.0,5.53,0.0,10.34,0.516,19.7,heavy_rain,LOW
2026-09-04T19:50:00,38.53,1.813,0.0756,2.64,0.0126,12.06,0.517,19.0,heavy_rain,LOW
2026-09-04T20:00:00,42.58,1.837,0.144,4.05,0.024,13.96,0.564,20.1,heavy_rain,MEDIUM
2026-09-04T20:10:00,51.58,1.847,0.0642,9.01,0.0107,16.41,0.577,19.1,heavy_rain,LOW
2026-09-04T20:20:00,51.2,1.871,0.1422,-0.38,0.0237,18.83,0.603,19.3,heavy_rain,MEDIUM
2026-09-04T20:30:00,50.44,1.903,0.1914,-0.76,0.0319,21.19,0.618,19.0,heavy_rain,MEDIUM
2026-09-04T20:40:00,47.79,1.932,0.174,-2.65,0.029,23.48,0.645,19.2,heavy_rain,MEDIUM
2026-09-04T20:50:00,48.76,1.951,0.1134,0.97,0.0189,25.81,0.659,19.1,heavy_rain,MEDIUM
2026-09-04T21:00:00,53.28,1.983,0.1968,4.52,0.0328,28.46,0.705,19.7,heavy_rain,MEDIUM
2026-09-04T21:10:00,56.67,2.018,0.2082,3.39,0.0347,31.26,0.733,19.2,heavy_rain,MEDIUM
2026-09-04T21:20:00,59.27,2.043,0.1476,2.6,0.0246,34.23,0.727,19.7,heavy_rain,MEDIUM
2026-09-04T21:30:00,64.07,2.071,0.1716,4.8,0.0286,37.53,0.743,19.8,heavy_rain,MEDIUM
2026-09-04T21:40:00,55.5,2.075,0.0192,-8.57,0.0032,40.28,0.761,19.5,heavy_rain,MEDIUM
2026-09-04T21:50:00,53.25,2.085,0.0636,-2.25,0.0106,42.96,0.763,19.4,heavy_rain,MEDIUM
2026-09-04T22:00:00,54.48,2.117,0.1902,1.23,0.0317,45.7,0.813,20.1,heavy_rain,MEDIUM
2026-09-04T22:10:00,56.79,2.148,0.1872,2.31,0.0312,48.51,0.348,18.9,heavy_rain,MEDIUM
2026-09-04T22:20:00,58.09,2.154,0.0372,1.3,0.0062,50.47,0.354,19.3,heavy_rain,MEDIUM
2026-09-04T22:30:00,53.67,2.177,0.1362,-4.42,0.0227,51.77,0.377,19.6,heavy_rain,MEDIUM
2026-09-04T22:40:00,60.67,2.202,0.1524,7.0,0.0254,53.14,0.39,19.4,heavy_rain,MEDIUM
2026-09-04T22:50:00,61.87,2.218,0.0912,1.2,0.0152,54.44,0.381,20.0,heavy_rain,MEDIUM
2026-09-04T23:00:00,59.3,2.242,0.1476,-2.57,0.0246,55.37,0.395,19.8,heavy_rain,MEDIUM
2026-09-04T23:10:00,58.89,2.26,0.1044,-0.41,0.0174,55.78,0.389,19.4,heavy_rain,MEDIUM
2026-09-04T23:20:00,62.52,2.296,0.2172,3.63,0.0362,56.41,0.393,19.7,heavy_rain,MEDIUM
2026-09-04T23:30:00,66.06,2.329,0.201,3.53,0.0335,57.27,0.397,19.1,heavy_rain,MEDIUM
2026-09-04T23:40:00,70.63,2.369,0.237,4.57,0.0395,58.54,0.418,19.5,heavy_rain,MEDIUM
2026-09-04T23:50:00,72.7,2.417,0.2928,2.08,0.0488,59.87,0.434,19.0,heavy_rain,MEDIUM
2026-09-05T00:00:00,68.76,2.449,0.192,-3.94,0.032,60.73,0.431,19.5,heavy_rain,MEDIUM
2026-09-05T00:10:00,63.27,2.484,0.2088,-5.49,0.0348,61.1,0.441,19.3,heavy_rain,MEDIUM
2026-09-05T00:20:00,62.48,2.494,0.0576,-0.79,0.0096,61.28,0.422,20.0,heavy_rain,MEDIUM
2026-09-05T00:30:00,57.47,2.514,0.1206,-5.0,0.0201,60.91,0.439,19.5,heavy_rain,MEDIUM
2026-09-05T00:40:00,57.75,2.553,0.2352,0.27,0.0392,61.03,0.468,19.4,heavy_rain,MEDIUM
2026-09-05T00:50:00,57.65,2.57,0.1032,-0.1,0.0172,61.28,0.453,20.1,heavy_rain,MEDIUM
2026-09-05T01:00:00,55.87,2.587,0.1008,-1.78,0.0168,61.36,0.439,19.2,heavy_rain,MEDIUM
2026-09-05T01:10:00,53.91,2.598,0.066,-1.96,0.011,61.2,0.444,20.0,heavy_rain,MEDIUM
2026-09-05T01:20:00,54.09,2.621,0.1356,0.18,0.0226,60.98,0.444,18.9,heavy_rain,MEDIUM
2026-09-05T01:30:00,56.35,2.646,0.1524,2.26,0.0254,61.12,0.444,20.3,heavy_rain,MEDIUM
2026-09-05T01:40:00,52.7,2.677,0.186,-3.66,0.031,60.68,0.459,19.6,heavy_rain,MEDIUM
2026-09-05T01:50:00,57.45,2.687,0.0582,4.76,0.0097,60.44,0.445,18.7,heavy_rain,MEDIUM
2026-09-05T02:00:00,54.36,2.695,0.0468,-3.1,0.0078,60.16,0.435,18.9,heavy_rain,MEDIUM
2026-09-05T02:10:00,55.68,2.706,0.0678,1.32,0.0113,59.98,0.41,19.9,heavy_rain,MEDIUM
2026-09-05T02:20:00,51.01,2.74,0.2028,-4.67,0.0338,59.34,0.41,18.6,heavy_rain,MEDIUM
2026-09-05T02:30:00,55.53,2.769,0.1782,4.52,0.0297,58.76,0.401,19.2,heavy_rain,MEDIUM
2026-09-05T02:40:00,56.8,2.778,0.0516,1.27,0.0086,57.99,0.36,19.5,heavy_rain,MEDIUM
2026-09-05T02:50:00,49.62,2.793,0.0888,-7.18,0.0148,56.71,0.343,20.1,heavy_rain,MEDIUM
2026-09-05T03:00:00,51.13,2.821,0.1686,1.51,0.0281,55.73,0.337,19.0,heavy_rain,MEDIUM
2026-09-05T03:10:00,59.61,2.855,0.207,8.48,0.0345,55.53,0.362,19.7,heavy_rain,MEDIUM
2026-09-05T03:20:00,63.8,2.876,0.1254,4.19,0.0209,55.6,0.362,19.6,heavy_rain,MEDIUM
2026-09-05T03:30:00,65.59,2.883,0.0432,1.79,0.0072,56.05,0.33,19.2,heavy_rain,MEDIUM
2026-09-05T03:40:00,61.06,2.903,0.1152,-4.53,0.0192,56.23,0.332,20.0,heavy_rain,MEDIUM
2026-09-05T03:50:00,64.67,2.942,0.2346,3.61,0.0391,56.62,0.355,19.7,heavy_rain,MEDIUM
2026-09-05T04:00:00,62.7,2.99,0.2868,-1.97,0.0478,57.0,0.391,19.8,heavy_rain,MEDIUM
2026-09-05T04:10:00,63.01,3.011,0.1284,0.31,0.0214,57.51,0.39,19.5,heavy_rain,MEDIUM
2026-09-05T04:20:00,58.3,3.041,0.1818,-4.71,0.0303,57.74,0.395,19.7,heavy_rain,MEDIUM
2026-09-05T04:30:00,55.92,3.076,0.2082,-2.38,0.0347,57.72,0.399,19.0,heavy_rain,MEDIUM
2026-09-05T04:40:00,57.81,3.094,0.1062,1.89,0.0177,58.0,0.407,19.7,heavy_rain,MEDIUM
2026-09-05T04:50:00,57.63,3.109,0.0918,-0.18,0.0153,58.01,0.414,20.0,heavy_rain,MEDIUM
2026-09-05T05:00:00,62.13,3.148,0.2328,4.49,0.0388,58.44,0.442,19.8,heavy_rain,MEDIUM
2026-09-05T05:10:00,57.05,3.173,0.1512,-5.08,0.0252,58.52,0.433,20.5,heavy_rain,MEDIUM
2026-09-05T05:20:00,59.09,3.19,0.105,2.04,0.0175,58.97,0.421,19.9,heavy_rain,MEDIUM
2026-09-05T05:30:00,64.14,3.218,0.1668,5.05,0.0278,59.45,0.44,19.2,heavy_rain,MEDIUM
2026-09-05T05:40:00,63.03,3.25,0.1902,-1.11,0.0317,59.79,0.457,19.5,heavy_rain,MEDIUM
2026-09-05T05:50:00,57.12,3.297,0.2838,-5.91,0.0473,60.21,0.476,20.0,heavy_rain,MEDIUM
2026-09-05T06:00:00,59.47,3.318,0.1272,2.35,0.0212,60.67,0.463,19.6,heavy_rain,MEDIUM
2026-09-05T06:10:00,56.99,3.34,0.1326,-2.49,0.0221,60.53,0.464,19.6,heavy_rain,MEDIUM
2026-09-05T06:20:00,63.64,3.386,0.276,6.65,0.046,60.52,0.503,20.2,heavy_rain,MEDIUM
2026-09-05T06:30:00,60.28,3.392,0.0306,-3.35,0.0051,60.22,0.489,19.6,heavy_rain,MEDIUM
2026-09-05T06:40:00,61.13,3.4,0.051,0.84,0.0085,60.23,0.458,20.5,heavy_rain,MEDIUM
2026-09-05T06:50:00,57.49,3.4,0.0,-3.63,0.0,59.83,0.41,19.4,heavy_rain,MEDIUM
2026-09-05T07:00:00,60.79,3.4,0.0,3.29,0.0,59.72,0.389,20.0,heavy_rain,MEDIUM
2026-09-05T07:10:00,85.36,3.572,1.0314,24.57,0.1719,60.96,0.531,16.8,flash_flood,HIGH
2026-09-05T07:20:00,107.18,3.695,0.7386,21.82,0.1231,63.68,0.619,16.8,flash_flood,HIGH
2026-09-05T07:30:00,119.87,3.837,0.852,12.69,0.142,67.23,0.743,17.9,flash_flood,HIGH
2026-09-05T07:40:00,118.87,4.021,1.1064,-1.0,0.1844,70.62,0.912,17.0,flash_flood,HIGH
2026-09-05T07:50:00,128.63,4.214,1.1568,9.76,0.1928,74.57,1.067,16.8,flash_flood,HIGH
2026-09-05T08:00:00,129.71,4.361,0.8802,1.09,0.1467,78.32,1.188,17.5,flash_flood,HIGH
2026-09-05T08:10:00,136.29,4.499,0.8268,6.57,0.1378,82.73,1.308,16.9,flash_flood,HIGH
2026-09-05T08:20:00,137.06,4.681,1.0938,0.78,0.1823,87.06,1.463,17.2,flash_flood,HIGH
2026-09-05T08:30:00,121.85,4.832,0.9078,-15.21,0.1513,90.26,1.583,17.1,flash_flood,HIGH
2026-09-05T08:40:00,118.89,4.993,0.963,-2.95,0.1605,93.37,1.696,17.7,flash_flood,HIGH
2026-09-05T08:50:00,121.92,5.157,0.9858,3.02,0.1643,96.97,1.839,17.9,flash_flood,HIGH
2026-09-05T09:00:00,122.88,5.314,0.942,0.97,0.157,100.49,1.974,17.8,flash_flood,HIGH
2026-09-05T09:10:00,105.41,5.476,0.9726,-17.47,0.1621,103.18,2.09,16.9,flash_flood,HIGH
2026-09-05T09:20:00,115.37,5.639,0.975,9.95,0.1625,106.05,2.247,16.5,flash_flood,HIGH
2026-09-05T09:30:00,113.1,5.774,0.8088,-2.27,0.1348,108.99,2.374,17.7,flash_flood,HIGH
2026-09-05T09:40:00,106.52,5.897,0.7416,-6.58,0.1236,111.51,2.497,17.1,flash_flood,HIGH
2026-09-05T09:50:00,109.91,6.019,0.729,3.39,0.1215,114.42,2.619,18.4,flash_flood,HIGH
2026-09-05T10:00:00,111.03,6.172,0.9204,1.12,0.1534,117.21,2.6,16.8,flash_flood,HIGH
2026-09-05T10:10:00,103.39,6.312,0.8418,-7.64,0.1403,118.22,2.617,17.1,flash_flood,HIGH
2026-09-05T10:20:00,121.77,6.477,0.99,18.38,0.165,119.03,2.64,17.3,flash_flood,HIGH
2026-09-05T10:30:00,117.61,6.667,1.14,-4.16,0.19,118.9,2.646,18.5,flash_flood,HIGH
2026-09-05T10:40:00,121.67,6.8,0.7956,4.06,0.1326,119.06,2.586,16.7,flash_flood,HIGH
2026-09-05T10:50:00,122.02,6.8,0.0,0.35,0.0,118.69,2.439,16.5,flash_flood,HIGH
2026-09-05T11:00:00,132.44,6.8,0.0,10.42,0.0,118.84,2.301,17.1,flash_flood,HIGH
2026-09-05T11:10:00,123.24,6.8,0.0,-9.21,0.0,118.12,2.119,17.0,flash_flood,HIGH
2026-09-05T11:20:00,125.66,6.8,0.0,2.42,0.0,117.48,1.968,16.5,flash_flood,HIGH
2026-09-05T11:30:00,118.64,6.8,0.0,-7.02,0.0,117.3,1.807,17.3,flash_flood,HIGH
2026-09-05T11:40:00,127.75,6.8,0.0,9.11,0.0,117.8,1.643,16.3,flash_flood,HIGH
2026-09-05T11:50:00,128.01,6.8,0.0,0.27,0.0,118.13,1.486,17.1,flash_flood,HIGH
2026-09-05T12:00:00,119.96,6.8,0.0,-8.06,0.0,117.97,1.324,18.1,flash_flood,HIGH
2026-09-05T12:10:00,111.04,6.8,0.0,-8.92,0.0,118.28,1.161,15.7,flash_flood,HIGH
2026-09-05T12:20:00,128.11,6.8,0.0,17.07,0.0,118.99,1.026,16.8,flash_flood,HIGH
2026-09-05T12:30:00,125.25,6.8,0.0,-2.86,0.0,119.67,0.903,16.4,flash_flood,HIGH
2026-09-05T12:40:00,120.93,6.8,0.0,-4.32,0.0,120.47,0.781,17.4,flash_flood,HIGH
2026-09-05T12:50:00,107.7,6.8,0.0,-13.23,0.0,120.35,0.628,16.5,flash_flood,HIGH
2026-09-05T13:00:00,100.0,6.8,0.0,-7.7,0.0,119.73,0.488,16.8,flash_flood,HIGH
2026-09-05T13:10:00,97.98,6.8,0.0,-2.02,0.0,119.43,0.323,16.5,flash_flood,HIGH
2026-09-05T13:20:00,99.63,6.8,0.0,1.65,0.0,118.2,0.133,16.9,flash_flood,HIGH
2026-09-05T13:30:00,92.58,6.8,0.0,-7.05,0.0,116.81,0.0,16.5,flash_flood,HIGH
2026-09-05T13:40:00,101.11,6.8,0.0,8.52,0.0,115.67,0.0,17.8,flash_flood,HIGH
2026-09-05T13:50:00,120.21,6.8,0.0,19.11,0.0,115.57,0.0,17.0,flash_flood,HIGH
2026-09-05T14:00:00,127.62,6.8,0.0,7.41,0.0,115.3,0.0,17.1,flash_flood,HIGH
2026-09-05T14:10:00,130.94,6.8,0.0,3.32,0.0,115.73,0.0,16.9,flash_flood,HIGH
2026-09-05T14:20:00,124.11,6.8,0.0,-6.83,0.0,115.64,0.0,16.7,flash_flood,HIGH
2026-09-05T14:30:00,111.27,6.8,0.0,-12.84,0.0,115.23,0.0,16.7,flash_flood,HIGH
2026-09-05T14:40:00,113.46,6.8,0.0,2.19,0.0,114.44,0.0,15.8,flash_flood,HIGH
2026-09-05T14:50:00,106.72,6.8,0.0,-6.74,0.0,113.26,0.0,17.4,flash_flood,HIGH
2026-09-05T15:00:00,114.02,6.8,0.0,7.3,0.0,112.93,0.0,16.8,flash_flood,HIGH
2026-09-05T15:10:00,112.55,6.8,0.0,-1.47,0.0,113.01,0.0,17.5,flash_flood,HIGH
2026-09-05T15:20:00,115.59,6.8,0.0,3.03,0.0,112.32,0.0,16.2,flash_flood,HIGH
2026-09-05T15:30:00,126.89,6.8,0.0,11.3,0.0,112.41,0.0,17.1,flash_flood,HIGH
2026-09-05T15:40:00,122.65,6.8,0.0,-4.24,0.0,112.5,0.0,16.4,flash_flood,HIGH
2026-09-05T15:50:00,107.34,6.8,0.0,-15.31,0.0,112.48,0.0,16.6,flash_flood,HIGH
2026-09-05T16:00:00,103.21,6.8,0.0,-4.14,0.0,112.66,0.0,16.4,flash_flood,HIGH
2026-09-05T16:10:00,96.78,6.8,0.0,-6.43,0.0,112.59,0.0,17.9,flash_flood,HIGH
2026-09-05T16:20:00,103.03,6.8,0.0,6.25,0.0,112.78,0.0,16.7,flash_flood,HIGH
2026-09-05T16:30:00,107.42,6.8,0.0,4.39,0.0,113.61,0.0,17.9,flash_flood,HIGH
2026-09-05T16:40:00,106.63,6.8,0.0,-0.79,0.0,113.91,0.0,17.3,flash_flood,HIGH
2026-09-05T16:50:00,114.53,6.8,0.0,7.9,0.0,113.6,0.0,17.6,flash_flood,HIGH
2026-09-05T17:00:00,121.33,6.8,0.0,6.8,0.0,113.25,0.0,16.7,flash_flood,HIGH
2026-09-05T17:10:00,122.71,6.8,0.0,1.38,0.0,112.79,0.0,17.0,flash_flood,HIGH
2026-09-05T17:20:00,113.83,6.8,0.0,-8.88,0.0,112.22,0.0,17.0,flash_flood,HIGH
2026-09-05T17:30:00,126.02,6.8,0.0,12.19,0.0,113.04,0.0,16.4,flash_flood,HIGH
2026-09-05T17:40:00,121.9,6.8,0.0,-4.12,0.0,113.51,0.0,16.7,flash_flood,HIGH
2026-09-05T17:50:00,116.27,6.8,0.0,-5.64,0.0,114.04,0.0,16.2,flash_flood,HIGH
2026-09-05T18:00:00,107.41,6.8,0.0,-8.85,0.0,113.67,0.0,16.9,flash_flood,HIGH
2026-09-05T18:10:00,116.73,6.8,0.0,9.32,0.0,113.9,0.0,16.7,flash_flood,HIGH
2026-09-05T18:20:00,111.99,6.8,0.0,-4.74,0.0,113.7,0.0,16.9,flash_flood,HIGH
2026-09-05T18:30:00,108.67,6.8,0.0,-3.32,0.0,112.69,0.0,16.9,flash_flood,HIGH
2026-09-05T18:40:00,113.03,6.8,0.0,4.36,0.0,112.16,0.0,16.1,flash_flood,HIGH
2026-09-05T18:50:00,104.24,6.8,0.0,-8.8,0.0,111.98,0.0,17.2,flash_flood,HIGH
2026-09-05T19:00:00,113.1,6.8,0.0,8.86,0.0,112.53,0.0,17.1,flash_flood,HIGH
2026-09-05T19:10:00,126.51,6.8,0.0,13.41,0.0,114.19,0.0,16.9,flash_flood,HIGH
2026-09-05T19:20:00,122.81,6.8,0.0,-3.7,0.0,115.29,0.0,16.3,flash_flood,HIGH
2026-09-05T19:30:00,107.15,6.8,0.0,-15.66,0.0,115.27,0.0,17.4,flash_flood,HIGH
2026-09-05T19:40:00,112.88,6.8,0.0,5.73,0.0,115.62,0.0,17.0,flash_flood,HIGH
2026-09-05T19:50:00,111.66,6.8,0.0,-1.22,0.0,115.46,0.0,17.1,flash_flood,HIGH
2026-09-05T20:00:00,109.59,6.8,0.0,-2.08,0.0,114.81,0.0,17.3,flash_flood,HIGH
2026-09-05T20:10:00,113.7,6.8,0.0,4.12,0.0,114.31,0.0,16.6,flash_flood,HIGH
2026-09-05T20:20:00,113.9,6.8,0.0,0.2,0.0,114.31,0.0,18.4,flash_flood,HIGH
2026-09-05T20:30:00,109.71,6.8,0.0,-4.19,0.0,113.4,0.0,16.7,flash_flood,HIGH
2026-09-05T20:40:00,118.27,6.8,0.0,8.56,0.0,113.2,0.0,17.2,flash_flood,HIGH
2026-09-05T20:50:00,109.61,6.8,0.0,-8.66,0.0,112.83,0.0,16.3,flash_flood,HIGH
2026-09-05T21:00:00,118.66,6.8,0.0,9.05,0.0,113.46,0.0,17.2,flash_flood,HIGH
2026-09-05T21:10:00,120.9,6.8,0.0,2.24,0.0,113.69,0.0,16.8,flash_flood,HIGH
2026-09-05T21:20:00,117.14,6.8,0.0,-3.76,0.0,113.97,0.0,16.5,flash_flood,HIGH
2026-09-05T21:30:00,113.41,6.8,0.0,-3.73,0.0,114.24,0.0,16.8,flash_flood,HIGH
2026-09-05T21:40:00,108.54,6.8,0.0,-4.87,0.0,113.99,0.0,16.3,flash_flood,HIGH
2026-09-05T21:50:00,104.92,6.8,0.0,-3.62,0.0,114.02,0.0,17.6,flash_flood,HIGH
2026-09-05T22:00:00,98.8,6.8,0.0,-6.12,0.0,113.23,0.0,17.3,flash_flood,HIGH
2026-09-05T22:10:00,101.28,6.8,0.0,2.48,0.0,111.83,0.0,17.2,flash_flood,HIGH
2026-09-05T22:20:00,118.06,6.8,0.0,16.77,0.0,111.56,0.0,16.8,flash_flood,HIGH
2026-09-05T22:30:00,117.16,6.8,0.0,-0.9,0.0,112.12,0.0,16.1,flash_flood,HIGH
2026-09-05T22:40:00,119.32,6.8,0.0,2.16,0.0,112.48,0.0,18.0,flash_flood,HIGH
2026-09-05T22:50:00,107.17,6.8,0.0,-12.15,0.0,112.23,0.0,16.6,flash_flood,HIGH
2026-09-05T23:00:00,115.12,6.8,0.0,7.95,0.0,112.54,0.0,16.4,flash_flood,HIGH
2026-09-05T23:10:00,107.88,6.8,0.0,-7.24,0.0,112.21,0.0,16.9,flash_flood,HIGH
2026-09-05T23:20:00,113.27,6.8,0.0,5.39,0.0,112.18,0.0,16.7,flash_flood,HIGH
2026-09-05T23:30:00,118.01,6.8,0.0,4.74,0.0,112.64,0.0,16.0,flash_flood,HIGH
2026-09-05T23:40:00,116.89,6.8,0.0,-1.12,0.0,112.56,0.0,17.1,flash_flood,HIGH
2026-09-05T23:50:00,111.08,6.8,0.0,-5.8,0.0,112.64,0.0,16.7,flash_flood,HIGH
2026-09-06T00:00:00,117.93,6.8,0.0,6.85,0.0,112.6,0.0,16.4,flash_flood,HIGH
2026-09-06T00:10:00,113.9,6.8,0.0,-4.03,0.0,112.21,0.0,16.8,flash_flood,HIGH
2026-09-06T00:20:00,120.48,6.8,0.0,6.58,0.0,112.4,0.0,17.9,flash_flood,HIGH
2026-09-06T00:30:00,113.94,6.8,0.0,-6.53,0.0,112.43,0.0,16.3,flash_flood,HIGH
2026-09-06T00:40:00,102.74,6.8,0.0,-11.2,0.0,112.11,0.0,17.0,flash_flood,HIGH
2026-09-06T00:50:00,98.63,6.8,0.0,-4.11,0.0,111.76,0.0,17.6,flash_flood,HIGH
2026-09-06T01:00:00,111.57,6.8,0.0,12.93,0.0,112.47,0.0,17.2,flash_flood,HIGH
2026-09-06T01:10:00,125.53,6.8,0.0,13.96,0.0,113.81,0.0,17.4,flash_flood,HIGH
2026-09-06T01:20:00,129.08,6.8,0.0,3.56,0.0,114.43,0.0,16.3,flash_flood,HIGH
2026-09-06T01:30:00,129.35,6.8,0.0,0.27,0.0,115.1,0.0,17.1,flash_flood,HIGH
2026-09-06T01:40:00,125.37,6.8,0.0,-3.98,0.0,115.44,0.0,16.5,flash_flood,HIGH
2026-09-06T01:50:00,129.07,6.8,0.0,3.7,0.0,116.66,0.0,17.4,flash_flood,HIGH
2026-09-06T02:00:00,122.47,6.8,0.0,-6.6,0.0,117.07,0.0,16.7,flash_flood,HIGH
2026-09-06T02:10:00,115.04,6.8,0.0,-7.43,0.0,117.46,0.0,16.7,flash_flood,HIGH
2026-09-06T02:20:00,114.52,6.8,0.0,-0.53,0.0,117.53,0.0,16.8,flash_flood,HIGH
2026-09-06T02:30:00,124.25,6.8,0.0,9.74,0.0,117.88,0.0,17.2,flash_flood,HIGH
2026-09-06T02:40:00,120.86,6.8,0.0,-3.4,0.0,118.1,0.0,17.8,flash_flood,HIGH
2026-09-06T02:50:00,113.39,6.8,0.0,-7.46,0.0,118.23,0.0,17.3,flash_flood,HIGH
2026-09-06T03:00:00,115.6,6.8,0.0,2.21,0.0,118.1,0.0,17.5,flash_flood,HIGH
2026-09-06T03:10:00,108.25,6.8,0.0,-7.35,0.0,117.79,0.0,17.4,flash_flood,HIGH
2026-09-06T03:20:00,101.33,6.8,0.0,-6.92,0.0,116.72,0.0,17.2,flash_flood,HIGH
2026-09-06T03:30:00,102.95,6.8,0.0,1.62,0.0,116.11,0.0,16.5,flash_flood,HIGH
2026-09-06T03:40:00,118.92,6.8,0.0,15.97,0.0,117.01,0.0,18.2,flash_flood,HIGH
2026-09-06T03:50:00,132.17,6.8,0.0,13.25,0.0,118.87,0.0,16.8,flash_flood,HIGH
2026-09-06T04:00:00,135.45,6.8,0.0,3.28,0.0,120.2,0.0,16.5,flash_flood,HIGH
2026-09-06T04:10:00,126.99,6.8,0.0,-8.46,0.0,120.28,0.0,17.9,flash_flood,HIGH
2026-09-06T04:20:00,123.41,6.8,0.0,-3.58,0.0,119.97,0.0,17.5,flash_flood,HIGH
2026-09-06T04:30:00,127.92,6.8,0.0,4.51,0.0,119.89,0.0,16.0,flash_flood,HIGH
2026-09-06T04:40:00,121.64,6.8,0.0,-6.28,0.0,119.68,0.0,17.1,flash_flood,HIGH
2026-09-06T04:50:00,121.83,6.8,0.0,0.19,0.0,119.28,0.0,16.6,flash_flood,HIGH
2026-09-06T05:00:00,128.35,6.8,0.0,6.52,0.0,119.6,0.0,17.6,flash_flood,HIGH
2026-09-06T05:10:00,139.31,6.8,0.0,10.95,0.0,120.95,0.0,16.8,flash_flood,HIGH
2026-09-06T05:20:00,125.89,6.8,0.0,-13.42,0.0,121.58,0.0,16.7,flash_flood,HIGH
2026-09-06T05:30:00,134.92,6.8,0.0,9.04,0.0,122.18,0.0,16.5,flash_flood,HIGH
2026-09-06T05:40:00,129.54,6.8,0.0,-5.38,0.0,122.66,0.0,17.0,flash_flood,HIGH
2026-09-06T05:50:00,114.9,6.8,0.0,-14.65,0.0,122.74,0.0,16.8,flash_flood,HIGH
2026-09-06T06:00:00,112.89,6.8,0.0,-2.01,0.0,122.59,0.0,17.6,flash_flood,HIGH
2026-09-06T06:10:00,108.33,6.8,0.0,-4.56,0.0,122.6,0.0,17.8,flash_flood,HIGH
2026-09-06T06:20:00,109.89,6.8,0.0,1.55,0.0,123.07,0.0,16.7,flash_flood,HIGH
2026-09-06T06:30:00,106.54,6.8,0.0,-3.35,0.0,123.27,0.0,17.7,flash_flood,HIGH
2026-09-06T06:40:00,115.89,6.8,0.0,9.35,0.0,123.1,0.0,17.4,flash_flood,HIGH
2026-09-06T06:50:00,109.78,6.8,0.0,-6.1,0.0,121.86,0.0,17.8,flash_flood,HIGH
2026-09-06T07:00:00,119.47,6.8,0.0,9.68,0.0,120.97,0.0,17.4,flash_flood,HIGH
2026-09-06T07:10:00,121.12,6.8,0.0,1.65,0.0,120.65,0.0,18.2,flash_flood,HIGH
2026-09-06T07:20:00,119.94,6.8,0.0,-1.18,0.0,120.45,0.0,16.8,flash_flood,HIGH
2026-09-06T07:30:00,104.94,6.8,0.0,-15.0,0.0,119.18,0.0,17.1,flash_flood,HIGH
2026-09-06T07:40:00,103.1,6.8,0.0,-1.83,0.0,118.15,0.0,17.1,flash_flood,HIGH
2026-09-06T07:50:00,112.84,6.8,0.0,9.74,0.0,117.65,0.0,16.6,flash_flood,HIGH
2026-09-06T08:00:00,126.18,6.8,0.0,13.34,0.0,117.53,0.0,17.5,flash_flood,HIGH
2026-09-06T08:10:00,117.03,6.8,0.0,-9.16,0.0,116.29,0.0,16.8,flash_flood,HIGH
2026-09-06T08:20:00,116.66,6.8,0.0,-0.37,0.0,115.78,0.0,16.6,flash_flood,HIGH
2026-09-06T08:30:00,113.69,6.8,0.0,-2.97,0.0,114.6,0.0,16.9,flash_flood,HIGH
2026-09-06T08:40:00,100.18,6.8,0.0,-13.51,0.0,112.96,0.0,16.3,flash_flood,HIGH
2026-09-06T08:50:00,99.1,6.8,0.0,-1.08,0.0,112.09,0.0,16.8,flash_flood,HIGH
2026-09-06T09:00:00,106.8,6.8,0.0,7.7,0.0,111.75,0.0,16.9,flash_flood,HIGH
2026-09-06T09:10:00,122.72,6.8,0.0,15.92,0.0,112.55,0.0,17.1,flash_flood,HIGH
2026-09-06T09:20:00,117.48,6.8,0.0,-5.24,0.0,112.97,0.0,16.9,flash_flood,HIGH
2026-09-06T09:30:00,123.59,6.8,0.0,6.1,0.0,113.92,0.0,16.2,flash_flood,HIGH
2026-09-06T09:40:00,114.52,6.8,0.0,-9.07,0.0,113.84,0.0,16.3,flash_flood,HIGH
2026-09-06T09:50:00,124.9,6.8,0.0,10.38,0.0,114.68,0.0,17.7,flash_flood,HIGH
2026-09-06T10:00:00,132.21,6.8,0.0,7.32,0.0,115.39,0.0,16.6,flash_flood,HIGH
2026-09-06T10:10:00,109.62,6.8,0.0,-22.6,0.0,114.75,0.0,17.7,flash_flood,HIGH
2026-09-06T10:20:00,112.7,6.8,0.0,3.08,0.0,114.35,0.0,16.8,flash_flood,HIGH
2026-09-06T10:30:00,102.85,6.8,0.0,-9.85,0.0,114.23,0.0,16.8,flash_flood,HIGH
2026-09-06T10:40:00,105.21,6.8,0.0,2.36,0.0,114.35,0.0,17.0,flash_flood,HIGH
2026-09-06T10:50:00,106.32,6.8,0.0,1.11,0.0,113.99,0.0,17.1,flash_flood,HIGH
2026-09-06T11:00:00,107.57,1.531,-31.6116,1.25,-5.2686,112.95,-5.269,21.5,false_alarm,MEDIUM
2026-09-06T11:10:00,104.55,1.413,-0.7128,-3.02,-0.1188,112.26,-5.387,22.3,false_alarm,MEDIUM
2026-09-06T11:20:00,95.88,1.227,-1.1154,-8.67,-0.1859,111.11,-5.573,23.0,false_alarm,LOW
2026-09-06T11:30:00,96.05,1.55,1.9428,0.17,0.3238,110.13,-5.25,22.1,false_alarm,MEDIUM
2026-09-06T11:40:00,116.93,1.532,-0.1122,20.88,-0.0187,111.06,-5.268,22.6,false_alarm,MEDIUM
2026-09-06T11:50:00,117.47,1.133,-2.3928,0.54,-0.3988,112.08,-5.667,22.4,false_alarm,LOW
2026-09-06T12:00:00,110.68,1.158,0.15,-6.79,0.025,112.29,-5.642,22.8,false_alarm,LOW
2026-09-06T12:10:00,109.32,1.246,0.5274,-1.37,0.0879,111.55,-5.554,22.2,false_alarm,LOW
2026-09-06T12:20:00,92.4,1.11,-0.8136,-16.92,-0.1356,110.15,-5.69,22.3,false_alarm,LOW
2026-09-06T12:30:00,110.12,1.33,1.32,17.72,0.22,109.41,-5.47,22.8,false_alarm,LOW
2026-09-06T12:40:00,114.92,1.143,-1.1214,4.8,-0.1869,109.43,-5.657,22.2,false_alarm,LOW
2026-09-06T12:50:00,104.44,1.497,2.124,-10.48,0.354,108.29,-5.303,21.8,false_alarm,MEDIUM
2026-09-06T13:00:00,88.65,1.14,-2.1462,-15.8,-0.3577,105.87,-5.66,22.3,false_alarm,LOW
2026-09-06T13:10:00,118.09,1.277,0.8268,29.45,0.1378,106.34,-5.523,21.9,false_alarm,LOW
2026-09-06T13:20:00,86.79,1.401,0.7422,-31.31,0.1237,104.9,-5.399,22.0,false_alarm,MEDIUM
2026-09-06T13:30:00,105.64,1.345,-0.3354,18.86,-0.0559,105.06,-5.455,21.8,false_alarm,LOW
2026-09-06T13:40:00,113.43,1.105,-1.4424,7.79,-0.2404,105.51,-5.695,21.6,false_alarm,LOW
2026-09-06T13:50:00,115.89,1.073,-0.1926,2.46,-0.0321,106.05,-0.458,22.0,false_alarm,LOW
2026-09-06T14:00:00,118.09,1.198,0.7488,2.19,0.1248,106.63,-0.215,21.4,false_alarm,LOW
2026-09-06T14:10:00,108.04,1.353,0.933,-10.05,0.1555,106.82,0.127,21.8,false_alarm,LOW
2026-09-06T14:20:00,117.56,1.111,-1.4538,9.52,-0.2423,108.03,-0.44,21.7,false_alarm,LOW
2026-09-06T14:30:00,109.33,1.579,2.8074,-8.23,0.4679,108.77,0.047,21.9,false_alarm,MEDIUM
2026-09-06T14:40:00,92.84,1.133,-2.6754,-16.49,-0.4459,107.43,-0.0,21.5,false_alarm,LOW
2026-09-06T14:50:00,89.16,1.39,1.5408,-3.67,0.2568,105.85,0.232,22.4,false_alarm,LOW
2026-09-06T15:00:00,117.36,1.087,-1.8138,28.2,-0.3023,106.23,-0.158,22.6,false_alarm,LOW
2026-09-06T15:10:00,96.19,1.207,0.7158,-21.17,0.1193,105.5,0.096,21.7,false_alarm,LOW
2026-09-06T15:20:00,102.03,1.501,1.7634,5.84,0.2939,106.03,0.17,21.8,false_alarm,MEDIUM
2026-09-06T15:30:00,118.41,1.078,-2.5386,16.37,-0.4231,106.49,-0.066,22.2,false_alarm,LOW
2026-09-06T15:40:00,98.61,1.066,-0.0696,-19.79,-0.0116,105.59,-0.431,22.2,false_alarm,LOW
2026-09-06T15:50:00,119.65,1.393,1.9638,21.04,0.3273,106.43,0.254,22.0,false_alarm,LOW
2026-09-06T16:00:00,98.83,1.148,-1.47,-20.82,-0.245,107.0,-0.129,22.2,false_alarm,LOW
2026-09-06T16:10:00,119.43,1.152,0.0216,20.59,0.0036,107.07,-0.249,22.0,false_alarm,LOW
2026-09-06T16:20:00,98.2,1.157,0.0294,-21.23,0.0049,107.71,-0.188,21.8,false_alarm,LOW
2026-09-06T16:30:00,107.21,1.219,0.3702,9.01,0.0617,107.79,0.114,21.8,false_alarm,LOW
2026-09-06T16:40:00,105.62,1.073,-0.8718,-1.59,-0.1453,107.36,0.0,22.0,false_alarm,LOW
2026-09-06T16:50:00,92.48,1.43,2.142,-13.13,0.357,106.06,0.233,21.6,false_alarm,MEDIUM
2026-09-06T17:00:00,105.21,1.129,-1.8078,12.73,-0.3013,105.34,-0.224,21.8,false_alarm,LOW
2026-09-06T17:10:00,94.48,1.373,1.4634,-10.73,0.2439,104.59,0.262,22.4,false_alarm,LOW
2026-09-06T17:20:00,101.88,1.273,-0.6012,7.39,-0.1002,103.72,-0.306,22.4,false_alarm,LOW
2026-09-06T17:30:00,112.57,1.116,-0.9408,10.69,-0.1568,103.9,-0.017,22.2,false_alarm,LOW
2026-09-06T17:40:00,99.33,1.426,1.8612,-13.23,0.3102,104.26,0.036,21.5,false_alarm,MEDIUM
2026-09-06T17:50:00,93.98,1.195,-1.3866,-5.35,-0.2311,104.53,0.108,21.9,false_alarm,LOW
2026-09-06T18:00:00,105.68,1.064,-0.7854,11.7,-0.1309,103.88,-0.143,22.5,false_alarm,LOW
2026-09-06T18:10:00,91.26,1.022,-0.255,-14.42,-0.0425,103.6,-0.479,22.1,false_alarm,LOW
2026-09-06T18:20:00,115.59,1.38,2.1492,24.33,0.3582,104.36,0.302,22.0,false_alarm,LOW
2026-09-06T18:30:00,115.14,1.357,-0.1392,-0.45,-0.0232,104.18,0.29,21.4,false_alarm,LOW
2026-09-06T18:40:00,107.86,1.116,-1.4442,-7.28,-0.2407,104.69,-0.278,21.8,false_alarm,LOW
2026-09-06T18:50:00,99.61,1.495,2.2782,-8.25,0.3797,103.58,0.347,22.1,false_alarm,MEDIUM
2026-09-06T19:00:00,93.81,1.302,-1.1616,-5.8,-0.1936,103.3,0.15,21.3,false_alarm,LOW
2026-09-06T19:10:00,95.57,1.304,0.0108,1.76,0.0018,101.97,0.147,22.8,false_alarm,LOW
2026-09-06T19:20:00,109.52,1.294,-0.0564,13.95,-0.0094,102.6,0.076,22.0,false_alarm,LOW
2026-09-06T19:30:00,93.36,1.306,0.0726,-16.16,0.0121,101.83,0.233,21.8,false_alarm,LOW
2026-09-06T19:40:00,87.87,1.011,-1.7736,-5.49,-0.2956,100.84,-0.419,23.0,false_alarm,LOW
2026-09-06T19:50:00,96.48,1.09,0.4758,8.61,0.0793,101.07,-0.039,22.8,false_alarm,LOW
2026-09-06T20:00:00,113.54,1.287,1.179,17.06,0.1965,101.53,-0.086,21.6,false_alarm,LOW
2026-09-06T20:10:00,91.34,1.163,-0.7446,-22.2,-0.1241,101.35,-0.11,21.1,false_alarm,LOW
2026-09-06T20:20:00,97.2,1.079,-0.5004,5.86,-0.0834,101.09,-0.037,21.4,false_alarm,LOW
2026-09-06T20:30:00,116.97,1.018,-0.3678,19.76,-0.0613,101.34,-0.408,22.2,false_alarm,LOW
2026-09-06T20:40:00,108.09,1.213,1.1724,-8.88,0.1954,101.83,0.018,22.0,false_alarm,LOW
2026-09-06T20:50:00,90.11,1.578,2.1906,-17.98,0.3651,101.61,0.514,21.4,false_alarm,MEDIUM
2026-09-06T21:00:00,115.6,1.333,-1.4748,25.49,-0.2458,102.16,0.311,22.9,false_alarm,LOW
2026-09-06T21:10:00,111.23,1.353,0.1212,-4.37,0.0202,103.27,-0.027,22.0,false_alarm,LOW
2026-09-06T21:20:00,91.25,1.513,0.9648,-19.98,0.1608,101.92,0.157,21.9,false_alarm,MEDIUM
2026-09-06T21:30:00,111.25,1.344,-1.017,20.0,-0.1695,101.7,0.228,21.2,false_alarm,LOW
2026-09-06T21:40:00,101.62,1.385,0.2448,-9.63,0.0408,101.36,-0.111,22.0,false_alarm,LOW
2026-09-06T21:50:00,112.38,1.049,-2.0142,10.75,-0.3357,102.07,-0.253,22.5,false_alarm,LOW
2026-09-06T22:00:00,104.56,1.129,0.4776,-7.81,0.0796,102.66,-0.175,22.4,false_alarm,LOW
2026-09-06T22:10:00,103.87,1.302,1.038,-0.69,0.173,103.13,0.007,20.7,false_alarm,LOW
2026-09-06T22:20:00,88.88,1.11,-1.1514,-14.99,-0.1919,101.98,-0.197,21.2,false_alarm,LOW
2026-09-06T22:30:00,88.41,1.145,0.2148,-0.47,0.0358,101.7,0.135,21.6,false_alarm,LOW
2026-09-06T22:40:00,92.38,1.441,1.7748,3.98,0.2958,101.95,0.351,21.6,false_alarm,MEDIUM
2026-09-06T22:50:00,113.65,1.196,-1.47,21.27,-0.245,102.91,-0.09,22.4,false_alarm,LOW
2026-09-06T23:00:00,106.84,1.176,-0.1212,-6.81,-0.0202,102.54,0.014,21.8,false_alarm,LOW
2026-09-06T23:10:00,109.98,1.207,0.1842,3.14,0.0307,103.57,0.128,22.2,false_alarm,LOW
2026-09-06T23:20:00,96.22,1.324,0.7044,-13.75,0.1174,103.52,0.306,21.9,false_alarm,LOW
2026-09-06T23:30:00,101.1,1.47,0.8742,4.88,0.1457,102.64,0.257,22.1,false_alarm,MEDIUM
2026-09-06T23:40:00,111.62,1.283,-1.1196,10.52,-0.1866,102.83,-0.295,21.7,false_alarm,LOW
2026-09-06T23:50:00,88.69,1.147,-0.8184,-22.94,-0.1364,102.75,-0.186,22.3,false_alarm,LOW
2026-09-07T00:00:00,99.76,1.336,1.1364,11.07,0.1894,101.87,-0.016,22.2,false_alarm,LOW
2026-09-07T00:10:00,92.99,1.247,-0.5334,-6.76,-0.0889,100.86,-0.266,22.6,false_alarm,LOW
2026-09-07T00:20:00,119.46,1.488,1.4442,26.47,0.2407,102.43,0.144,21.4,false_alarm,MEDIUM
2026-09-07T00:30:00,91.73,1.347,-0.8484,-27.74,-0.1414,101.34,-0.038,21.8,false_alarm,LOW
2026-09-07T00:40:00,108.76,1.3,-0.282,17.03,-0.047,101.74,0.251,21.5,false_alarm,LOW
2026-09-07T00:50:00,117.65,1.128,-1.032,8.89,-0.172,102.03,-0.001,21.3,false_alarm,LOW
2026-09-07T01:00:00,93.26,1.596,2.8098,-24.39,0.4683,101.4,0.294,21.4,false_alarm,MEDIUM
2026-09-07T01:10:00,98.55,1.564,-0.1896,5.29,-0.0316,101.11,0.455,21.4,false_alarm,MEDIUM
2026-09-07T01:20:00,89.17,1.513,-0.306,-9.38,-0.051,101.12,0.368,21.8,false_alarm,MEDIUM
2026-09-07T01:30:00,86.12,1.579,0.3918,-3.05,0.0653,101.0,0.137,21.2,false_alarm,MEDIUM
2026-09-07T01:40:00,106.61,1.08,-2.9934,20.49,-0.4989,101.79,-0.117,21.8,false_alarm,LOW
2026-09-07T01:50:00,87.53,1.497,2.5014,-19.09,0.4169,100.34,0.321,22.3,false_alarm,MEDIUM
2026-09-07T02:00:00,91.18,1.037,-2.7588,3.66,-0.4598,99.47,-0.17,20.7,false_alarm,LOW
2026-09-07T02:10:00,97.87,1.304,1.6008,6.69,0.2668,98.79,-0.02,22.0,false_alarm,LOW
2026-09-07T02:20:00,112.39,1.069,-1.4064,14.52,-0.2344,99.69,-0.401,22.8,false_alarm,LOW
2026-09-07T02:30:00,87.24,1.095,0.1566,-25.15,0.0261,98.92,-0.188,22.4,false_alarm,LOW
2026-09-07T02:40:00,89.95,1.019,-0.4602,2.71,-0.0767,97.72,-0.128,22.4,false_alarm,LOW
2026-09-07T02:50:00,108.98,1.513,2.9676,19.04,0.4946,98.84,0.177,21.6,false_alarm,MEDIUM
2026-09-07T03:00:00,105.43,1.454,-0.3522,-3.55,-0.0587,99.16,0.207,22.3,false_alarm,MEDIUM
2026-09-07T03:10:00,93.95,1.317,-0.8268,-11.48,-0.1378,99.21,-0.171,21.5,false_alarm,LOW
2026-09-07T03:20:00,118.94,1.548,1.3854,24.98,0.2309,99.18,0.201,21.6,false_alarm,MEDIUM
2026-09-07T03:30:00,100.6,1.082,-2.793,-18.34,-0.4655,99.68,-0.218,21.5,false_alarm,LOW
2026-09-07T03:40:00,90.9,1.229,0.8814,-9.7,0.1469,98.68,0.101,22.4,false_alarm,LOW
2026-09-07T03:50:00,103.54,1.058,-1.023,12.65,-0.1705,97.9,-0.537,21.9,false_alarm,LOW
2026-09-07T04:00:00,116.22,1.552,2.964,12.67,0.494,99.18,-0.012,22.0,false_alarm,MEDIUM
2026-09-07T04:10:00,110.66,1.28,-1.635,-5.56,-0.2725,99.85,-0.233,22.4,false_alarm,LOW
2026-09-07T04:20:00,117.61,1.095,-1.1088,6.96,-0.1848,101.43,-0.484,21.6,false_alarm,LOW
2026-09-07T04:30:00,101.3,1.189,0.564,-16.31,0.094,102.27,0.109,21.4,false_alarm,LOW
2026-09-07T04:40:00,118.31,1.155,-0.204,17.01,-0.034,102.92,-0.341,21.1,false_alarm,LOW
2026-09-07T04:50:00,102.24,1.571,2.4942,-16.07,0.4157,103.74,0.534,22.6,false_alarm,MEDIUM
2026-09-07T05:00:00,87.06,1.572,0.0054,-15.19,0.0009,103.51,0.268,22.0,false_alarm,MEDIUM
2026-09-07T05:10:00,91.56,1.588,0.0966,4.51,0.0161,103.16,0.519,21.9,false_alarm,MEDIUM
2026-09-07T05:20:00,95.8,1.26,-1.968,4.24,-0.328,102.24,0.165,21.4,false_alarm,LOW
2026-09-07T05:30:00,93.77,1.579,1.9158,-2.03,0.3193,102.6,0.561,22.5,false_alarm,MEDIUM
2026-09-07T05:40:00,89.81,1.495,-0.5076,-3.96,-0.0846,102.59,-0.019,21.3,false_alarm,MEDIUM
2026-09-07T05:50:00,103.99,1.588,0.558,14.18,0.093,102.32,0.133,21.3,false_alarm,MEDIUM
2026-09-07T06:00:00,97.11,1.442,-0.873,-6.88,-0.1455,101.85,0.126,21.8,false_alarm,MEDIUM
2026-09-07T06:10:00,108.07,1.467,0.1488,10.96,0.0248,102.64,-0.081,22.1,false_alarm,MEDIUM
2026-09-07T06:20:00,117.63,1.065,-2.4138,9.56,-0.4023,102.57,-0.017,21.6,false_alarm,LOW
2026-09-07T06:30:00,88.3,1.43,2.1912,-29.32,0.3652,101.88,0.201,22.6,false_alarm,MEDIUM
2026-09-07T06:40:00,104.09,1.592,0.9702,15.79,0.1617,102.62,0.533,21.4,false_alarm,MEDIUM
2026-09-07T06:50:00,116.12,1.407,-1.1088,12.03,-0.1848,103.31,-0.146,21.6,false_alarm,MEDIUM
2026-09-07T07:00:00,115.88,1.351,-0.3336,-0.24,-0.0556,103.3,0.071,21.6,false_alarm,LOW
2026-09-07T07:10:00,112.62,1.27,-0.4878,-3.25,-0.0813,103.4,0.175,21.9,false_alarm,LOW
2026-09-07T07:20:00,90.64,1.469,1.1952,-21.98,0.1992,101.91,0.28,21.6,false_alarm,MEDIUM
2026-09-07T07:30:00,109.52,1.053,-2.4966,18.88,-0.4161,102.36,-0.102,22.5,false_alarm,LOW
2026-09-07T07:40:00,109.41,1.307,1.5216,-0.11,0.2536,101.87,-0.264,22.2,false_alarm,LOW
2026-09-07T07:50:00,95.92,1.532,1.3536,-13.49,0.2256,101.52,-0.04,22.6,false_alarm,MEDIUM
2026-09-07T08:00:00,112.4,1.49,-0.255,16.49,-0.0425,102.92,-0.098,21.9,false_alarm,MEDIUM
2026-09-07T08:10:00,119.64,1.449,-0.243,7.24,-0.0405,104.48,0.189,22.0,false_alarm,MEDIUM
2026-09-07T08:20:00,85.99,1.284,-0.9942,-33.66,-0.1657,103.94,-0.296,21.6,false_alarm,LOW
2026-09-07T08:30:00,116.46,1.449,0.9936,30.47,0.1656,105.2,-0.045,21.0,false_alarm,MEDIUM
2026-09-07T08:40:00,102.28,1.334,-0.6894,-14.18,-0.1149,105.89,-0.253,22.2,false_alarm,LOW
2026-09-07T08:50:00,86.27,1.14,-1.1658,-16.02,-0.1943,104.91,-0.302,22.5,false_alarm,LOW
2026-09-07T09:00:00,104.93,1.162,0.135,18.66,0.0225,105.34,-0.305,22.4,false_alarm,LOW
2026-09-07T09:10:00,99.18,1.058,-0.6294,-5.75,-0.1049,104.85,-0.007,21.3,false_alarm,LOW
2026-09-07T09:20:00,117.7,1.453,2.3742,18.53,0.3957,104.85,0.023,22.2,false_alarm,MEDIUM
2026-09-07T09:30:00,94.57,1.004,-2.6982,-23.14,-0.4497,105.2,-0.588,21.8,false_alarm,LOW
2026-09-07T09:40:00,107.48,1.172,1.011,12.92,0.1685,105.39,-0.235,22.7,false_alarm,LOW
2026-09-07T09:50:00,90.0,1.405,1.398,-17.48,0.233,103.94,0.054,21.2,false_alarm,MEDIUM
2026-09-07T10:00:00,89.82,1.348,-0.3414,-0.18,-0.0569,102.49,0.078,21.9,false_alarm,LOW
2026-09-07T10:10:00,110.39,1.17,-1.068,20.58,-0.178,102.37,-0.299,21.6,false_alarm,LOW
2026-09-07T10:20:00,96.84,1.447,1.6596,-13.55,0.2766,102.71,0.394,22.3,false_alarm,MEDIUM
2026-09-07T10:30:00,108.11,1.162,-1.7076,11.26,-0.2846,102.63,-0.144,21.9,false_alarm,LOW
2026-09-07T10:40:00,100.6,1.474,1.8696,-7.51,0.3116,102.14,-0.058,21.8,false_alarm,MEDIUM
2026-09-07T10:50:00,93.66,1.326,-0.8868,-6.94,-0.1478,102.02,-0.164,22.0,false_alarm,LOW
2026-09-07T11:00:00,91.22,1.127,-1.1964,-2.44,-0.1994,100.84,-0.323,21.6,false_alarm,LOW
2026-09-07T11:10:00,97.84,1.457,1.9806,6.62,0.3301,99.63,0.173,21.7,false_alarm,MEDIUM
2026-09-07T11:20:00,89.15,1.168,-1.7304,-8.69,-0.2884,99.81,-0.281,22.8,false_alarm,LOW
2026-09-07T11:30:00,102.69,1.522,2.1192,13.53,0.3532,99.04,0.187,22.0,false_alarm,MEDIUM
2026-09-07T11:40:00,97.27,1.416,-0.6336,-5.41,-0.1056,98.76,0.276,22.1,false_alarm,MEDIUM
2026-09-07T11:50:00,96.77,1.375,-0.2448,-0.51,-0.0408,99.35,0.213,21.6,false_alarm,LOW
2026-09-07T12:00:00,87.63,1.252,-0.7392,-9.14,-0.1232,98.38,0.194,21.6,false_alarm,LOW
2026-09-07T12:10:00,106.64,1.473,1.3272,19.0,0.2212,98.8,0.02,22.0,false_alarm,MEDIUM
2026-09-07T12:20:00,103.25,1.483,0.0564,-3.39,0.0094,98.0,0.479,21.6,false_alarm,MEDIUM
2026-09-07T12:30:00,94.32,1.042,-2.6466,-8.93,-0.4411,97.98,-0.131,21.9,false_alarm,LOW
2026-09-07T12:40:00,115.67,1.02,-0.132,21.35,-0.022,98.44,-0.386,22.4,false_alarm,LOW
2026-09-07T12:50:00,96.0,1.436,2.4984,-19.67,0.4164,98.77,0.088,21.7,false_alarm,MEDIUM
2026-09-07T13:00:00,115.16,1.37,-0.399,19.17,-0.0665,100.18,0.199,21.7,false_alarm,LOW
2026-09-07T13:10:00,119.62,1.081,-1.7328,4.45,-0.2888,100.69,-0.366,21.3,false_alarm,LOW
2026-09-07T13:20:00,115.8,1.153,0.4344,-3.81,0.0724,101.74,-0.009,21.5,false_alarm,LOW
2026-09-07T13:30:00,97.37,1.086,-0.405,-18.43,-0.0675,101.15,-0.388,21.6,false_alarm,LOW
2026-09-07T13:40:00,87.39,1.261,1.0524,-9.98,0.1754,100.41,-0.065,22.4,false_alarm,LOW
2026-09-07T13:50:00,98.7,1.107,-0.927,11.31,-0.1545,100.69,-0.02,21.9,false_alarm,LOW
2026-09-07T14:00:00,95.29,1.406,1.7994,-3.41,0.2999,100.92,-0.05,22.4,false_alarm,MEDIUM
2026-09-07T14:10:00,109.59,1.468,0.3696,14.31,0.0616,101.57,0.3,21.7,false_alarm,MEDIUM
2026-09-07T14:20:00,109.04,1.081,-2.322,-0.55,-0.387,102.68,-0.441,22.4,false_alarm,LOW
2026-09-07T14:30:00,102.88,1.368,1.7208,-6.17,0.2868,102.69,-0.048,21.8,false_alarm,LOW
2026-09-07T14:40:00,116.07,1.319,-0.2916,13.2,-0.0486,103.73,-0.056,21.3,false_alarm,LOW
2026-09-07T14:50:00,111.2,1.104,-1.2882,-4.88,-0.2147,104.53,-0.148,21.9,false_alarm,LOW
2026-09-07T15:00:00,95.99,1.329,1.3464,-15.21,0.2244,105.0,-0.144,21.8,false_alarm,LOW
2026-09-07T15:10:00,115.84,1.256,-0.4392,19.86,-0.0732,105.51,-0.227,21.9,false_alarm,LOW
2026-09-07T15:20:00,86.17,1.05,-1.2324,-29.68,-0.2054,104.56,0.009,22.0,false_alarm,LOW
2026-09-07T15:30:00,109.46,1.292,1.449,23.3,0.2415,105.4,0.272,22.2,false_alarm,LOW
2026-09-07T15:40:00,104.06,1.053,-1.4304,-5.4,-0.2384,104.76,-0.383,21.4,false_alarm,LOW
2026-09-07T15:50:00,107.41,1.46,2.442,3.35,0.407,105.39,0.091,22.5,false_alarm,MEDIUM
2026-09-07T16:00:00,91.99,1.454,-0.0378,-15.42,-0.0063,104.1,0.373,21.4,false_alarm,MEDIUM
2026-09-07T16:10:00,116.91,1.265,-1.1334,24.92,-0.1889,103.95,0.112,21.7,false_alarm,LOW
2026-09-07T16:20:00,93.29,1.529,1.5858,-23.62,0.2643,102.7,0.444,24.9,normal,MEDIUM
2026-09-07T16:30:00,74.49,1.73,1.2048,-18.8,0.2008,101.43,0.469,23.9,normal,MEDIUM
2026-09-07T16:40:00,59.83,1.865,0.8106,-14.66,0.1351,99.9,0.759,23.9,normal,MEDIUM
2026-09-07T16:50:00,47.72,1.93,0.3906,-12.11,0.0651,97.07,0.524,24.5,normal,MEDIUM
2026-09-07T17:00:00,38.27,1.966,0.2112,-9.45,0.0352,93.9,0.498,24.3,normal,MEDIUM
2026-09-07T17:10:00,31.55,2.001,0.2118,-6.72,0.0353,89.56,0.92,24.2,normal,MEDIUM
2026-09-07T17:20:00,27.52,2.015,0.0822,-4.03,0.0137,85.04,0.647,24.6,normal,MEDIUM
2026-09-07T17:30:00,22.14,1.993,-0.132,-5.37,-0.022,80.55,0.674,24.4,normal,MEDIUM
2026-09-07T17:40:00,19.27,1.975,-0.1056,-2.87,-0.0176,75.17,0.871,24.3,normal,MEDIUM
2026-09-07T17:50:00,15.66,1.965,-0.0612,-3.61,-0.0102,69.86,0.636,23.9,normal,MEDIUM
2026-09-07T18:00:00,14.92,1.914,-0.3048,-0.74,-0.0508,65.36,0.658,24.7,normal,MEDIUM
2026-09-07T18:10:00,14.43,1.891,-0.1374,-0.5,-0.0229,59.73,0.841,24.9,normal,MEDIUM
2026-09-07T18:20:00,14.25,1.855,-0.2172,-0.17,-0.0362,55.73,0.563,24.5,normal,MEDIUM
2026-09-07T18:30:00,12.65,1.841,-0.084,-1.61,-0.014,50.35,0.788,24.7,normal,MEDIUM
2026-09-07T18:40:00,12.07,1.798,-0.2586,-0.58,-0.0431,45.24,0.338,24.3,normal,MEDIUM
2026-09-07T18:50:00,10.44,1.742,-0.3354,-1.63,-0.0559,39.85,0.288,23.7,normal,LOW
2026-09-07T19:00:00,9.5,1.727,-0.09,-0.93,-0.015,35.27,0.462,24.2,normal,LOW
2026-09-07T19:10:00,7.7,1.657,-0.4218,-1.81,-0.0703,29.2,0.127,23.9,normal,LOW
2026-09-07T19:20:00,7.71,1.623,-0.2004,0.02,-0.0334,24.45,-0.107,23.7,normal,LOW
2026-09-07T19:30:00,7.16,1.603,-0.1236,-0.55,-0.0206,20.71,-0.263,24.1,normal,LOW
2026-09-07T19:40:00,8.42,1.589,-0.0828,1.26,-0.0138,17.85,-0.342,23.8,normal,LOW
2026-09-07T19:50:00,7.35,1.579,-0.057,-1.07,-0.0095,15.61,-0.386,24.0,normal,LOW
2026-09-07T20:00:00,6.5,1.514,-0.3918,-0.84,-0.0653,13.85,-0.487,24.0,normal,LOW
2026-09-07T20:10:00,4.41,1.477,-0.2226,-2.1,-0.0371,12.34,-0.538,23.7,normal,LOW
2026-09-07T20:20:00,3.39,1.437,-0.2388,-1.02,-0.0398,11.0,-0.556,23.7,normal,LOW
2026-09-07T20:30:00,2.66,1.425,-0.0744,-0.73,-0.0124,9.92,-0.55,24.0,normal,LOW
2026-09-07T20:40:00,3.04,1.383,-0.252,0.38,-0.042,9.01,-0.582,24.0,normal,LOW
2026-09-07T20:50:00,3.6,1.354,-0.1746,0.56,-0.0291,8.34,-0.56,23.4,normal,LOW
2026-09-07T21:00:00,3.77,1.341,-0.0744,0.17,-0.0124,7.72,-0.55,23.6,normal,LOW
2026-09-07T21:10:00,4.6,1.331,-0.0624,0.83,-0.0104,7.18,-0.524,24.3,normal,LOW
2026-09-07T21:20:00,5.18,1.3,-0.1878,0.59,-0.0313,6.67,-0.541,23.5,normal,LOW
2026-09-07T21:30:00,4.48,1.301,0.0114,-0.7,0.0019,6.22,-0.496,23.3,normal,LOW
2026-09-07T21:40:00,5.78,1.309,0.0462,1.29,0.0077,5.87,-0.433,22.7,normal,LOW
2026-09-07T21:50:00,4.56,1.319,0.0576,-1.22,0.0096,5.54,-0.408,23.5,normal,LOW
2026-09-07T22:00:00,6.35,1.338,0.1176,1.79,0.0196,5.37,-0.318,23.4,normal,LOW
2026-09-07T22:10:00,6.27,1.299,-0.2376,-0.08,-0.0396,5.29,-0.325,24.3,normal,LOW
2026-09-07T22:20:00,7.74,1.324,0.1488,1.47,0.0248,5.29,-0.279,23.4,normal,LOW
2026-09-07T22:30:00,7.75,1.306,-0.1038,0.02,-0.0173,5.32,-0.283,23.3,normal,LOW
2026-09-07T22:40:00,8.28,1.304,-0.0156,0.53,-0.0026,5.32,-0.276,23.1,normal,LOW
2026-09-07T22:50:00,8.32,1.283,-0.1248,0.04,-0.0208,5.37,-0.231,23.4,normal,LOW
2026-09-07T23:00:00,7.46,1.288,0.03,-0.86,0.005,5.42,-0.189,23.4,normal,LOW
2026-09-07T23:10:00,8.47,1.3,0.0744,1.01,0.0124,5.65,-0.137,23.2,normal,LOW
2026-09-07T23:20:00,6.82,1.305,0.0306,-1.65,0.0051,5.84,-0.119,22.9,normal,LOW
2026-09-07T23:30:00,6.5,1.315,0.0594,-0.32,0.0099,6.05,-0.068,22.8,normal,LOW
2026-09-07T23:40:00,7.16,1.285,-0.1824,0.66,-0.0304,6.28,-0.069,22.7,normal,LOW
2026-09-07T23:50:00,6.64,1.284,-0.0048,-0.52,-0.0008,6.45,-0.057,23.4,normal,LOW
2026-09-08T00:00:00,7.44,1.295,0.0654,0.8,0.0109,6.66,-0.036,22.6,normal,LOW
2026-09-08T00:10:00,6.73,1.327,0.1944,-0.71,0.0324,6.77,0.028,23.1,normal,LOW
2026-09-08T00:20:00,4.47,1.348,0.126,-2.27,0.021,6.73,0.047,22.6,normal,LOW
2026-09-08T00:30:00,5.19,1.312,-0.2166,0.72,-0.0361,6.77,0.003,23.0,normal,LOW
2026-09-08T00:40:00,5.51,1.314,0.0084,0.33,0.0014,6.76,-0.005,22.1,normal,LOW
2026-09-08T00:50:00,6.19,1.309,-0.0282,0.68,-0.0047,6.85,-0.03,22.7,normal,LOW
2026-09-08T01:00:00,4.96,1.303,-0.033,-1.23,-0.0055,6.77,0.005,22.7,normal,LOW
2026-09-08T01:10:00,5.82,1.298,-0.0336,0.86,-0.0056,6.75,-0.026,22.8,normal,LOW
2026-09-08T01:20:00,5.06,1.279,-0.1122,-0.76,-0.0187,6.6,-0.027,22.6,normal,LOW
2026-09-08T01:30:00,6.11,1.296,0.1044,1.06,0.0174,6.51,-0.007,22.4,normal,LOW
2026-09-08T01:40:00,5.14,1.283,-0.0834,-0.97,-0.0139,6.33,-0.0,22.3,normal,LOW
2026-09-08T01:50:00,5.54,1.28,-0.0132,0.4,-0.0022,6.18,-0.008,22.7,normal,LOW
2026-09-08T02:00:00,3.13,1.242,-0.228,-2.41,-0.038,5.94,-0.058,22.0,normal,LOW
2026-09-08T02:10:00,5.39,1.259,0.1002,2.26,0.0167,5.77,-0.046,22.3,normal,LOW
2026-09-08T02:20:00,4.26,1.245,-0.087,-1.13,-0.0145,5.62,-0.071,22.3,normal,LOW
2026-09-08T02:30:00,4.73,1.174,-0.426,0.47,-0.071,5.53,-0.111,22.3,normal,LOW
2026-09-08T02:40:00,4.66,1.181,0.0444,-0.07,0.0074,5.39,-0.103,22.5,normal,LOW
2026-09-08T02:50:00,4.34,1.229,0.2886,-0.32,0.0481,5.26,-0.066,22.4,normal,LOW
2026-09-08T03:00:00,3.96,1.252,0.1362,-0.38,0.0227,5.07,-0.076,22.5,normal,LOW
2026-09-08T03:10:00,3.99,1.247,-0.03,0.03,-0.005,4.91,-0.102,21.6,normal,LOW
2026-09-08T03:20:00,3.3,1.231,-0.0972,-0.69,-0.0162,4.85,-0.082,22.0,normal,LOW
2026-09-08T03:30:00,4.76,1.234,0.0192,1.46,0.0032,4.83,-0.08,21.8,normal,LOW
2026-09-08T03:40:00,4.77,1.277,0.2568,0.0,0.0428,4.78,-0.032,22.1,normal,LOW
2026-09-08T03:50:00,6.1,1.254,-0.1374,1.33,-0.0229,4.78,-0.05,21.5,normal,LOW
2026-09-08T04:00:00,6.18,1.251,-0.015,0.09,-0.0025,4.85,-0.047,22.1,normal,LOW
2026-09-08T04:10:00,5.76,1.243,-0.0462,-0.43,-0.0077,4.84,-0.036,22.1,normal,LOW
2026-09-08T04:20:00,5.53,1.232,-0.069,-0.23,-0.0115,4.87,-0.065,22.2,normal,LOW
2026-09-08T04:30:00,6.74,1.256,0.147,1.21,0.0245,4.91,-0.026,22.3,normal,LOW
2026-09-08T04:40:00,6.14,1.282,0.153,-0.6,0.0255,4.96,0.002,22.0,normal,LOW
2026-09-08T04:50:00,4.26,1.283,0.0054,-1.89,0.0009,4.89,0.04,21.8,normal,LOW
2026-09-08T05:00:00,5.16,1.252,-0.1836,0.9,-0.0306,5.0,-0.007,21.7,normal,LOW
2026-09-08T05:10:00,4.59,1.21,-0.2496,-0.57,-0.0416,4.96,-0.034,22.2,normal,LOW
2026-09-08T05:20:00,4.07,1.224,0.084,-0.52,0.014,4.95,0.051,22.2,normal,LOW
2026-09-08T05:30:00,3.7,1.223,-0.009,-0.38,-0.0015,4.89,0.042,21.1,normal,LOW
2026-09-08T05:40:00,4.33,1.226,0.0186,0.63,0.0031,4.87,-0.003,22.0,normal,LOW
2026-09-08T05:50:00,5.52,1.242,0.0978,1.19,0.0163,4.94,-0.009,21.3,normal,LOW
2026-09-08T06:00:00,5.33,1.251,0.0522,-0.19,0.0087,5.01,0.004,22.0,normal,LOW
2026-09-08T06:10:00,6.86,1.284,0.1962,1.53,0.0327,5.17,0.053,21.6,normal,LOW
2026-09-08T06:20:00,5.53,1.269,-0.0876,-1.33,-0.0146,5.3,0.035,21.8,normal,LOW
2026-09-08T06:30:00,5.8,1.293,0.1404,0.28,0.0234,5.35,0.016,21.0,normal,LOW
2026-09-08T06:40:00,6.82,1.282,-0.0636,1.01,-0.0106,5.47,0.028,21.3,normal,LOW
2026-09-08T06:50:00,7.62,1.256,-0.1572,0.8,-0.0262,5.55,0.005,21.1,normal,LOW
2026-09-08T07:00:00,7.76,1.255,-0.0036,0.15,-0.0006,5.64,0.012,21.4,normal,LOW
2026-09-08T07:10:00,6.86,1.28,0.1512,-0.9,0.0252,5.7,0.049,21.2,normal,LOW
2026-09-08T07:20:00,6.28,1.28,-0.0054,-0.58,-0.0009,5.74,0.023,21.1,normal,LOW
2026-09-08T07:30:00,7.44,1.255,-0.1464,1.16,-0.0244,5.78,-0.027,21.5,normal,LOW
2026-09-08T07:40:00,7.51,1.262,0.0384,0.06,0.0064,5.86,-0.021,21.1,normal,LOW
2026-09-08T07:50:00,7.28,1.259,-0.0132,-0.22,-0.0022,6.03,0.007,20.7,normal,LOW
2026-09-08T08:00:00,6.34,1.252,-0.0432,-0.94,-0.0072,6.09,0.042,21.0,normal,LOW
2026-09-08T08:10:00,7.61,1.268,0.0978,1.27,0.0163,6.26,0.044,21.0,normal,LOW
2026-09-08T08:20:00,7.2,1.315,0.2814,-0.41,0.0469,6.43,0.092,20.9,normal,LOW
2026-09-08T08:30:00,6.85,1.301,-0.0852,-0.34,-0.0142,6.61,0.075,20.9,normal,LOW
2026-09-08T08:40:00,7.52,1.331,0.1794,0.67,0.0299,6.78,0.089,21.0,normal,LOW
2026-09-08T08:50:00,6.96,1.323,-0.0462,-0.56,-0.0077,6.86,0.072,20.8,normal,LOW
2026-09-08T09:00:00,6.99,1.302,-0.126,0.03,-0.021,6.96,0.019,20.8,normal,LOW
2026-09-08T09:10:00,6.32,1.305,0.0144,-0.67,0.0024,6.93,0.036,21.0,normal,LOW
2026-09-08T09:20:00,7.81,1.267,-0.2244,1.5,-0.0374,7.05,-0.025,21.0,normal,LOW
2026-09-08T09:30:00,8.39,1.279,0.0708,0.58,0.0118,7.2,-0.003,20.8,normal,LOW
2026-09-08T09:40:00,8.48,1.27,-0.0522,0.09,-0.0087,7.29,0.015,20.8,normal,LOW
2026-09-08T09:50:00,8.23,1.283,0.0738,-0.25,0.0123,7.32,0.027,20.9,normal,LOW
2026-09-08T10:00:00,7.25,1.305,0.1308,-0.98,0.0218,7.3,0.024,20.5,normal,LOW
2026-09-08T10:10:00,7.54,1.306,0.0072,0.29,0.0012,7.33,0.026,20.8,normal,LOW
2026-09-08T10:20:00,7.51,1.313,0.0444,-0.04,0.0074,7.4,0.058,20.4,normal,LOW
2026-09-08T10:30:00,8.52,1.366,0.3192,1.01,0.0532,7.46,0.105,21.0,normal,LOW
2026-09-08T10:40:00,8.72,1.385,0.114,0.21,0.019,7.53,0.126,20.9,normal,LOW
2026-09-08T10:50:00,7.06,1.394,0.051,-1.66,0.0085,7.52,0.142,21.2,normal,LOW
2026-09-08T11:00:00,7.41,1.382,-0.0684,0.35,-0.0114,7.58,0.114,20.7,normal,LOW
2026-09-08T11:10:00,6.64,1.379,-0.021,-0.76,-0.0035,7.52,0.064,20.5,normal,LOW
2026-09-08T11:20:00,7.31,1.333,-0.2754,0.67,-0.0459,7.53,0.032,20.6,normal,LOW
2026-09-08T11:30:00,6.92,1.367,0.201,-0.39,0.0335,7.53,0.036,20.2,normal,LOW
2026-09-08T11:40:00,7.26,1.399,0.195,0.34,0.0325,7.52,0.076,20.4,normal,LOW
2026-09-08T11:50:00,7.2,1.382,-0.1014,-0.06,-0.0169,7.53,0.08,20.3,normal,LOW
2026-09-08T12:00:00,5.58,1.37,-0.0732,-1.62,-0.0122,7.45,0.065,20.4,normal,LOW
2026-09-08T12:10:00,6.23,1.347,-0.1398,0.65,-0.0233,7.45,0.079,20.7,normal,LOW
2026-09-08T12:20:00,6.59,1.341,-0.0324,0.37,-0.0054,7.38,0.062,20.6,normal,LOW
2026-09-08T12:30:00,6.6,1.346,0.0294,0.0,0.0049,7.28,0.076,20.4,normal,LOW
2026-09-08T12:40:00,6.91,1.313,-0.1968,0.32,-0.0328,7.19,0.031,20.7,normal,LOW
2026-09-08T12:50:00,5.98,1.287,-0.1578,-0.93,-0.0263,7.07,-0.018,20.3,normal,LOW
2026-09-08T13:00:00,6.89,1.279,-0.0456,0.91,-0.0076,7.05,-0.026,20.6,normal,LOW
2026-09-08T13:10:00,4.68,1.262,-0.105,-2.21,-0.0175,6.89,-0.051,20.0,normal,LOW
2026-09-08T13:20:00,5.79,1.266,0.0252,1.11,0.0042,6.79,-0.1,20.7,normal,LOW
2026-09-08T13:30:00,5.96,1.267,0.0054,0.17,0.0009,6.65,-0.118,20.4,normal,LOW
2026-09-08T13:40:00,4.56,1.265,-0.009,-1.41,-0.0015,6.42,-0.128,20.5,normal,LOW
2026-09-08T13:50:00,4.53,1.238,-0.1674,-0.03,-0.0279,6.28,-0.145,20.1,normal,LOW
2026-09-08T14:00:00,4.71,1.207,-0.1806,0.18,-0.0301,6.13,-0.171,20.9,normal,LOW
2026-09-08T14:10:00,5.23,1.264,0.3384,0.52,0.0564,6.05,-0.069,20.1,normal,LOW
2026-09-08T14:20:00,4.36,1.268,0.0228,-0.88,0.0038,5.89,-0.099,20.8,normal,LOW
2026-09-08T14:30:00,4.21,1.286,0.1098,-0.15,0.0183,5.74,-0.113,19.9,normal,LOW
2026-09-08T14:40:00,5.22,1.304,0.1086,1.01,0.0181,5.62,-0.078,20.3,normal,LOW
2026-09-08T14:50:00,6.61,1.315,0.0654,1.39,0.0109,5.59,-0.055,19.8,normal,LOW
2026-09-08T15:00:00,6.91,1.318,0.021,0.31,0.0035,5.66,-0.028,20.4,normal,LOW
2026-09-08T15:10:00,6.21,1.334,0.0918,-0.7,0.0153,5.66,-0.007,20.2,normal,LOW
2026-09-08T15:20:00,4.57,1.35,0.0948,-1.64,0.0158,5.55,0.003,20.0,normal,LOW
2026-09-08T15:30:00,5.62,1.366,0.0966,1.05,0.0161,5.5,0.052,20.1,normal,LOW
2026-09-08T15:40:00,6.1,1.391,0.1512,0.48,0.0252,5.45,0.104,20.4,normal,LOW
2026-09-08T15:50:00,7.28,1.402,0.0684,1.18,0.0114,5.52,0.123,20.0,normal,LOW
2026-09-08T16:00:00,7.16,1.399,-0.0204,-0.12,-0.0034,5.54,0.137,20.1,normal,LOW
2026-09-08T16:10:00,7.24,1.38,-0.1134,0.08,-0.0189,5.68,0.114,19.8,normal,LOW
2026-09-08T16:20:00,6.2,1.373,-0.042,-1.05,-0.007,5.71,0.106,20.5,normal,LOW
2026-09-08T16:30:00,6.29,1.329,-0.2622,0.09,-0.0437,5.72,0.064,19.8,normal,LOW
2026-09-08T16:40:00,6.41,1.319,-0.06,0.12,-0.01,5.83,0.082,20.0,normal,LOW
2026-09-08T16:50:00,6.51,1.329,0.0582,0.1,0.0097,5.94,0.121,19.5,normal,LOW
2026-09-08T17:00:00,5.21,1.327,-0.0114,-1.3,-0.0019,5.96,0.063,20.7,normal,LOW
2026-09-08T17:10:00,5.42,1.3,-0.1626,0.21,-0.0271,5.97,0.032,20.3,normal,LOW
2026-09-08T17:20:00,4.42,1.284,-0.0972,-1.0,-0.0162,5.98,-0.002,20.1,normal,LOW
2026-09-08T17:30:00,4.7,1.265,-0.1116,0.28,-0.0186,6.01,-0.039,20.3,normal,LOW
2026-09-08T17:40:00,4.06,1.266,0.0054,-0.64,0.0009,5.94,-0.049,19.8,normal,LOW
2026-09-08T17:50:00,5.29,1.235,-0.183,1.23,-0.0305,5.87,-0.083,19.8,normal,LOW
2026-09-08T18:00:00,6.09,1.254,0.1116,0.8,0.0186,5.82,-0.08,20.5,normal,LOW
2026-09-08T18:10:00,7.04,1.278,0.1422,0.95,0.0237,5.87,-0.072,20.0,normal,LOW
2026-09-08T18:20:00,5.99,1.277,-0.0042,-1.05,-0.0007,5.95,-0.089,19.8,normal,LOW
2026-09-08T18:30:00,6.0,1.261,-0.096,0.0,-0.016,5.97,-0.13,20.3,normal,LOW
2026-09-08T18:40:00,7.81,1.303,0.2544,1.81,0.0424,6.06,-0.099,20.2,normal,LOW
2026-09-08T18:50:00,8.56,1.327,0.1422,0.75,0.0237,6.13,-0.072,19.5,normal,LOW
2026-09-08T19:00:00,8.96,1.346,0.111,0.39,0.0185,6.23,-0.034,20.1,normal,LOW
2026-09-08T19:10:00,7.14,1.309,-0.2178,-1.81,-0.0363,6.23,-0.063,20.3,normal,LOW
2026-09-08T19:20:00,5.33,1.299,-0.0648,-1.81,-0.0108,6.18,-0.031,19.2,normal,LOW
2026-09-08T19:30:00,5.95,1.314,0.0894,0.62,0.0149,6.16,-0.006,20.7,normal,LOW
2026-09-08T19:40:00,5.75,1.313,-0.0042,-0.2,-0.0007,6.12,-0.016,19.4,normal,LOW
2026-09-08T19:50:00,6.15,1.315,0.0144,0.4,0.0024,6.1,-0.012,20.1,normal,LOW
2026-09-08T20:00:00,4.99,1.32,0.0264,-1.16,0.0044,6.09,0.02,20.2,normal,LOW
2026-09-08T20:10:00,4.7,1.307,-0.0774,-0.29,-0.0129,6.05,0.023,19.3,normal,LOW
2026-09-08T20:20:00,6.17,1.305,-0.0078,1.47,-0.0013,6.15,0.04,19.8,normal,LOW
2026-09-08T20:30:00,5.76,1.318,0.0732,-0.4,0.0122,6.21,0.052,20.6,normal,LOW
2026-09-08T20:40:00,6.28,1.294,-0.1392,0.52,-0.0232,6.33,0.059,20.3,normal,LOW
2026-09-08T20:50:00,7.17,1.298,0.0228,0.89,0.0038,6.44,0.044,20.0,normal,LOW
2026-09-08T21:00:00,6.04,1.267,-0.1866,-1.13,-0.0311,6.43,-0.011,20.2,normal,LOW
2026-09-08T21:10:00,6.48,1.279,0.069,0.44,0.0115,6.4,0.002,19.8,normal,LOW
2026-09-08T21:20:00,4.73,1.247,-0.1896,-1.75,-0.0316,6.33,-0.014,20.0,normal,LOW
2026-09-08T21:30:00,6.12,1.253,0.0336,1.4,0.0056,6.34,-0.051,20.1,normal,LOW
2026-09-08T21:40:00,4.53,1.253,0.0036,-1.59,0.0006,6.16,-0.074,20.3,normal,LOW
2026-09-08T21:50:00,3.84,1.246,-0.0414,-0.69,-0.0069,5.89,-0.099,20.1,normal,LOW
2026-09-08T22:00:00,3.65,1.231,-0.0918,-0.2,-0.0153,5.6,-0.078,20.4,normal,LOW
2026-09-08T22:10:00,4.18,1.251,0.1194,0.53,0.0199,5.43,-0.048,20.5,normal,LOW
2026-09-08T22:20:00,5.78,1.296,0.2688,1.6,0.0448,5.46,-0.018,20.4,normal,LOW
2026-09-08T22:30:00,4.74,1.303,0.0414,-1.04,0.0069,5.39,-0.01,20.4,normal,LOW
2026-09-08T22:40:00,6.07,1.293,-0.0594,1.33,-0.0099,5.41,-0.022,19.7,normal,LOW
2026-09-08T22:50:00,5.77,1.306,0.0804,-0.3,0.0134,5.39,-0.013,20.3,normal,LOW
2026-09-08T23:00:00,6.27,1.32,0.081,0.5,0.0135,5.46,0.013,20.0,normal,LOW
2026-09-08T23:10:00,7.32,1.313,-0.039,1.04,-0.0065,5.6,0.008,20.4,normal,LOW
2026-09-08T23:20:00,7.94,1.361,0.2868,0.63,0.0478,5.7,0.043,20.4,normal,LOW
2026-09-08T23:30:00,9.32,1.363,0.012,1.37,0.002,5.9,0.069,20.1,normal,LOW
2026-09-08T23:40:00,9.14,1.365,0.0144,-0.18,0.0024,6.06,0.067,19.9,normal,LOW
2026-09-08T23:50:00,7.81,1.356,-0.0552,-1.33,-0.0092,6.09,0.089,19.8,normal,LOW
2026-09-09T00:00:00,5.86,1.356,0.0006,-1.94,0.0001,6.09,0.078,20.5,normal,LOW
2026-09-09T00:10:00,5.25,1.348,-0.051,-0.62,-0.0085,6.02,0.101,20.1,normal,LOW
2026-09-09T00:20:00,5.47,1.369,0.129,0.22,0.0215,6.06,0.117,20.3,normal,LOW
2026-09-09T00:30:00,6.45,1.353,-0.0978,0.98,-0.0163,6.08,0.1,20.7,normal,LOW
2026-09-09T00:40:00,6.26,1.329,-0.1422,-0.19,-0.0237,6.17,0.083,20.7,normal,LOW
2026-09-09T00:50:00,7.89,1.329,-0.0042,1.63,-0.0007,6.4,0.097,20.7,normal,LOW
2026-09-09T01:00:00,6.75,1.327,-0.012,-1.14,-0.002,6.57,0.076,20.3,normal,LOW
2026-09-09T01:10:00,6.55,1.318,-0.0492,-0.2,-0.0082,6.7,0.023,19.8,normal,LOW
2026-09-09T01:20:00,6.07,1.294,-0.1452,-0.48,-0.0242,6.72,-0.008,20.4,normal,LOW
2026-09-09T01:30:00,5.16,1.297,0.0168,-0.9,0.0028,6.74,0.004,20.2,normal,LOW
2026-09-09T01:40:00,7.35,1.298,0.0042,2.19,0.0007,6.81,-0.008,20.5,normal,LOW
2026-09-09T01:50:00,5.67,1.28,-0.1056,-1.68,-0.0176,6.81,-0.039,20.8,normal,LOW
2026-09-09T02:00:00,5.29,1.31,0.1758,-0.38,0.0293,6.75,-0.004,20.4,normal,LOW
2026-09-09T02:10:00,6.26,1.3,-0.06,0.97,-0.01,6.69,-0.061,20.3,normal,LOW
2026-09-09T02:20:00,5.62,1.296,-0.0228,-0.64,-0.0038,6.57,-0.067,20.5,normal,LOW
2026-09-09T02:30:00,5.74,1.258,-0.225,0.12,-0.0375,6.37,-0.107,20.8,normal,LOW
2026-09-09T02:40:00,6.97,1.266,0.0462,1.23,0.0077,6.25,-0.09,20.2,normal,LOW
2026-09-09T02:50:00,6.23,1.256,-0.0588,-0.73,-0.0098,6.16,-0.1,20.7,normal,LOW
2026-09-09T03:00:00,6.02,1.243,-0.0804,-0.21,-0.0134,6.17,-0.105,20.7,normal,LOW
2026-09-09T03:10:00,7.51,1.271,0.1722,1.49,0.0287,6.29,-0.098,20.7,normal,LOW
2026-09-09T03:20:00,7.99,1.294,0.1356,0.48,0.0226,6.43,-0.059,20.5,normal,LOW
2026-09-09T03:30:00,6.32,1.275,-0.1128,-1.67,-0.0188,6.42,-0.054,20.8,normal,LOW
2026-09-09T03:40:00,6.17,1.262,-0.0792,-0.16,-0.0132,6.42,-0.067,20.9,normal,LOW
2026-09-09T03:50:00,6.16,1.289,0.1614,-0.01,0.0269,6.32,-0.038,20.9,normal,LOW
2026-09-09T04:00:00,6.59,1.289,0.0012,0.43,0.0002,6.31,-0.029,20.7,normal,LOW
2026-09-09T04:10:00,6.38,1.286,-0.0222,-0.2,-0.0037,6.3,-0.009,21.0,normal,LOW
2026-09-09T04:20:00,4.17,1.27,-0.0948,-2.21,-0.0158,6.2,-0.027,21.0,normal,LOW
2026-09-09T04:30:00,2.63,1.269,-0.0048,-1.54,-0.0008,6.06,-0.029,21.4,normal,LOW
2026-09-09T04:40:00,4.96,1.28,0.0684,2.33,0.0114,5.93,0.0,20.5,normal,LOW
2026-09-09T04:50:00,6.47,1.283,0.0168,1.52,0.0028,5.97,-0.026,21.2,normal,LOW
2026-09-09T05:00:00,7.13,1.266,-0.1044,0.66,-0.0174,6.07,-0.034,20.6,normal,LOW
2026-09-09T05:10:00,6.29,1.311,0.2724,-0.85,0.0454,6.07,0.016,20.5,normal,LOW
2026-09-09T05:20:00,8.12,1.35,0.2358,1.83,0.0393,6.21,0.092,20.8,normal,LOW
2026-09-09T05:30:00,7.61,1.346,-0.0252,-0.51,-0.0042,6.32,0.08,21.2,normal,LOW
2026-09-09T05:40:00,7.06,1.339,-0.0456,-0.55,-0.0076,6.32,0.083,21.6,normal,LOW
2026-09-09T05:50:00,5.54,1.329,-0.06,-1.53,-0.01,6.28,0.086,21.4,normal,LOW
2026-09-09T06:00:00,4.66,1.31,-0.1134,-0.87,-0.0189,6.21,0.038,21.3,normal,LOW
2026-09-09T06:10:00,4.28,1.348,0.2304,-0.38,0.0384,6.03,0.054,21.3,normal,LOW
2026-09-09T06:20:00,4.85,1.328,-0.1206,0.57,-0.0201,5.86,0.053,21.2,normal,LOW
2026-09-09T06:30:00,4.58,1.318,-0.0582,-0.27,-0.0097,5.76,0.056,21.2,normal,LOW
2026-09-09T06:40:00,6.57,1.273,-0.2718,1.98,-0.0453,5.78,-0.016,21.7,normal,LOW
2026-09-09T06:50:00,7.04,1.271,-0.015,0.48,-0.0025,5.83,-0.019,21.4,normal,LOW
2026-09-09T07:00:00,7.04,1.273,0.0138,0.0,0.0023,5.86,-0.013,21.8,normal,LOW
2026-09-09T07:10:00,5.82,1.28,0.0432,-1.23,0.0072,5.82,0.01,21.5,normal,LOW
2026-09-09T07:20:00,7.0,1.326,0.2748,1.18,0.0458,5.98,0.057,21.0,normal,LOW
2026-09-09T07:30:00,6.61,1.312,-0.084,-0.39,-0.014,6.2,0.031,21.5,normal,LOW
2026-09-09T07:40:00,6.32,1.282,-0.18,-0.29,-0.03,6.28,-0.001,21.8,normal,LOW
2026-09-09T07:50:00,7.65,1.252,-0.177,1.33,-0.0295,6.34,-0.013,22.4,normal,LOW
2026-09-09T08:00:00,5.79,1.256,0.0204,-1.87,0.0034,6.27,-0.055,21.4,normal,LOW
2026-09-09T08:10:00,6.14,1.266,0.0612,0.35,0.0102,6.26,-0.085,22.1,normal,LOW
2026-09-09T08:20:00,5.32,1.267,0.0084,-0.82,0.0014,6.1,-0.079,22.0,normal,LOW
2026-09-09T08:30:00,6.27,1.249,-0.1086,0.95,-0.0181,6.03,-0.089,22.0,normal,LOW
2026-09-09T08:40:00,7.11,1.267,0.1044,0.84,0.0174,6.03,-0.062,22.1,normal,LOW
2026-09-09T08:50:00,6.27,1.224,-0.2556,-0.83,-0.0426,6.07,-0.086,22.4,normal,LOW
2026-09-09T09:00:00,5.32,1.227,0.0162,-0.95,0.0027,6.11,-0.121,21.7,normal,LOW
2026-09-09T09:10:00,4.42,1.224,-0.0156,-0.91,-0.0026,6.12,-0.104,22.1,normal,LOW
2026-09-09T09:20:00,5.18,1.235,0.0654,0.77,0.0109,6.14,-0.083,21.8,normal,LOW
2026-09-09T09:30:00,5.5,1.276,0.2478,0.32,0.0413,6.19,0.003,22.3,normal,LOW
2026-09-09T09:40:00,4.68,1.265,-0.066,-0.82,-0.011,6.08,-0.005,21.7,normal,LOW
2026-09-09T09:50:00,4.63,1.26,-0.0342,-0.05,-0.0057,5.95,-0.013,21.5,normal,LOW
2026-09-09T10:00:00,4.64,1.262,0.0156,0.02,0.0026,5.81,-0.018,22.1,normal,LOW
2026-09-09T10:10:00,5.0,1.255,-0.042,0.36,-0.007,5.77,-0.071,22.2,normal,LOW
2026-09-09T10:20:00,4.52,1.209,-0.2766,-0.49,-0.0461,5.63,-0.103,22.0,normal,LOW
2026-09-09T10:30:00,2.49,1.219,0.0612,-2.03,0.0102,5.4,-0.062,21.9,normal,LOW
2026-09-09T10:40:00,2.85,1.229,0.0552,0.36,0.0092,5.21,-0.024,22.6,normal,LOW
2026-09-09T10:50:00,3.98,1.221,-0.048,1.13,-0.008,5.0,-0.035,22.7,normal,LOW
2026-09-09T11:00:00,5.44,1.224,0.0222,1.46,0.0037,4.99,-0.042,22.2,normal,LOW
2026-09-09T11:10:00,5.69,1.199,-0.15,0.25,-0.025,4.96,-0.068,22.5,normal,LOW
2026-09-09T11:20:00,5.89,1.191,-0.0492,0.2,-0.0082,4.99,-0.058,23.0,normal,LOW
2026-09-09T11:30:00,4.33,1.216,0.1494,-1.57,0.0249,4.88,-0.051,22.5,normal,LOW
2026-09-09T11:40:00,4.6,1.219,0.0168,0.27,0.0028,4.75,-0.005,22.8,normal,LOW
2026-09-09T11:50:00,3.44,1.221,0.0102,-1.16,0.0017,4.59,-0.006,22.9,normal,LOW
2026-09-09T12:00:00,3.39,1.222,0.0072,-0.05,0.0012,4.48,-0.002,22.2,normal,LOW
2026-09-09T12:10:00,3.03,1.177,-0.2694,-0.35,-0.0449,4.4,-0.058,22.9,normal,LOW
2026-09-09T12:20:00,1.97,1.212,0.213,-1.07,0.0355,4.22,-0.064,22.7,normal,LOW
2026-09-09T12:30:00,2.76,1.228,0.0966,0.8,0.0161,4.07,-0.037,22.8,normal,LOW
2026-09-09T12:40:00,4.31,1.232,0.0228,1.55,0.0038,4.05,-0.027,23.1,normal,LOW
2026-09-09T12:50:00,6.66,1.26,0.1692,2.35,0.0282,4.17,-0.002,22.5,normal,LOW
2026-09-09T13:00:00,6.57,1.281,0.1248,-0.09,0.0208,4.27,0.026,23.3,normal,LOW
2026-09-09T13:10:00,5.84,1.271,-0.0636,-0.73,-0.0106,4.32,0.061,22.8,normal,LOW
2026-09-09T13:20:00,5.3,1.246,-0.1464,-0.54,-0.0244,4.36,0.027,22.7,normal,LOW
2026-09-09T13:30:00,4.9,1.223,-0.1386,-0.4,-0.0231,4.5,-0.005,23.0,normal,LOW
2026-09-09T13:40:00,6.14,1.201,-0.1302,1.24,-0.0217,4.68,-0.019,23.4,normal,LOW
2026-09-09T13:50:00,6.88,1.214,0.0726,0.74,0.0121,4.84,-0.011,22.5,normal,LOW
2026-09-09T14:00:00,5.25,1.228,0.0858,-1.63,0.0143,4.83,0.029,23.0,normal,LOW
2026-09-09T14:10:00,5.3,1.243,0.0918,0.05,0.0153,4.81,0.052,23.3,normal,LOW
2026-09-09T14:20:00,6.46,1.25,0.0426,1.16,0.0071,4.84,0.034,23.2,normal,LOW
2026-09-09T14:30:00,7.88,1.244,-0.039,1.42,-0.0065,5.04,0.025,23.0,normal,LOW
2026-09-09T14:40:00,8.38,1.264,0.1212,0.5,0.0202,5.25,0.043,23.2,normal,LOW
2026-09-09T14:50:00,10.08,1.289,0.1506,1.7,0.0251,5.62,0.067,23.4,normal,LOW
2026-09-09T15:00:00,7.65,1.295,0.0366,-2.44,0.0061,5.85,0.118,23.7,normal,LOW
2026-09-09T15:10:00,7.27,1.293,-0.0102,-0.38,-0.0017,6.09,0.081,23.6,normal,LOW
2026-09-09T15:20:00,7.93,1.287,-0.0402,0.66,-0.0067,6.42,0.058,23.7,normal,LOW
2026-09-09T15:30:00,7.31,1.287,0.0006,-0.63,0.0001,6.67,0.055,23.3,normal,LOW
2026-09-09T15:40:00,7.34,1.31,0.1368,0.03,0.0228,6.84,0.049,23.6,normal,LOW
2026-09-09T15:50:00,7.01,1.341,0.1902,-0.33,0.0317,6.86,0.06,23.2,normal,LOW
2026-09-09T16:00:00,6.45,1.348,0.0432,-0.56,0.0072,6.85,0.078,23.7,normal,LOW
2026-09-09T16:10:00,5.49,1.319,-0.1752,-0.95,-0.0292,6.83,0.073,23.4,normal,LOW
2026-09-09T16:20:00,5.41,1.319,-0.0024,-0.09,-0.0004,6.84,0.096,23.8,normal,LOW
2026-09-09T16:30:00,3.69,1.346,0.1632,-1.72,0.0272,6.77,0.145,23.8,normal,LOW
2026-09-09T16:40:00,4.6,1.356,0.0618,0.91,0.0103,6.69,0.143,23.7,normal,LOW
2026-09-09T16:50:00,5.64,1.376,0.1194,1.04,0.0199,6.62,0.148,23.7,normal,LOW
2026-09-09T17:00:00,6.34,1.385,0.054,0.71,0.009,6.68,0.142,23.8,normal,LOW
2026-09-09T17:10:00,7.09,1.346,-0.2364,0.75,-0.0394,6.78,0.096,24.3,normal,LOW
2026-09-09T17:20:00,8.12,1.369,0.1422,1.03,0.0237,6.87,0.126,23.9,normal,LOW
2026-09-09T17:30:00,7.06,1.357,-0.0726,-1.06,-0.0121,6.83,0.094,24.1,normal,LOW
2026-09-09T17:40:00,7.84,1.355,-0.0162,0.78,-0.0027,6.8,0.066,24.0,normal,LOW
2026-09-09T17:50:00,7.12,1.367,0.0756,-0.72,0.0126,6.63,0.072,24.1,normal,LOW
2026-09-09T18:00:00,7.21,1.369,0.0078,0.08,0.0013,6.61,0.075,24.4,normal,LOW
2026-09-09T18:10:00,6.56,1.364,-0.0276,-0.65,-0.0046,6.57,0.077,24.0,normal,LOW
2026-09-09T18:20:00,7.91,1.366,0.0114,1.35,0.0019,6.57,0.079,24.1,normal,LOW
2026-09-09T18:30:00,7.36,1.369,0.0186,-0.55,0.0031,6.57,0.059,23.5,normal,LOW
2026-09-09T18:40:00,8.08,1.393,0.1416,0.72,0.0236,6.61,0.051,24.1,normal,LOW
2026-09-09T18:50:00,8.55,1.413,0.12,0.47,0.02,6.7,0.064,24.0,normal,LOW
2026-09-09T19:00:00,8.73,1.377,-0.2106,0.19,-0.0351,6.82,0.058,24.5,normal,LOW
2026-09-09T19:10:00,9.63,1.363,-0.0858,0.9,-0.0143,7.05,0.044,25.0,normal,LOW
2026-09-09T19:20:00,10.78,1.397,0.2022,1.15,0.0337,7.35,0.051,24.4,normal,LOW
2026-09-09T19:30:00,9.41,1.373,-0.144,-1.37,-0.024,7.67,0.017,23.4,normal,LOW
2026-09-09T19:40:00,9.33,1.396,0.1386,-0.08,0.0231,7.93,0.02,24.6,normal,LOW
2026-09-09T19:50:00,8.47,1.388,-0.0486,-0.86,-0.0081,8.09,0.003,24.9,normal,LOW
2026-09-09T20:00:00,5.59,1.329,-0.3552,-2.88,-0.0592,8.05,-0.017,24.7,normal,LOW
2026-09-09T20:10:00,6.59,1.346,0.105,1.0,0.0175,8.02,-0.023,24.2,normal,LOW
2026-09-09T20:20:00,7.24,1.321,-0.1518,0.65,-0.0253,7.97,-0.036,24.2,normal,LOW
2026-09-09T20:30:00,7.46,1.344,0.141,0.23,0.0235,7.99,-0.01,24.7,normal,LOW
2026-09-09T20:40:00,5.33,1.34,-0.0288,-2.13,-0.0048,7.85,-0.028,24.9,normal,LOW
2026-09-09T20:50:00,4.21,1.367,0.1638,-1.12,0.0273,7.69,-0.002,24.5,normal,LOW
2026-09-09T21:00:00,3.55,1.359,-0.0492,-0.66,-0.0082,7.49,-0.005,25.6,normal,LOW
2026-09-09T21:10:00,3.33,1.346,-0.075,-0.22,-0.0125,7.31,-0.02,24.8,normal,LOW
2026-09-09T21:20:00,2.96,1.325,-0.1272,-0.36,-0.0212,7.03,-0.044,24.5,normal,LOW
2026-09-09T21:30:00,3.91,1.282,-0.2568,0.94,-0.0428,6.84,-0.11,24.8,normal,LOW
2026-09-09T21:40:00,5.24,1.275,-0.0456,1.33,-0.0076,6.68,-0.138,24.8,normal,LOW
2026-09-09T21:50:00,5.44,1.271,-0.0204,0.2,-0.0034,6.51,-0.106,25.0,normal,LOW
2026-09-09T22:00:00,5.52,1.275,0.0216,0.08,0.0036,6.33,-0.088,24.9,normal,LOW
2026-09-09T22:10:00,5.94,1.288,0.0792,0.42,0.0132,6.13,-0.109,25.0,normal,LOW
2026-09-09T22:20:00,4.37,1.283,-0.0336,-1.58,-0.0056,5.77,-0.09,25.2,normal,LOW
2026-09-09T22:30:00,3.85,1.283,0.0006,-0.51,0.0001,5.46,-0.113,25.4,normal,LOW
2026-09-09T22:40:00,3.0,1.286,0.0204,-0.86,0.0034,5.11,-0.102,25.3,normal,LOW
2026-09-09T22:50:00,4.15,1.255,-0.1872,1.15,-0.0312,4.87,-0.074,25.1,normal,LOW
2026-09-09T23:00:00,4.45,1.285,0.1788,0.31,0.0298,4.81,-0.062,25.5,normal,LOW
2026-09-09T23:10:00,4.19,1.279,-0.036,-0.26,-0.006,4.67,-0.042,25.1,normal,LOW
2026-09-09T23:20:00,4.67,1.283,0.0246,0.48,0.0041,4.53,-0.062,25.2,normal,LOW
2026-09-09T23:30:00,5.77,1.306,0.1374,1.11,0.0229,4.44,-0.034,25.3,normal,LOW
2026-09-09T23:40:00,5.64,1.339,0.1998,-0.14,0.0333,4.46,-0.028,25.1,normal,LOW
2026-09-09T23:50:00,6.31,1.366,0.1638,0.67,0.0273,4.57,0.007,25.0,normal,LOW
2026-09-10T00:00:00,6.07,1.359,-0.0396,-0.24,-0.0066,4.71,0.013,25.4,normal,LOW
2026-09-10T00:10:00,6.87,1.347,-0.078,0.79,-0.013,4.91,0.021,24.8,normal,LOW
2026-09-10T00:20:00,7.42,1.372,0.1554,0.55,0.0259,5.16,0.09,25.3,normal,LOW
2026-09-10T00:30:00,6.07,1.38,0.0456,-1.35,0.0076,5.28,0.105,25.7,normal,LOW
2026-09-10T00:40:00,6.46,1.389,0.0516,0.39,0.0086,5.34,0.117,25.0,normal,LOW
2026-09-10T00:50:00,5.76,1.346,-0.2538,-0.7,-0.0423,5.36,0.071,21.3,recovery,LOW
2026-09-10T01:00:00,4.57,1.305,-0.2466,-1.19,-0.0411,5.31,0.017,21.3,recovery,LOW
2026-09-10T01:10:00,3.43,1.252,-0.3204,-1.14,-0.0534,5.17,-0.031,20.7,recovery,LOW
2026-09-10T01:20:00,3.14,1.234,-0.1062,-0.29,-0.0177,5.1,-0.048,21.4,recovery,LOW
2026-09-10T01:30:00,3.06,1.21,-0.1458,-0.08,-0.0243,5.06,-0.076,21.1,recovery,LOW
2026-09-10T01:40:00,2.29,1.169,-0.2436,-0.77,-0.0406,5.02,-0.085,20.9,recovery,LOW
2026-09-10T01:50:00,1.47,1.127,-0.2526,-0.83,-0.0421,4.87,-0.157,20.5,recovery,LOW
2026-09-10T02:00:00,1.08,1.1,-0.1632,-0.38,-0.0272,4.68,-0.179,20.9,recovery,LOW
2026-09-10T02:10:00,1.76,1.1,0.0,0.68,0.0,4.55,-0.183,21.5,recovery,LOW
2026-09-10T02:20:00,0.81,1.1,0.0,-0.95,0.0,4.33,-0.206,21.1,recovery,LOW
2026-09-10T02:30:00,0.64,1.1,0.0,-0.17,0.0,4.05,-0.239,21.1,recovery,LOW
2026-09-10T02:40:00,1.68,1.1,0.0,1.04,0.0,3.83,-0.266,21.0,recovery,LOW
2026-09-10T02:50:00,1.5,1.1,0.0,-0.18,0.0,3.56,-0.259,21.5,recovery,LOW
2026-09-10T03:00:00,1.09,1.1,0.0,-0.41,0.0,3.28,-0.247,21.0,recovery,LOW
2026-09-10T03:10:00,0.7,1.1,0.0,-0.39,0.0,2.94,-0.272,21.5,recovery,LOW
2026-09-10T03:20:00,0.27,1.1,0.0,-0.43,0.0,2.54,-0.28,21.1,recovery,LOW
2026-09-10T03:30:00,0.23,1.1,0.0,-0.05,0.0,2.22,-0.289,21.1,recovery,LOW
2026-09-10T03:40:00,0.0,1.1,0.0,-0.23,0.0,1.86,-0.246,21.0,recovery,LOW
2026-09-10T03:50:00,0.0,1.1,0.0,0.0,0.0,1.54,-0.205,21.0,recovery,LOW
2026-09-10T04:00:00,1.01,1.1,0.0,1.01,0.0,1.34,-0.152,21.3,recovery,LOW
2026-09-10T04:10:00,1.1,1.1,0.0,0.08,0.0,1.21,-0.134,20.8,recovery,LOW
2026-09-10T04:20:00,0.0,1.1,0.0,-1.1,0.0,1.04,-0.11,21.2,recovery,LOW
2026-09-10T04:30:00,0.0,1.1,0.0,0.0,0.0,0.87,-0.069,21.6,recovery,LOW
2026-09-10T04:40:00,0.0,1.1,0.0,0.0,0.0,0.74,-0.027,20.7,recovery,LOW
2026-09-10T04:50:00,0.58,1.1,0.0,0.58,0.0,0.69,0.0,21.1,recovery,LOW
2026-09-10T05:00:00,0.17,1.1,0.0,-0.41,0.0,0.64,0.0,21.1,recovery,LOW
2026-09-10T05:10:00,0.0,1.1,0.0,-0.17,0.0,0.54,0.0,21.1,recovery,LOW
2026-09-10T05:20:00,0.0,1.1,0.0,0.0,0.0,0.5,0.0,20.9,recovery,LOW
2026-09-10T05:30:00,0.3,1.1,0.0,0.3,0.0,0.48,0.0,21.7,recovery,LOW
2026-09-10T05:40:00,0.0,1.1,0.0,-0.3,0.0,0.39,0.0,21.2,recovery,LOW
2026-09-10T05:50:00,0.09,1.1,0.0,0.09,0.0,0.31,0.0,20.0,recovery,LOW
2026-09-10T06:00:00,0.0,1.1,0.0,-0.09,0.0,0.25,0.0,21.2,recovery,LOW
2026-09-10T06:10:00,0.18,1.1,0.0,0.18,0.0,0.22,0.0,21.0,recovery,LOW
2026-09-10T06:20:00,0.0,1.1,0.0,-0.18,0.0,0.2,0.0,21.0,recovery,LOW
2026-09-10T06:30:00,0.0,1.1,0.0,0.0,0.0,0.19,0.0,20.9,recovery,LOW
2026-09-10T06:40:00,0.0,1.1,0.0,0.0,0.0,0.19,0.0,21.6,recovery,LOW
2026-09-10T06:50:00,0.14,1.1,0.0,0.14,0.0,0.2,0.0,21.4,recovery,LOW
2026-09-10T07:00:00,1.07,1.1,0.0,0.93,0.0,0.2,0.0,20.8,recovery,LOW
2026-09-10T07:10:00,1.13,1.1,0.0,0.06,0.0,0.2,0.0,21.3,recovery,LOW
2026-09-10T07:20:00,0.96,1.1,0.0,-0.17,0.0,0.26,0.0,20.7,recovery,LOW
2026-09-10T07:30:00,1.33,1.1,0.0,0.37,0.0,0.33,0.0,20.6,recovery,LOW
2026-09-10T07:40:00,0.0,1.1,0.0,-1.33,0.0,0.33,0.0,20.8,recovery,LOW
2026-09-10T07:50:00,0.0,1.1,0.0,0.0,0.0,0.3,0.0,20.9,recovery,LOW
2026-09-10T08:00:00,0.0,1.1,0.0,0.0,0.0,0.29,0.0,20.7,recovery,LOW
2026-09-10T08:10:00,0.0,1.1,0.0,0.0,0.0,0.29,0.0,21.4,recovery,LOW
2026-09-10T08:20:00,0.0,1.1,0.0,0.0,0.0,0.29,0.0,21.1,recovery,LOW
2026-09-10T08:30:00,0.0,1.1,0.0,0.0,0.0,0.27,0.0,20.8,recovery,LOW
2026-09-10T08:40:00,0.7,1.1,0.0,0.7,0.0,0.31,0.0,22.1,recovery,LOW
2026-09-10T08:50:00,0.64,1.1,0.0,-0.06,0.0,0.34,0.0,21.0,recovery,LOW
2026-09-10T09:00:00,0.59,1.1,0.0,-0.05,0.0,0.37,0.0,21.2,recovery,LOW
2026-09-10T09:10:00,0.45,1.1,0.0,-0.13,0.0,0.39,0.0,21.3,recovery,LOW
2026-09-10T09:20:00,1.16,1.1,0.0,0.71,0.0,0.45,0.0,20.9,recovery,LOW
2026-09-10T09:30:00,0.76,1.1,0.0,-0.4,0.0,0.5,0.0,21.2,recovery,LOW
2026-09-10T09:40:00,1.32,1.1,0.0,0.56,0.0,0.57,0.0,20.6,recovery,LOW
2026-09-10T09:50:00,0.76,1.1,0.0,-0.55,0.0,0.6,0.0,21.4,recovery,LOW
2026-09-10T10:00:00,0.8,1.1,0.0,0.04,0.0,0.59,0.0,20.4,recovery,LOW
2026-09-10T10:10:00,0.58,1.1,0.0,-0.22,0.0,0.56,0.0,21.1,recovery,LOW
2026-09-10T10:20:00,0.09,1.1,0.0,-0.49,0.0,0.51,0.0,21.0,recovery,LOW
2026-09-10T10:30:00,0.0,1.1,0.0,-0.09,0.0,0.44,0.0,21.2,recovery,LOW
2026-09-10T10:40:00,0.0,1.1,0.0,0.0,0.0,0.44,0.0,20.5,recovery,LOW
2026-09-10T10:50:00,0.03,1.1,0.0,0.03,0.0,0.44,0.0,20.7,recovery,LOW
2026-09-10T11:00:00,0.0,1.1,0.0,-0.03,0.0,0.44,0.0,20.7,recovery,LOW
2026-09-10T11:10:00,0.96,1.1,0.0,0.96,0.0,0.49,0.0,20.9,recovery,LOW
2026-09-10T11:20:00,1.63,1.1,0.0,0.67,0.0,0.58,0.0,21.5,recovery,LOW
2026-09-10T11:30:00,0.89,1.1,0.0,-0.74,0.0,0.63,0.0,21.6,recovery,LOW
2026-09-10T11:40:00,0.71,1.1,0.0,-0.19,0.0,0.63,0.0,20.9,recovery,LOW
2026-09-10T11:50:00,0.21,1.1,0.0,-0.5,0.0,0.61,0.0,21.3,recovery,LOW
2026-09-10T12:00:00,0.47,1.1,0.0,0.26,0.0,0.6,0.0,20.8,recovery,LOW
2026-09-10T12:10:00,0.0,1.1,0.0,-0.47,0.0,0.58,0.0,20.6,recovery,LOW
2026-09-10T12:20:00,0.0,1.1,0.0,0.0,0.0,0.51,0.0,21.5,recovery,LOW
2026-09-10T12:30:00,0.01,1.1,0.0,0.01,0.0,0.47,0.0,20.9,recovery,LOW
2026-09-10T12:40:00,0.87,1.1,0.0,0.86,0.0,0.44,0.0,20.7,recovery,LOW
2026-09-10T12:50:00,1.07,1.1,0.0,0.2,0.0,0.46,0.0,21.1,recovery,LOW
2026-09-10T13:00:00,0.51,1.1,0.0,-0.56,0.0,0.45,0.0,20.7,recovery,LOW
2026-09-10T13:10:00,0.16,1.1,0.0,-0.35,0.0,0.42,0.0,20.3,recovery,LOW
2026-09-10T13:20:00,0.29,1.1,0.0,0.13,0.0,0.43,0.0,21.0,recovery,LOW
2026-09-10T13:30:00,0.0,1.1,0.0,-0.29,0.0,0.43,0.0,21.0,recovery,LOW
2026-09-10T13:40:00,0.0,1.1,0.0,0.0,0.0,0.43,0.0,21.5,recovery,LOW
2026-09-10T13:50:00,0.35,1.1,0.0,0.35,0.0,0.45,0.0,20.9,recovery,LOW
2026-09-10T14:00:00,0.0,1.1,0.0,-0.35,0.0,0.45,0.0,21.6,recovery,LOW
2026-09-10T14:10:00,0.0,1.1,0.0,0.0,0.0,0.4,0.0,21.1,recovery,LOW
2026-09-10T14:20:00,0.0,1.1,0.0,0.0,0.0,0.31,0.0,20.6,recovery,LOW
2026-09-10T14:30:00,0.33,1.1,0.0,0.33,0.0,0.28,0.0,21.3,recovery,LOW
2026-09-10T14:40:00,0.45,1.1,0.0,0.12,0.0,0.26,0.0,21.0,recovery,LOW
2026-09-10T14:50:00,0.17,1.1,0.0,-0.29,0.0,0.26,0.0,21.1,recovery,LOW
2026-09-10T15:00:00,0.32,1.1,0.0,0.15,0.0,0.25,0.0,21.0,recovery,LOW
2026-09-10T15:10:00,0.61,1.1,0.0,0.29,0.0,0.29,0.0,20.8,recovery,LOW
2026-09-10T15:20:00,1.02,1.1,0.0,0.41,0.0,0.34,0.0,20.7,recovery,LOW
2026-09-10T15:30:00,1.59,1.1,0.0,0.56,0.0,0.43,0.0,21.0,recovery,LOW
2026-09-10T15:40:00,0.95,1.1,0.0,-0.64,0.0,0.43,0.0,21.0,recovery,LOW
2026-09-10T15:50:00,0.25,1.1,0.0,-0.69,0.0,0.39,0.0,21.6,recovery,LOW
2026-09-10T16:00:00,0.11,1.1,0.0,-0.15,0.0,0.37,0.0,21.4,recovery,LOW
2026-09-10T16:10:00,0.73,1.1,0.0,0.62,0.0,0.4,0.0,20.8,recovery,LOW
2026-09-10T16:20:00,0.34,1.1,0.0,-0.39,0.0,0.4,0.0,21.2,recovery,LOW
2026-09-10T16:30:00,0.25,1.1,0.0,-0.1,0.0,0.42,0.0,21.0,recovery,LOW
2026-09-10T16:40:00,0.0,1.1,0.0,-0.25,0.0,0.42,0.0,20.8,recovery,LOW
2026-09-10T16:50:00,0.01,1.1,0.0,0.01,0.0,0.4,0.0,21.2,recovery,LOW
2026-09-10T17:00:00,0.0,1.1,0.0,-0.01,0.0,0.4,0.0,21.6,recovery,LOW
2026-09-10T17:10:00,0.9,1.1,0.0,0.9,0.0,0.45,0.0,21.0,recovery,LOW
2026-09-10T17:20:00,0.43,1.1,0.0,-0.47,0.0,0.47,0.0,21.3,recovery,LOW
2026-09-10T17:30:00,0.0,1.1,0.0,-0.43,0.0,0.45,0.0,21.0,recovery,LOW
2026-09-10T17:40:00,0.0,1.1,0.0,0.0,0.0,0.43,0.0,21.0,recovery,LOW
2026-09-10T17:50:00,0.57,1.1,0.0,0.57,0.0,0.45,0.0,21.4,recovery,LOW
2026-09-10T18:00:00,0.47,1.1,0.0,-0.1,0.0,0.46,0.0,20.8,recovery,LOW
2026-09-10T18:10:00,0.35,1.1,0.0,-0.12,0.0,0.44,0.0,21.0,recovery,LOW
2026-09-10T18:20:00,0.0,1.1,0.0,-0.35,0.0,0.39,0.0,21.4,recovery,LOW
2026-09-10T18:30:00,0.0,1.1,0.0,0.0,0.0,0.3,0.0,21.1,recovery,LOW
2026-09-10T18:40:00,0.0,1.1,0.0,0.0,0.0,0.25,0.0,20.8,recovery,LOW
2026-09-10T18:50:00,0.37,1.1,0.0,0.37,0.0,0.25,0.0,20.7,recovery,LOW
2026-09-10T19:00:00,0.03,1.1,0.0,-0.33,0.0,0.25,0.0,21.8,recovery,LOW
2026-09-10T19:10:00,0.05,1.1,0.0,0.01,0.0,0.21,0.0,21.5,recovery,LOW
2026-09-10T19:20:00,0.33,1.1,0.0,0.28,0.0,0.21,0.0,21.0,recovery,LOW
2026-09-10T19:30:00,0.18,1.1,0.0,-0.15,0.0,0.21,0.0,20.6,recovery,LOW
2026-09-10T19:40:00,0.0,1.1,0.0,-0.18,0.0,0.21,0.0,20.7,recovery,LOW
2026-09-10T19:50:00,0.51,1.1,0.0,0.51,0.0,0.23,0.0,21.7,recovery,LOW
2026-09-10T20:00:00,0.36,1.1,0.0,-0.15,0.0,0.25,0.0,21.1,recovery,LOW
2026-09-10T20:10:00,0.27,1.1,0.0,-0.09,0.0,0.22,0.0,21.0,recovery,LOW
2026-09-10T20:20:00,0.0,1.1,0.0,-0.27,0.0,0.19,0.0,21.1,recovery,LOW
2026-09-10T20:30:00,0.46,1.1,0.0,0.46,0.0,0.22,0.0,20.9,recovery,LOW
2026-09-10T20:40:00,0.87,1.1,0.0,0.41,0.0,0.27,0.0,20.7,recovery,LOW
2026-09-10T20:50:00,0.66,1.1,0.0,-0.21,0.0,0.27,0.0,21.3,recovery,LOW
2026-09-10T21:00:00,1.22,1.1,0.0,0.56,0.0,0.31,0.0,20.8,recovery,LOW
2026-09-10T21:10:00,0.95,1.1,0.0,-0.27,0.0,0.35,0.0,20.8,recovery,LOW
2026-09-10T21:20:00,1.05,1.1,0.0,0.1,0.0,0.41,0.0,21.0,recovery,LOW
2026-09-10T21:30:00,1.72,1.1,0.0,0.67,0.0,0.5,0.0,20.8,recovery,LOW
2026-09-10T21:40:00,0.82,1.1,0.0,-0.9,0.0,0.55,0.0,21.5,recovery,LOW
2026-09-10T21:50:00,0.81,1.1,0.0,-0.02,0.0,0.57,0.0,20.8,recovery,LOW
2026-09-10T22:00:00,0.0,1.1,0.0,-0.81,0.0,0.57,0.0,20.5,recovery,LOW
2026-09-10T22:10:00,0.46,1.1,0.0,0.46,0.0,0.59,0.0,20.9,recovery,LOW
2026-09-10T22:20:00,0.71,1.1,0.0,0.26,0.0,0.61,0.0,21.2,recovery,LOW
2026-09-10T22:30:00,1.05,1.1,0.0,0.34,0.0,0.66,0.0,20.6,recovery,LOW
2026-09-10T22:40:00,2.02,1.1,0.0,0.97,0.0,0.77,0.0,20.9,recovery,LOW
2026-09-10T22:50:00,1.94,1.1,0.0,-0.08,0.0,0.85,0.0,20.6,recovery,LOW
2026-09-10T23:00:00,1.06,1.1,0.0,-0.89,0.0,0.89,0.0,21.1,recovery,LOW
2026-09-10T23:10:00,0.55,1.1,0.0,-0.51,0.0,0.91,0.0,21.0,recovery,LOW
2026-09-10T23:20:00,0.43,1.1,0.0,-0.12,0.0,0.93,0.0,20.7,recovery,LOW
2026-09-10T23:30:00,1.0,1.1,0.0,0.57,0.0,0.96,0.0,20.9,recovery,LOW
2026-09-10T23:40:00,0.59,1.1,0.0,-0.41,0.0,0.95,0.0,20.7,recovery,LOW
2026-09-10T23:50:00,0.0,1.1,0.0,-0.59,0.0,0.91,0.0,21.3,recovery,LOW
2026-09-11T00:00:00,0.0,1.1,0.0,0.0,0.0,0.84,0.0,21.4,recovery,LOW
2026-09-11T00:10:00,0.03,1.1,0.0,0.03,0.0,0.79,0.0,21.2,recovery,LOW
2026-09-11T00:20:00,0.75,1.1,0.0,0.72,0.0,0.77,0.0,21.0,recovery,LOW
2026-09-11T00:30:00,0.87,1.1,0.0,0.12,0.0,0.73,0.0,21.5,recovery,LOW
2026-09-11T00:40:00,0.27,1.1,0.0,-0.61,0.0,0.7,0.0,21.2,recovery,LOW
2026-09-11T00:50:00,0.31,1.1,0.0,0.05,0.0,0.67,0.0,21.7,recovery,LOW
2026-09-11T01:00:00,0.14,1.1,0.0,-0.18,0.0,0.68,0.0,21.6,recovery,LOW
2026-09-11T01:10:00,1.0,1.1,0.0,0.86,0.0,0.71,0.0,20.9,recovery,LOW
2026-09-11T01:20:00,1.28,1.1,0.0,0.28,0.0,0.74,0.0,20.9,recovery,LOW
2026-09-11T01:30:00,0.75,1.1,0.0,-0.53,0.0,0.72,0.0,21.2,recovery,LOW
2026-09-11T01:40:00,0.72,1.1,0.0,-0.03,0.0,0.65,0.0,20.9,recovery,LOW
2026-09-11T01:50:00,0.4,1.1,0.0,-0.32,0.0,0.56,0.0,21.0,recovery,LOW
2026-09-11T02:00:00,1.08,1.1,0.0,0.68,0.0,0.56,0.0,20.8,recovery,LOW
2026-09-11T02:10:00,0.84,1.1,0.0,-0.25,0.0,0.58,0.0,20.8,recovery,LOW
2026-09-11T02:20:00,0.0,1.1,0.0,-0.84,0.0,0.56,0.0,21.0,recovery,LOW
2026-09-11T02:30:00,0.0,1.1,0.0,0.0,0.0,0.5,0.0,21.1,recovery,LOW
2026-09-11T02:40:00,0.0,1.1,0.0,0.0,0.0,0.47,0.0,20.9,recovery,LOW
2026-09-11T02:50:00,0.0,1.1,0.0,0.0,0.0,0.47,0.0,20.8,recovery,LOW
2026-09-11T03:00:00,0.0,1.1,0.0,0.0,0.0,0.47,0.0,21.1,recovery,LOW
2026-09-11T03:10:00,0.46,1.1,0.0,0.46,0.0,0.49,0.0,21.1,recovery,LOW
2026-09-11T03:20:00,0.79,1.1,0.0,0.33,0.0,0.49,0.0,20.9,recovery,LOW
2026-09-11T03:30:00,0.79,1.1,0.0,0.01,0.0,0.49,0.0,21.2,recovery,LOW
2026-09-11T03:40:00,0.42,1.1,0.0,-0.38,0.0,0.5,0.0,21.2,recovery,LOW
2026-09-11T03:50:00,0.44,1.1,0.0,0.03,0.0,0.51,0.0,20.9,recovery,LOW
2026-09-11T04:00:00,0.0,1.1,0.0,-0.44,0.0,0.5,0.0,20.7,recovery,LOW
2026-09-11T04:10:00,0.0,1.1,0.0,0.0,0.0,0.44,0.0,21.0,recovery,LOW
2026-09-11T04:20:00,0.0,1.1,0.0,0.0,0.0,0.37,0.0,21.1,recovery,LOW
2026-09-11T04:30:00,1.09,1.1,0.0,1.09,0.0,0.39,0.0,20.4,recovery,LOW
2026-09-11T04:40:00,0.72,1.1,0.0,-0.37,0.0,0.39,0.0,20.6,recovery,LOW
2026-09-11T04:50:00,0.0,1.1,0.0,-0.72,0.0,0.37,0.0,20.8,recovery,LOW
2026-09-11T05:00:00,0.82,1.1,0.0,0.82,0.0,0.35,0.0,21.0,recovery,LOW
2026-09-11T05:10:00,0.54,1.1,0.0,-0.28,0.0,0.34,0.0,21.1,recovery,LOW
2026-09-11T05:20:00,0.68,1.1,0.0,0.14,0.0,0.37,0.0,21.3,recovery,LOW
2026-09-11T05:30:00,0.6,1.1,0.0,-0.09,0.0,0.41,0.0,21.1,recovery,LOW
2026-09-11T05:40:00,0.61,1.1,0.0,0.01,0.0,0.44,0.0,21.0,recovery,LOW
2026-09-11T05:50:00,0.49,1.1,0.0,-0.12,0.0,0.47,0.0,21.1,recovery,LOW
2026-09-11T06:00:00,0.0,1.1,0.0,-0.49,0.0,0.47,0.0,20.7,recovery,LOW
2026-09-11T06:10:00,0.0,1.1,0.0,0.0,0.0,0.44,0.0,20.8,recovery,LOW
2026-09-11T06:20:00,0.61,1.1,0.0,0.61,0.0,0.43,0.0,21.2,recovery,LOW
2026-09-11T06:30:00,0.0,1.1,0.0,-0.61,0.0,0.39,0.0,20.7,recovery,LOW
2026-09-11T06:40:00,0.0,1.1,0.0,0.0,0.0,0.37,0.0,21.2,recovery,LOW
2026-09-11T06:50:00,0.36,1.1,0.0,0.36,0.0,0.36,0.0,20.9,recovery,LOW
2026-09-11T07:00:00,0.53,1.1,0.0,0.17,0.0,0.39,0.0,21.5,recovery,LOW
2026-09-11T07:10:00,0.64,1.1,0.0,0.11,0.0,0.43,0.0,20.8,recovery,LOW
2026-09-11T07:20:00,0.06,1.1,0.0,-0.58,0.0,0.43,0.0,21.0,recovery,LOW
2026-09-11T07:30:00,0.0,1.1,0.0,-0.06,0.0,0.37,0.0,21.2,recovery,LOW
2026-09-11T07:40:00,0.17,1.1,0.0,0.17,0.0,0.34,0.0,20.6,recovery,LOW
2026-09-11T07:50:00,0.0,1.1,0.0,-0.17,0.0,0.34,0.0,20.8,recovery,LOW
2026-09-11T08:00:00,0.0,1.1,0.0,0.0,0.0,0.29,0.0,20.7,recovery,LOW
2026-09-11T08:10:00,0.0,1.1,0.0,0.0,0.0,0.26,0.0,20.7,recovery,LOW
2026-09-11T08:20:00,0.0,1.1,0.0,0.0,0.0,0.23,0.0,20.7,recovery,LOW
2026-09-11T08:30:00,0.0,1.1,0.0,0.0,0.0,0.19,0.0,20.7,recovery,LOW
2026-09-11T08:40:00,0.51,1.1,0.0,0.51,0.0,0.19,0.0,20.9,recovery,LOW
2026-09-11T08:50:00,1.01,1.1,0.0,0.5,0.0,0.22,0.0,21.0,recovery,LOW
2026-09-11T09:00:00,1.05,1.1,0.0,0.03,0.0,0.28,0.0,21.5,recovery,LOW
2026-09-11T09:10:00,0.28,1.1,0.0,-0.76,0.0,0.29,0.0,21.3,recovery,LOW
2026-09-11T09:20:00,0.37,1.1,0.0,0.09,0.0,0.28,0.0,21.3,recovery,LOW
2026-09-11T09:30:00,0.63,1.1,0.0,0.25,0.0,0.31,0.0,21.5,recovery,LOW
2026-09-11T09:40:00,0.16,1.1,0.0,-0.47,0.0,0.32,0.0,21.2,recovery,LOW
2026-09-11T09:50:00,0.0,1.1,0.0,-0.16,0.0,0.3,0.0,21.0,recovery,LOW
2026-09-11T10:00:00,0.0,1.1,0.0,0.0,0.0,0.27,0.0,21.2,recovery,LOW
2026-09-11T10:10:00,0.44,1.1,0.0,0.44,0.0,0.26,0.0,20.7,recovery,LOW
2026-09-11T10:20:00,0.5,1.1,0.0,0.05,0.0,0.28,0.0,21.0,recovery,LOW
2026-09-11T10:30:00,0.0,1.1,0.0,-0.5,0.0,0.28,0.0,21.4,recovery,LOW
2026-09-11T10:40:00,0.0,1.1,0.0,0.0,0.0,0.27,0.0,21.2,recovery,LOW
2026-09-11T10:50:00,0.12,1.1,0.0,0.12,0.0,0.28,0.0,21.1,recovery,LOW
2026-09-11T11:00:00,0.53,1.1,0.0,0.41,0.0,0.31,0.0,20.7,recovery,LOW
2026-09-11T11:10:00,0.34,1.1,0.0,-0.18,0.0,0.33,0.0,21.0,recovery,LOW
2026-09-11T11:20:00,1.11,1.1,0.0,0.77,0.0,0.39,0.0,21.2,recovery,LOW
2026-09-11T11:30:00,1.04,1.1,0.0,-0.08,0.0,0.45,0.0,20.5,recovery,LOW
2026-09-11T11:40:00,1.61,1.1,0.0,0.57,0.0,0.51,0.0,20.9,recovery,LOW
2026-09-11T11:50:00,0.39,1.1,0.0,-1.22,0.0,0.48,0.0,21.0,recovery,LOW
2026-09-11T12:00:00,0.5,1.1,0.0,0.11,0.0,0.44,0.0,20.9,recovery,LOW
2026-09-11T12:10:00,0.37,1.1,0.0,-0.13,0.0,0.45,0.0,21.4,recovery,LOW
2026-09-11T12:20:00,0.0,1.1,0.0,-0.37,0.0,0.43,0.0,20.5,recovery,LOW
2026-09-11T12:30:00,0.24,1.1,0.0,0.24,0.0,0.41,0.0,21.1,recovery,LOW
2026-09-11T12:40:00,0.01,1.1,0.0,-0.22,0.0,0.4,0.0,20.3,recovery,LOW
2026-09-11T12:50:00,0.09,1.1,0.0,0.07,0.0,0.4,0.0,21.5,recovery,LOW
2026-09-11T13:00:00,0.0,1.1,0.0,-0.09,0.0,0.4,0.0,20.8,recovery,LOW
2026-09-11T13:10:00,0.0,1.1,0.0,0.0,0.0,0.38,0.0,20.7,recovery,LOW
2026-09-11T13:20:00,0.31,1.1,0.0,0.31,0.0,0.37,0.0,20.6,recovery,LOW
2026-09-11T13:30:00,0.31,1.1,0.0,0.0,0.0,0.39,0.0,21.3,recovery,LOW
2026-09-11T13:40:00,0.0,1.1,0.0,-0.31,0.0,0.39,0.0,20.8,recovery,LOW
2026-09-11T13:50:00,0.01,1.1,0.0,0.01,0.0,0.38,0.0,20.6,recovery,LOW
2026-09-11T14:00:00,0.0,1.1,0.0,-0.01,0.0,0.35,0.0,21.4,recovery,LOW
2026-09-11T14:10:00,0.34,1.1,0.0,0.34,0.0,0.35,0.0,21.5,recovery,LOW
2026-09-11T14:20:00,0.78,1.1,0.0,0.44,0.0,0.33,0.0,20.4,recovery,LOW
2026-09-11T14:30:00,1.1,1.1,0.0,0.31,0.0,0.34,0.0,21.1,recovery,LOW
2026-09-11T14:40:00,0.0,1.1,0.0,-1.1,0.0,0.25,0.0,21.7,recovery,LOW
2026-09-11T14:50:00,0.0,1.1,0.0,0.0,0.0,0.22,0.0,21.2,recovery,LOW
2026-09-11T15:00:00,0.02,1.1,0.0,0.02,0.0,0.2,0.0,20.8,recovery,LOW
2026-09-11T15:10:00,0.0,1.1,0.0,-0.02,0.0,0.18,0.0,21.1,recovery,LOW
2026-09-11T15:20:00,0.22,1.1,0.0,0.22,0.0,0.19,0.0,21.4,recovery,LOW
2026-09-11T15:30:00,0.23,1.1,0.0,0.01,0.0,0.19,0.0,20.8,recovery,LOW
2026-09-11T15:40:00,0.11,1.1,0.0,-0.13,0.0,0.2,0.0,20.9,recovery,LOW
2026-09-11T15:50:00,0.52,1.076,-0.144,0.42,-0.024,0.22,-0.024,20.6,normal,LOW
2026-09-11T16:00:00,2.4,1.089,0.078,1.88,0.013,0.35,-0.011,20.4,normal,LOW
2026-09-11T16:10:00,4.01,1.072,-0.1002,1.61,-0.0167,0.58,-0.028,19.9,normal,LOW
2026-09-11T16:20:00,4.04,1.122,0.2976,0.03,0.0496,0.78,0.022,19.9,normal,LOW
2026-09-11T16:30:00,3.62,1.105,-0.1032,-0.42,-0.0172,0.97,0.005,20.4,normal,LOW
2026-09-11T16:40:00,5.87,1.123,0.108,2.25,0.018,1.29,0.023,20.7,normal,LOW
2026-09-11T16:50:00,5.87,1.158,0.213,0.0,0.0355,1.62,0.058,19.8,normal,LOW
2026-09-11T17:00:00,5.93,1.143,-0.0888,0.06,-0.0148,1.95,0.043,20.5,normal,LOW
2026-09-11T17:10:00,5.76,1.179,0.213,-0.17,0.0355,2.25,0.079,20.7,normal,LOW
2026-09-11T17:20:00,6.76,1.205,0.1548,1.01,0.0258,2.58,0.105,20.2,normal,LOW
2026-09-11T17:30:00,6.39,1.197,-0.0444,-0.37,-0.0074,2.88,0.097,20.1,normal,LOW
2026-09-11T17:40:00,7.24,1.181,-0.0984,0.84,-0.0164,3.28,0.081,20.4,normal,LOW
2026-09-11T17:50:00,5.72,1.187,0.0396,-1.51,0.0066,3.59,0.087,19.9,normal,LOW
2026-09-11T18:00:00,4.46,1.185,-0.015,-1.26,-0.0025,3.84,0.085,20.4,normal,LOW
2026-09-11T18:10:00,4.5,1.199,0.0828,0.04,0.0138,4.09,0.099,20.2,normal,LOW
2026-09-11T18:20:00,3.45,1.166,-0.198,-1.05,-0.033,4.27,0.066,20.0,normal,LOW
2026-09-11T18:30:00,4.87,1.188,0.1332,1.42,0.0222,4.53,0.088,20.4,normal,LOW
2026-09-11T18:40:00,5.65,1.192,0.024,0.79,0.004,4.84,0.116,20.6,normal,LOW
2026-09-11T18:50:00,5.53,1.205,0.0804,-0.12,0.0134,5.11,0.116,20.1,normal,LOW
2026-09-11T19:00:00,5.51,1.257,0.3102,-0.02,0.0517,5.29,0.185,20.2,normal,LOW
2026-09-11T19:10:00,4.55,1.249,-0.0462,-0.96,-0.0077,5.32,0.127,20.1,normal,LOW
2026-09-11T19:20:00,4.77,1.218,-0.1878,0.23,-0.0313,5.36,0.113,20.1,normal,LOW
2026-09-11T19:30:00,3.32,1.254,0.2184,-1.46,0.0364,5.34,0.132,19.9,normal,LOW
2026-09-11T19:40:00,4.35,1.296,0.249,1.04,0.0415,5.26,0.138,19.6,normal,LOW
2026-09-11T19:50:00,3.54,1.287,-0.0528,-0.82,-0.0088,5.13,0.144,20.1,normal,LOW
2026-09-11T20:00:00,4.95,1.281,-0.0336,1.41,-0.0056,5.07,0.103,20.5,normal,LOW
2026-09-11T20:10:00,4.06,1.283,0.0114,-0.89,0.0019,4.98,0.079,20.2,normal,LOW
2026-09-11T20:20:00,5.11,1.304,0.1242,1.05,0.0207,4.89,0.107,20.0,normal,LOW
2026-09-11T20:30:00,5.03,1.287,-0.102,-0.08,-0.017,4.81,0.106,20.4,normal,LOW
2026-09-11T20:40:00,6.22,1.313,0.1536,1.2,0.0256,4.76,0.125,20.0,normal,LOW
2026-09-11T20:50:00,6.39,1.318,0.0312,0.16,0.0052,4.79,0.133,20.1,normal,LOW
2026-09-11T21:00:00,5.84,1.301,-0.1026,-0.54,-0.0171,4.87,0.102,20.2,normal,LOW
2026-09-11T21:10:00,5.84,1.305,0.027,-0.01,0.0045,4.94,0.14,19.7,normal,LOW
2026-09-11T21:20:00,5.26,1.303,-0.0156,-0.58,-0.0026,5.04,0.115,20.4,normal,LOW
2026-09-11T21:30:00,6.45,1.285,-0.108,1.2,-0.018,5.13,0.093,20.1,normal,LOW
2026-09-11T21:40:00,5.65,1.277,-0.0468,-0.81,-0.0078,5.13,0.072,20.2,normal,LOW
2026-09-11T21:50:00,5.98,1.276,-0.0066,0.34,-0.0011,5.16,0.019,20.0,normal,LOW
2026-09-11T22:00:00,6.34,1.282,0.0384,0.36,0.0064,5.2,0.033,19.5,normal,LOW
2026-09-11T22:10:00,6.28,1.295,0.0768,-0.06,0.0128,5.3,0.077,20.1,normal,LOW
2026-09-11T22:20:00,6.7,1.276,-0.111,0.42,-0.0185,5.41,0.022,20.2,normal,LOW
2026-09-11T22:30:00,6.07,1.265,-0.0684,-0.63,-0.0114,5.56,-0.031,19.9,normal,LOW
2026-09-11T22:40:00,5.96,1.284,0.114,-0.11,0.019,5.65,-0.003,20.4,normal,LOW
2026-09-11T22:50:00,7.24,1.307,0.1356,1.28,0.0226,5.85,0.025,20.0,normal,LOW
2026-09-11T23:00:00,7.06,1.295,-0.0714,-0.18,-0.0119,5.97,0.011,19.8,normal,LOW
2026-09-11T23:10:00,6.24,1.318,0.1392,-0.82,0.0232,6.09,0.014,20.2,normal,LOW
2026-09-11T23:20:00,7.81,1.313,-0.0288,1.57,-0.0048,6.24,0.026,20.2,normal,LOW
2026-09-11T23:30:00,7.42,1.317,0.0258,-0.38,0.0043,6.37,0.005,20.2,normal,LOW
2026-09-11T23:40:00,8.12,1.341,0.1416,0.7,0.0236,6.48,0.023,20.1,normal,LOW
2026-09-11T23:50:00,8.05,1.333,-0.0504,-0.07,-0.0084,6.57,0.032,19.9,normal,LOW
2026-09-12T00:00:00,7.51,1.348,0.0888,-0.53,0.0148,6.66,0.042,20.0,normal,LOW
2026-09-12T00:10:00,9.9,1.36,0.075,2.39,0.0125,6.89,0.057,20.0,normal,LOW
2026-09-12T00:20:00,9.25,1.382,0.1314,-0.66,0.0219,7.11,0.097,20.3,normal,LOW
2026-09-12T00:30:00,8.18,1.403,0.129,-1.07,0.0215,7.21,0.126,20.3,normal,LOW
2026-09-12T00:40:00,6.49,1.409,0.0312,-1.69,0.0052,7.26,0.133,19.9,normal,LOW
2026-09-12T00:50:00,7.53,1.4,-0.0492,1.04,-0.0082,7.34,0.118,20.0,normal,LOW
2026-09-12T01:00:00,6.01,1.378,-0.1338,-1.52,-0.0223,7.32,0.083,19.7,normal,LOW
2026-09-12T01:10:00,6.69,1.346,-0.1896,0.68,-0.0316,7.35,0.07,19.8,normal,LOW
2026-09-12T01:20:00,7.53,1.32,-0.1584,0.84,-0.0264,7.39,0.055,20.0,normal,LOW
2026-09-12T01:30:00,7.48,1.281,-0.2352,-0.05,-0.0392,7.47,-0.003,20.0,normal,LOW
2026-09-12T01:40:00,8.39,1.256,-0.1458,0.9,-0.0243,7.61,-0.05,20.5,normal,LOW
2026-09-12T01:50:00,9.0,1.282,0.1512,0.61,0.0252,7.7,-0.013,20.2,normal,LOW
2026-09-12T02:00:00,7.25,1.26,-0.1284,-1.75,-0.0214,7.71,-0.058,20.2,normal,LOW
2026-09-12T02:10:00,7.77,1.249,-0.0702,0.52,-0.0117,7.8,-0.065,20.1,normal,LOW
2026-09-12T02:20:00,8.6,1.271,0.1368,0.83,0.0228,7.84,-0.046,20.2,normal,LOW
2026-09-12T02:30:00,9.43,1.277,0.0354,0.84,0.0059,7.96,-0.064,20.0,normal,LOW
2026-09-12T02:40:00,7.42,1.292,0.09,-2.02,0.015,7.92,-0.04,19.9,normal,LOW
2026-09-12T02:50:00,6.7,1.317,0.1494,-0.72,0.0249,7.84,-0.03,20.3,normal,LOW
2026-09-12T03:00:00,7.31,1.319,0.0102,0.61,0.0017,7.83,-0.041,20.7,normal,LOW
2026-09-12T03:10:00,6.5,1.312,-0.0408,-0.81,-0.0068,7.64,-0.07,19.6,normal,LOW
2026-09-12T03:20:00,6.42,1.331,0.1128,-0.08,0.0188,7.48,-0.073,20.6,normal,LOW
2026-09-12T03:30:00,5.21,1.33,-0.0018,-1.21,-0.0003,7.32,-0.078,20.4,normal,LOW
2026-09-12T03:40:00,5.65,1.315,-0.0936,0.44,-0.0156,7.27,-0.086,20.5,normal,LOW
2026-09-12T03:50:00,6.33,1.309,-0.0372,0.68,-0.0062,7.21,-0.069,20.1,normal,LOW
2026-09-12T04:00:00,5.95,1.305,-0.0228,-0.38,-0.0038,7.2,-0.042,20.5,normal,LOW
2026-09-12T04:10:00,6.37,1.322,0.1044,0.42,0.0174,7.18,0.002,20.4,normal,LOW
2026-09-12T04:20:00,6.33,1.306,-0.0972,-0.04,-0.0162,7.12,0.025,20.3,normal,LOW
2026-09-12T04:30:00,5.55,1.299,-0.0432,-0.78,-0.0072,7.01,0.042,20.8,normal,LOW
2026-09-12T04:40:00,5.65,1.277,-0.1326,0.1,-0.0221,6.86,-0.005,20.6,normal,LOW
2026-09-12T04:50:00,5.17,1.323,0.276,-0.48,0.046,6.65,0.063,20.4,normal,LOW
2026-09-12T05:00:00,4.68,1.325,0.0132,-0.49,0.0022,6.5,0.076,20.5,normal,LOW
2026-09-12T05:10:00,4.54,1.308,-0.1002,-0.14,-0.0167,6.32,0.037,20.9,normal,LOW
2026-09-12T05:20:00,4.05,1.319,0.0612,-0.49,0.0102,6.07,0.041,21.1,normal,LOW
2026-09-12T05:30:00,3.93,1.3,-0.111,-0.12,-0.0185,5.76,0.008,20.4,normal,LOW
2026-09-12T05:40:00,4.57,1.295,-0.0318,0.64,-0.0053,5.61,-0.022,20.4,normal,LOW
2026-09-12T05:50:00,6.01,1.286,-0.0534,1.44,-0.0089,5.57,-0.033,20.4,normal,LOW
2026-09-12T06:00:00,6.54,1.297,0.0702,0.54,0.0117,5.53,-0.015,20.4,normal,LOW
2026-09-12T06:10:00,6.2,1.259,-0.234,-0.35,-0.039,5.51,-0.072,20.6,normal,LOW
2026-09-12T06:20:00,6.04,1.252,-0.0378,-0.16,-0.0063,5.49,-0.078,20.4,normal,LOW
2026-09-12T06:30:00,6.42,1.229,-0.138,0.38,-0.023,5.55,-0.086,21.0,normal,LOW
2026-09-12T06:40:00,5.98,1.241,0.069,-0.45,0.0115,5.57,-0.068,20.6,normal,LOW
2026-09-12T06:50:00,5.94,1.22,-0.1218,-0.03,-0.0203,5.55,-0.084,20.9,normal,LOW
2026-09-12T07:00:00,5.79,1.235,0.0906,-0.15,0.0151,5.54,-0.087,21.1,normal,LOW
2026-09-12T07:10:00,6.36,1.244,0.0498,0.56,0.0083,5.54,-0.062,20.6,normal,LOW
2026-09-12T07:20:00,4.94,1.227,-0.0984,-1.42,-0.0164,5.46,-0.072,20.9,normal,LOW
2026-09-12T07:30:00,4.89,1.23,0.0186,-0.04,0.0031,5.43,-0.046,21.2,normal,LOW
2026-09-12T07:40:00,5.86,1.242,0.0684,0.97,0.0114,5.44,-0.081,21.2,normal,LOW
2026-09-12T07:50:00,5.11,1.239,-0.015,-0.75,-0.0025,5.44,-0.086,20.8,normal,LOW
2026-09-12T08:00:00,6.26,1.244,0.0264,1.15,0.0044,5.52,-0.065,21.3,normal,LOW
2026-09-12T08:10:00,6.61,1.219,-0.1488,0.35,-0.0248,5.64,-0.1,21.0,normal,LOW
2026-09-12T08:20:00,7.33,1.281,0.372,0.72,0.062,5.82,-0.019,20.9,normal,LOW
2026-09-12T08:30:00,7.38,1.291,0.0624,0.05,0.0104,6.01,-0.003,21.6,normal,LOW
2026-09-12T08:40:00,5.97,1.286,-0.0318,-1.41,-0.0053,6.09,0.0,21.6,normal,LOW
2026-09-12T08:50:00,6.39,1.276,-0.063,0.42,-0.0105,6.11,-0.022,21.0,normal,LOW
2026-09-12T09:00:00,6.58,1.291,0.0924,0.19,0.0154,6.11,0.032,21.6,normal,LOW
2026-09-12T09:10:00,6.73,1.279,-0.0732,0.15,-0.0122,6.14,0.027,21.3,normal,LOW
2026-09-12T09:20:00,6.2,1.274,-0.0294,-0.53,-0.0049,6.15,0.045,20.9,normal,LOW
2026-09-12T09:30:00,5.3,1.263,-0.063,-0.9,-0.0105,6.09,0.023,21.6,normal,LOW
2026-09-12T09:40:00,6.68,1.278,0.0882,1.38,0.0147,6.13,0.058,21.1,normal,LOW
2026-09-12T09:50:00,6.26,1.265,-0.0816,-0.43,-0.0136,6.15,0.029,21.0,normal,LOW
2026-09-12T10:00:00,4.74,1.285,0.1212,-1.51,0.0202,6.09,0.041,21.6,normal,LOW
2026-09-12T10:10:00,5.58,1.311,0.1548,0.84,0.0258,6.04,0.083,20.8,normal,LOW
2026-09-12T10:20:00,6.31,1.312,0.0066,0.73,0.0011,6.12,0.081,21.5,normal,LOW
2026-09-12T10:30:00,5.42,1.249,-0.3786,-0.89,-0.0631,6.15,0.007,21.7,normal,LOW
2026-09-12T10:40:00,19.79,1.8,3.3084,14.37,0.5514,6.92,0.561,18.9,heavy_rain,LOW
2026-09-12T10:50:00,33.16,1.802,0.0138,13.37,0.0023,8.48,0.559,19.7,heavy_rain,LOW
2026-09-12T11:00:00,42.53,1.811,0.054,9.38,0.009,10.5,0.592,19.7,heavy_rain,LOW
2026-09-12T11:10:00,44.01,1.821,0.06,1.48,0.01,12.57,0.54,19.1,heavy_rain,LOW
2026-09-12T11:20:00,45.4,1.831,0.057,1.4,0.0095,14.69,0.539,19.1,heavy_rain,LOW
2026-09-12T11:30:00,53.23,1.856,0.1488,7.82,0.0248,17.24,0.57,19.2,heavy_rain,MEDIUM
2026-09-12T11:40:00,50.58,1.879,0.1386,-2.65,0.0231,19.72,0.603,19.5,heavy_rain,MEDIUM
2026-09-12T11:50:00,52.57,1.899,0.1218,1.99,0.0203,22.28,0.608,19.7,heavy_rain,MEDIUM
2026-09-12T12:00:00,54.68,1.92,0.123,2.11,0.0205,24.95,0.641,19.4,heavy_rain,MEDIUM
2026-09-12T12:10:00,61.19,1.954,0.21,6.5,0.035,27.98,0.681,18.6,heavy_rain,MEDIUM
2026-09-12T12:20:00,58.38,1.981,0.1578,-2.8,0.0263,30.88,0.717,18.6,heavy_rain,MEDIUM
2026-09-12T12:30:00,55.58,1.998,0.105,-2.81,0.0175,33.67,0.72,19.0,heavy_rain,MEDIUM
2026-09-12T12:40:00,60.98,2.038,0.2358,5.4,0.0393,36.69,0.773,19.6,heavy_rain,MEDIUM
2026-09-12T12:50:00,62.98,2.046,0.0516,1.99,0.0086,39.84,0.761,19.5,heavy_rain,MEDIUM
2026-09-12T13:00:00,64.28,2.054,0.0462,1.3,0.0077,43.15,0.743,19.6,heavy_rain,MEDIUM
2026-09-12T13:10:00,60.59,2.08,0.159,-3.69,0.0265,46.2,0.769,19.6,heavy_rain,MEDIUM
2026-09-12T13:20:00,57.68,2.084,0.0198,-2.92,0.0033,49.06,0.835,19.7,heavy_rain,MEDIUM
2026-09-12T13:30:00,55.85,2.106,0.1368,-1.83,0.0228,51.86,0.306,19.9,heavy_rain,MEDIUM
2026-09-12T13:40:00,49.18,2.128,0.1272,-6.67,0.0212,53.49,0.325,19.5,heavy_rain,MEDIUM
2026-09-12T13:50:00,49.66,2.146,0.1086,0.48,0.0181,54.41,0.334,19.6,heavy_rain,MEDIUM
2026-09-12T14:00:00,56.13,2.177,0.1896,6.47,0.0316,55.16,0.356,19.5,heavy_rain,MEDIUM
2026-09-12T14:10:00,55.45,2.199,0.1314,-0.68,0.0219,55.8,0.368,19.4,heavy_rain,MEDIUM
2026-09-12T14:20:00,55.47,2.225,0.1548,0.02,0.0258,56.36,0.369,19.1,heavy_rain,MEDIUM
2026-09-12T14:30:00,59.7,2.239,0.0852,4.22,0.0142,56.72,0.36,19.7,heavy_rain,MEDIUM
2026-09-12T14:40:00,61.41,2.26,0.1224,1.72,0.0204,57.32,0.361,19.8,heavy_rain,MEDIUM
2026-09-12T14:50:00,57.59,2.279,0.1158,-3.83,0.0193,57.6,0.359,19.6,heavy_rain,MEDIUM
2026-09-12T15:00:00,53.06,2.28,0.0066,-4.53,0.0011,57.51,0.325,19.3,heavy_rain,MEDIUM
2026-09-12T15:10:00,60.43,2.309,0.1764,7.38,0.0294,57.47,0.329,18.9,heavy_rain,MEDIUM
2026-09-12T15:20:00,55.3,2.341,0.1908,-5.13,0.0318,57.3,0.343,19.2,heavy_rain,MEDIUM
2026-09-12T15:30:00,53.7,2.352,0.0672,-1.6,0.0112,57.19,0.315,19.6,heavy_rain,MEDIUM
2026-09-12T15:40:00,53.88,2.386,0.2052,0.18,0.0342,56.8,0.34,20.1,heavy_rain,MEDIUM
2026-09-12T15:50:00,54.06,2.403,0.0972,0.18,0.0162,56.3,0.349,19.8,heavy_rain,MEDIUM
2026-09-12T16:00:00,47.06,2.435,0.1956,-7.0,0.0326,55.35,0.355,19.8,heavy_rain,MEDIUM
2026-09-12T16:10:00,49.88,2.447,0.0684,2.82,0.0114,54.75,0.363,19.5,heavy_rain,MEDIUM
2026-09-12T16:20:00,48.44,2.477,0.1788,-1.43,0.0298,54.24,0.37,19.4,heavy_rain,MEDIUM
2026-09-12T16:30:00,53.48,2.491,0.0876,5.04,0.0146,54.11,0.364,19.4,heavy_rain,MEDIUM
2026-09-12T16:40:00,49.38,2.504,0.0768,-4.1,0.0128,54.12,0.358,19.8,heavy_rain,MEDIUM
2026-09-12T16:50:00,52.36,2.535,0.1896,2.99,0.0316,54.27,0.358,19.3,heavy_rain,MEDIUM
2026-09-12T17:00:00,46.53,2.539,0.0228,-5.83,0.0038,53.73,0.34,19.6,heavy_rain,MEDIUM
2026-09-12T17:10:00,46.18,2.559,0.1206,-0.35,0.0201,53.22,0.334,19.4,heavy_rain,MEDIUM
2026-09-12T17:20:00,50.39,2.59,0.186,4.2,0.031,52.94,0.351,19.8,heavy_rain,MEDIUM
2026-09-12T17:30:00,58.27,2.609,0.1092,7.88,0.0182,52.86,0.349,18.7,heavy_rain,MEDIUM
2026-09-12T17:40:00,49.81,2.632,0.1392,-8.46,0.0232,52.21,0.353,19.3,heavy_rain,MEDIUM
2026-09-12T17:50:00,56.26,2.652,0.12,6.45,0.02,52.14,0.372,19.2,heavy_rain,MEDIUM
2026-09-12T18:00:00,53.17,2.672,0.1224,-3.09,0.0204,52.14,0.363,19.4,heavy_rain,MEDIUM
2026-09-12T18:10:00,58.24,2.702,0.1794,5.07,0.0299,52.02,0.361,19.8,heavy_rain,MEDIUM
2026-09-12T18:20:00,56.12,2.73,0.1656,-2.12,0.0276,52.07,0.378,19.4,heavy_rain,MEDIUM
2026-09-12T18:30:00,51.69,2.748,0.108,-4.43,0.018,51.96,0.361,19.5,heavy_rain,MEDIUM
2026-09-12T18:40:00,49.91,2.779,0.1866,-1.79,0.0311,51.74,0.376,19.9,heavy_rain,MEDIUM
2026-09-12T18:50:00,51.61,2.805,0.1584,1.7,0.0264,51.6,0.37,19.4,heavy_rain,MEDIUM
2026-09-12T19:00:00,49.51,2.831,0.1554,-2.1,0.0259,51.74,0.384,19.1,heavy_rain,MEDIUM
2026-09-12T19:10:00,52.05,2.859,0.1656,2.54,0.0276,51.86,0.382,19.1,heavy_rain,MEDIUM
2026-09-12T19:20:00,53.49,2.882,0.1392,1.45,0.0232,52.14,0.391,20.6,heavy_rain,MEDIUM
2026-09-12T19:30:00,53.37,2.901,0.1152,-0.12,0.0192,52.13,0.397,19.6,heavy_rain,MEDIUM
2026-09-12T19:40:00,48.75,2.917,0.0966,-4.62,0.0161,52.1,0.382,19.1,heavy_rain,MEDIUM
2026-09-12T19:50:00,56.55,2.949,0.1914,7.8,0.0319,52.33,0.41,19.8,heavy_rain,MEDIUM
2026-09-12T20:00:00,56.76,2.984,0.2076,0.21,0.0346,52.9,0.425,18.8,heavy_rain,MEDIUM
2026-09-12T20:10:00,54.94,3.005,0.126,-1.82,0.021,53.38,0.414,19.5,heavy_rain,MEDIUM
2026-09-12T20:20:00,57.74,3.031,0.1572,2.8,0.0262,53.79,0.422,20.0,heavy_rain,MEDIUM
2026-09-12T20:30:00,53.62,3.056,0.147,-4.12,0.0245,53.53,0.424,19.5,heavy_rain,MEDIUM
2026-09-12T20:40:00,55.82,3.085,0.1764,2.19,0.0294,53.87,0.433,19.8,heavy_rain,MEDIUM
2026-09-12T20:50:00,49.39,3.102,0.1026,-6.43,0.0171,53.49,0.43,19.4,heavy_rain,MEDIUM
2026-09-12T21:00:00,54.4,3.137,0.2082,5.01,0.0347,53.55,0.435,19.9,heavy_rain,MEDIUM
2026-09-12T21:10:00,58.54,3.161,0.144,4.14,0.024,53.57,0.431,19.1,heavy_rain,MEDIUM
2026-09-12T21:20:00,53.89,3.184,0.1368,-4.65,0.0228,53.45,0.436,19.4,heavy_rain,MEDIUM
2026-09-12T21:30:00,52.72,3.208,0.1434,-1.17,0.0239,53.5,0.429,19.2,heavy_rain,MEDIUM
2026-09-12T21:40:00,48.73,3.221,0.0798,-3.99,0.0133,53.44,0.416,19.6,heavy_rain,MEDIUM
2026-09-12T21:50:00,46.99,3.243,0.1338,-1.73,0.0223,53.18,0.412,19.9,heavy_rain,MEDIUM
2026-09-12T22:00:00,52.47,3.266,0.1362,5.47,0.0227,53.35,0.407,19.8,heavy_rain,MEDIUM
2026-09-12T22:10:00,54.36,3.291,0.1494,1.89,0.0249,53.47,0.409,19.1,heavy_rain,MEDIUM
2026-09-12T22:20:00,59.69,3.332,0.2448,5.33,0.0408,53.82,0.43,19.6,heavy_rain,MEDIUM
2026-09-12T22:30:00,57.08,3.347,0.0954,-2.61,0.0159,54.02,0.43,19.6,heavy_rain,MEDIUM
2026-09-12T22:40:00,59.59,3.372,0.147,2.51,0.0245,54.63,0.423,20.0,heavy_rain,MEDIUM
2026-09-12T22:50:00,60.09,3.386,0.0864,0.5,0.0144,54.82,0.402,19.4,heavy_rain,MEDIUM
2026-09-12T23:00:00,57.34,3.4,0.0816,-2.75,0.0136,54.85,0.395,19.2,heavy_rain,MEDIUM
2026-09-12T23:10:00,59.82,3.4,0.0,2.48,0.0,55.13,0.369,19.7,heavy_rain,MEDIUM
2026-09-12T23:20:00,54.89,3.4,0.0,-4.93,0.0,54.97,0.344,19.1,heavy_rain,MEDIUM
2026-09-12T23:30:00,51.1,3.4,0.0,-3.79,0.0,54.83,0.315,18.8,heavy_rain,MEDIUM
2026-09-12T23:40:00,50.68,3.4,0.0,-0.42,0.0,54.54,0.298,19.6,heavy_rain,MEDIUM
2026-09-12T23:50:00,49.89,3.4,0.0,-0.78,0.0,54.57,0.263,20.3,heavy_rain,MEDIUM
2026-09-13T00:00:00,43.24,3.4,0.0,-6.65,0.0,53.95,0.239,19.5,heavy_rain,MEDIUM
2026-09-13T00:10:00,51.62,3.4,0.0,8.37,0.0,53.57,0.216,20.4,heavy_rain,MEDIUM
2026-09-13T00:20:00,52.69,3.4,0.0,1.08,0.0,53.5,0.192,19.4,heavy_rain,MEDIUM
2026-09-13T00:30:00,53.89,3.4,0.0,1.2,0.0,53.56,0.179,18.7,heavy_rain,MEDIUM
2026-09-13T00:40:00,52.01,3.4,0.0,-1.88,0.0,53.75,0.157,20.0,heavy_rain,MEDIUM
2026-09-13T00:50:00,59.16,3.4,0.0,7.15,0.0,54.42,0.134,19.4,heavy_rain,MEDIUM
2026-09-13T01:00:00,51.82,3.4,0.0,-7.34,0.0,54.39,0.109,18.8,heavy_rain,MEDIUM
2026-09-13T01:10:00,48.8,3.4,0.0,-3.03,0.0,54.08,0.068,19.6,heavy_rain,MEDIUM
2026-09-13T01:20:00,49.87,3.4,0.0,1.07,0.0,53.53,0.053,19.8,heavy_rain,MEDIUM
2026-09-13T01:30:00,45.45,3.4,0.0,-4.42,0.0,52.89,0.028,19.8,heavy_rain,MEDIUM
2026-09-13T01:40:00,49.23,3.4,0.0,3.78,0.0,52.31,0.014,19.5,heavy_rain,MEDIUM
2026-09-13T01:50:00,52.38,3.4,0.0,3.15,0.0,51.88,0.0,20.1,heavy_rain,MEDIUM
2026-09-13T02:00:00,54.7,3.4,0.0,2.32,0.0,51.74,0.0,19.4,heavy_rain,MEDIUM
2026-09-13T02:10:00,54.92,3.4,0.0,0.22,0.0,51.46,0.0,19.8,heavy_rain,MEDIUM
2026-09-13T02:20:00,49.12,3.4,0.0,-5.8,0.0,51.14,0.0,20.2,heavy_rain,MEDIUM
2026-09-13T02:30:00,50.15,3.4,0.0,1.03,0.0,51.09,0.0,19.9,heavy_rain,MEDIUM
2026-09-13T02:40:00,50.38,3.4,0.0,0.23,0.0,51.07,0.0,20.0,heavy_rain,MEDIUM
2026-09-13T02:50:00,46.44,3.4,0.0,-3.94,0.0,50.88,0.0,19.8,heavy_rain,MEDIUM
2026-09-13T03:00:00,51.55,3.4,0.0,5.11,0.0,51.34,0.0,19.8,heavy_rain,MEDIUM
2026-09-13T03:10:00,56.22,3.4,0.0,4.67,0.0,51.6,0.0,19.8,heavy_rain,MEDIUM
2026-09-13T03:20:00,61.57,3.4,0.0,5.35,0.0,52.09,0.0,18.9,heavy_rain,MEDIUM
2026-09-13T03:30:00,61.51,3.4,0.0,-0.06,0.0,52.52,0.0,19.4,heavy_rain,MEDIUM
2026-09-13T03:40:00,61.77,3.4,0.0,0.26,0.0,53.06,0.0,19.5,heavy_rain,MEDIUM
2026-09-13T03:50:00,57.74,3.4,0.0,-4.03,0.0,52.98,0.0,20.3,heavy_rain,MEDIUM
2026-09-13T04:00:00,54.52,3.4,0.0,-3.22,0.0,53.13,0.0,20.2,heavy_rain,MEDIUM
2026-09-13T04:10:00,54.62,3.4,0.0,0.11,0.0,53.45,0.0,20.4,heavy_rain,MEDIUM
2026-09-13T04:20:00,57.9,3.4,0.0,3.28,0.0,53.9,0.0,19.9,heavy_rain,MEDIUM
2026-09-13T04:30:00,56.45,3.4,0.0,-1.45,0.0,54.51,0.0,19.5,heavy_rain,MEDIUM
2026-09-13T04:40:00,56.68,3.4,0.0,0.23,0.0,54.92,0.0,19.4,heavy_rain,MEDIUM
2026-09-13T04:50:00,53.01,3.4,0.0,-3.67,0.0,54.96,0.0,19.2,heavy_rain,MEDIUM
2026-09-13T05:00:00,55.41,3.4,0.0,2.4,0.0,55.0,0.0,20.2,heavy_rain,MEDIUM
2026-09-13T05:10:00,58.28,3.4,0.0,2.87,0.0,55.18,0.0,19.4,heavy_rain,MEDIUM
2026-09-13T05:20:00,61.3,3.4,0.0,3.02,0.0,55.86,0.0,19.6,heavy_rain,MEDIUM
2026-09-13T05:30:00,68.94,3.4,0.0,7.64,0.0,56.91,0.0,19.5,heavy_rain,MEDIUM
2026-09-13T05:40:00,64.86,3.4,0.0,-4.07,0.0,57.71,0.0,19.2,heavy_rain,MEDIUM
2026-09-13T05:50:00,58.55,3.4,0.0,-6.31,0.0,58.38,0.0,19.7,heavy_rain,MEDIUM
2026-09-13T06:00:00,61.97,3.4,0.0,3.42,0.0,58.96,0.0,19.5,heavy_rain,MEDIUM
2026-09-13T06:10:00,58.46,3.4,0.0,-3.51,0.0,59.09,0.0,19.3,heavy_rain,MEDIUM
2026-09-13T06:20:00,58.08,3.4,0.0,-0.38,0.0,58.89,0.0,19.2,heavy_rain,MEDIUM
2026-09-13T06:30:00,60.35,3.4,0.0,2.27,0.0,58.83,0.0,19.5,heavy_rain,MEDIUM
2026-09-13T06:40:00,64.56,3.4,0.0,4.22,0.0,58.98,0.0,20.0,heavy_rain,MEDIUM
2026-09-13T06:50:00,60.53,3.4,0.0,-4.03,0.0,59.14,0.0,19.2,heavy_rain,MEDIUM
2026-09-13T07:00:00,57.25,3.4,0.0,-3.29,0.0,59.29,0.0,19.4,heavy_rain,MEDIUM
2026-09-13T07:10:00,53.79,3.4,0.0,-3.46,0.0,59.24,0.0,19.2,heavy_rain,MEDIUM
2026-09-13T07:20:00,54.1,3.4,0.0,0.31,0.0,59.03,0.0,19.3,heavy_rain,MEDIUM
2026-09-13T07:30:00,56.82,3.4,0.0,2.72,0.0,59.05,0.0,19.5,heavy_rain,MEDIUM
2026-09-13T07:40:00,54.28,3.4,0.0,-2.54,0.0,58.92,0.0,18.5,heavy_rain,MEDIUM
2026-09-13T07:50:00,52.79,3.4,0.0,-1.49,0.0,58.91,0.0,19.3,heavy_rain,MEDIUM
2026-09-13T08:00:00,55.57,3.4,0.0,2.78,0.0,58.92,0.0,20.0,heavy_rain,MEDIUM
2026-09-13T08:10:00,55.4,3.4,0.0,-0.17,0.0,58.76,0.0,18.9,heavy_rain,MEDIUM
2026-09-13T08:20:00,55.27,3.4,0.0,-0.13,0.0,58.42,0.0,19.5,heavy_rain,MEDIUM
2026-09-13T08:30:00,53.77,3.4,0.0,-1.5,0.0,57.58,0.0,19.4,heavy_rain,MEDIUM
2026-09-13T08:40:00,53.27,3.4,0.0,-0.51,0.0,56.93,0.0,19.1,heavy_rain,MEDIUM
2026-09-13T08:50:00,51.84,3.4,0.0,-1.43,0.0,56.56,0.0,19.7,heavy_rain,MEDIUM
2026-09-13T09:00:00,50.14,3.4,0.0,-1.7,0.0,55.9,0.0,19.1,heavy_rain,MEDIUM
2026-09-13T09:10:00,51.99,3.4,0.0,1.85,0.0,55.54,0.0,19.6,heavy_rain,MEDIUM
2026-09-13T09:20:00,50.76,3.4,0.0,-1.22,0.0,55.14,0.0,18.7,heavy_rain,MEDIUM
2026-09-13T09:30:00,48.75,3.4,0.0,-2.01,0.0,54.49,0.0,18.6,heavy_rain,MEDIUM
2026-09-13T09:40:00,51.49,3.4,0.0,2.74,0.0,53.77,0.0,19.3,heavy_rain,MEDIUM
2026-09-13T09:50:00,46.82,3.4,0.0,-4.67,0.0,53.01,0.0,20.2,heavy_rain,MEDIUM
2026-09-13T10:00:00,50.4,3.4,0.0,3.58,0.0,52.63,0.0,18.9,heavy_rain,MEDIUM
2026-09-13T10:10:00,49.24,3.4,0.0,-1.16,0.0,52.37,0.0,19.6,heavy_rain,MEDIUM
2026-09-13T10:20:00,56.01,3.4,0.0,6.77,0.0,52.48,0.0,19.3,heavy_rain,MEDIUM
2026-09-13T10:30:00,55.42,3.4,0.0,-0.59,0.0,52.4,0.0,19.4,heavy_rain,MEDIUM
2026-09-13T10:40:00,52.39,3.4,0.0,-3.03,0.0,52.3,0.0,20.0,heavy_rain,MEDIUM
2026-09-13T10:50:00,57.82,3.4,0.0,5.44,0.0,52.58,0.0,19.5,heavy_rain,MEDIUM
2026-09-13T11:00:00,59.04,3.4,0.0,1.21,0.0,52.77,0.0,19.1,heavy_rain,MEDIUM
2026-09-13T11:10:00,60.57,3.4,0.0,1.54,0.0,53.06,0.0,19.0,heavy_rain,MEDIUM
2026-09-13T11:20:00,57.0,3.4,0.0,-3.58,0.0,53.15,0.0,18.9,heavy_rain,MEDIUM
2026-09-13T11:30:00,62.32,3.4,0.0,5.33,0.0,53.63,0.0,19.7,heavy_rain,MEDIUM
2026-09-13T11:40:00,60.07,3.4,0.0,-2.26,0.0,54.0,0.0,19.5,heavy_rain,MEDIUM
2026-09-13T11:50:00,64.6,3.4,0.0,4.53,0.0,54.71,0.0,20.0,heavy_rain,MEDIUM
2026-09-13T12:00:00,62.02,3.4,0.0,-2.59,0.0,55.37,0.0,19.2,heavy_rain,MEDIUM
2026-09-13T12:10:00,54.61,3.4,0.0,-7.41,0.0,55.52,0.0,19.9,heavy_rain,MEDIUM
2026-09-13T12:20:00,52.74,3.4,0.0,-1.87,0.0,55.63,0.0,19.3,heavy_rain,MEDIUM
2026-09-13T12:30:00,57.63,3.4,0.0,4.89,0.0,56.12,0.0,19.6,heavy_rain,MEDIUM
2026-09-13T12:40:00,64.02,3.4,0.0,6.4,0.0,56.82,0.0,19.8,heavy_rain,MEDIUM
2026-09-13T12:50:00,64.74,3.4,0.0,0.72,0.0,57.81,0.0,19.0,heavy_rain,MEDIUM
2026-09-13T13:00:00,56.15,3.4,0.0,-8.59,0.0,58.13,0.0,19.6,heavy_rain,MEDIUM
2026-09-13T13:10:00,51.38,3.4,0.0,-4.77,0.0,58.25,0.0,18.5,heavy_rain,MEDIUM
2026-09-13T13:20:00,48.94,3.4,0.0,-2.45,0.0,57.86,0.0,19.6,heavy_rain,MEDIUM
2026-09-13T13:30:00,52.33,3.4,0.0,3.4,0.0,57.69,0.0,20.4,heavy_rain,MEDIUM
2026-09-13T13:40:00,57.11,3.4,0.0,4.78,0.0,57.95,0.0,18.9,heavy_rain,MEDIUM
2026-09-13T13:50:00,55.62,3.4,0.0,-1.49,0.0,57.83,0.0,19.0,heavy_rain,MEDIUM
2026-09-13T14:00:00,51.95,3.4,0.0,-3.67,0.0,57.43,0.0,19.1,heavy_rain,MEDIUM
2026-09-13T14:10:00,58.73,3.4,0.0,6.78,0.0,57.33,0.0,19.5,heavy_rain,MEDIUM
2026-09-13T14:20:00,54.93,3.4,0.0,-3.8,0.0,57.22,0.0,19.3,heavy_rain,MEDIUM
2026-09-13T14:30:00,59.34,3.4,0.0,4.41,0.0,57.05,0.0,19.9,heavy_rain,MEDIUM
2026-09-13T14:40:00,63.84,3.4,0.0,4.5,0.0,57.26,0.0,20.0,heavy_rain,MEDIUM
2026-09-13T14:50:00,64.1,3.4,0.0,0.26,0.0,57.23,0.0,19.0,heavy_rain,MEDIUM
2026-09-13T15:00:00,64.12,3.4,0.0,0.01,0.0,57.35,0.0,19.2,heavy_rain,MEDIUM
2026-09-13T15:10:00,68.7,3.4,0.0,4.59,0.0,58.13,0.0,20.2,heavy_rain,MEDIUM
2026-09-13T15:20:00,62.97,3.4,0.0,-5.73,0.0,58.7,0.0,19.9,heavy_rain,MEDIUM
2026-09-13T15:30:00,56.87,3.4,0.0,-6.1,0.0,58.66,0.0,19.5,heavy_rain,MEDIUM
2026-09-13T15:40:00,55.45,3.4,0.0,-1.42,0.0,58.18,0.0,19.3,heavy_rain,MEDIUM
2026-09-13T15:50:00,54.35,3.4,0.0,-1.1,0.0,57.6,0.0,19.7,heavy_rain,MEDIUM
2026-09-13T16:00:00,54.8,3.4,0.0,0.46,0.0,57.53,0.0,19.0,heavy_rain,MEDIUM
2026-09-13T16:10:00,51.64,3.4,0.0,-3.16,0.0,57.54,0.0,19.9,heavy_rain,MEDIUM
2026-09-13T16:20:00,56.51,3.4,0.0,4.87,0.0,57.96,0.0,19.4,heavy_rain,MEDIUM
2026-09-13T16:30:00,57.16,3.4,0.0,0.65,0.0,58.23,0.0,19.5,heavy_rain,MEDIUM
2026-09-13T16:40:00,50.5,3.4,0.0,-6.66,0.0,57.87,0.0,20.1,heavy_rain,MEDIUM
2026-09-13T16:50:00,46.27,3.4,0.0,-4.23,0.0,57.35,0.0,19.9,heavy_rain,MEDIUM
2026-09-13T17:00:00,45.45,3.4,0.0,-0.83,0.0,56.99,0.0,19.1,heavy_rain,MEDIUM
2026-09-13T17:10:00,48.05,3.4,0.0,2.6,0.0,56.39,0.0,18.9,heavy_rain,MEDIUM
2026-09-13T17:20:00,47.22,3.4,0.0,-0.83,0.0,55.96,0.0,20.2,heavy_rain,MEDIUM
2026-09-13T17:30:00,44.44,3.4,0.0,-2.78,0.0,55.14,0.0,19.2,heavy_rain,MEDIUM
2026-09-13T17:40:00,50.08,3.4,0.0,5.64,0.0,54.37,0.0,19.7,heavy_rain,MEDIUM
2026-09-13T17:50:00,53.29,3.4,0.0,3.21,0.0,53.77,0.0,18.7,heavy_rain,MEDIUM
2026-09-13T18:00:00,51.62,3.4,0.0,-1.67,0.0,53.08,0.0,19.7,heavy_rain,MEDIUM
2026-09-13T18:10:00,53.02,3.4,0.0,1.4,0.0,52.21,0.0,19.1,heavy_rain,MEDIUM
2026-09-13T18:20:00,50.34,3.4,0.0,-2.68,0.0,51.5,0.0,19.8,heavy_rain,MEDIUM
2026-09-13T18:30:00,55.0,3.4,0.0,4.66,0.0,51.4,0.0,19.5,heavy_rain,MEDIUM
2026-09-13T18:40:00,61.91,3.4,0.0,6.9,0.0,51.76,0.0,19.4,heavy_rain,MEDIUM
2026-09-13T18:50:00,60.75,3.4,0.0,-1.15,0.0,52.12,0.0,19.0,heavy_rain,MEDIUM
2026-09-13T19:00:00,58.69,3.4,0.0,-2.07,0.0,52.33,0.0,20.0,heavy_rain,MEDIUM
2026-09-13T19:10:00,55.8,3.4,0.0,-2.89,0.0,52.56,0.0,20.0,heavy_rain,MEDIUM
2026-09-13T19:20:00,62.71,3.4,0.0,6.92,0.0,52.91,0.0,19.4,heavy_rain,MEDIUM
2026-09-13T19:30:00,57.24,3.4,0.0,-5.47,0.0,52.91,0.0,19.9,heavy_rain,MEDIUM
2026-09-13T19:40:00,58.3,3.4,0.0,1.06,0.0,53.34,0.0,19.8,heavy_rain,MEDIUM
2026-09-13T19:50:00,56.39,3.4,0.0,-1.91,0.0,53.91,0.0,19.4,heavy_rain,MEDIUM
2026-09-13T20:00:00,61.48,3.4,0.0,5.09,0.0,54.8,0.0,19.5,heavy_rain,MEDIUM
2026-09-13T20:10:00,60.83,3.4,0.0,-0.65,0.0,55.51,0.0,20.0,heavy_rain,MEDIUM
2026-09-13T20:20:00,59.47,3.4,0.0,-1.36,0.0,56.19,0.0,19.4,heavy_rain,MEDIUM
2026-09-13T20:30:00,54.61,3.4,0.0,-4.85,0.0,56.75,0.0,19.5,heavy_rain,MEDIUM
2026-09-13T20:40:00,59.34,3.4,0.0,4.72,0.0,57.27,0.0,19.3,heavy_rain,MEDIUM
2026-09-13T20:50:00,59.93,3.4,0.0,0.59,0.0,57.64,0.0,19.1,heavy_rain,MEDIUM
2026-09-13T21:00:00,57.72,3.4,0.0,-2.21,0.0,57.97,0.0,19.6,heavy_rain,MEDIUM
2026-09-13T21:10:00,57.46,3.4,0.0,-0.26,0.0,58.22,0.0,19.9,heavy_rain,MEDIUM
2026-09-13T21:20:00,65.65,3.4,0.0,8.19,0.0,59.07,0.0,19.8,heavy_rain,MEDIUM
2026-09-13T21:30:00,61.13,3.4,0.0,-4.52,0.0,59.41,0.0,18.8,heavy_rain,MEDIUM
2026-09-13T21:40:00,62.52,3.4,0.0,1.39,0.0,59.45,0.0,19.5,heavy_rain,MEDIUM
2026-09-13T21:50:00,53.4,3.4,0.0,-9.13,0.0,59.04,0.0,20.0,heavy_rain,MEDIUM
2026-09-13T22:00:00,59.19,3.4,0.0,5.79,0.0,59.06,0.0,19.3,heavy_rain,MEDIUM
2026-09-13T22:10:00,53.87,3.4,0.0,-5.32,0.0,58.96,0.0,19.4,heavy_rain,MEDIUM
2026-09-13T22:20:00,47.36,3.4,0.0,-6.51,0.0,58.1,0.0,19.5,heavy_rain,MEDIUM
2026-09-13T22:30:00,54.53,3.4,0.0,7.17,0.0,57.95,0.0,19.6,heavy_rain,MEDIUM
2026-09-13T22:40:00,58.45,3.4,0.0,3.92,0.0,57.96,0.0,19.9,heavy_rain,MEDIUM
2026-09-13T22:50:00,61.84,3.4,0.0,3.4,0.0,58.27,0.0,19.8,heavy_rain,MEDIUM
2026-09-13T23:00:00,64.45,3.4,0.0,2.6,0.0,58.43,0.0,19.4,heavy_rain,MEDIUM
2026-09-13T23:10:00,57.53,3.4,0.0,-6.91,0.0,58.25,0.0,19.7,heavy_rain,MEDIUM
2026-09-13T23:20:00,60.16,3.4,0.0,2.63,0.0,58.29,0.0,18.8,heavy_rain,MEDIUM
2026-09-13T23:30:00,57.38,3.4,0.0,-2.79,0.0,58.44,0.0,20.1,heavy_rain,MEDIUM
2026-09-13T23:40:00,55.74,3.4,0.0,-1.64,0.0,58.24,0.0,19.7,heavy_rain,MEDIUM
2026-09-13T23:50:00,56.39,3.4,0.0,0.65,0.0,58.04,0.0,19.4,heavy_rain,MEDIUM
2026-09-14T00:00:00,60.8,3.4,0.0,4.41,0.0,58.21,0.0,19.5,heavy_rain,MEDIUM
2026-09-14T00:10:00,65.89,3.4,0.0,5.09,0.0,58.68,0.0,19.1,heavy_rain,MEDIUM
2026-09-14T00:20:00,58.89,3.4,0.0,-7.01,0.0,58.31,0.0,20.0,heavy_rain,MEDIUM
2026-09-14T00:30:00,69.06,3.4,0.0,10.17,0.0,58.75,0.0,18.8,heavy_rain,MEDIUM
2026-09-14T00:40:00,64.44,3.4,0.0,-4.62,0.0,58.85,0.0,19.7,heavy_rain,MEDIUM
2026-09-14T00:50:00,56.57,3.4,0.0,-7.87,0.0,59.03,0.0,19.6,heavy_rain,MEDIUM
2026-09-14T01:00:00,56.52,3.4,0.0,-0.05,0.0,58.88,0.0,19.3,heavy_rain,MEDIUM
2026-09-14T01:10:00,59.48,3.4,0.0,2.96,0.0,59.19,0.0,19.3,heavy_rain,MEDIUM
2026-09-14T01:20:00,58.56,3.4,0.0,-0.91,0.0,59.82,0.0,18.5,heavy_rain,MEDIUM
2026-09-14T01:30:00,56.78,3.4,0.0,-1.79,0.0,59.94,0.0,18.9,heavy_rain,MEDIUM
2026-09-14T01:40:00,60.04,3.4,0.0,3.27,0.0,60.03,0.0,19.3,heavy_rain,MEDIUM
2026-09-14T01:50:00,63.05,3.4,0.0,3.01,0.0,60.1,0.0,20.3,heavy_rain,MEDIUM
2026-09-14T02:00:00,56.94,3.4,0.0,-6.11,0.0,59.68,0.0,19.5,heavy_rain,MEDIUM
2026-09-14T02:10:00,60.1,3.4,0.0,3.15,0.0,59.82,0.0,18.9,heavy_rain,MEDIUM
2026-09-14T02:20:00,56.08,3.4,0.0,-4.02,0.0,59.59,0.0,19.8,heavy_rain,MEDIUM
2026-09-14T02:30:00,52.59,3.4,0.0,-3.49,0.0,59.33,0.0,20.0,heavy_rain,MEDIUM
2026-09-14T02:40:00,55.43,3.4,0.0,2.84,0.0,59.31,0.0,19.2,heavy_rain,MEDIUM
2026-09-14T02:50:00,59.41,3.4,0.0,3.99,0.0,59.48,0.0,19.1,heavy_rain,MEDIUM
2026-09-14T03:00:00,57.11,3.4,0.0,-2.31,0.0,59.27,0.0,19.8,heavy_rain,MEDIUM
2026-09-14T03:10:00,63.47,3.4,0.0,6.36,0.0,59.14,0.0,19.8,heavy_rain,MEDIUM
2026-09-14T03:20:00,61.46,3.4,0.0,-2.01,0.0,59.28,0.0,20.6,heavy_rain,MEDIUM
2026-09-14T03:30:00,56.38,3.4,0.0,-5.08,0.0,58.58,0.0,19.8,heavy_rain,MEDIUM
2026-09-14T03:40:00,57.03,3.4,0.0,0.65,0.0,58.17,0.0,18.8,heavy_rain,MEDIUM
2026-09-14T03:50:00,56.38,3.4,0.0,-0.64,0.0,58.16,0.0,19.4,heavy_rain,MEDIUM
2026-09-14T04:00:00,54.14,3.4,0.0,-2.24,0.0,58.02,0.0,19.9,heavy_rain,MEDIUM
2026-09-14T04:10:00,55.93,3.4,0.0,1.79,0.0,57.83,0.0,19.9,heavy_rain,MEDIUM
2026-09-14T04:20:00,51.66,3.4,0.0,-4.27,0.0,57.44,0.0,19.5,heavy_rain,MEDIUM
2026-09-14T04:30:00,55.68,3.4,0.0,4.02,0.0,57.38,0.0,19.4,heavy_rain,MEDIUM
2026-09-14T04:40:00,55.53,3.4,0.0,-0.15,0.0,57.13,0.0,18.8,heavy_rain,MEDIUM
2026-09-14T04:50:00,50.24,3.4,0.0,-5.29,0.0,56.42,0.0,19.4,heavy_rain,MEDIUM
2026-09-14T05:00:00,57.34,3.4,0.0,7.1,0.0,56.44,0.0,19.0,heavy_rain,MEDIUM
2026-09-14T05:10:00,56.46,3.4,0.0,-0.88,0.0,56.24,0.0,19.1,heavy_rain,MEDIUM
2026-09-14T05:20:00,50.92,3.4,0.0,-5.53,0.0,55.95,0.0,19.4,heavy_rain,MEDIUM
2026-09-14T05:30:00,59.38,3.4,0.0,8.46,0.0,56.33,0.0,20.0,heavy_rain,MEDIUM
2026-09-14T05:40:00,58.16,3.4,0.0,-1.22,0.0,56.48,0.0,20.2,heavy_rain,MEDIUM
2026-09-14T05:50:00,58.19,3.4,0.0,0.03,0.0,56.41,0.0,19.5,heavy_rain,MEDIUM
2026-09-14T06:00:00,56.39,3.4,0.0,-1.8,0.0,56.37,0.0,19.8,heavy_rain,MEDIUM
2026-09-14T06:10:00,56.9,3.4,0.0,0.51,0.0,56.01,0.0,19.7,heavy_rain,MEDIUM
2026-09-14T06:20:00,62.9,3.4,0.0,6.0,0.0,56.09,0.0,19.2,heavy_rain,MEDIUM
2026-09-14T06:30:00,63.82,3.4,0.0,0.92,0.0,56.5,0.0,19.7,heavy_rain,MEDIUM
2026-09-14T06:40:00,66.15,3.4,0.0,2.33,0.0,57.01,0.0,19.9,heavy_rain,MEDIUM
2026-09-14T06:50:00,64.46,3.4,0.0,-1.69,0.0,57.46,0.0,19.0,heavy_rain,MEDIUM
2026-09-14T07:00:00,58.77,3.4,0.0,-5.69,0.0,57.72,0.0,19.5,heavy_rain,MEDIUM
2026-09-14T07:10:00,62.0,3.4,0.0,3.22,0.0,58.05,0.0,19.2,heavy_rain,MEDIUM
2026-09-14T07:20:00,62.36,3.4,0.0,0.36,0.0,58.65,0.0,19.6,heavy_rain,MEDIUM
2026-09-14T07:30:00,62.41,3.4,0.0,0.05,0.0,59.02,0.0,19.6,heavy_rain,MEDIUM
2026-09-14T07:40:00,61.53,3.4,0.0,-0.88,0.0,59.36,0.0,19.5,heavy_rain,MEDIUM
2026-09-14T07:50:00,66.64,3.4,0.0,5.11,0.0,60.27,0.0,19.4,heavy_rain,MEDIUM
2026-09-14T08:00:00,63.99,3.4,0.0,-2.65,0.0,60.64,0.0,19.9,heavy_rain,MEDIUM
2026-09-14T08:10:00,59.62,3.4,0.0,-4.37,0.0,60.81,0.0,19.6,heavy_rain,MEDIUM
2026-09-14T08:20:00,57.49,3.4,0.0,-2.13,0.0,61.18,0.0,19.4,heavy_rain,MEDIUM
2026-09-14T08:30:00,58.71,3.4,0.0,1.22,0.0,61.14,0.0,18.9,heavy_rain,MEDIUM
2026-09-14T08:40:00,57.52,3.4,0.0,-1.18,0.0,61.1,0.0,19.5,heavy_rain,MEDIUM
2026-09-14T08:50:00,61.34,3.381,-0.1152,3.82,-0.0192,61.28,-0.019,19.2,heavy_rain,MEDIUM
2026-09-14T09:00:00,66.11,3.4,0.1152,4.77,0.0192,61.82,0.0,19.5,heavy_rain,HIGH
2026-09-14T09:10:00,66.64,3.4,0.0,0.53,0.0,62.36,0.0,20.3,heavy_rain,MEDIUM
2026-09-14T09:20:00,69.78,3.4,0.0,3.15,0.0,62.74,0.0,19.2,heavy_rain,MEDIUM
2026-09-14T09:30:00,69.55,3.4,0.0,-0.24,0.0,63.06,0.0,19.5,heavy_rain,MEDIUM
2026-09-14T09:40:00,64.99,3.4,0.0,-4.55,0.0,63.0,0.0,19.2,heavy_rain,MEDIUM
2026-09-14T09:50:00,65.18,3.4,0.0,0.18,0.0,63.04,0.0,19.7,heavy_rain,MEDIUM
2026-09-14T10:00:00,69.02,3.4,0.0,3.85,0.0,63.6,0.0,19.8,heavy_rain,MEDIUM
2026-09-14T10:10:00,65.69,3.4,0.0,-3.33,0.0,63.81,0.0,19.8,heavy_rain,MEDIUM
2026-09-14T10:20:00,56.73,3.4,0.0,-8.96,0.0,63.5,0.0,19.5,heavy_rain,MEDIUM
2026-09-14T10:30:00,51.12,3.4,0.0,-5.61,0.0,62.87,0.0,19.9,heavy_rain,MEDIUM
2026-09-14T10:40:00,50.96,3.4,0.0,-0.16,0.0,62.28,0.0,19.1,heavy_rain,MEDIUM
2026-09-14T10:50:00,52.1,3.4,0.0,1.14,0.0,61.47,0.0,19.6,heavy_rain,MEDIUM
2026-09-14T11:00:00,56.91,3.4,0.0,4.82,0.0,61.08,0.0,18.8,heavy_rain,MEDIUM
2026-09-14T11:10:00,58.02,3.4,0.0,1.11,0.0,60.99,0.0,18.9,heavy_rain,MEDIUM
2026-09-14T11:20:00,63.52,3.4,0.0,5.5,0.0,61.33,0.0,19.2,heavy_rain,MEDIUM
2026-09-14T11:30:00,66.61,3.4,0.0,3.09,0.0,61.77,0.0,19.4,heavy_rain,MEDIUM
2026-09-14T11:40:00,65.32,3.4,0.0,-1.28,0.0,62.2,0.019,19.3,heavy_rain,MEDIUM
2026-09-14T11:50:00,60.82,3.4,0.0,-4.5,0.0,62.17,0.0,19.6,heavy_rain,MEDIUM
2026-09-14T12:00:00,55.25,3.4,0.0,-5.57,0.0,61.57,0.0,19.6,heavy_rain,MEDIUM
2026-09-14T12:10:00,59.91,3.4,0.0,4.65,0.0,61.19,0.0,19.5,heavy_rain,MEDIUM
2026-09-14T12:20:00,56.3,3.4,0.0,-3.6,0.0,60.44,0.0,19.3,heavy_rain,MEDIUM
2026-09-14T12:30:00,57.83,3.4,0.0,1.53,0.0,59.79,0.0,19.1,heavy_rain,MEDIUM
2026-09-14T12:40:00,61.3,3.4,0.0,3.47,0.0,59.59,0.0,19.5,heavy_rain,MEDIUM
2026-09-14T12:50:00,60.33,3.4,0.0,-0.97,0.0,59.32,0.0,19.7,heavy_rain,MEDIUM
2026-09-14T13:00:00,59.57,3.4,0.0,-0.77,0.0,58.79,0.0,19.6,heavy_rain,MEDIUM
2026-09-14T13:10:00,62.92,3.4,0.0,3.35,0.0,58.64,0.0,19.6,heavy_rain,MEDIUM
2026-09-14T13:20:00,66.42,3.4,0.0,3.5,0.0,59.18,0.0,19.0,heavy_rain,MEDIUM
2026-09-14T13:30:00,69.47,3.4,0.0,3.05,0.0,60.2,0.0,18.9,heavy_rain,MEDIUM
2026-09-14T13:40:00,65.32,3.4,0.0,-4.15,0.0,61.0,0.0,19.3,heavy_rain,MEDIUM
2026-09-14T13:50:00,60.0,3.4,0.0,-5.32,0.0,61.44,0.0,19.8,heavy_rain,MEDIUM
2026-09-14T14:00:00,60.96,3.4,0.0,0.96,0.0,61.66,0.0,18.8,heavy_rain,MEDIUM
2026-09-14T14:10:00,66.23,3.4,0.0,5.27,0.0,62.12,0.0,19.5,heavy_rain,MEDIUM
2026-09-14T14:20:00,67.78,3.4,0.0,1.55,0.0,62.35,0.0,19.3,heavy_rain,MEDIUM
2026-09-14T14:30:00,61.05,3.4,0.0,-6.73,0.0,62.04,0.0,19.4,heavy_rain,MEDIUM
2026-09-14T14:40:00,51.59,3.4,0.0,-9.46,0.0,61.28,0.0,18.9,heavy_rain,MEDIUM
2026-09-14T14:50:00,52.39,3.4,0.0,0.79,0.0,60.81,0.0,19.8,heavy_rain,MEDIUM
2026-09-14T15:00:00,51.56,3.4,0.0,-0.82,0.0,60.61,0.0,20.3,heavy_rain,MEDIUM
2026-09-14T15:10:00,52.66,3.4,0.0,1.1,0.0,60.21,0.0,19.1,heavy_rain,MEDIUM
2026-09-14T15:20:00,58.27,3.4,0.0,5.61,0.0,60.32,0.0,19.7,heavy_rain,MEDIUM
2026-09-14T15:30:00,57.45,3.4,0.0,-0.82,0.0,60.29,0.0,20.2,heavy_rain,MEDIUM
2026-09-14T15:40:00,59.76,3.4,0.0,2.31,0.0,60.21,0.0,19.8,heavy_rain,MEDIUM
2026-09-14T15:50:00,62.32,3.4,0.0,2.57,0.0,60.32,0.0,19.8,heavy_rain,MEDIUM
2026-09-14T16:00:00,61.57,3.4,0.0,-0.75,0.0,60.43,0.0,19.8,heavy_rain,MEDIUM
2026-09-14T16:10:00,65.66,3.4,0.0,4.09,0.0,60.58,0.0,19.1,heavy_rain,MEDIUM
2026-09-14T16:20:00,65.15,3.4,0.0,-0.51,0.0,60.51,0.0,18.9,heavy_rain,MEDIUM
2026-09-14T16:30:00,65.06,3.4,0.0,-0.09,0.0,60.27,0.0,19.5,heavy_rain,MEDIUM
2026-09-14T16:40:00,66.71,3.4,0.0,1.65,0.0,60.34,0.0,19.4,heavy_rain,MEDIUM
2026-09-14T16:50:00,60.85,3.4,0.0,-5.86,0.0,60.39,0.0,19.0,heavy_rain,MEDIUM
2026-09-14T17:00:00,53.32,3.4,0.0,-7.53,0.0,59.97,0.0,19.2,heavy_rain,MEDIUM
2026-09-14T17:10:00,52.67,3.4,0.0,-0.65,0.0,59.21,0.0,19.6,heavy_rain,MEDIUM
2026-09-14T17:20:00,52.89,3.4,0.0,0.22,0.0,58.39,0.0,18.7,heavy_rain,MEDIUM
2026-09-14T17:30:00,51.72,3.4,0.0,-1.17,0.0,57.87,0.0,19.3,heavy_rain,MEDIUM
2026-09-14T17:40:00,52.43,3.4,0.0,0.71,0.0,57.91,0.0,19.6,heavy_rain,MEDIUM
2026-09-14T17:50:00,55.91,3.4,0.0,3.48,0.0,58.11,0.0,19.3,heavy_rain,MEDIUM
2026-09-14T18:00:00,58.09,3.4,0.0,2.19,0.0,58.47,0.0,19.8,heavy_rain,MEDIUM
2026-09-14T18:10:00,60.09,3.4,0.0,1.99,0.0,58.88,0.0,19.2,heavy_rain,MEDIUM
2026-09-14T18:20:00,57.97,3.4,0.0,-2.11,0.0,58.87,0.0,19.9,heavy_rain,MEDIUM
2026-09-14T18:30:00,56.88,3.4,0.0,-1.09,0.0,58.84,0.0,19.4,heavy_rain,MEDIUM
2026-09-14T18:40:00,57.2,3.4,0.0,0.32,0.0,58.69,0.0,20.0,heavy_rain,MEDIUM
2026-09-14T18:50:00,63.12,3.4,0.0,5.92,0.0,58.74,0.0,19.6,heavy_rain,MEDIUM
2026-09-14T19:00:00,55.4,3.4,0.0,-7.72,0.0,58.39,0.0,18.8,heavy_rain,MEDIUM
2026-09-14T19:10:00,60.92,3.4,0.0,5.52,0.0,58.13,0.0,20.2,heavy_rain,MEDIUM
2026-09-14T19:20:00,57.1,3.4,0.0,-3.82,0.0,57.68,0.0,19.2,heavy_rain,MEDIUM
2026-09-14T19:30:00,57.47,3.4,0.0,0.36,0.0,57.26,0.0,20.0,heavy_rain,MEDIUM
2026-09-14T19:40:00,56.3,3.4,0.0,-1.16,0.0,56.68,0.0,19.0,heavy_rain,MEDIUM
2026-09-14T19:50:00,58.34,3.4,0.0,2.03,0.0,56.54,0.0,19.4,heavy_rain,MEDIUM
2026-09-14T20:00:00,59.09,3.4,0.0,0.75,0.0,56.86,0.0,19.7,heavy_rain,MEDIUM
2026-09-14T20:10:00,64.77,3.4,0.0,5.68,0.0,57.54,0.0,20.0,heavy_rain,MEDIUM
2026-09-14T20:20:00,69.82,3.4,0.0,5.05,0.0,58.48,0.0,19.6,heavy_rain,MEDIUM
2026-09-14T20:30:00,63.89,3.4,0.0,-5.93,0.0,59.15,0.0,19.4,heavy_rain,MEDIUM
2026-09-14T20:40:00,59.07,3.4,0.0,-4.82,0.0,59.52,0.0,19.9,heavy_rain,MEDIUM
2026-09-14T20:50:00,63.4,3.4,0.0,4.32,0.0,59.94,0.0,19.4,heavy_rain,MEDIUM
2026-09-14T21:00:00,65.68,3.4,0.0,2.29,0.0,60.36,0.0,19.7,heavy_rain,MEDIUM
2026-09-14T21:10:00,63.8,3.4,0.0,-1.89,0.0,60.57,0.0,19.8,heavy_rain,MEDIUM
2026-09-14T21:20:00,58.18,3.4,0.0,-5.62,0.0,60.58,0.0,19.7,heavy_rain,MEDIUM
2026-09-14T21:30:00,52.37,3.4,0.0,-5.81,0.0,60.33,0.0,18.7,heavy_rain,MEDIUM
2026-09-14T21:40:00,55.25,3.4,0.0,2.88,0.0,60.22,0.0,19.9,heavy_rain,MEDIUM
2026-09-14T21:50:00,56.9,3.4,0.0,1.65,0.0,59.88,0.0,19.9,heavy_rain,MEDIUM
2026-09-14T22:00:00,58.8,3.4,0.0,1.9,0.0,60.06,0.0,19.7,heavy_rain,MEDIUM
2026-09-14T22:10:00,53.36,3.4,0.0,-5.44,0.0,59.64,0.0,19.8,heavy_rain,MEDIUM
2026-09-14T22:20:00,46.02,3.4,0.0,-7.34,0.0,59.03,0.0,19.6,heavy_rain,MEDIUM
2026-09-14T22:30:00,46.25,3.4,0.0,0.23,0.0,58.41,0.0,19.3,heavy_rain,MEDIUM
2026-09-14T22:40:00,53.58,3.4,0.0,7.34,0.0,58.25,0.0,18.7,heavy_rain,MEDIUM
2026-09-14T22:50:00,55.7,3.4,0.0,2.11,0.0,58.11,0.0,19.6,heavy_rain,MEDIUM
2026-09-14T23:00:00,58.89,3.4,0.0,3.19,0.0,58.1,0.0,19.7,heavy_rain,MEDIUM
2026-09-14T23:10:00,55.25,3.4,0.0,-3.64,0.0,57.57,0.0,18.9,heavy_rain,MEDIUM
2026-09-14T23:20:00,57.4,3.4,0.0,2.15,0.0,56.88,0.0,19.5,heavy_rain,MEDIUM
2026-09-14T23:30:00,53.21,3.4,0.0,-4.19,0.0,56.28,0.0,20.0,heavy_rain,MEDIUM
2026-09-14T23:40:00,55.33,3.4,0.0,2.12,0.0,56.08,0.0,19.4,heavy_rain,MEDIUM
2026-09-14T23:50:00,54.26,3.396,-0.024,-1.07,-0.004,55.57,-0.004,19.5,heavy_rain,MEDIUM
2026-09-15T00:00:00,50.88,3.4,0.024,-3.37,0.004,54.75,0.0,19.6,heavy_rain,MEDIUM
2026-09-15T00:10:00,52.11,3.4,0.0,1.23,0.0,54.1,0.0,19.7,heavy_rain,MEDIUM
2026-09-15T00:20:00,51.79,3.4,0.0,-0.33,0.0,53.74,0.0,19.9,heavy_rain,MEDIUM
2026-09-15T00:30:00,53.22,3.4,0.0,1.44,0.0,53.79,0.0,19.5,heavy_rain,MEDIUM
2026-09-15T00:40:00,50.75,3.4,0.0,-2.47,0.0,53.54,0.0,19.9,heavy_rain,MEDIUM
2026-09-15T00:50:00,46.25,3.4,0.0,-4.5,0.0,52.95,0.0,19.9,heavy_rain,MEDIUM
2026-09-15T01:00:00,50.73,3.4,0.0,4.48,0.0,52.5,0.0,19.5,heavy_rain,MEDIUM
2026-09-15T01:10:00,47.63,3.4,0.0,-3.1,0.0,52.18,0.0,19.2,heavy_rain,MEDIUM
2026-09-15T01:20:00,51.9,3.4,0.0,4.28,0.0,52.51,0.0,19.5,heavy_rain,MEDIUM
2026-09-15T01:30:00,47.87,3.4,0.0,-4.03,0.0,52.6,0.0,19.6,heavy_rain,MEDIUM
2026-09-15T01:40:00,54.97,3.4,0.0,7.09,0.0,52.67,0.0,20.4,heavy_rain,MEDIUM
2026-09-15T01:50:00,56.9,3.4,0.0,1.94,0.0,52.74,0.0,19.4,heavy_rain,MEDIUM
2026-09-15T02:00:00,59.49,3.4,0.0,2.59,0.0,52.77,0.0,19.4,heavy_rain,MEDIUM
2026-09-15T02:10:00,55.28,3.4,0.0,-4.21,0.0,52.78,0.0,19.1,heavy_rain,MEDIUM
2026-09-15T02:20:00,56.09,3.4,0.0,0.8,0.0,52.7,0.0,19.4,heavy_rain,MEDIUM
2026-09-15T02:30:00,52.84,3.4,0.0,-3.25,0.0,52.68,0.0,19.5,heavy_rain,MEDIUM
2026-09-15T02:40:00,50.33,3.4,0.0,-2.51,0.0,52.41,0.004,19.1,heavy_rain,MEDIUM
2026-09-15T02:50:00,53.13,3.4,0.0,2.8,0.0,52.34,0.0,19.2,heavy_rain,MEDIUM
2026-09-15T03:00:00,55.9,3.4,0.0,2.77,0.0,52.62,0.0,19.7,heavy_rain,MEDIUM
2026-09-15T03:10:00,58.06,3.397,-0.015,2.16,-0.0025,52.95,-0.003,19.4,heavy_rain,MEDIUM
2026-09-15T03:20:00,50.57,3.4,0.015,-7.49,0.0025,52.88,0.0,20.1,heavy_rain,MEDIUM
2026-09-15T03:30:00,55.35,3.4,0.0,4.78,0.0,53.0,0.0,19.5,heavy_rain,MEDIUM
2026-09-15T03:40:00,58.45,3.4,0.0,3.1,0.0,53.43,0.0,18.7,heavy_rain,MEDIUM
2026-09-15T03:50:00,53.21,3.4,0.0,-5.24,0.0,53.82,0.0,18.9,heavy_rain,MEDIUM
2026-09-15T04:00:00,55.7,3.4,0.0,2.49,0.0,54.09,0.0,20.3,heavy_rain,MEDIUM
2026-09-15T04:10:00,55.38,3.4,0.0,-0.32,0.0,54.52,0.0,19.3,heavy_rain,MEDIUM
2026-09-15T04:20:00,58.58,3.4,0.0,3.2,0.0,54.89,0.0,19.6,heavy_rain,MEDIUM
2026-09-15T04:30:00,54.96,3.4,0.0,-3.61,0.0,55.29,0.0,19.3,heavy_rain,MEDIUM
2026-09-15T04:40:00,61.91,3.4,0.0,6.95,0.0,55.67,0.0,19.9,heavy_rain,MEDIUM
2026-09-15T04:50:00,59.27,3.4,0.0,-2.65,0.0,55.81,0.0,19.0,heavy_rain,MEDIUM
2026-09-15T05:00:00,59.69,3.4,0.0,0.43,0.0,55.82,0.0,19.7,heavy_rain,MEDIUM
2026-09-15T05:10:00,59.55,3.4,0.0,-0.14,0.0,56.05,0.0,20.0,heavy_rain,MEDIUM
2026-09-15T05:20:00,62.94,3.4,0.0,3.39,0.0,56.43,0.0,20.0,heavy_rain,MEDIUM
2026-09-15T05:30:00,62.01,3.4,0.0,-0.93,0.0,56.94,0.0,19.8,heavy_rain,MEDIUM
2026-09-15T05:40:00,66.21,3.4,0.0,4.19,0.0,57.83,0.0,19.6,heavy_rain,MEDIUM
2026-09-15T05:50:00,60.16,3.4,0.0,-6.05,0.0,58.22,0.0,18.9,heavy_rain,MEDIUM
2026-09-15T06:00:00,61.59,3.4,0.0,1.43,0.0,58.53,0.003,20.0,heavy_rain,MEDIUM
2026-09-15T06:10:00,61.39,3.4,0.0,-0.2,0.0,58.72,0.0,19.6,heavy_rain,MEDIUM
2026-09-15T06:20:00,58.74,3.4,0.0,-2.66,0.0,59.17,0.0,19.9,heavy_rain,MEDIUM
2026-09-15T06:30:00,52.26,3.4,0.0,-6.48,0.0,59.0,0.0,19.5,heavy_rain,MEDIUM
2026-09-15T06:40:00,52.26,3.4,0.0,-0.0,0.0,58.66,0.0,18.8,heavy_rain,MEDIUM
2026-09-15T06:50:00,54.68,3.4,0.0,2.42,0.0,58.74,0.0,19.8,heavy_rain,MEDIUM
2026-09-15T07:00:00,54.21,3.4,0.0,-0.48,0.0,58.66,0.0,20.1,heavy_rain,MEDIUM
2026-09-15T07:10:00,55.63,3.4,0.0,1.42,0.0,58.67,0.0,20.1,heavy_rain,MEDIUM
2026-09-15T07:20:00,59.25,3.4,0.0,3.62,0.0,58.71,0.0,19.1,heavy_rain,MEDIUM
2026-09-15T07:30:00,55.7,3.4,0.0,-3.55,0.0,58.75,0.0,19.7,heavy_rain,MEDIUM
2026-09-15T07:40:00,59.26,3.4,0.0,3.56,0.0,58.6,0.0,19.1,heavy_rain,MEDIUM
2026-09-15T07:50:00,66.5,3.4,0.0,7.24,0.0,59.0,0.0,19.5,heavy_rain,MEDIUM
2026-09-15T08:00:00,58.05,3.4,0.0,-8.46,0.0,58.91,0.0,19.4,heavy_rain,MEDIUM
2026-09-15T08:10:00,55.71,3.4,0.0,-2.34,0.0,58.7,0.0,19.0,heavy_rain,MEDIUM
2026-09-15T08:20:00,53.44,3.4,0.0,-2.27,0.0,58.17,0.0,19.5,heavy_rain,MEDIUM
2026-09-15T08:30:00,47.15,3.4,0.0,-6.29,0.0,57.34,0.0,19.8,heavy_rain,MEDIUM
2026-09-15T08:40:00,48.15,3.4,0.0,1.0,0.0,56.34,0.0,19.5,heavy_rain,MEDIUM
2026-09-15T08:50:00,49.72,3.4,0.0,1.57,0.0,55.76,0.0,19.5,heavy_rain,MEDIUM
2026-09-15T09:00:00,51.18,3.4,0.0,1.46,0.0,55.18,0.0,19.6,heavy_rain,MEDIUM
2026-09-15T09:10:00,48.73,3.4,0.0,-2.45,0.0,54.48,0.0,19.6,heavy_rain,MEDIUM
2026-09-15T09:20:00,48.87,3.4,0.0,0.14,0.0,53.93,0.0,19.9,heavy_rain,MEDIUM
2026-09-15T09:30:00,49.2,3.4,0.0,0.32,0.0,53.76,0.0,19.3,heavy_rain,MEDIUM
2026-09-15T09:40:00,54.09,3.4,0.0,4.89,0.0,53.86,0.0,19.2,heavy_rain,MEDIUM
2026-09-15T09:50:00,54.83,3.4,0.0,0.74,0.0,53.87,0.0,19.2,heavy_rain,MEDIUM
2026-09-15T10:00:00,56.1,3.4,0.0,1.27,0.0,53.98,0.0,20.0,heavy_rain,MEDIUM
2026-09-15T10:10:00,53.16,3.4,0.0,-2.94,0.0,53.84,0.0,19.5,heavy_rain,MEDIUM
2026-09-15T10:20:00,50.7,3.4,0.0,-2.46,0.0,53.36,0.0,19.8,heavy_rain,MEDIUM
2026-09-15T10:30:00,45.7,3.4,0.0,-5.0,0.0,52.81,0.0,19.0,heavy_rain,MEDIUM
2026-09-15T10:40:00,52.15,3.4,0.0,6.45,0.0,52.41,0.0,20.4,heavy_rain,MEDIUM
2026-09-15T10:50:00,55.85,3.4,0.0,3.7,0.0,51.82,0.0,19.6,heavy_rain,MEDIUM
2026-09-15T11:00:00,52.34,3.4,0.0,-3.51,0.0,51.5,0.0,20.6,heavy_rain,MEDIUM
2026-09-15T11:10:00,52.28,3.4,0.0,-0.06,0.0,51.31,0.0,19.3,heavy_rain,MEDIUM
2026-09-15T11:20:00,50.26,3.4,0.0,-2.02,0.0,51.14,0.0,20.4,heavy_rain,MEDIUM
2026-09-15T11:30:00,54.52,3.4,0.0,4.26,0.0,51.55,0.0,18.5,heavy_rain,MEDIUM
2026-09-15T11:40:00,59.42,3.4,0.0,4.9,0.0,52.17,0.0,19.3,heavy_rain,MEDIUM
2026-09-15T11:50:00,61.8,3.4,0.0,2.38,0.0,52.84,0.0,19.6,heavy_rain,MEDIUM
2026-09-15T12:00:00,58.32,3.4,0.0,-3.48,0.0,53.24,0.0,19.3,heavy_rain,MEDIUM
2026-09-15T12:10:00,60.97,3.4,0.0,2.65,0.0,53.92,0.0,19.7,heavy_rain,MEDIUM
2026-09-15T12:20:00,63.13,3.4,0.0,2.17,0.0,54.71,0.0,19.0,heavy_rain,MEDIUM
2026-09-15T12:30:00,60.36,3.4,0.0,-2.78,0.0,55.33,0.0,19.5,heavy_rain,MEDIUM
2026-09-15T12:40:00,62.19,3.4,0.0,1.83,0.0,55.78,0.0,20.4,heavy_rain,MEDIUM
2026-09-15T12:50:00,60.86,3.4,0.0,-1.33,0.0,56.12,0.0,19.5,heavy_rain,MEDIUM
2026-09-15T13:00:00,59.04,3.4,0.0,-1.82,0.0,56.28,0.0,20.4,heavy_rain,MEDIUM
2026-09-15T13:10:00,64.75,3.4,0.0,5.71,0.0,56.92,0.0,19.8,heavy_rain,MEDIUM
2026-09-15T13:20:00,58.82,3.4,0.0,-5.93,0.0,57.38,0.0,18.9,heavy_rain,MEDIUM
2026-09-15T13:30:00,61.82,3.4,0.0,3.0,0.0,58.27,0.0,19.9,heavy_rain,MEDIUM
2026-09-15T13:40:00,67.48,3.4,0.0,5.66,0.0,59.12,0.0,19.4,heavy_rain,MEDIUM
2026-09-15T13:50:00,60.95,3.4,0.0,-6.53,0.0,59.41,0.0,19.4,heavy_rain,MEDIUM
2026-09-15T14:00:00,55.21,3.4,0.0,-5.74,0.0,59.56,0.0,19.2,heavy_rain,MEDIUM
2026-09-15T14:10:00,51.21,3.4,0.0,-4.0,0.0,59.51,0.0,19.8,heavy_rain,MEDIUM
2026-09-15T14:20:00,53.9,3.4,0.0,2.69,0.0,59.71,0.0,19.4,heavy_rain,MEDIUM
2026-09-15T14:30:00,61.54,3.4,0.0,7.64,0.0,60.1,0.0,19.7,heavy_rain,MEDIUM
2026-09-15T14:40:00,57.55,3.4,0.0,-3.99,0.0,59.99,0.0,19.3,heavy_rain,MEDIUM
2026-09-15T14:50:00,64.09,3.4,0.0,6.54,0.0,60.12,0.0,19.4,heavy_rain,MEDIUM
2026-09-15T15:00:00,63.11,3.4,0.0,-0.98,0.0,60.39,0.0,19.4,heavy_rain,MEDIUM
2026-09-15T15:10:00,62.05,3.4,0.0,-1.06,0.0,60.45,0.0,19.4,heavy_rain,MEDIUM
2026-09-15T15:20:00,57.71,3.4,0.0,-4.34,0.0,60.15,0.0,19.6,heavy_rain,MEDIUM
2026-09-15T15:30:00,61.46,3.4,0.0,3.75,0.0,60.21,0.0,20.0,heavy_rain,MEDIUM
2026-09-15T15:40:00,60.65,3.4,0.0,-0.81,0.0,60.12,0.0,19.5,heavy_rain,MEDIUM
2026-09-15T15:50:00,55.65,3.4,0.0,-5.0,0.0,59.83,0.0,19.6,heavy_rain,MEDIUM
2026-09-15T16:00:00,61.45,3.4,0.0,5.81,0.0,59.97,0.0,19.5,heavy_rain,MEDIUM
2026-09-15T16:10:00,60.08,3.4,0.0,-1.37,0.0,59.71,0.0,19.6,heavy_rain,MEDIUM
2026-09-15T16:20:00,63.61,3.4,0.0,3.53,0.0,59.97,0.0,20.3,heavy_rain,MEDIUM
2026-09-15T16:30:00,62.97,3.4,0.0,-0.64,0.0,60.04,0.0,19.4,heavy_rain,MEDIUM
2026-09-15T16:40:00,61.17,3.4,0.0,-1.79,0.0,59.69,0.0,20.2,heavy_rain,MEDIUM
2026-09-15T16:50:00,61.31,3.4,0.0,0.14,0.0,59.71,0.0,19.7,heavy_rain,MEDIUM
2026-09-15T17:00:00,61.62,3.4,0.0,0.31,0.0,60.06,0.0,20.1,heavy_rain,MEDIUM
2026-09-15T17:10:00,57.72,3.4,0.0,-3.9,0.0,60.42,0.0,19.1,heavy_rain,MEDIUM
2026-09-15T17:20:00,59.08,3.4,0.0,1.36,0.0,60.71,0.0,19.3,heavy_rain,MEDIUM
2026-09-15T17:30:00,58.1,3.4,0.0,-0.98,0.0,60.52,0.0,20.2,heavy_rain,MEDIUM
2026-09-15T17:40:00,61.36,3.4,0.0,3.26,0.0,60.73,0.0,19.7,heavy_rain,MEDIUM
2026-09-15T17:50:00,56.66,3.4,0.0,-4.7,0.0,60.32,0.0,18.8,heavy_rain,MEDIUM
2026-09-15T18:00:00,54.78,3.4,0.0,-1.88,0.0,59.86,0.0,19.3,heavy_rain,MEDIUM
2026-09-15T18:10:00,55.32,3.4,0.0,0.55,0.0,59.48,0.0,19.1,heavy_rain,MEDIUM
2026-09-15T18:20:00,58.87,3.4,0.0,3.55,0.0,59.55,0.0,20.5,heavy_rain,MEDIUM
2026-09-15T18:30:00,58.52,3.4,0.0,-0.35,0.0,59.38,0.0,19.3,heavy_rain,MEDIUM
2026-09-15T18:40:00,54.86,3.4,0.0,-3.66,0.0,59.06,0.0,18.6,heavy_rain,MEDIUM
2026-09-15T18:50:00,50.74,3.4,0.0,-4.12,0.0,58.79,0.0,19.7,heavy_rain,MEDIUM
2026-09-15T19:00:00,54.53,3.4,0.0,3.79,0.0,58.41,0.0,18.9,heavy_rain,MEDIUM
2026-09-15T19:10:00,58.4,3.4,0.0,3.87,0.0,58.31,0.0,20.2,heavy_rain,MEDIUM
2026-09-15T19:20:00,55.66,3.4,0.0,-2.74,0.0,57.87,0.0,19.4,heavy_rain,MEDIUM
2026-09-15T19:30:00,54.28,3.4,0.0,-1.38,0.0,57.39,0.0,19.3,heavy_rain,MEDIUM
2026-09-15T19:40:00,53.77,3.4,0.0,-0.52,0.0,56.98,0.0,19.0,heavy_rain,MEDIUM
2026-09-15T19:50:00,57.46,3.4,0.0,3.69,0.0,56.76,0.0,18.9,heavy_rain,MEDIUM
2026-09-15T20:00:00,52.34,3.4,0.0,-5.12,0.0,56.25,0.0,19.4,heavy_rain,MEDIUM
2026-09-15T20:10:00,91.87,3.551,0.9066,39.53,0.1511,58.14,0.151,17.0,flash_flood,HIGH
2026-09-15T20:20:00,107.59,3.689,0.825,15.72,0.1375,60.84,0.289,17.0,flash_flood,HIGH
2026-09-15T20:30:00,98.09,3.824,0.81,-9.5,0.135,63.06,0.424,16.2,flash_flood,HIGH
2026-09-15T20:40:00,96.86,3.984,0.9654,-1.22,0.1609,65.03,0.584,17.7,flash_flood,HIGH
2026-09-15T20:50:00,110.82,4.133,0.8892,13.96,0.1482,68.04,0.733,17.1,flash_flood,HIGH
2026-09-15T21:00:00,104.19,4.287,0.9264,-6.63,0.1544,70.79,0.887,17.3,flash_flood,HIGH
2026-09-15T21:10:00,111.33,4.428,0.8472,7.14,0.1412,73.9,1.028,17.3,flash_flood,HIGH
2026-09-15T21:20:00,99.26,4.612,1.1004,-12.08,0.1834,76.14,1.212,16.5,flash_flood,HIGH
2026-09-15T21:30:00,88.88,4.735,0.7404,-10.37,0.1234,77.83,1.335,19.0,flash_flood,HIGH
2026-09-15T21:40:00,100.78,4.899,0.9846,11.9,0.1641,80.38,1.499,16.9,flash_flood,HIGH
2026-09-15T21:50:00,118.38,5.066,0.9984,17.6,0.1664,84.14,1.666,16.7,flash_flood,HIGH
2026-09-15T22:00:00,112.11,5.202,0.8214,-6.27,0.1369,87.34,1.802,16.6,flash_flood,HIGH
2026-09-15T22:10:00,122.37,5.4,1.1862,10.25,0.1977,90.89,2.0,17.3,flash_flood,HIGH
2026-09-15T22:20:00,115.79,5.564,0.981,-6.58,0.1635,94.23,2.164,17.0,flash_flood,HIGH
2026-09-15T22:30:00,115.9,5.705,0.849,0.11,0.1415,97.66,2.305,17.2,flash_flood,HIGH
2026-09-15T22:40:00,114.39,5.884,1.074,-1.51,0.179,101.02,2.484,16.4,flash_flood,HIGH
2026-09-15T22:50:00,111.47,6.036,0.9096,-2.92,0.1516,104.02,2.636,16.6,flash_flood,HIGH
2026-09-15T23:00:00,109.45,6.183,0.8862,-2.02,0.1477,107.2,2.632,18.2,flash_flood,HIGH
2026-09-15T23:10:00,115.1,6.376,1.1532,5.65,0.1922,108.49,2.687,17.0,flash_flood,HIGH
2026-09-15T23:20:00,109.91,6.519,0.861,-5.2,0.1435,108.62,2.696,16.5,flash_flood,HIGH
2026-09-15T23:30:00,102.86,6.662,0.8592,-7.05,0.1432,108.88,2.678,16.3,flash_flood,HIGH
2026-09-15T23:40:00,117.84,6.8,0.8256,14.98,0.1376,110.05,2.667,16.9,flash_flood,HIGH
2026-09-15T23:50:00,132.87,6.8,0.0,15.03,0.0,111.27,2.513,17.3,flash_flood,HIGH
2026-09-16T00:00:00,136.06,6.8,0.0,3.19,0.0,113.04,2.372,16.7,flash_flood,HIGH
2026-09-16T00:10:00,138.25,6.8,0.0,2.19,0.0,114.54,2.188,17.1,flash_flood,HIGH
2026-09-16T00:20:00,120.62,6.8,0.0,-17.63,0.0,115.72,2.065,16.6,flash_flood,HIGH
2026-09-16T00:30:00,105.76,6.8,0.0,-14.86,0.0,116.66,1.901,17.2,flash_flood,HIGH
2026-09-16T00:40:00,113.89,6.8,0.0,8.13,0.0,117.39,1.734,17.9,flash_flood,HIGH
2026-09-16T00:50:00,120.02,6.8,0.0,6.13,0.0,117.48,1.598,17.7,flash_flood,HIGH
2026-09-16T01:00:00,116.32,6.8,0.0,-3.7,0.0,117.72,1.4,16.8,flash_flood,HIGH
2026-09-16T01:10:00,111.66,6.8,0.0,-4.66,0.0,117.12,1.236,16.1,flash_flood,HIGH
2026-09-16T01:20:00,118.36,6.8,0.0,6.7,0.0,117.26,1.095,17.0,flash_flood,HIGH
2026-09-16T01:30:00,112.47,6.8,0.0,-5.88,0.0,117.07,0.916,17.3,flash_flood,HIGH
2026-09-16T01:40:00,119.58,6.8,0.0,7.11,0.0,117.36,0.764,15.7,flash_flood,HIGH
2026-09-16T01:50:00,111.73,6.8,0.0,-7.85,0.0,117.38,0.617,16.7,flash_flood,HIGH
2026-09-16T02:00:00,123.65,6.8,0.0,11.92,0.0,118.16,0.424,17.4,flash_flood,HIGH
2026-09-16T02:10:00,122.1,6.8,0.0,-1.56,0.0,118.55,0.281,17.0,flash_flood,HIGH
2026-09-16T02:20:00,112.07,6.8,0.0,-10.02,0.0,118.67,0.138,16.2,flash_flood,HIGH
2026-09-16T02:30:00,112.11,6.8,0.0,0.03,0.0,119.19,0.0,17.3,flash_flood,HIGH
2026-09-16T02:40:00,117.88,6.8,0.0,5.78,0.0,119.19,0.0,16.2,flash_flood,HIGH
2026-09-16T02:50:00,112.92,6.8,0.0,-4.97,0.0,118.08,0.0,17.9,flash_flood,HIGH
2026-09-16T03:00:00,113.16,6.8,0.0,0.24,0.0,116.81,0.0,16.7,flash_flood,HIGH
2026-09-16T03:10:00,111.39,6.8,0.0,-1.77,0.0,115.32,0.0,17.1,flash_flood,HIGH
2026-09-16T03:20:00,114.86,6.8,0.0,3.47,0.0,115.0,0.0,17.5,flash_flood,HIGH
2026-09-16T03:30:00,109.96,6.8,0.0,-4.89,0.0,115.23,0.0,17.6,flash_flood,HIGH
2026-09-16T03:40:00,126.16,6.8,0.0,16.2,0.0,115.91,0.0,17.1,flash_flood,HIGH
2026-09-16T03:50:00,131.06,6.8,0.0,4.9,0.0,116.53,0.0,16.1,flash_flood,HIGH
2026-09-16T04:00:00,116.4,6.8,0.0,-14.67,0.0,116.53,0.0,17.3,flash_flood,HIGH
2026-09-16T04:10:00,120.19,6.8,0.0,3.8,0.0,117.0,0.0,17.4,flash_flood,HIGH
2026-09-16T04:20:00,114.75,6.8,0.0,-5.44,0.0,116.8,0.0,17.0,flash_flood,HIGH
2026-09-16T04:30:00,113.94,6.8,0.0,-0.82,0.0,116.88,0.0,17.5,flash_flood,HIGH
2026-09-16T04:40:00,115.4,6.8,0.0,1.47,0.0,116.65,0.0,17.4,flash_flood,HIGH
2026-09-16T04:50:00,122.62,6.8,0.0,7.22,0.0,117.26,0.0,17.4,flash_flood,HIGH
2026-09-16T05:00:00,128.05,6.8,0.0,5.44,0.0,117.5,0.0,16.2,flash_flood,HIGH
2026-09-16T05:10:00,105.89,3.4,-20.4,-22.16,-3.4,116.6,-3.4,19.9,heavy_rain,MEDIUM
2026-09-16T05:20:00,94.67,3.4,0.0,-11.22,0.0,115.63,-3.4,19.4,heavy_rain,MEDIUM
2026-09-16T05:30:00,87.12,3.4,0.0,-7.55,0.0,114.25,-3.4,19.8,heavy_rain,MEDIUM
2026-09-16T05:40:00,76.48,3.4,0.0,-10.63,0.0,111.95,-3.4,19.1,heavy_rain,MEDIUM
2026-09-16T05:50:00,65.76,3.4,0.0,-10.72,0.0,109.33,-3.4,19.1,heavy_rain,MEDIUM
2026-09-16T06:00:00,60.54,3.4,0.0,-5.22,0.0,106.4,-3.4,19.9,heavy_rain,MEDIUM
2026-09-16T06:10:00,59.43,3.4,0.0,-1.11,0.0,103.52,-3.4,19.5,heavy_rain,MEDIUM
2026-09-16T06:20:00,56.15,3.4,0.0,-3.29,0.0,100.26,-3.4,19.9,heavy_rain,MEDIUM
2026-09-16T06:30:00,57.24,3.4,0.0,1.09,0.0,97.33,-3.4,19.1,heavy_rain,MEDIUM
2026-09-16T06:40:00,60.69,3.4,0.0,3.45,0.0,93.69,-3.4,19.6,heavy_rain,MEDIUM
2026-09-16T06:50:00,55.86,3.4,0.0,-4.83,0.0,89.51,-3.4,19.1,heavy_rain,MEDIUM
2026-09-16T07:00:00,57.75,3.4,0.0,1.88,0.0,86.25,-3.4,18.9,heavy_rain,MEDIUM
2026-09-16T07:10:00,56.03,3.4,0.0,-1.72,0.0,82.69,-3.4,19.3,heavy_rain,MEDIUM
2026-09-16T07:20:00,57.88,3.4,0.0,1.85,0.0,79.53,-3.4,19.5,heavy_rain,MEDIUM
2026-09-16T07:30:00,59.24,3.4,0.0,1.36,0.0,76.49,-3.4,18.5,heavy_rain,MEDIUM
2026-09-16T07:40:00,60.93,3.4,0.0,1.69,0.0,73.46,-3.4,18.9,heavy_rain,MEDIUM
2026-09-16T07:50:00,55.78,3.4,0.0,-5.16,0.0,69.75,-3.4,19.5,heavy_rain,MEDIUM
2026-09-16T08:00:00,57.7,3.398,-0.015,1.92,-0.0025,65.84,-0.002,19.5,heavy_rain,MEDIUM
2026-09-16T08:10:00,55.7,3.4,0.015,-1.99,0.0025,63.05,0.0,19.9,heavy_rain,MEDIUM
2026-09-16T08:20:00,54.5,3.4,0.0,-1.21,0.0,60.82,0.0,19.5,heavy_rain,MEDIUM
2026-09-16T08:30:00,53.65,3.4,0.0,-0.85,0.0,58.96,0.0,19.0,heavy_rain,MEDIUM
2026-09-16T08:40:00,49.7,3.4,0.0,-3.95,0.0,57.47,0.0,19.4,heavy_rain,MEDIUM
2026-09-16T08:50:00,54.56,3.4,0.0,4.87,0.0,56.85,0.0,19.4,heavy_rain,MEDIUM
2026-09-16T09:00:00,55.46,3.4,0.0,0.9,0.0,56.57,0.0,19.3,heavy_rain,MEDIUM
2026-09-16T09:10:00,58.88,3.4,0.0,3.41,0.0,56.54,0.0,19.8,heavy_rain,MEDIUM
2026-09-16T09:20:00,60.92,3.4,0.0,2.04,0.0,56.8,0.0,19.3,heavy_rain,MEDIUM
2026-09-16T09:30:00,61.33,3.4,0.0,0.41,0.0,57.03,0.0,19.3,heavy_rain,MEDIUM
2026-09-16T09:40:00,53.81,3.4,0.0,-7.52,0.0,56.65,0.0,19.8,heavy_rain,MEDIUM
2026-09-16T09:50:00,54.18,3.4,0.0,0.37,0.0,56.56,0.0,19.5,heavy_rain,MEDIUM
2026-09-16T10:00:00,58.97,3.4,-0.0006,4.8,-0.0001,56.62,-0.0,20.1,heavy_rain,MEDIUM
2026-09-16T10:10:00,62.59,3.4,0.0006,3.62,0.0001,56.99,0.0,19.8,heavy_rain,MEDIUM
2026-09-16T10:20:00,65.45,3.4,0.0,2.86,0.0,57.41,0.0,19.8,heavy_rain,MEDIUM
2026-09-16T10:30:00,56.79,3.4,0.0,-8.66,0.0,57.27,0.0,19.6,heavy_rain,MEDIUM
2026-09-16T10:40:00,50.48,3.4,0.0,-6.31,0.0,56.69,0.0,19.3,heavy_rain,MEDIUM
2026-09-16T10:50:00,58.07,3.4,0.0,7.59,0.0,56.82,0.002,18.9,heavy_rain,MEDIUM
2026-09-16T11:00:00,61.46,3.4,0.0,3.39,0.0,57.03,0.0,19.7,heavy_rain,MEDIUM
2026-09-16T11:10:00,56.91,3.4,0.0,-4.55,0.0,57.09,0.0,19.0,heavy_rain,MEDIUM
2026-09-16T11:20:00,54.63,3.391,-0.0534,-2.28,-0.0089,57.1,-0.009,19.7,heavy_rain,MEDIUM
2026-09-16T11:30:00,53.47,3.4,0.0534,-1.16,0.0089,57.09,0.0,19.2,heavy_rain,MEDIUM
2026-09-16T11:40:00,51.43,3.4,0.0,-2.04,0.0,57.19,0.0,20.6,heavy_rain,MEDIUM
2026-09-16T11:50:00,47.72,3.4,0.0,-3.71,0.0,56.81,0.0,19.1,heavy_rain,MEDIUM
2026-09-16T12:00:00,54.53,3.4,0.0,6.81,0.0,56.76,0.0,18.8,heavy_rain,MEDIUM
2026-09-16T12:10:00,51.92,3.4,0.0,-2.61,0.0,56.37,0.0,19.4,heavy_rain,MEDIUM
2026-09-16T12:20:00,57.28,3.4,0.0,5.36,0.0,56.17,0.0,19.5,heavy_rain,MEDIUM
2026-09-16T12:30:00,56.22,3.4,0.0,-1.07,0.0,55.88,0.0,19.6,heavy_rain,MEDIUM
2026-09-16T12:40:00,62.35,3.4,0.0,6.13,0.0,56.36,0.0,18.9,heavy_rain,MEDIUM
2026-09-16T12:50:00,62.68,3.4,0.0,0.33,0.0,56.83,0.0,19.2,heavy_rain,MEDIUM
2026-09-16T13:00:00,61.93,3.4,0.0,-0.76,0.0,57.0,0.0,19.6,heavy_rain,MEDIUM
2026-09-16T13:10:00,56.9,3.4,0.0,-5.03,0.0,56.68,0.0,20.0,heavy_rain,MEDIUM
2026-09-16T13:20:00,55.2,3.4,0.0,-1.7,0.0,56.11,0.0,19.3,heavy_rain,MEDIUM
2026-09-16T13:30:00,57.53,3.4,0.0,2.33,0.0,56.15,0.0,19.4,heavy_rain,MEDIUM
2026-09-16T13:40:00,57.37,3.4,0.0,-0.16,0.0,56.53,0.0,18.6,heavy_rain,MEDIUM
2026-09-16T13:50:00,60.33,3.4,0.0,2.97,0.0,56.66,0.0,19.7,heavy_rain,MEDIUM
2026-09-16T14:00:00,58.96,3.4,0.0,-1.38,0.0,56.52,0.0,19.5,heavy_rain,MEDIUM
2026-09-16T14:10:00,54.6,3.4,0.0,-4.36,0.0,56.39,0.009,20.2,heavy_rain,MEDIUM
2026-09-16T14:20:00,57.05,3.4,0.0,2.46,0.0,56.53,0.0,19.7,heavy_rain,MEDIUM
2026-09-16T14:30:00,59.13,3.4,0.0,2.08,0.0,56.84,0.0,19.6,heavy_rain,MEDIUM
2026-09-16T14:40:00,58.28,3.4,0.0,-0.85,0.0,57.22,0.0,19.2,heavy_rain,MEDIUM
2026-09-16T14:50:00,61.03,3.4,0.0,2.75,0.0,57.96,0.0,19.8,heavy_rain,MEDIUM
2026-09-16T15:00:00,57.35,3.4,0.0,-3.69,0.0,58.12,0.0,19.2,heavy_rain,MEDIUM
2026-09-16T15:10:00,55.67,3.4,0.0,-1.67,0.0,58.33,0.0,19.9,heavy_rain,MEDIUM
2026-09-16T15:20:00,47.99,3.4,0.0,-7.68,0.0,57.81,0.0,19.5,heavy_rain,MEDIUM
2026-09-16T15:30:00,55.65,3.4,0.0,7.66,0.0,57.78,0.0,19.8,heavy_rain,MEDIUM
2026-09-16T15:40:00,60.31,3.4,0.0,4.66,0.0,57.66,0.0,19.2,heavy_rain,MEDIUM
2026-09-16T15:50:00,58.09,3.4,0.0,-2.22,0.0,57.41,0.0,19.7,heavy_rain,MEDIUM
2026-09-16T16:00:00,58.28,3.4,0.0,0.2,0.0,57.21,0.0,19.6,heavy_rain,MEDIUM
2026-09-16T16:10:00,54.98,3.4,0.0,-3.31,0.0,57.1,0.0,19.1,heavy_rain,MEDIUM
2026-09-16T16:20:00,59.21,3.4,0.0,4.24,0.0,57.32,0.0,19.6,heavy_rain,MEDIUM
2026-09-16T16:30:00,56.04,3.4,0.0,-3.17,0.0,57.24,0.0,19.8,heavy_rain,MEDIUM
2026-09-16T16:40:00,56.68,3.4,0.0,0.64,0.0,57.2,0.0,18.9,heavy_rain,MEDIUM
2026-09-16T16:50:00,62.83,3.4,0.0,6.15,0.0,57.34,0.0,18.9,heavy_rain,MEDIUM
2026-09-16T17:00:00,62.25,3.4,0.0,-0.59,0.0,57.52,0.0,19.9,heavy_rain,MEDIUM
2026-09-16T17:10:00,57.51,3.4,0.0,-4.74,0.0,57.69,0.0,19.4,heavy_rain,MEDIUM
2026-09-16T17:20:00,53.58,3.4,0.0,-3.93,0.0,57.49,0.0,19.4,heavy_rain,MEDIUM
2026-09-16T17:30:00,56.85,3.4,0.0,3.27,0.0,57.37,0.0,19.6,heavy_rain,MEDIUM
2026-09-16T17:40:00,63.9,3.4,0.0,7.05,0.0,57.68,0.0,19.6,heavy_rain,MEDIUM
2026-09-16T17:50:00,68.71,3.4,0.0,4.81,0.0,58.11,0.0,19.5,heavy_rain,MEDIUM
2026-09-16T18:00:00,65.79,3.4,0.0,-2.93,0.0,58.57,0.0,19.4,heavy_rain,MEDIUM
2026-09-16T18:10:00,61.67,3.4,0.0,-4.12,0.0,58.91,0.0,19.7,heavy_rain,MEDIUM
2026-09-16T18:20:00,63.74,3.4,0.0,2.07,0.0,59.78,0.0,18.4,heavy_rain,MEDIUM
2026-09-16T18:30:00,57.54,3.4,0.0,-6.2,0.0,59.89,0.0,19.6,heavy_rain,MEDIUM
2026-09-16T18:40:00,61.75,3.4,0.0,4.2,0.0,59.97,0.0,19.5,heavy_rain,MEDIUM
2026-09-16T18:50:00,62.93,3.4,0.0,1.19,0.0,60.24,0.0,19.1,heavy_rain,MEDIUM
2026-09-16T19:00:00,66.12,3.4,0.0,3.18,0.0,60.67,0.0,19.2,heavy_rain,MEDIUM
2026-09-16T19:10:00,65.85,3.4,0.0,-0.27,0.0,61.28,0.0,19.7,heavy_rain,MEDIUM
2026-09-16T19:20:00,64.56,3.4,0.0,-1.29,0.0,61.57,0.0,19.6,heavy_rain,MEDIUM
2026-09-16T19:30:00,66.19,3.4,0.0,1.63,0.0,62.14,0.0,19.2,heavy_rain,MEDIUM
2026-09-16T19:40:00,71.07,3.4,0.0,4.88,0.0,62.94,0.0,19.5,heavy_rain,MEDIUM
2026-09-16T19:50:00,67.19,3.4,0.0,-3.88,0.0,63.18,0.0,18.8,heavy_rain,MEDIUM
2026-09-16T20:00:00,69.33,3.4,0.0,2.14,0.0,63.57,0.0,19.1,heavy_rain,MEDIUM
2026-09-16T20:10:00,64.92,3.4,0.0,-4.4,0.0,63.98,0.0,19.1,heavy_rain,MEDIUM
2026-09-16T20:20:00,60.52,3.4,0.0,-4.4,0.0,64.37,0.0,19.6,heavy_rain,MEDIUM
2026-09-16T20:30:00,61.33,3.4,0.0,0.81,0.0,64.62,0.0,19.1,heavy_rain,MEDIUM
2026-09-16T20:40:00,60.35,3.4,0.0,-0.98,0.0,64.42,0.0,19.7,heavy_rain,MEDIUM
2026-09-16T20:50:00,56.32,3.4,0.0,-4.03,0.0,63.73,0.0,19.2,heavy_rain,MEDIUM
2026-09-16T21:00:00,55.06,3.4,0.0,-1.26,0.0,63.14,0.0,19.8,heavy_rain,MEDIUM
2026-09-16T21:10:00,57.42,3.4,0.0,2.35,0.0,62.9,0.0,19.3,heavy_rain,MEDIUM
2026-09-16T21:20:00,56.62,3.4,0.0,-0.8,0.0,62.5,0.0,19.9,heavy_rain,MEDIUM
2026-09-16T21:30:00,61.84,3.4,0.0,5.22,0.0,62.74,0.0,19.9,heavy_rain,MEDIUM
2026-09-16T21:40:00,55.02,3.4,0.0,-6.82,0.0,62.37,0.0,19.2,heavy_rain,MEDIUM
2026-09-16T21:50:00,60.88,3.399,-0.006,5.86,-0.001,62.25,-0.001,19.3,heavy_rain,MEDIUM
2026-09-16T22:00:00,55.24,3.4,0.006,-5.64,0.001,61.65,0.0,19.8,heavy_rain,MEDIUM
2026-09-16T22:10:00,59.27,3.4,0.0,4.03,0.0,61.28,0.0,19.5,heavy_rain,MEDIUM
2026-09-16T22:20:00,66.27,3.4,0.0,7.0,0.0,61.38,0.0,19.1,heavy_rain,MEDIUM
2026-09-16T22:30:00,66.36,3.4,0.0,0.09,0.0,61.39,0.0,19.8,heavy_rain,MEDIUM
2026-09-16T22:40:00,61.81,3.4,0.0,-4.54,0.0,60.87,0.0,18.8,heavy_rain,MEDIUM
2026-09-16T22:50:00,56.19,3.4,0.0,-5.62,0.0,60.26,0.0,19.1,heavy_rain,MEDIUM
2026-09-16T23:00:00,59.36,3.4,0.0,3.17,0.0,59.71,0.0,19.6,heavy_rain,MEDIUM
2026-09-16T23:10:00,57.41,3.4,0.0,-1.95,0.0,59.29,0.0,19.5,heavy_rain,MEDIUM
2026-09-16T23:20:00,57.55,3.4,0.0,0.14,0.0,59.13,0.0,19.6,heavy_rain,MEDIUM
2026-09-16T23:30:00,57.04,3.4,0.0,-0.51,0.0,58.89,0.0,19.1,heavy_rain,MEDIUM
2026-09-16T23:40:00,54.12,3.4,0.0,-2.92,0.0,58.54,0.0,19.6,heavy_rain,MEDIUM
2026-09-16T23:50:00,49.17,3.4,0.0,-4.95,0.0,58.15,0.0,18.9,heavy_rain,MEDIUM
2026-09-17T00:00:00,48.58,3.4,0.0,-0.58,0.0,57.79,0.0,19.5,heavy_rain,MEDIUM
2026-09-17T00:10:00,53.02,3.4,0.0,4.44,0.0,57.54,0.0,19.8,heavy_rain,MEDIUM
2026-09-17T00:20:00,56.91,3.4,0.0,3.89,0.0,57.56,0.0,19.1,heavy_rain,MEDIUM
2026-09-17T00:30:00,58.92,3.4,0.0,2.01,0.0,57.4,0.0,19.7,heavy_rain,MEDIUM
2026-09-17T00:40:00,57.6,3.4,0.0,-1.32,0.0,57.54,0.001,18.3,heavy_rain,MEDIUM
2026-09-17T00:50:00,56.5,3.4,0.0,-1.11,0.0,57.3,0.0,19.3,heavy_rain,MEDIUM
2026-09-17T01:00:00,62.22,3.4,0.0,5.73,0.0,57.68,0.0,19.5,heavy_rain,MEDIUM
2026-09-17T01:10:00,61.81,3.4,0.0,-0.42,0.0,57.82,0.0,19.0,heavy_rain,MEDIUM
2026-09-17T01:20:00,64.79,3.4,0.0,2.98,0.0,57.74,0.0,19.4,heavy_rain,MEDIUM
2026-09-17T01:30:00,61.05,3.4,0.0,-3.74,0.0,57.45,0.0,19.0,heavy_rain,MEDIUM
2026-09-17T01:40:00,58.98,3.4,0.0,-2.08,0.0,57.29,0.0,19.6,heavy_rain,MEDIUM
2026-09-17T01:50:00,53.43,3.4,0.0,-5.54,0.0,57.14,0.0,18.8,heavy_rain,MEDIUM
2026-09-17T02:00:00,57.79,3.4,0.0,4.35,0.0,57.05,0.0,19.7,heavy_rain,MEDIUM
2026-09-17T02:10:00,62.39,3.4,0.0,4.61,0.0,57.33,0.0,19.5,heavy_rain,MEDIUM
2026-09-17T02:20:00,62.42,3.4,0.0,0.03,0.0,57.6,0.0,19.7,heavy_rain,MEDIUM
2026-09-17T02:30:00,58.41,3.4,0.0,-4.01,0.0,57.67,0.0,19.3,heavy_rain,MEDIUM
2026-09-17T02:40:00,62.24,3.4,0.0,3.83,0.0,58.12,0.0,19.1,heavy_rain,MEDIUM
2026-09-17T02:50:00,55.52,3.4,0.0,-6.72,0.0,58.48,0.0,19.2,heavy_rain,MEDIUM
2026-09-17T03:00:00,53.57,3.4,0.0,-1.95,0.0,58.75,0.0,18.9,heavy_rain,MEDIUM
2026-09-17T03:10:00,49.74,3.4,0.0,-3.83,0.0,58.57,0.0,19.4,heavy_rain,MEDIUM
2026-09-17T03:20:00,57.06,3.4,0.0,7.32,0.0,58.58,0.0,18.6,heavy_rain,MEDIUM
2026-09-17T03:30:00,58.91,3.4,0.0,1.85,0.0,58.58,0.0,19.8,heavy_rain,MEDIUM
2026-09-17T03:40:00,60.0,3.4,0.0,1.08,0.0,58.71,0.0,20.1,heavy_rain,MEDIUM
2026-09-17T03:50:00,66.45,3.4,0.0,6.45,0.0,59.27,0.0,19.8,heavy_rain,MEDIUM
2026-09-17T04:00:00,64.31,3.4,0.0,-2.13,0.0,59.38,0.0,19.6,heavy_rain,MEDIUM
2026-09-17T04:10:00,57.8,3.4,0.0,-6.51,0.0,59.16,0.0,19.3,heavy_rain,MEDIUM
2026-09-17T04:20:00,52.79,3.4,0.0,-5.01,0.0,58.49,0.0,19.6,heavy_rain,MEDIUM
2026-09-17T04:30:00,61.65,3.4,0.0,8.86,0.0,58.53,0.0,19.0,heavy_rain,MEDIUM
2026-09-17T04:40:00,61.78,3.4,0.0,0.13,0.0,58.68,0.0,19.6,heavy_rain,MEDIUM
2026-09-17T04:50:00,63.24,3.4,0.0,1.46,0.0,59.23,0.0,20.0,heavy_rain,MEDIUM
2026-09-17T05:00:00,59.42,3.4,0.0,-3.81,0.0,59.32,0.0,19.9,heavy_rain,MEDIUM
2026-09-17T05:10:00,60.16,3.4,0.0,0.73,0.0,59.19,0.0,19.8,heavy_rain,MEDIUM
2026-09-17T05:20:00,63.48,3.4,0.0,3.32,0.0,59.25,0.0,19.0,heavy_rain,MEDIUM
2026-09-17T05:30:00,62.37,3.4,0.0,-1.11,0.0,59.47,0.0,19.5,heavy_rain,MEDIUM
2026-09-17T05:40:00,62.35,3.4,0.0,-0.02,0.0,59.48,0.0,19.2,heavy_rain,MEDIUM
2026-09-17T05:50:00,64.99,3.4,0.0,2.65,0.0,60.0,0.0,19.8,heavy_rain,MEDIUM
2026-09-17T06:00:00,63.23,3.4,0.0,-1.77,0.0,60.54,0.0,19.1,heavy_rain,MEDIUM
2026-09-17T06:10:00,66.33,3.4,0.0,3.11,0.0,61.46,0.0,19.5,heavy_rain,MEDIUM
2026-09-17T06:20:00,68.37,3.4,0.0,2.03,0.0,62.09,0.0,19.4,heavy_rain,MEDIUM
2026-09-17T06:30:00,67.43,3.4,0.0,-0.94,0.0,62.56,0.0,18.9,heavy_rain,MEDIUM
2026-09-17T06:40:00,60.8,3.4,0.0,-6.63,0.0,62.61,0.0,19.4,heavy_rain,MEDIUM
2026-09-17T06:50:00,56.88,3.4,0.0,-3.92,0.0,62.08,0.0,19.2,heavy_rain,MEDIUM
2026-09-17T07:00:00,54.61,3.4,0.0,-2.27,0.0,61.54,0.0,19.3,heavy_rain,MEDIUM
2026-09-17T07:10:00,60.56,3.4,0.0,5.95,0.0,61.69,0.0,19.1,heavy_rain,MEDIUM
2026-09-17T07:20:00,53.97,3.4,0.0,-6.59,0.0,61.76,0.0,19.5,heavy_rain,MEDIUM
2026-09-17T07:30:00,48.96,3.4,0.0,-5.01,0.0,61.05,0.0,19.5,heavy_rain,MEDIUM
2026-09-17T07:40:00,57.63,3.4,0.0,8.67,0.0,60.82,0.0,19.7,heavy_rain,MEDIUM
2026-09-17T07:50:00,55.01,3.4,0.0,-2.62,0.0,60.36,0.0,19.6,heavy_rain,MEDIUM
2026-09-17T08:00:00,43.97,3.311,-0.5328,-11.04,-0.0888,59.5,-0.089,23.7,normal,MEDIUM
2026-09-17T08:10:00,37.72,3.185,-0.756,-6.25,-0.126,58.26,-0.215,23.5,normal,MEDIUM
2026-09-17T08:20:00,30.43,3.075,-0.66,-7.29,-0.11,56.42,-0.325,23.7,normal,MEDIUM
2026-09-17T08:30:00,25.19,2.95,-0.7536,-5.24,-0.1256,54.36,-0.45,23.4,normal,MEDIUM
2026-09-17T08:40:00,21.03,2.856,-0.5598,-4.16,-0.0933,52.06,-0.544,23.1,normal,MEDIUM
2026-09-17T08:50:00,18.9,2.717,-0.8364,-2.14,-0.1394,49.5,-0.683,23.5,normal,MEDIUM
2026-09-17T09:00:00,14.06,2.591,-0.7584,-4.84,-0.1264,46.77,-0.809,23.2,normal,MEDIUM
2026-09-17T09:10:00,13.23,2.475,-0.696,-0.84,-0.116,43.82,-0.925,23.0,normal,MEDIUM
2026-09-17T09:20:00,11.16,2.369,-0.633,-2.06,-0.1055,40.64,-1.031,23.3,normal,MEDIUM
2026-09-17T09:30:00,9.09,2.256,-0.6804,-2.08,-0.1134,37.4,-1.144,23.1,normal,MEDIUM
2026-09-17T09:40:00,8.59,2.192,-0.3828,-0.49,-0.0638,34.5,-1.208,23.1,normal,MEDIUM
2026-09-17T09:50:00,8.31,2.12,-0.4332,-0.28,-0.0722,31.8,-1.28,22.9,normal,MEDIUM
2026-09-17T10:00:00,8.34,2.072,-0.2868,0.03,-0.0478,29.23,-1.328,22.5,normal,MEDIUM
2026-09-17T10:10:00,8.26,1.999,-0.4392,-0.08,-0.0732,26.33,-1.401,23.2,normal,LOW
2026-09-17T10:20:00,9.85,1.967,-0.1866,1.59,-0.0311,23.87,-1.433,22.9,normal,LOW
2026-09-17T10:30:00,8.14,1.891,-0.4608,-1.71,-0.0768,21.61,-1.509,22.9,normal,LOW
2026-09-17T10:40:00,7.21,1.834,-0.3378,-0.93,-0.0563,18.81,-1.566,22.9,normal,LOW
2026-09-17T10:50:00,6.95,1.761,-0.4392,-0.26,-0.0732,16.14,-1.55,22.6,normal,LOW
2026-09-17T11:00:00,5.9,1.749,-0.0708,-1.05,-0.0118,14.02,-1.436,22.3,normal,LOW
2026-09-17T11:10:00,6.05,1.692,-0.3462,0.15,-0.0577,12.26,-1.384,22.4,normal,LOW
2026-09-17T11:20:00,5.49,1.659,-0.1974,-0.56,-0.0329,10.88,-1.291,22.4,normal,LOW
2026-09-17T11:30:00,6.6,1.599,-0.3588,1.11,-0.0598,9.84,-1.257,22.3,normal,LOW
2026-09-17T11:40:00,6.21,1.581,-0.1098,-0.39,-0.0183,9.02,-1.136,22.8,normal,LOW
2026-09-17T11:50:00,6.21,1.508,-0.435,0.0,-0.0725,8.31,-1.083,22.5,normal,LOW
2026-09-17T12:00:00,5.44,1.476,-0.1932,-0.77,-0.0322,7.83,-0.999,22.6,normal,LOW
2026-09-17T12:10:00,4.85,1.394,-0.4914,-0.58,-0.0819,7.37,-0.975,22.8,normal,LOW
2026-09-17T12:20:00,6.11,1.395,0.0054,1.25,0.0009,7.09,-0.861,22.1,normal,LOW
2026-09-17T12:30:00,5.56,1.38,-0.09,-0.55,-0.015,6.89,-0.812,22.1,normal,LOW
2026-09-17T12:40:00,7.32,1.38,0.0036,1.76,0.0006,6.82,-0.739,22.1,normal,LOW
2026-09-17T12:50:00,6.63,1.368,-0.0732,-0.69,-0.0122,6.73,-0.704,22.2,normal,LOW
2026-09-17T13:00:00,5.68,1.382,0.0828,-0.95,0.0138,6.58,-0.617,22.8,normal,LOW
2026-09-17T13:10:00,6.68,1.404,0.129,1.0,0.0215,6.49,-0.564,22.3,normal,LOW
2026-09-17T13:20:00,5.84,1.387,-0.099,-0.85,-0.0165,6.27,-0.504,22.0,normal,LOW
2026-09-17T13:30:00,5.52,1.355,-0.1932,-0.32,-0.0322,6.12,-0.479,21.5,normal,LOW
2026-09-17T13:40:00,4.71,1.357,0.0102,-0.81,0.0017,5.98,-0.405,21.9,normal,LOW
2026-09-17T13:50:00,6.28,1.335,-0.132,1.57,-0.022,5.95,-0.415,21.9,normal,LOW
2026-09-17T14:00:00,7.3,1.33,-0.0288,1.02,-0.0048,6.03,-0.362,22.1,normal,LOW
2026-09-17T14:10:00,5.85,1.338,0.0516,-1.45,0.0086,6.01,-0.32,21.9,normal,LOW
2026-09-17T14:20:00,4.8,1.35,0.072,-1.05,0.012,5.98,-0.249,21.7,normal,LOW
2026-09-17T14:30:00,5.77,1.363,0.078,0.97,0.013,5.93,-0.217,21.9,normal,LOW
2026-09-17T14:40:00,6.68,1.37,0.0396,0.91,0.0066,5.96,-0.138,21.8,normal,LOW
2026-09-17T14:50:00,7.02,1.368,-0.0114,0.34,-0.0019,6.0,-0.108,21.9,normal,LOW
2026-09-17T15:00:00,6.63,1.354,-0.081,-0.38,-0.0135,6.07,-0.039,21.8,normal,LOW
2026-09-17T15:10:00,6.57,1.335,-0.1164,-0.07,-0.0194,6.16,-0.06,21.6,normal,LOW
2026-09-17T15:20:00,5.49,1.318,-0.105,-1.08,-0.0175,6.13,-0.062,21.3,normal,LOW
2026-09-17T15:30:00,5.0,1.294,-0.1398,-0.49,-0.0233,6.1,-0.086,21.7,normal,LOW
2026-09-17T15:40:00,6.08,1.342,0.2862,1.08,0.0477,6.03,-0.026,21.3,normal,LOW
2026-09-17T15:50:00,6.41,1.367,0.1524,0.33,0.0254,6.02,-0.015,21.7,normal,LOW
2026-09-17T16:00:00,5.63,1.35,-0.1068,-0.78,-0.0178,6.01,-0.054,21.3,normal,LOW
2026-09-17T16:10:00,4.19,1.353,0.018,-1.43,0.003,5.87,-0.034,21.7,normal,LOW
2026-09-17T16:20:00,4.57,1.387,0.207,0.37,0.0345,5.8,0.032,21.8,normal,LOW
2026-09-17T16:30:00,4.25,1.405,0.1062,-0.32,0.0177,5.73,0.048,21.3,normal,LOW
2026-09-17T16:40:00,5.79,1.368,-0.2184,1.54,-0.0364,5.79,0.034,21.7,normal,LOW
2026-09-17T16:50:00,5.2,1.381,0.0786,-0.59,0.0131,5.73,0.052,21.4,normal,LOW
2026-09-17T17:00:00,4.68,1.356,-0.1518,-0.52,-0.0253,5.59,0.018,21.4,normal,LOW
2026-09-17T17:10:00,5.36,1.365,0.0558,0.68,0.0093,5.56,0.015,21.4,normal,LOW
2026-09-17T17:20:00,4.14,1.351,-0.084,-1.22,-0.014,5.52,-0.012,21.6,normal,LOW
2026-09-17T17:30:00,4.81,1.36,0.0534,0.68,0.0089,5.47,-0.01,21.8,normal,LOW
2026-09-17T17:40:00,4.66,1.358,-0.0132,-0.16,-0.0022,5.36,-0.01,21.4,normal,LOW
2026-09-17T17:50:00,3.88,1.347,-0.0672,-0.77,-0.0112,5.18,-0.008,20.9,normal,LOW
2026-09-17T18:00:00,2.77,1.333,-0.0858,-1.12,-0.0143,4.97,-0.003,21.7,normal,LOW
2026-09-17T18:10:00,4.64,1.341,0.0492,1.87,0.0082,4.86,0.023,21.4,normal,LOW
2026-09-17T18:20:00,3.8,1.332,-0.0522,-0.85,-0.0087,4.77,0.038,21.0,normal,LOW
2026-09-17T18:30:00,5.38,1.311,-0.1272,1.59,-0.0212,4.79,-0.031,21.4,normal,LOW
2026-09-17T18:40:00,5.61,1.28,-0.1824,0.23,-0.0304,4.76,-0.087,21.3,normal,LOW
2026-09-17T18:50:00,4.65,1.282,0.0084,-0.96,0.0014,4.67,-0.068,21.2,normal,LOW
2026-09-17T19:00:00,3.83,1.319,0.2268,-0.82,0.0378,4.57,-0.033,21.4,normal,LOW
2026-09-17T19:10:00,4.76,1.338,0.111,0.92,0.0185,4.6,-0.049,21.0,normal,LOW
2026-09-17T19:20:00,6.04,1.384,0.276,1.29,0.046,4.68,-0.021,20.9,normal,LOW
2026-09-17T19:30:00,6.46,1.404,0.1194,0.42,0.0199,4.8,0.036,20.8,normal,LOW
2026-09-17T19:40:00,6.46,1.422,0.1098,-0.01,0.0183,4.84,0.041,21.0,normal,LOW
2026-09-17T19:50:00,5.64,1.407,-0.0918,-0.82,-0.0153,4.87,0.051,20.5,normal,LOW
2026-09-17T20:00:00,5.85,1.39,-0.105,0.21,-0.0175,4.93,0.024,20.8,normal,LOW
2026-09-17T20:10:00,6.25,1.409,0.1188,0.4,0.0198,4.98,0.058,20.9,normal,LOW
2026-09-17T20:20:00,5.37,1.357,-0.3132,-0.88,-0.0522,5.05,-0.003,21.1,normal,LOW
2026-09-17T20:30:00,5.62,1.35,-0.042,0.26,-0.007,5.09,-0.008,20.9,normal,LOW
2026-09-17T20:40:00,5.64,1.329,-0.1266,0.02,-0.0211,5.15,-0.018,20.7,normal,LOW
2026-09-17T20:50:00,5.51,1.322,-0.0432,-0.13,-0.0072,5.24,-0.011,20.7,normal,LOW
2026-09-17T21:00:00,5.57,1.376,0.3228,0.06,0.0538,5.39,0.035,20.8,normal,LOW
2026-09-17T21:10:00,4.95,1.359,-0.1014,-0.62,-0.0169,5.41,0.027,20.4,normal,LOW
2026-09-17T21:20:00,4.45,1.347,-0.069,-0.5,-0.0115,5.45,0.037,20.8,normal,LOW
2026-09-17T21:30:00,5.07,1.363,0.0924,0.62,0.0154,5.43,0.082,20.6,normal,LOW
2026-09-17T21:40:00,6.67,1.354,-0.0546,1.6,-0.0091,5.49,0.072,20.7,normal,LOW
2026-09-17T21:50:00,6.8,1.355,0.0096,0.13,0.0016,5.61,0.036,20.4,normal,LOW
2026-09-17T22:00:00,6.78,1.355,0.0018,-0.02,0.0003,5.77,0.017,20.9,normal,LOW
2026-09-17T22:10:00,6.97,1.328,-0.165,0.2,-0.0275,5.89,-0.056,20.5,normal,LOW
2026-09-17T22:20:00,7.41,1.322,-0.033,0.44,-0.0055,5.97,-0.081,20.0,normal,LOW
2026-09-17T22:30:00,8.15,1.329,0.0396,0.73,0.0066,6.06,-0.093,20.5,normal,LOW
2026-09-17T22:40:00,7.59,1.36,0.1878,-0.56,0.0313,6.13,-0.047,20.6,normal,LOW
2026-09-17T22:50:00,7.11,1.359,-0.0072,-0.48,-0.0012,6.21,-0.03,20.5,normal,LOW
2026-09-17T23:00:00,8.03,1.356,-0.0204,0.92,-0.0034,6.33,-0.054,21.1,normal,LOW
2026-09-17T23:10:00,7.02,1.339,-0.0996,-1.02,-0.0166,6.37,-0.018,20.6,normal,LOW
2026-09-17T23:20:00,7.77,1.347,0.0462,0.75,0.0077,6.51,-0.003,20.8,normal,LOW
2026-09-17T23:30:00,7.14,1.296,-0.3078,-0.63,-0.0513,6.59,-0.033,20.8,normal,LOW
2026-09-17T23:40:00,6.84,1.291,-0.0252,-0.3,-0.0042,6.66,-0.03,19.8,normal,LOW
2026-09-17T23:50:00,6.61,1.319,0.168,-0.22,0.028,6.72,-0.056,20.3,normal,LOW
2026-09-18T00:00:00,6.73,1.361,0.2478,0.11,0.0413,6.78,0.002,20.3,normal,LOW
2026-09-18T00:10:00,7.78,1.369,0.0492,1.05,0.0082,6.94,0.022,20.5,normal,LOW
2026-09-18T00:20:00,6.77,1.346,-0.1368,-1.01,-0.0228,7.07,-0.017,20.5,normal,LOW
2026-09-18T00:30:00,6.85,1.358,0.0744,0.08,0.0124,7.17,0.005,20.7,normal,LOW
2026-09-18T00:40:00,7.99,1.351,-0.0462,1.14,-0.0077,7.24,-0.005,20.3,normal,LOW
2026-09-18T00:50:00,9.07,1.33,-0.1218,1.08,-0.0203,7.37,-0.025,20.2,normal,LOW
2026-09-18T01:00:00,9.66,1.334,0.0204,0.58,0.0034,7.53,0.006,19.6,normal,LOW
2026-09-18T01:10:00,9.76,1.363,0.1776,0.1,0.0296,7.68,0.041,20.0,normal,LOW
2026-09-18T01:20:00,7.34,1.374,0.066,-2.42,0.011,7.68,0.045,19.6,normal,LOW
2026-09-18T01:30:00,8.09,1.377,0.0174,0.75,0.0029,7.68,0.017,19.8,normal,LOW
2026-09-18T01:40:00,7.55,1.385,0.0474,-0.55,0.0079,7.67,0.026,20.0,normal,LOW
2026-09-18T01:50:00,8.05,1.372,-0.0768,0.51,-0.0128,7.73,0.017,20.6,normal,LOW
2026-09-18T02:00:00,7.74,1.385,0.0774,-0.31,0.0129,7.71,0.046,19.7,normal,LOW
2026-09-18T02:10:00,6.71,1.349,-0.2196,-1.04,-0.0366,7.69,0.002,20.5,normal,LOW
2026-09-18T02:20:00,6.44,1.315,-0.2046,-0.26,-0.0341,7.62,0.019,19.7,normal,LOW
2026-09-18T02:30:00,7.37,1.315,0.0048,0.93,0.0008,7.63,0.024,19.6,normal,LOW
2026-09-18T02:40:00,6.76,1.326,0.0612,-0.61,0.0102,7.63,0.006,20.3,normal,LOW
2026-09-18T02:50:00,5.36,1.313,-0.0768,-1.4,-0.0128,7.56,-0.048,19.7,normal,LOW
2026-09-18T03:00:00,5.57,1.33,0.1014,0.21,0.0169,7.49,-0.039,19.6,normal,LOW
2026-09-18T03:10:00,5.69,1.339,0.057,0.12,0.0095,7.38,-0.007,20.3,normal,LOW
2026-09-18T03:20:00,7.05,1.321,-0.1116,1.36,-0.0186,7.39,-0.038,19.8,normal,LOW
2026-09-18T03:30:00,7.22,1.337,0.1008,0.17,0.0168,7.41,-0.013,19.5,normal,LOW
2026-09-18T03:40:00,7.56,1.329,-0.0528,0.34,-0.0088,7.39,-0.002,20.2,normal,LOW
2026-09-18T03:50:00,7.66,1.341,0.0744,0.1,0.0124,7.31,0.007,20.5,normal,LOW
2026-09-18T04:00:00,8.04,1.363,0.1302,0.37,0.0217,7.22,-0.001,20.1,normal,LOW
2026-09-18T04:10:00,8.63,1.322,-0.2436,0.59,-0.0406,7.16,-0.052,19.8,normal,LOW
2026-09-18T04:20:00,8.02,1.289,-0.201,-0.61,-0.0335,7.2,-0.089,19.6,normal,LOW
2026-09-18T04:30:00,8.17,1.281,-0.0474,0.15,-0.0079,7.2,-0.104,20.3,normal,LOW
2026-09-18T04:40:00,8.56,1.277,-0.0246,0.39,-0.0041,7.26,-0.096,20.6,normal,LOW
2026-09-18T04:50:00,8.37,1.289,0.0732,-0.19,0.0122,7.27,-0.096,19.5,normal,LOW
2026-09-18T05:00:00,7.94,1.255,-0.2058,-0.43,-0.0343,7.28,-0.094,20.1,normal,LOW
2026-09-18T05:10:00,7.83,1.248,-0.0408,-0.11,-0.0068,7.35,-0.067,19.8,normal,LOW
2026-09-18T05:20:00,7.51,1.264,0.099,-0.32,0.0165,7.41,-0.051,20.0,normal,LOW
2026-09-18T05:30:00,5.85,1.271,0.0402,-1.67,0.0067,7.32,-0.055,19.9,normal,LOW
2026-09-18T05:40:00,5.3,1.276,0.0324,-0.55,0.0054,7.24,-0.036,20.1,normal,LOW
2026-09-18T05:50:00,4.42,1.267,-0.0588,-0.87,-0.0098,7.19,-0.063,19.5,normal,LOW
2026-09-18T06:00:00,3.71,1.271,0.0288,-0.71,0.0048,7.08,-0.068,19.8,normal,LOW
2026-09-18T06:10:00,2.69,1.271,-0.0024,-1.02,-0.0004,6.92,-0.05,19.9,normal,LOW
2026-09-18T06:20:00,2.64,1.268,-0.015,-0.05,-0.0025,6.67,-0.069,20.4,normal,LOW
2026-09-18T06:30:00,2.47,1.289,0.1236,-0.17,0.0206,6.41,-0.04,20.5,normal,LOW
2026-09-18T06:40:00,3.02,1.251,-0.231,0.55,-0.0385,6.16,-0.09,19.9,normal,LOW
2026-09-18T06:50:00,3.31,1.254,0.0174,0.29,0.0029,5.91,-0.109,20.3,normal,LOW
2026-09-18T07:00:00,5.41,1.236,-0.1062,2.1,-0.0177,5.77,-0.086,20.0,normal,LOW
2026-09-18T07:10:00,4.62,1.248,0.0756,-0.78,0.0126,5.55,-0.04,20.1,normal,LOW
2026-09-18T07:20:00,5.33,1.26,0.0666,0.71,0.0111,5.4,-0.021,20.0,normal,LOW
2026-09-18T07:30:00,4.38,1.261,0.006,-0.96,0.001,5.19,-0.016,19.7,normal,LOW
2026-09-18T07:40:00,3.22,1.257,-0.0234,-1.16,-0.0039,4.89,-0.032,20.1,normal,LOW
2026-09-18T07:50:00,3.76,1.246,-0.0624,0.55,-0.0104,4.63,-0.008,19.7,normal,LOW
2026-09-18T08:00:00,5.42,1.23,-0.096,1.66,-0.016,4.49,-0.017,20.2,normal,LOW
2026-09-18T08:10:00,4.13,1.254,0.1416,-1.29,0.0236,4.29,-0.01,20.0,normal,LOW
2026-09-18T08:20:00,3.6,1.258,0.0234,-0.54,0.0039,4.07,-0.013,20.2,normal,LOW
2026-09-18T08:30:00,3.76,1.263,0.0318,0.16,0.0053,3.95,-0.013,20.4,normal,LOW
2026-09-18T08:40:00,4.34,1.283,0.1164,0.58,0.0194,3.9,0.016,20.2,normal,LOW
2026-09-18T08:50:00,6.22,1.278,-0.0282,1.87,-0.0047,4.0,0.007,19.8,normal,LOW
2026-09-18T09:00:00,7.78,1.28,0.012,1.57,0.002,4.23,0.009,20.7,normal,LOW
2026-09-18T09:10:00,7.36,1.268,-0.0684,-0.42,-0.0114,4.49,-0.0,20.3,normal,LOW
2026-09-18T09:20:00,8.27,1.282,0.0828,0.91,0.0138,4.8,-0.007,20.1,normal,LOW
2026-09-18T09:30:00,6.75,1.346,0.3798,-1.52,0.0633,5.04,0.095,20.1,normal,LOW
2026-09-18T09:40:00,7.0,1.366,0.1206,0.26,0.0201,5.26,0.112,20.1,normal,LOW
2026-09-18T09:50:00,6.27,1.361,-0.0264,-0.73,-0.0044,5.42,0.125,20.8,normal,LOW
2026-09-18T10:00:00,6.35,1.328,-0.2028,0.08,-0.0338,5.48,0.079,20.4,normal,LOW
2026-09-18T10:10:00,5.89,1.33,0.0144,-0.47,0.0024,5.55,0.07,19.6,normal,LOW
2026-09-18T10:20:00,5.77,1.346,0.096,-0.12,0.016,5.57,0.085,19.9,normal,LOW
2026-09-18T10:30:00,4.89,1.321,-0.153,-0.89,-0.0255,5.6,0.064,20.7,normal,LOW
2026-09-18T10:40:00,4.74,1.297,-0.1392,-0.15,-0.0232,5.68,0.051,20.0,normal,LOW
2026-09-18T10:50:00,4.6,1.303,0.0312,-0.14,0.0052,5.73,0.072,20.9,normal,LOW
2026-09-18T11:00:00,4.12,1.304,0.0114,-0.48,0.0019,5.66,0.05,20.1,normal,LOW
2026-09-18T11:10:00,3.81,1.3,-0.0276,-0.31,-0.0046,5.64,0.042,20.4,normal,LOW
2026-09-18T11:20:00,3.53,1.313,0.0804,-0.28,0.0134,5.64,0.05,19.9,normal,LOW
2026-09-18T11:30:00,3.16,1.31,-0.0168,-0.37,-0.0028,5.6,0.028,20.3,normal,LOW
2026-09-18T11:40:00,2.56,1.322,0.0672,-0.6,0.0112,5.5,0.044,20.4,normal,LOW
2026-09-18T11:50:00,2.08,1.333,0.0714,-0.48,0.0119,5.27,0.053,20.8,normal,LOW
2026-09-18T12:00:00,1.5,1.306,-0.1614,-0.59,-0.0269,4.92,0.038,20.2,normal,LOW
2026-09-18T12:10:00,2.89,1.317,0.063,1.39,0.0105,4.68,0.035,20.4,normal,LOW
2026-09-18T12:20:00,3.29,1.306,-0.0666,0.4,-0.0111,4.4,-0.04,20.3,normal,LOW
2026-09-18T12:30:00,5.03,1.272,-0.2058,1.75,-0.0343,4.3,-0.094,20.1,normal,LOW
2026-09-18T12:40:00,5.49,1.271,-0.0018,0.45,-0.0003,4.22,-0.09,20.4,normal,LOW
2026-09-18T12:50:00,5.5,1.263,-0.051,0.01,-0.0085,4.18,-0.065,20.6,normal,LOW
2026-09-18T13:00:00,6.78,1.299,0.2154,1.29,0.0359,4.2,-0.031,20.7,normal,LOW
2026-09-18T13:10:00,7.15,1.293,-0.0372,0.37,-0.0062,4.27,-0.053,20.7,normal,LOW
2026-09-18T13:20:00,6.96,1.291,-0.0096,-0.19,-0.0016,4.34,-0.029,20.6,normal,LOW
2026-09-18T13:30:00,5.77,1.273,-0.1068,-1.19,-0.0178,4.39,-0.024,20.5,normal,LOW
2026-09-18T13:40:00,5.86,1.305,0.1908,0.09,0.0318,4.45,0.003,20.8,normal,LOW
2026-09-18T13:50:00,6.53,1.273,-0.192,0.68,-0.032,4.55,-0.031,20.9,normal,LOW
2026-09-18T14:00:00,6.53,1.277,0.024,-0.01,0.004,4.69,-0.023,20.5,normal,LOW
2026-09-18T14:10:00,6.06,1.308,0.183,-0.46,0.0305,4.81,-0.005,20.7,normal,LOW
2026-09-18T14:20:00,4.83,1.264,-0.2628,-1.23,-0.0438,4.89,-0.046,20.7,normal,LOW
2026-09-18T14:30:00,5.76,1.266,0.0156,0.94,0.0026,5.03,-0.055,21.3,normal,LOW
2026-09-18T14:40:00,4.41,1.247,-0.1176,-1.36,-0.0196,5.13,-0.087,20.9,normal,LOW
2026-09-18T14:50:00,4.08,1.235,-0.0732,-0.32,-0.0122,5.24,-0.072,21.2,normal,LOW
2026-09-18T15:00:00,5.48,1.241,0.0396,1.4,0.0066,5.47,-0.076,20.9,normal,LOW
2026-09-18T15:10:00,6.69,1.237,-0.0246,1.21,-0.0041,5.68,-0.069,21.1,normal,LOW
2026-09-18T15:20:00,6.57,1.255,0.1092,-0.12,0.0182,5.86,-0.016,20.9,normal,LOW
2026-09-18T15:30:00,5.17,1.242,-0.0786,-1.4,-0.0131,5.87,-0.029,21.3,normal,LOW
2026-09-18T15:40:00,4.85,1.224,-0.1074,-0.32,-0.0179,5.83,-0.038,21.3,normal,LOW
2026-09-18T15:50:00,5.11,1.221,-0.021,0.26,-0.0035,5.81,-0.078,20.9,normal,LOW
2026-09-18T16:00:00,6.3,1.237,0.0996,1.19,0.0166,5.78,-0.055,21.7,normal,LOW
2026-09-18T16:10:00,5.31,1.248,0.0606,-0.98,0.0101,5.68,-0.043,21.3,normal,LOW
2026-09-18T16:20:00,6.32,1.208,-0.237,1.0,-0.0395,5.65,-0.065,20.9,normal,LOW
2026-09-18T16:30:00,5.83,1.2,-0.0456,-0.49,-0.0076,5.65,-0.105,21.1,normal,LOW
2026-09-18T16:40:00,6.5,1.228,0.1662,0.67,0.0277,5.69,-0.045,21.2,normal,LOW
2026-09-18T16:50:00,4.96,1.256,0.1644,-1.54,0.0274,5.6,-0.022,21.0,normal,LOW
2026-09-18T17:00:00,5.84,1.293,0.2274,0.89,0.0379,5.56,-0.014,21.2,normal,LOW
2026-09-18T17:10:00,5.45,1.283,-0.06,-0.4,-0.01,5.53,0.02,21.8,normal,LOW
2026-09-18T17:20:00,5.42,1.292,0.054,-0.03,0.009,5.56,0.026,21.2,normal,LOW
2026-09-18T17:30:00,4.85,1.259,-0.1998,-0.57,-0.0333,5.51,0.012,21.8,normal,LOW
2026-09-18T17:40:00,5.55,1.266,0.0426,0.69,0.0071,5.57,0.032,21.3,normal,LOW
2026-09-18T17:50:00,6.43,1.249,-0.1038,0.88,-0.0173,5.7,0.008,21.7,normal,LOW
2026-09-18T18:00:00,6.31,1.265,0.099,-0.12,0.0165,5.75,0.028,22.3,normal,LOW
2026-09-18T18:10:00,6.64,1.265,-0.0024,0.33,-0.0004,5.74,0.01,21.6,normal,LOW
2026-09-18T18:20:00,7.37,1.303,0.2262,0.73,0.0377,5.79,0.06,21.9,normal,LOW
2026-09-18T18:30:00,8.25,1.282,-0.1248,0.88,-0.0208,5.96,0.057,21.7,normal,LOW
2026-09-18T18:40:00,7.51,1.293,0.0696,-0.74,0.0116,6.11,0.073,21.5,normal,LOW
2026-09-18T18:50:00,6.5,1.278,-0.0924,-1.01,-0.0154,6.19,0.041,22.0,normal,LOW
2026-09-18T19:00:00,6.48,1.281,0.0144,-0.02,0.0024,6.2,0.033,22.2,normal,LOW
2026-09-18T19:10:00,4.93,1.273,-0.0468,-1.55,-0.0078,6.17,0.065,21.9,normal,LOW
2026-09-18T19:20:00,3.63,1.278,0.0312,-1.3,0.0052,6.03,0.077,22.0,normal,LOW
2026-09-18T19:30:00,4.39,1.259,-0.114,0.76,-0.019,5.95,0.031,21.3,normal,LOW
2026-09-18T19:40:00,6.01,1.267,0.0504,1.61,0.0084,5.92,0.012,22.3,normal,LOW
2026-09-18T19:50:00,5.46,1.204,-0.3816,-0.55,-0.0636,5.95,-0.09,21.6,normal,LOW
2026-09-18T20:00:00,5.27,1.182,-0.1278,-0.19,-0.0213,5.91,-0.101,22.1,normal,LOW
2026-09-18T20:10:00,6.54,1.205,0.135,1.27,0.0225,5.97,-0.087,21.7,normal,LOW
2026-09-18T20:20:00,6.31,1.246,0.2436,-0.23,0.0406,6.02,-0.014,22.7,normal,LOW
2026-09-18T20:30:00,5.75,1.255,0.0564,-0.56,0.0094,6.07,-0.011,22.2,normal,LOW
2026-09-18T20:40:00,5.5,1.246,-0.0534,-0.25,-0.0089,6.07,-0.003,22.4,normal,LOW
2026-09-18T20:50:00,6.69,1.26,0.0852,1.19,0.0142,6.09,-0.005,22.1,normal,LOW
2026-09-18T21:00:00,5.75,1.291,0.1878,-0.94,0.0313,6.05,0.026,22.8,normal,LOW
2026-09-18T21:10:00,4.81,1.281,-0.06,-0.94,-0.01,5.95,-0.021,21.8,normal,LOW
2026-09-18T21:20:00,6.33,1.267,-0.0858,1.51,-0.0143,5.9,-0.015,22.7,normal,LOW
2026-09-18T21:30:00,5.3,1.238,-0.1764,-1.03,-0.0294,5.73,-0.056,22.6,normal,LOW
2026-09-18T21:40:00,5.54,1.249,0.069,0.25,0.0115,5.62,-0.029,22.2,normal,LOW
2026-09-18T21:50:00,6.2,1.254,0.0306,0.66,0.0051,5.6,-0.026,22.5,normal,LOW
2026-09-18T22:00:00,6.63,1.236,-0.111,0.43,-0.0185,5.61,-0.037,22.0,normal,LOW
2026-09-18T22:10:00,5.91,1.231,-0.027,-0.72,-0.0045,5.67,-0.047,22.9,normal,LOW
2026-09-18T22:20:00,7.33,1.218,-0.0828,1.42,-0.0138,5.87,-0.041,22.9,normal,LOW
2026-09-18T22:30:00,5.79,1.212,-0.0348,-1.54,-0.0058,5.95,-0.055,23.0,normal,LOW
2026-09-18T22:40:00,5.96,1.218,0.0396,0.17,0.0066,5.95,0.015,23.1,normal,LOW
2026-09-18T22:50:00,5.18,1.195,-0.1428,-0.79,-0.0238,5.93,0.012,23.1,normal,LOW
2026-09-18T23:00:00,5.12,1.217,0.1368,-0.06,0.0228,5.92,0.012,23.0,normal,LOW
2026-09-18T23:10:00,4.73,1.199,-0.1086,-0.39,-0.0181,5.82,-0.046,22.9,normal,LOW
2026-09-18T23:20:00,5.52,1.203,0.021,0.79,0.0035,5.78,-0.052,23.0,normal,LOW
2026-09-18T23:30:00,5.37,1.2,-0.0168,-0.15,-0.0028,5.76,-0.046,23.1,normal,LOW
2026-09-18T23:40:00,7.21,1.207,0.0402,1.84,0.0067,5.85,-0.054,22.7,normal,LOW
2026-09-18T23:50:00,7.45,1.212,0.0348,0.25,0.0058,5.9,-0.079,22.5,normal,LOW
2026-09-19T00:00:00,7.71,1.249,0.2214,0.26,0.0369,6.01,-0.032,23.1,normal,LOW
2026-09-19T00:10:00,8.55,1.247,-0.012,0.83,-0.002,6.21,-0.02,23.0,normal,LOW
2026-09-19T00:20:00,8.8,1.243,-0.0288,0.25,-0.0048,6.35,0.005,22.8,normal,LOW
2026-09-19T00:30:00,7.67,1.227,-0.096,-1.13,-0.016,6.48,-0.023,22.7,normal,LOW
2026-09-19T00:40:00,7.59,1.236,0.0558,-0.08,0.0093,6.6,-0.019,23.3,normal,LOW
2026-09-19T00:50:00,6.83,1.277,0.2454,-0.76,0.0409,6.63,0.041,23.4,normal,LOW
2026-09-19T01:00:00,6.04,1.28,0.0216,-0.78,0.0036,6.6,0.049,23.1,normal,LOW
2026-09-19T01:10:00,6.61,1.261,-0.1134,0.56,-0.0189,6.64,0.044,23.5,normal,LOW
2026-09-19T01:20:00,7.21,1.265,0.0204,0.6,0.0034,6.63,0.053,23.5,normal,LOW
2026-09-19T01:30:00,6.22,1.271,0.0384,-0.99,0.0064,6.65,0.053,23.9,normal,LOW
2026-09-19T01:40:00,7.06,1.263,-0.0504,0.84,-0.0084,6.72,0.068,24.4,normal,LOW
2026-09-19T01:50:00,6.65,1.255,-0.0456,-0.41,-0.0076,6.8,0.038,23.3,normal,LOW
2026-09-19T02:00:00,6.86,1.271,0.0948,0.21,0.0158,6.89,0.072,23.7,normal,LOW
2026-09-19T02:10:00,6.76,1.261,-0.0576,-0.1,-0.0096,7.01,0.059,23.7,normal,LOW
2026-09-19T02:20:00,8.23,1.272,0.0642,1.48,0.0107,7.16,0.072,23.8,normal,LOW
2026-09-19T02:30:00,7.27,1.279,0.0432,-0.97,0.0072,7.26,0.073,24.0,normal,LOW
2026-09-19T02:40:00,6.73,1.292,0.078,-0.54,0.013,7.24,0.08,23.4,normal,LOW
2026-09-19T02:50:00,6.36,1.309,0.1008,-0.37,0.0168,7.17,0.06,23.7,normal,LOW
2026-09-19T03:00:00,5.43,1.299,-0.0576,-0.93,-0.0096,7.05,0.052,24.2,normal,LOW
2026-09-19T03:10:00,4.79,1.278,-0.132,-0.64,-0.022,6.84,0.035,24.0,normal,LOW
2026-09-19T03:20:00,5.01,1.295,0.1032,0.22,0.0172,6.63,0.068,24.0,normal,LOW
2026-09-19T03:30:00,3.75,1.287,-0.0444,-1.26,-0.0074,6.41,0.051,23.5,normal,LOW
2026-09-19T03:40:00,3.25,1.288,0.003,-0.5,0.0005,6.17,0.011,24.3,normal,LOW
2026-09-19T03:50:00,4.68,1.264,-0.1428,1.43,-0.0238,6.05,-0.016,24.3,normal,LOW
2026-09-19T04:00:00,4.82,1.275,0.0666,0.13,0.0111,5.98,0.014,24.0,normal,LOW
2026-09-19T04:10:00,2.58,1.239,-0.2172,-2.23,-0.0362,5.76,-0.026,24.0,normal,LOW
2026-09-19T04:20:00,3.27,1.207,-0.1902,0.69,-0.0317,5.54,-0.064,23.9,normal,LOW
2026-09-19T04:30:00,4.89,1.237,0.1794,1.62,0.0299,5.47,-0.026,24.4,normal,LOW
2026-09-19T04:40:00,5.7,1.227,-0.0582,0.81,-0.0097,5.39,-0.028,24.5,normal,LOW
2026-09-19T04:50:00,6.15,1.231,0.024,0.44,0.004,5.36,-0.04,24.1,normal,LOW
2026-09-19T05:00:00,5.93,1.242,0.0618,-0.21,0.0103,5.31,-0.02,24.1,normal,LOW
2026-09-19T05:10:00,7.88,1.237,-0.0306,1.95,-0.0051,5.37,-0.036,24.2,normal,LOW
2026-09-19T05:20:00,8.44,1.277,0.2424,0.55,0.0404,5.39,-0.002,24.0,normal,LOW
2026-09-19T05:30:00,6.35,1.281,0.0264,-2.09,0.0044,5.33,-0.011,24.0,normal,LOW
2026-09-19T05:40:00,6.78,1.271,-0.06,0.43,-0.01,5.34,-0.038,24.3,normal,LOW
2026-09-19T05:50:00,7.65,1.265,-0.0348,0.87,-0.0058,5.41,-0.034,24.3,normal,LOW
2026-09-19T06:00:00,6.51,1.275,0.0588,-1.15,0.0098,5.47,-0.002,24.8,normal,LOW
2026-09-19T06:10:00,6.09,1.289,0.0828,-0.42,0.0138,5.54,-0.006,24.8,normal,LOW
2026-09-19T06:20:00,4.61,1.282,-0.0426,-1.48,-0.0071,5.52,-0.005,24.4,normal,LOW
2026-09-19T06:30:00,4.34,1.258,-0.1428,-0.27,-0.0238,5.55,-0.03,24.4,normal,LOW
2026-09-19T06:40:00,3.16,1.24,-0.1068,-1.18,-0.0178,5.55,-0.024,24.7,normal,LOW
2026-09-19T06:50:00,4.69,1.22,-0.1218,1.53,-0.0203,5.55,-0.055,25.2,normal,LOW
2026-09-19T07:00:00,5.59,1.239,0.1152,0.91,0.0192,5.59,0.0,24.4,normal,LOW
2026-09-19T07:10:00,4.69,1.229,-0.0612,-0.9,-0.0102,5.71,0.022,24.8,normal,LOW
2026-09-19T07:20:00,5.41,1.24,0.0666,0.72,0.0111,5.83,0.003,24.3,normal,LOW
2026-09-19T07:30:00,5.73,1.208,-0.192,0.31,-0.032,5.87,-0.019,24.2,normal,LOW
2026-09-19T07:40:00,7.04,1.229,0.1272,1.32,0.0212,5.95,-0.002,25.3,normal,LOW
2026-09-19T07:50:00,6.27,1.242,0.0762,-0.78,0.0127,5.95,0.0,25.0,normal,LOW
2026-09-19T08:00:00,8.1,1.235,-0.0432,1.84,-0.0072,6.07,-0.002,25.1,normal,LOW
2026-09-19T08:10:00,6.47,1.244,0.0522,-1.63,0.0087,6.0,-0.033,24.6,normal,LOW
2026-09-19T08:20:00,7.31,1.261,0.1038,0.84,0.0173,5.93,-0.02,25.2,normal,LOW
2026-09-19T08:30:00,6.79,1.244,-0.1026,-0.52,-0.0171,5.96,-0.027,25.7,normal,LOW
2026-09-19T08:40:00,5.6,1.241,-0.0168,-1.2,-0.0028,5.89,-0.024,24.8,normal,LOW
2026-09-19T08:50:00,4.34,1.269,0.1656,-1.25,0.0276,5.71,-0.007,25.4,normal,LOW
2026-09-19T09:00:00,4.29,1.281,0.075,-0.05,0.0125,5.59,-0.008,25.2,normal,LOW
2026-09-19T09:10:00,3.67,1.272,-0.054,-0.63,-0.009,5.45,-0.01,25.3,normal,LOW
2026-09-19T09:20:00,2.87,1.239,-0.2004,-0.8,-0.0334,5.35,-0.019,25.1,normal,LOW
2026-09-19T09:30:00,3.51,1.26,0.129,0.64,0.0215,5.31,0.02,25.5,normal,LOW
2026-09-19T09:40:00,4.59,1.27,0.0594,1.08,0.0099,5.39,0.05,25.2,normal,LOW
2026-09-19T09:50:00,5.2,1.264,-0.0366,0.61,-0.0061,5.42,0.025,25.4,normal,LOW
2026-09-19T10:00:00,4.67,1.298,0.2052,-0.54,0.0342,5.36,0.069,25.0,normal,LOW
2026-09-19T10:10:00,5.66,1.265,-0.1974,0.99,-0.0329,5.42,0.025,24.8,normal,LOW
2026-09-19T10:20:00,6.36,1.276,0.0606,0.7,0.0101,5.47,0.067,25.2,normal,LOW
2026-09-19T10:30:00,6.35,1.247,-0.1734,-0.01,-0.0289,5.51,0.017,25.3,normal,LOW
2026-09-19T10:40:00,6.0,1.262,0.0936,-0.35,0.0156,5.45,0.02,25.3,normal,LOW
2026-09-19T10:50:00,7.21,1.233,-0.1734,1.21,-0.0289,5.5,-0.002,25.7,normal,LOW
2026-09-19T11:00:00,6.82,1.247,0.0822,-0.39,0.0137,5.43,0.003,25.2,normal,LOW
2026-09-19T11:10:00,5.95,1.237,-0.0618,-0.87,-0.0103,5.4,-0.024,25.8,normal,LOW
2026-09-19T11:20:00,7.1,1.212,-0.1452,1.15,-0.0242,5.39,-0.031,25.5,normal,LOW
2026-09-19T11:30:00,5.74,1.195,-0.1038,-1.36,-0.0173,5.33,-0.046,25.2,normal,LOW
2026-09-19T11:40:00,6.01,1.227,0.1878,0.27,0.0313,5.35,-0.042,25.2,normal,LOW
2026-09-19T11:50:00,5.45,1.241,0.0858,-0.56,0.0143,5.41,-0.04,25.7,normal,LOW
2026-09-19T12:00:00,6.11,1.25,0.054,0.66,0.009,5.51,-0.022,25.6,normal,LOW
2026-09-19T12:10:00,7.0,1.256,0.0348,0.89,0.0058,5.7,0.017,25.4,normal,LOW
2026-09-19T12:20:00,7.34,1.312,0.3408,0.35,0.0568,5.95,0.052,26.0,normal,LOW
2026-09-19T12:30:00,8.48,1.3,-0.072,1.13,-0.012,6.22,0.03,25.1,normal,LOW
2026-09-19T12:40:00,8.29,1.326,0.1512,-0.19,0.0252,6.43,0.062,25.8,normal,LOW
2026-09-19T12:50:00,7.8,1.342,0.1008,-0.49,0.0168,6.57,0.044,25.0,normal,LOW
2026-09-19T13:00:00,7.14,1.382,0.237,-0.66,0.0395,6.71,0.116,25.9,normal,LOW
2026-09-19T13:10:00,7.09,1.38,-0.0102,-0.04,-0.0017,6.79,0.105,26.2,normal,LOW
2026-09-19T13:20:00,6.55,1.388,0.0444,-0.54,0.0074,6.8,0.141,25.6,normal,LOW
2026-09-19T13:30:00,7.05,1.376,-0.0678,0.49,-0.0113,6.84,0.114,25.6,normal,LOW
2026-09-19T13:40:00,5.96,1.366,-0.0612,-1.09,-0.0102,6.84,0.133,25.3,normal,LOW
2026-09-19T13:50:00,4.56,1.37,0.0216,-1.4,0.0036,6.69,0.123,25.6,normal,LOW
2026-09-19T14:00:00,4.16,1.351,-0.1134,-0.4,-0.0189,6.54,0.114,25.6,normal,LOW
2026-09-19T14:10:00,4.07,1.342,-0.0546,-0.1,-0.0091,6.44,0.129,25.7,normal,LOW
2026-09-19T14:20:00,3.98,1.31,-0.189,-0.09,-0.0315,6.26,0.115,26.0,normal,LOW
2026-09-19T14:30:00,4.85,1.281,-0.1776,0.87,-0.0296,6.22,0.054,25.9,normal,LOW
2026-09-19T14:40:00,6.18,1.271,-0.0558,1.33,-0.0093,6.23,0.03,25.6,normal,LOW
2026-09-19T14:50:00,6.17,1.266,-0.0336,-0.01,-0.0056,6.27,0.016,26.2,normal,LOW
2026-09-19T15:00:00,7.05,1.264,-0.0114,0.88,-0.0019,6.32,0.008,26.2,normal,LOW
2026-09-19T15:10:00,8.08,1.278,0.0846,1.03,0.0141,6.38,-0.035,26.0,normal,LOW
2026-09-19T15:20:00,7.82,1.283,0.0294,-0.26,0.0049,6.4,-0.018,25.8,normal,LOW
2026-09-19T15:30:00,6.85,1.265,-0.1062,-0.98,-0.0177,6.31,-0.061,26.0,normal,LOW
2026-09-19T15:40:00,7.42,1.274,0.0558,0.58,0.0093,6.27,-0.068,25.5,normal,LOW
2026-09-19T15:50:00,7.94,1.271,-0.0204,0.51,-0.0034,6.27,-0.111,25.9,normal,LOW
2026-09-19T16:00:00,6.26,1.247,-0.1458,-1.68,-0.0243,6.22,-0.134,26.1,normal,LOW
2026-09-19T16:10:00,7.33,1.295,0.2874,1.07,0.0479,6.24,-0.093,25.9,normal,LOW
2026-09-19T16:20:00,7.17,1.308,0.0816,-0.16,0.0136,6.27,-0.068,26.0,normal,LOW
2026-09-19T16:30:00,24.8,1.8,2.9514,17.64,0.4919,7.26,0.434,19.8,heavy_rain,LOW
2026-09-19T16:40:00,37.12,1.8,0.0,12.31,0.0,8.99,0.43,19.3,heavy_rain,LOW
2026-09-19T16:50:00,44.95,1.801,0.0036,7.83,0.0006,11.23,0.45,19.4,heavy_rain,LOW
2026-09-19T17:00:00,45.5,1.801,0.0024,0.55,0.0004,13.53,0.459,20.4,heavy_rain,LOW
2026-09-19T17:10:00,45.81,1.815,0.0828,0.31,0.0138,15.85,0.505,19.4,heavy_rain,MEDIUM
2026-09-19T17:20:00,49.26,1.825,0.0624,3.45,0.0104,18.36,0.545,19.7,heavy_rain,LOW
2026-09-19T17:30:00,54.35,1.863,0.2274,5.09,0.0379,21.11,0.592,19.7,heavy_rain,MEDIUM
2026-09-19T17:40:00,59.57,1.892,0.174,5.22,0.029,24.08,0.627,18.9,heavy_rain,MEDIUM
2026-09-19T17:50:00,55.4,1.927,0.21,-4.17,0.035,26.82,0.663,19.3,heavy_rain,MEDIUM
2026-09-19T18:00:00,53.27,1.946,0.114,-2.13,0.019,29.38,0.668,19.6,heavy_rain,MEDIUM
2026-09-19T18:10:00,52.92,1.968,0.1308,-0.34,0.0218,31.87,0.685,19.5,heavy_rain,MEDIUM
2026-09-19T18:20:00,56.57,1.994,0.156,3.64,0.026,34.58,0.729,19.7,heavy_rain,MEDIUM
2026-09-19T18:30:00,62.69,2.026,0.1926,6.12,0.0321,37.68,0.752,20.1,heavy_rain,MEDIUM
2026-09-19T18:40:00,66.26,2.057,0.1836,3.58,0.0306,40.95,0.786,19.5,heavy_rain,MEDIUM
2026-09-19T18:50:00,60.63,2.073,0.096,-5.63,0.016,43.88,0.826,19.8,heavy_rain,MEDIUM
2026-09-19T19:00:00,65.71,2.1,0.1614,5.08,0.0269,47.18,0.805,20.1,heavy_rain,MEDIUM
2026-09-19T19:10:00,66.05,2.133,0.1986,0.34,0.0331,50.45,0.825,19.0,heavy_rain,MEDIUM
2026-09-19T19:20:00,65.09,2.166,0.2004,-0.96,0.0334,53.66,0.366,19.7,heavy_rain,MEDIUM
2026-09-19T19:30:00,64.1,2.209,0.2562,-0.98,0.0427,55.85,0.409,19.9,heavy_rain,MEDIUM
2026-09-19T19:40:00,62.32,2.248,0.234,-1.78,0.039,57.25,0.447,19.3,heavy_rain,MEDIUM
2026-09-19T19:50:00,55.93,2.279,0.186,-6.39,0.031,57.86,0.478,20.1,heavy_rain,MEDIUM
2026-09-19T20:00:00,54.63,2.308,0.1782,-1.3,0.0297,58.36,0.494,20.0,heavy_rain,MEDIUM
2026-09-19T20:10:00,54.41,2.345,0.2166,-0.22,0.0361,58.84,0.519,19.7,heavy_rain,MEDIUM
2026-09-19T20:20:00,56.93,2.367,0.135,2.51,0.0225,59.27,0.504,19.9,heavy_rain,MEDIUM
2026-09-19T20:30:00,59.79,2.393,0.1578,2.86,0.0263,59.57,0.501,19.5,heavy_rain,MEDIUM
2026-09-19T20:40:00,61.09,2.428,0.2076,1.3,0.0346,59.65,0.501,19.4,heavy_rain,MEDIUM
2026-09-19T20:50:00,64.3,2.451,0.1386,3.21,0.0231,60.15,0.505,19.2,heavy_rain,MEDIUM
2026-09-19T21:00:00,60.22,2.48,0.1764,-4.09,0.0294,60.53,0.512,20.1,heavy_rain,MEDIUM
2026-09-19T21:10:00,58.32,2.487,0.039,-1.9,0.0065,60.83,0.493,19.5,heavy_rain,MEDIUM
2026-09-19T21:20:00,57.68,2.511,0.1452,-0.63,0.0242,60.9,0.485,19.8,heavy_rain,MEDIUM
2026-09-19T21:30:00,59.68,2.552,0.2424,2.0,0.0404,60.73,0.495,19.4,heavy_rain,MEDIUM
2026-09-19T21:40:00,54.58,2.571,0.114,-5.1,0.019,60.08,0.498,19.1,heavy_rain,MEDIUM
2026-09-19T21:50:00,59.35,2.581,0.0624,4.77,0.0104,60.01,0.481,19.0,heavy_rain,MEDIUM
2026-09-19T22:00:00,56.92,2.615,0.2022,-2.43,0.0337,59.52,0.482,18.9,heavy_rain,MEDIUM
2026-09-19T22:10:00,60.32,2.646,0.1896,3.4,0.0316,59.2,0.48,19.0,heavy_rain,MEDIUM
2026-09-19T22:20:00,54.62,2.678,0.1884,-5.7,0.0314,58.62,0.469,19.5,heavy_rain,MEDIUM
2026-09-19T22:30:00,49.38,2.699,0.129,-5.24,0.0215,57.8,0.452,19.6,heavy_rain,MEDIUM
2026-09-19T22:40:00,48.93,2.727,0.1644,-0.45,0.0274,57.06,0.448,19.4,heavy_rain,MEDIUM
2026-09-19T22:50:00,53.4,2.751,0.1446,4.46,0.0241,56.92,0.442,18.7,heavy_rain,MEDIUM
2026-09-19T23:00:00,51.88,2.77,0.1182,-1.52,0.0197,56.77,0.426,19.7,heavy_rain,MEDIUM
2026-09-19T23:10:00,59.88,2.787,0.1008,8.01,0.0168,57.07,0.42,19.4,heavy_rain,MEDIUM
2026-09-19T23:20:00,61.05,2.812,0.1512,1.17,0.0252,57.3,0.419,20.2,heavy_rain,MEDIUM
2026-09-19T23:30:00,66.45,2.823,0.0624,5.4,0.0104,57.67,0.395,19.3,heavy_rain,MEDIUM
2026-09-19T23:40:00,63.74,2.833,0.06,-2.72,0.01,57.82,0.382,18.7,heavy_rain,MEDIUM
2026-09-19T23:50:00,64.43,2.856,0.1386,0.7,0.0231,57.82,0.376,19.8,heavy_rain,MEDIUM
2026-09-20T00:00:00,59.71,2.898,0.2526,-4.73,0.0421,57.8,0.411,19.4,heavy_rain,MEDIUM
2026-09-20T00:10:00,57.12,2.934,0.2178,-2.59,0.0363,57.73,0.423,19.5,heavy_rain,MEDIUM
2026-09-20T00:20:00,49.98,2.945,0.0624,-7.14,0.0104,57.3,0.393,20.2,heavy_rain,MEDIUM
2026-09-20T00:30:00,47.78,2.982,0.222,-2.2,0.037,56.64,0.411,18.8,heavy_rain,MEDIUM
2026-09-20T00:40:00,52.15,3.013,0.186,4.37,0.031,56.51,0.432,19.9,heavy_rain,MEDIUM
2026-09-20T00:50:00,65.53,3.031,0.108,13.38,0.018,56.85,0.416,19.4,heavy_rain,MEDIUM
2026-09-20T01:00:00,66.44,3.066,0.2136,0.91,0.0356,57.38,0.42,19.2,heavy_rain,MEDIUM
2026-09-20T01:10:00,68.04,3.082,0.0954,1.6,0.0159,57.81,0.405,18.9,heavy_rain,MEDIUM
2026-09-20T01:20:00,59.45,3.131,0.2934,-8.59,0.0489,58.07,0.432,18.7,heavy_rain,MEDIUM
2026-09-20T01:30:00,59.11,3.165,0.2028,-0.34,0.0338,58.61,0.438,19.8,heavy_rain,MEDIUM
2026-09-20T01:40:00,63.68,3.188,0.1362,4.57,0.0227,59.43,0.437,19.3,heavy_rain,MEDIUM
2026-09-20T01:50:00,63.03,3.213,0.153,-0.65,0.0255,59.97,0.443,19.4,heavy_rain,MEDIUM
2026-09-20T02:00:00,58.55,3.246,0.1956,-4.48,0.0326,60.34,0.459,18.9,heavy_rain,MEDIUM
2026-09-20T02:10:00,57.2,3.268,0.1338,-1.35,0.0223,60.19,0.456,19.2,heavy_rain,MEDIUM
2026-09-20T02:20:00,59.49,3.299,0.1818,2.29,0.0303,60.1,0.476,20.2,heavy_rain,MEDIUM
2026-09-20T02:30:00,54.28,3.337,0.2328,-5.2,0.0388,59.43,0.504,19.3,heavy_rain,MEDIUM
2026-09-20T02:40:00,58.91,3.339,0.0078,4.63,0.0013,59.16,0.483,19.8,heavy_rain,MEDIUM
2026-09-20T02:50:00,52.82,3.357,0.1086,-6.09,0.0181,58.51,0.459,19.5,heavy_rain,MEDIUM
2026-09-20T03:00:00,58.99,3.374,0.1056,6.17,0.0176,58.47,0.44,19.3,heavy_rain,MEDIUM
2026-09-20T03:10:00,55.89,3.4,0.1542,-3.1,0.0257,58.41,0.455,19.1,heavy_rain,HIGH
2026-09-20T03:20:00,57.85,3.4,0.0,1.96,0.0,58.84,0.418,19.6,heavy_rain,MEDIUM
2026-09-20T03:30:00,52.18,3.4,0.0,-5.67,0.0,59.09,0.387,19.0,heavy_rain,MEDIUM
2026-09-20T03:40:00,55.41,3.4,0.0,3.24,0.0,59.27,0.369,19.8,heavy_rain,MEDIUM
2026-09-20T03:50:00,56.68,3.4,0.0,1.26,0.0,58.78,0.334,18.8,heavy_rain,MEDIUM
2026-09-20T04:00:00,53.48,3.4,0.0,-3.2,0.0,58.06,0.318,19.5,heavy_rain,MEDIUM
2026-09-20T04:10:00,58.09,3.4,0.0,4.61,0.0,57.5,0.269,19.8,heavy_rain,MEDIUM
2026-09-20T04:20:00,62.73,3.4,0.0,4.64,0.0,57.69,0.235,20.1,heavy_rain,MEDIUM
2026-09-20T04:30:00,60.45,3.4,0.0,-2.28,0.0,57.76,0.212,19.9,heavy_rain,MEDIUM
2026-09-20T04:40:00,59.27,3.4,0.0,-1.18,0.0,57.52,0.187,19.9,heavy_rain,MEDIUM
2026-09-20T04:50:00,63.31,3.4,0.0,4.04,0.0,57.53,0.154,19.1,heavy_rain,MEDIUM
2026-09-20T05:00:00,57.23,3.4,0.0,-6.08,0.0,57.46,0.132,18.9,heavy_rain,MEDIUM
2026-09-20T05:10:00,56.08,3.4,0.0,-1.15,0.0,57.4,0.101,19.2,heavy_rain,MEDIUM
2026-09-20T05:20:00,49.63,3.4,0.0,-6.45,0.0,56.85,0.063,18.6,heavy_rain,MEDIUM
2026-09-20T05:30:00,51.01,3.4,0.0,1.38,0.0,56.67,0.061,19.9,heavy_rain,MEDIUM
2026-09-20T05:40:00,57.99,3.4,0.0,6.98,0.0,56.62,0.043,18.9,heavy_rain,MEDIUM
2026-09-20T05:50:00,54.61,3.4,0.0,-3.38,0.0,56.71,0.026,19.8,heavy_rain,MEDIUM
2026-09-20T06:00:00,54.19,3.4,0.0,-0.43,0.0,56.45,0.0,19.4,heavy_rain,MEDIUM
2026-09-20T06:10:00,52.31,3.4,0.0,-1.87,0.0,56.25,0.0,19.2,heavy_rain,MEDIUM
2026-09-20T06:20:00,55.65,3.4,0.0,3.33,0.0,56.13,0.0,19.6,heavy_rain,MEDIUM
2026-09-20T06:30:00,50.54,3.4,0.0,-5.11,0.0,56.04,0.0,19.4,heavy_rain,MEDIUM
2026-09-20T06:40:00,54.89,3.4,0.0,4.35,0.0,56.01,0.0,19.1,heavy_rain,MEDIUM
2026-09-20T06:50:00,53.52,3.4,0.0,-1.36,0.0,55.83,0.0,19.1,heavy_rain,MEDIUM
2026-09-20T07:00:00,48.41,3.4,0.0,-5.12,0.0,55.55,0.0,19.2,heavy_rain,MEDIUM
2026-09-20T07:10:00,54.01,3.4,0.0,5.61,0.0,55.32,0.0,19.2,heavy_rain,MEDIUM
2026-09-20T07:20:00,58.6,3.4,0.0,4.59,0.0,55.09,0.0,19.5,heavy_rain,MEDIUM
2026-09-20T07:30:00,51.18,3.4,0.0,-7.43,0.0,54.58,0.0,19.5,heavy_rain,MEDIUM
2026-09-20T07:40:00,59.75,3.4,0.0,8.57,0.0,54.61,0.0,19.7,heavy_rain,MEDIUM
2026-09-20T07:50:00,58.71,3.4,0.0,-1.03,0.0,54.35,0.0,19.7,heavy_rain,MEDIUM
2026-09-20T08:00:00,54.89,3.4,0.0,-3.82,0.0,54.22,0.0,19.6,heavy_rain,MEDIUM
2026-09-20T08:10:00,57.47,3.4,0.0,2.57,0.0,54.3,0.0,19.4,heavy_rain,MEDIUM
2026-09-20T08:20:00,53.47,3.4,0.0,-3.99,0.0,54.51,0.0,18.9,heavy_rain,MEDIUM
2026-09-20T08:30:00,49.15,3.4,0.0,-4.32,0.0,54.41,0.0,19.6,heavy_rain,MEDIUM
2026-09-20T08:40:00,57.22,3.4,0.0,8.07,0.0,54.37,0.0,19.9,heavy_rain,MEDIUM
2026-09-20T08:50:00,54.21,3.4,0.0,-3.01,0.0,54.34,0.0,19.5,heavy_rain,MEDIUM
2026-09-20T09:00:00,52.61,3.4,0.0,-1.6,0.0,54.26,0.0,19.3,heavy_rain,MEDIUM
2026-09-20T09:10:00,48.55,3.4,0.0,-4.06,0.0,54.05,0.0,19.0,heavy_rain,MEDIUM
2026-09-20T09:20:00,53.58,3.4,0.0,5.03,0.0,53.93,0.0,20.2,heavy_rain,MEDIUM
2026-09-20T09:30:00,52.11,3.4,0.0,-1.47,0.0,54.02,0.0,19.7,heavy_rain,MEDIUM
2026-09-20T09:40:00,50.54,3.4,0.0,-1.56,0.0,53.78,0.0,19.3,heavy_rain,MEDIUM
2026-09-20T09:50:00,46.01,3.4,0.0,-4.53,0.0,53.36,0.0,19.0,heavy_rain,MEDIUM
2026-09-20T10:00:00,48.56,3.4,0.0,2.55,0.0,53.37,0.0,19.1,heavy_rain,MEDIUM
2026-09-20T10:10:00,49.57,3.4,0.0,1.0,0.0,53.12,0.0,19.5,heavy_rain,MEDIUM
2026-09-20T10:20:00,51.2,3.4,0.0,1.63,0.0,52.71,0.0,18.9,heavy_rain,MEDIUM
2026-09-20T10:30:00,49.62,3.4,0.0,-1.58,0.0,52.62,0.0,19.2,heavy_rain,MEDIUM
2026-09-20T10:40:00,52.85,3.4,0.0,3.22,0.0,52.24,0.0,19.1,heavy_rain,MEDIUM
2026-09-20T10:50:00,63.28,3.4,0.0,10.44,0.0,52.49,0.0,20.0,heavy_rain,MEDIUM
2026-09-20T11:00:00,58.96,3.4,0.0,-4.33,0.0,52.72,0.0,19.4,heavy_rain,MEDIUM
2026-09-20T11:10:00,62.73,3.4,0.0,3.77,0.0,53.01,0.0,19.8,heavy_rain,MEDIUM
2026-09-20T11:20:00,63.36,3.4,0.0,0.63,0.0,53.56,0.0,19.6,heavy_rain,MEDIUM
2026-09-20T11:30:00,65.14,3.4,0.0,1.79,0.0,54.45,0.0,20.0,heavy_rain,MEDIUM
2026-09-20T11:40:00,65.56,3.4,0.0,0.42,0.0,54.91,0.0,19.3,heavy_rain,MEDIUM
2026-09-20T11:50:00,63.69,3.4,0.0,-1.87,0.0,55.44,0.0,19.5,heavy_rain,MEDIUM
2026-09-20T12:00:00,60.33,3.4,0.0,-3.36,0.0,55.87,0.0,19.7,heavy_rain,MEDIUM
2026-09-20T12:10:00,58.24,3.4,0.0,-2.09,0.0,56.41,0.0,19.6,heavy_rain,MEDIUM
2026-09-20T12:20:00,54.53,3.4,0.0,-3.71,0.0,56.46,0.0,19.5,heavy_rain,MEDIUM
2026-09-20T12:30:00,49.54,3.4,0.0,-4.99,0.0,56.32,0.0,20.1,heavy_rain,MEDIUM
2026-09-20T12:40:00,50.67,3.4,0.0,1.13,0.0,56.32,0.0,18.9,heavy_rain,MEDIUM
2026-09-20T12:50:00,52.96,3.4,0.0,2.29,0.0,56.71,0.0,19.4,heavy_rain,MEDIUM
2026-09-20T13:00:00,57.94,3.4,0.0,4.98,0.0,57.23,0.0,19.5,heavy_rain,MEDIUM
2026-09-20T13:10:00,54.96,3.4,0.0,-2.98,0.0,57.53,0.0,20.0,heavy_rain,MEDIUM
2026-09-20T13:20:00,50.55,3.4,0.0,-4.41,0.0,57.49,0.0,19.0,heavy_rain,MEDIUM
2026-09-20T13:30:00,56.28,3.4,0.0,5.73,0.0,57.86,0.0,19.7,heavy_rain,MEDIUM
2026-09-20T13:40:00,61.27,3.4,0.0,4.98,0.0,58.33,0.0,19.4,heavy_rain,MEDIUM
2026-09-20T13:50:00,61.74,3.4,0.0,0.47,0.0,58.25,0.0,20.0,heavy_rain,MEDIUM
2026-09-20T14:00:00,60.19,3.4,0.0,-1.55,0.0,58.32,0.0,19.2,heavy_rain,MEDIUM
2026-09-20T14:10:00,60.93,3.4,0.0,0.74,0.0,58.22,0.0,20.2,heavy_rain,MEDIUM
2026-09-20T14:20:00,67.4,3.4,0.0,6.47,0.0,58.44,0.0,20.3,heavy_rain,MEDIUM
2026-09-20T14:30:00,61.12,3.4,0.0,-6.28,0.0,58.22,0.0,19.0,heavy_rain,MEDIUM
2026-09-20T14:40:00,57.71,3.4,0.0,-3.41,0.0,57.78,0.0,19.4,heavy_rain,MEDIUM
2026-09-20T14:50:00,55.67,3.4,0.0,-2.03,0.0,57.33,0.0,19.7,heavy_rain,MEDIUM
2026-09-20T15:00:00,54.93,3.4,0.0,-0.75,0.0,57.03,0.0,19.6,heavy_rain,MEDIUM
2026-09-20T15:10:00,62.5,3.4,0.0,7.58,0.0,57.27,0.0,20.0,heavy_rain,MEDIUM
2026-09-20T15:20:00,62.39,3.4,0.0,-0.11,0.0,57.71,0.0,19.2,heavy_rain,MEDIUM
2026-09-20T15:30:00,58.06,3.4,0.0,-4.33,0.0,58.18,0.0,19.7,heavy_rain,MEDIUM
2026-09-20T15:40:00,61.34,3.4,0.0,3.29,0.0,58.77,0.0,19.8,heavy_rain,MEDIUM
2026-09-20T15:50:00,60.41,3.4,0.0,-0.94,0.0,59.19,0.0,20.1,heavy_rain,MEDIUM
2026-09-20T16:00:00,63.22,3.4,0.0,2.81,0.0,59.48,0.0,18.6,heavy_rain,MEDIUM
2026-09-20T16:10:00,62.3,3.4,0.0,-0.92,0.0,59.89,0.0,18.7,heavy_rain,MEDIUM
2026-09-20T16:20:00,63.52,3.4,0.0,1.22,0.0,60.61,0.0,19.7,heavy_rain,MEDIUM
2026-09-20T16:30:00,65.37,3.4,0.0,1.85,0.0,61.11,0.0,20.1,heavy_rain,MEDIUM
2026-09-20T16:40:00,59.53,3.4,0.0,-5.84,0.0,61.02,0.0,19.3,heavy_rain,MEDIUM
2026-09-20T16:50:00,54.02,3.4,0.0,-5.51,0.0,60.59,0.0,19.8,heavy_rain,MEDIUM
2026-09-20T17:00:00,50.52,3.4,0.0,-3.49,0.0,60.05,0.0,18.6,heavy_rain,MEDIUM
2026-09-20T17:10:00,58.91,3.4,0.0,8.39,0.0,59.94,0.0,19.1,heavy_rain,MEDIUM
2026-09-20T17:20:00,59.02,3.4,0.0,0.11,0.0,59.47,0.0,19.1,heavy_rain,MEDIUM
2026-09-20T17:30:00,59.29,3.4,0.0,0.27,0.0,59.37,0.0,19.3,heavy_rain,MEDIUM
2026-09-20T17:40:00,55.51,3.4,0.0,-3.78,0.0,59.25,0.0,19.5,heavy_rain,MEDIUM
2026-09-20T17:50:00,53.27,3.4,0.0,-2.24,0.0,59.12,0.0,19.8,heavy_rain,MEDIUM
2026-09-20T18:00:00,50.95,3.4,0.0,-2.32,0.0,58.9,0.0,19.3,heavy_rain,MEDIUM
2026-09-20T18:10:00,52.49,3.4,0.0,1.55,0.0,58.34,0.0,20.1,heavy_rain,MEDIUM
2026-09-20T18:20:00,49.82,3.4,0.0,-2.67,0.0,57.64,0.0,19.0,heavy_rain,MEDIUM
2026-09-20T18:30:00,51.55,3.4,0.0,1.73,0.0,57.28,0.0,19.1,heavy_rain,MEDIUM
2026-09-20T18:40:00,55.47,3.4,0.0,3.92,0.0,56.95,0.0,19.2,heavy_rain,MEDIUM
2026-09-20T18:50:00,59.96,3.4,0.0,4.49,0.0,56.93,0.0,19.4,heavy_rain,MEDIUM
2026-09-20T19:00:00,58.79,3.4,0.0,-1.16,0.0,56.68,0.0,19.8,heavy_rain,MEDIUM
2026-09-20T19:10:00,64.91,3.4,0.0,6.12,0.0,56.83,0.0,19.5,heavy_rain,MEDIUM
2026-09-20T19:20:00,65.54,3.4,0.0,0.63,0.0,56.94,0.0,19.7,heavy_rain,MEDIUM
2026-09-20T19:30:00,62.12,3.4,0.0,-3.42,0.0,56.76,0.0,19.3,heavy_rain,MEDIUM
2026-09-20T19:40:00,63.82,3.4,0.0,1.7,0.0,57.0,0.0,19.3,heavy_rain,MEDIUM
2026-09-20T19:50:00,60.74,3.4,0.0,-3.09,0.0,57.37,0.0,19.2,heavy_rain,MEDIUM
2026-09-20T20:00:00,65.07,3.4,0.0,4.33,0.0,58.18,0.0,19.7,heavy_rain,MEDIUM
2026-09-20T20:10:00,66.62,3.4,0.0,1.55,0.0,58.61,0.0,18.9,heavy_rain,MEDIUM
2026-09-20T20:20:00,67.51,3.4,0.0,0.89,0.0,59.08,0.0,19.2,heavy_rain,MEDIUM
2026-09-20T20:30:00,59.47,3.4,0.0,-8.04,0.0,59.09,0.0,19.1,heavy_rain,MEDIUM
2026-09-20T20:40:00,57.04,3.4,0.0,-2.43,0.0,59.18,0.0,19.9,heavy_rain,MEDIUM
2026-09-20T20:50:00,60.61,3.4,0.0,3.57,0.0,59.58,0.0,19.3,heavy_rain,MEDIUM
2026-09-20T21:00:00,57.71,3.4,0.0,-2.9,0.0,59.96,0.0,19.0,heavy_rain,MEDIUM
2026-09-20T21:10:00,63.09,3.4,0.0,5.37,0.0,60.55,0.0,19.9,heavy_rain,MEDIUM
2026-09-20T21:20:00,59.09,3.4,0.0,-4.0,0.0,61.06,0.0,19.6,heavy_rain,MEDIUM
2026-09-20T21:30:00,56.31,3.4,0.0,-2.78,0.0,61.33,0.0,19.6,heavy_rain,MEDIUM
2026-09-20T21:40:00,57.12,3.4,0.0,0.81,0.0,61.42,0.0,19.5,heavy_rain,MEDIUM
2026-09-20T21:50:00,55.25,3.4,0.0,-1.86,0.0,61.16,0.0,19.4,heavy_rain,MEDIUM
2026-09-20T22:00:00,56.65,3.4,0.0,1.4,0.0,61.04,0.0,19.7,heavy_rain,MEDIUM
2026-09-20T22:10:00,50.9,3.4,0.0,-5.75,0.0,60.26,0.0,19.2,heavy_rain,MEDIUM
2026-09-20T22:20:00,52.51,3.4,0.0,1.61,0.0,59.53,0.0,19.1,heavy_rain,MEDIUM
2026-09-20T22:30:00,57.94,3.4,0.0,5.43,0.0,59.3,0.0,19.7,heavy_rain,MEDIUM
2026-09-20T22:40:00,55.82,3.4,0.0,-2.12,0.0,58.86,0.0,19.6,heavy_rain,MEDIUM
2026-09-20T22:50:00,51.64,3.4,0.0,-4.17,0.0,58.35,0.0,19.8,heavy_rain,MEDIUM
2026-09-20T23:00:00,50.62,3.4,0.0,-1.03,0.0,57.55,0.0,19.2,heavy_rain,MEDIUM
2026-09-20T23:10:00,48.74,3.4,0.0,-1.88,0.0,56.56,0.0,19.2,heavy_rain,MEDIUM
2026-09-20T23:20:00,50.34,3.4,0.0,1.6,0.0,55.6,0.0,19.4,heavy_rain,MEDIUM
2026-09-20T23:30:00,56.04,3.4,0.0,5.7,0.0,55.41,0.0,19.6,heavy_rain,MEDIUM
2026-09-20T23:40:00,51.37,3.4,0.0,-4.66,0.0,55.1,0.0,19.6,heavy_rain,MEDIUM
2026-09-20T23:50:00,56.83,3.4,0.0,5.46,0.0,54.89,0.0,19.2,heavy_rain,MEDIUM
2026-09-21T00:00:00,55.98,3.4,0.0,-0.85,0.0,54.79,0.0,19.8,heavy_rain,MEDIUM
2026-09-21T00:10:00,56.28,3.4,0.0,0.3,0.0,54.41,0.0,19.5,heavy_rain,MEDIUM
2026-09-21T00:20:00,52.89,3.4,0.0,-3.39,0.0,54.07,0.0,20.1,heavy_rain,MEDIUM
2026-09-21T00:30:00,53.37,3.4,0.0,0.48,0.0,53.9,0.0,19.2,heavy_rain,MEDIUM
2026-09-21T00:40:00,54.08,3.4,0.0,0.71,0.0,53.74,0.0,19.6,heavy_rain,MEDIUM
2026-09-21T00:50:00,50.64,3.4,0.0,-3.44,0.0,53.48,0.0,19.7,heavy_rain,MEDIUM
2026-09-21T01:00:00,51.59,3.4,0.0,0.95,0.0,53.2,0.0,19.3,heavy_rain,MEDIUM
2026-09-21T01:10:00,51.73,3.4,0.0,0.14,0.0,53.24,0.0,19.7,heavy_rain,MEDIUM
2026-09-21T01:20:00,55.67,3.4,0.0,3.94,0.0,53.42,0.0,19.4,heavy_rain,MEDIUM
2026-09-21T01:30:00,62.18,3.4,0.0,6.52,0.0,53.66,0.0,19.0,heavy_rain,MEDIUM
2026-09-21T01:40:00,57.32,3.4,0.0,-4.87,0.0,53.74,0.0,19.7,heavy_rain,MEDIUM
2026-09-21T01:50:00,63.62,3.4,0.0,6.31,0.0,54.4,0.0,19.1,heavy_rain,MEDIUM
2026-09-21T02:00:00,64.29,3.4,0.0,0.67,0.0,55.16,0.0,19.8,heavy_rain,MEDIUM
2026-09-21T02:10:00,58.06,3.4,0.0,-6.24,0.0,55.68,0.0,19.5,heavy_rain,MEDIUM
2026-09-21T02:20:00,60.32,3.4,0.0,2.26,0.0,56.24,0.0,19.4,heavy_rain,MEDIUM
2026-09-21T02:30:00,58.37,3.4,0.0,-1.95,0.0,56.37,0.0,19.4,heavy_rain,MEDIUM
2026-09-21T02:40:00,54.11,3.4,0.0,-4.26,0.0,56.52,0.0,19.6,heavy_rain,MEDIUM
2026-09-21T02:50:00,54.15,3.4,0.0,0.04,0.0,56.37,0.0,19.7,heavy_rain,MEDIUM
2026-09-21T03:00:00,51.01,3.4,0.0,-3.14,0.0,56.09,0.0,19.7,heavy_rain,MEDIUM
2026-09-21T03:10:00,57.11,3.4,0.0,6.1,0.0,56.14,0.0,19.2,heavy_rain,MEDIUM
2026-09-21T03:20:00,59.31,3.4,0.0,2.19,0.0,56.49,0.0,19.6,heavy_rain,MEDIUM
2026-09-21T03:30:00,61.37,3.4,0.0,2.06,0.0,56.94,0.0,19.1,heavy_rain,MEDIUM
2026-09-21T03:40:00,62.82,3.4,0.0,1.45,0.0,57.43,0.0,19.0,heavy_rain,MEDIUM
2026-09-21T03:50:00,63.29,3.4,0.0,0.47,0.0,58.13,0.0,19.7,heavy_rain,MEDIUM
2026-09-21T04:00:00,64.91,3.4,0.0,1.63,0.0,58.87,0.0,18.9,heavy_rain,MEDIUM
2026-09-21T04:10:00,64.64,3.4,0.0,-0.28,0.0,59.59,0.0,19.9,heavy_rain,MEDIUM
2026-09-21T04:20:00,58.53,3.4,0.0,-6.11,0.0,59.74,0.0,18.8,heavy_rain,MEDIUM
2026-09-21T04:30:00,59.06,3.4,0.0,0.54,0.0,59.57,0.0,19.8,heavy_rain,MEDIUM
2026-09-21T04:40:00,53.75,3.4,0.0,-5.31,0.0,59.37,0.0,20.3,heavy_rain,MEDIUM
2026-09-21T04:50:00,56.4,3.4,0.0,2.65,0.0,58.97,0.0,19.7,heavy_rain,MEDIUM
2026-09-21T05:00:00,52.97,3.4,0.0,-3.43,0.0,58.34,0.0,19.3,heavy_rain,MEDIUM
2026-09-21T05:10:00,51.24,3.4,0.0,-1.73,0.0,57.96,0.0,19.8,heavy_rain,MEDIUM
2026-09-21T05:20:00,53.01,3.4,0.0,1.76,0.0,57.56,0.0,19.9,heavy_rain,MEDIUM
2026-09-21T05:30:00,50.69,3.4,0.0,-2.32,0.0,57.13,0.0,19.2,heavy_rain,MEDIUM
2026-09-21T05:40:00,49.47,3.4,0.0,-1.22,0.0,56.87,0.0,19.4,heavy_rain,MEDIUM
2026-09-21T05:50:00,48.8,3.4,0.0,-0.67,0.0,56.58,0.0,19.9,heavy_rain,MEDIUM
2026-09-21T06:00:00,55.48,3.4,0.0,6.68,0.0,56.83,0.0,19.8,heavy_rain,MEDIUM
2026-09-21T06:10:00,57.45,3.4,0.0,1.98,0.0,56.84,0.0,19.2,heavy_rain,MEDIUM
2026-09-21T06:20:00,64.01,3.4,0.0,6.56,0.0,57.11,0.0,19.6,heavy_rain,MEDIUM
2026-09-21T06:30:00,62.22,3.4,0.0,-1.78,0.0,57.15,0.0,20.1,heavy_rain,MEDIUM
2026-09-21T06:40:00,63.7,3.4,0.0,1.47,0.0,57.2,0.0,19.1,heavy_rain,MEDIUM
2026-09-21T06:50:00,63.32,3.4,0.0,-0.38,0.0,57.2,0.0,19.3,heavy_rain,MEDIUM
2026-09-21T07:00:00,63.62,3.4,0.0,0.3,0.0,57.13,0.0,20.2,heavy_rain,MEDIUM
2026-09-21T07:10:00,60.06,3.4,0.0,-3.56,0.0,56.88,0.0,19.6,heavy_rain,MEDIUM
2026-09-21T07:20:00,60.59,3.4,0.0,0.53,0.0,56.99,0.0,18.9,heavy_rain,MEDIUM
2026-09-21T07:30:00,59.86,3.4,0.0,-0.73,0.0,57.04,0.0,19.4,heavy_rain,MEDIUM
2026-09-21T07:40:00,59.52,3.4,0.0,-0.34,0.0,57.36,0.0,19.6,heavy_rain,MEDIUM
2026-09-21T07:50:00,62.88,3.4,0.0,3.36,0.0,57.72,0.0,20.0,heavy_rain,MEDIUM
2026-09-21T08:00:00,60.1,3.4,0.0,-2.77,0.0,58.11,0.0,19.5,heavy_rain,MEDIUM
2026-09-21T08:10:00,63.76,3.4,0.0,3.66,0.0,58.81,0.0,19.7,heavy_rain,MEDIUM
2026-09-21T08:20:00,63.55,3.4,0.0,-0.22,0.0,59.39,0.0,19.7,heavy_rain,MEDIUM
2026-09-21T08:30:00,59.21,3.4,0.0,-4.34,0.0,59.87,0.0,19.5,heavy_rain,MEDIUM
2026-09-21T08:40:00,58.74,3.4,0.0,-0.47,0.0,60.38,0.0,19.3,heavy_rain,MEDIUM
2026-09-21T08:50:00,53.76,3.4,0.0,-4.97,0.0,60.66,0.0,19.3,heavy_rain,MEDIUM
2026-09-21T09:00:00,50.51,3.4,0.0,-3.26,0.0,60.38,0.0,20.1,heavy_rain,MEDIUM
2026-09-21T09:10:00,50.11,3.4,0.0,-0.39,0.0,59.97,0.0,19.5,heavy_rain,MEDIUM
2026-09-21T09:20:00,52.8,3.4,0.0,2.69,0.0,59.35,0.0,19.4,heavy_rain,MEDIUM
2026-09-21T09:30:00,55.46,3.4,0.0,2.65,0.0,58.97,0.0,19.2,heavy_rain,MEDIUM
2026-09-21T09:40:00,57.31,3.4,0.0,1.85,0.0,58.62,0.0,19.4,heavy_rain,MEDIUM
2026-09-21T09:50:00,58.18,3.4,0.0,0.88,0.0,58.33,0.0,20.0,heavy_rain,MEDIUM
2026-09-21T10:00:00,57.59,3.4,0.0,-0.59,0.0,58.0,0.0,19.7,heavy_rain,MEDIUM
2026-09-21T10:10:00,51.76,3.4,0.0,-5.83,0.0,57.54,0.0,19.7,heavy_rain,MEDIUM
2026-09-21T10:20:00,51.98,3.4,0.0,0.22,0.0,57.06,0.0,19.2,heavy_rain,MEDIUM
2026-09-21T10:30:00,61.3,3.4,0.0,9.32,0.0,57.14,0.0,18.6,heavy_rain,MEDIUM
2026-09-21T10:40:00,62.32,3.4,0.0,1.03,0.0,57.3,0.0,19.5,heavy_rain,MEDIUM
2026-09-21T10:50:00,54.41,3.4,0.0,-7.92,0.0,56.82,0.0,20.1,heavy_rain,MEDIUM
2026-09-21T11:00:00,54.49,3.4,0.0,0.08,0.0,56.51,0.0,18.9,heavy_rain,MEDIUM
2026-09-21T11:10:00,57.57,3.4,0.0,3.09,0.0,56.17,0.0,19.1,heavy_rain,MEDIUM
2026-09-21T11:20:00,51.98,3.4,0.0,-5.6,0.0,55.53,0.0,18.6,heavy_rain,MEDIUM
2026-09-21T11:30:00,53.42,3.4,0.0,1.44,0.0,55.2,0.0,18.9,heavy_rain,MEDIUM
2026-09-21T11:40:00,52.71,3.4,0.0,-0.71,0.0,54.87,0.0,19.7,heavy_rain,MEDIUM
2026-09-21T11:50:00,55.12,3.4,0.0,2.41,0.0,54.94,0.0,19.7,heavy_rain,MEDIUM
2026-09-21T12:00:00,61.34,3.4,0.0,6.22,0.0,55.55,0.0,19.4,heavy_rain,MEDIUM
2026-09-21T12:10:00,59.48,3.4,0.0,-1.85,0.0,56.07,0.0,19.0,heavy_rain,MEDIUM
2026-09-21T12:20:00,58.81,3.4,0.0,-0.67,0.0,56.4,0.0,19.0,heavy_rain,MEDIUM
2026-09-21T12:30:00,60.03,3.4,0.0,1.22,0.0,56.66,0.0,19.5,heavy_rain,MEDIUM
2026-09-21T12:40:00,60.97,3.4,0.0,0.94,0.0,56.86,0.0,19.5,heavy_rain,MEDIUM
2026-09-21T12:50:00,57.12,3.4,0.0,-3.85,0.0,56.8,0.0,18.8,heavy_rain,MEDIUM
2026-09-21T13:00:00,60.1,3.4,0.0,2.98,0.0,56.94,0.0,19.8,heavy_rain,MEDIUM
2026-09-21T13:10:00,59.09,3.4,0.0,-1.01,0.0,57.35,0.0,19.3,heavy_rain,MEDIUM
2026-09-21T13:20:00,59.0,3.4,0.0,-0.09,0.0,57.74,0.0,19.7,heavy_rain,MEDIUM
2026-09-21T13:30:00,54.84,3.4,0.0,-4.16,0.0,57.38,0.0,19.5,heavy_rain,MEDIUM
2026-09-21T13:40:00,63.14,3.4,0.0,8.3,0.0,57.42,0.0,19.2,heavy_rain,MEDIUM
2026-09-21T13:50:00,57.73,3.4,0.0,-5.41,0.0,57.61,0.0,20.0,heavy_rain,MEDIUM
2026-09-21T14:00:00,58.13,3.4,0.0,0.4,0.0,57.81,0.0,20.4,heavy_rain,MEDIUM
2026-09-21T14:10:00,61.09,3.4,0.0,2.95,0.0,58.0,0.0,18.7,heavy_rain,MEDIUM
2026-09-21T14:20:00,62.42,3.4,0.0,1.33,0.0,58.58,0.0,19.7,heavy_rain,MEDIUM
2026-09-21T14:30:00,60.94,3.4,0.0,-1.48,0.0,59.0,0.0,19.5,heavy_rain,MEDIUM
2026-09-21T14:40:00,56.74,3.4,0.0,-4.2,0.0,59.23,0.0,19.2,heavy_rain,MEDIUM
2026-09-21T14:50:00,56.53,3.4,0.0,-0.21,0.0,59.3,0.0,19.1,heavy_rain,MEDIUM
2026-09-21T15:00:00,52.61,3.4,0.0,-3.92,0.0,58.82,0.0,19.4,heavy_rain,MEDIUM
2026-09-21T15:10:00,56.16,3.4,0.0,3.55,0.0,58.63,0.0,20.2,heavy_rain,MEDIUM
2026-09-21T15:20:00,57.22,3.4,0.0,1.06,0.0,58.55,0.0,18.7,heavy_rain,MEDIUM
2026-09-21T15:30:00,49.37,3.4,0.0,-7.85,0.0,57.95,0.0,19.1,heavy_rain,MEDIUM
2026-09-21T15:40:00,50.4,3.4,0.0,1.03,0.0,57.37,0.0,19.1,heavy_rain,MEDIUM
2026-09-21T15:50:00,46.73,3.4,0.0,-3.67,0.0,56.79,0.0,19.0,heavy_rain,MEDIUM
2026-09-21T16:00:00,47.54,3.4,0.0,0.81,0.0,56.09,0.0,20.2,heavy_rain,MEDIUM
2026-09-21T16:10:00,52.77,3.4,0.0,5.23,0.0,55.74,0.0,19.6,heavy_rain,MEDIUM
2026-09-21T16:20:00,57.04,3.4,0.0,4.27,0.0,55.63,0.0,19.4,heavy_rain,MEDIUM
2026-09-21T16:30:00,56.87,3.4,0.0,-0.17,0.0,55.75,0.0,20.4,heavy_rain,MEDIUM
2026-09-21T16:40:00,57.29,3.4,0.0,0.42,0.0,55.42,0.0,19.6,heavy_rain,MEDIUM
2026-09-21T16:50:00,59.92,3.4,0.0,2.63,0.0,55.54,0.0,19.1,heavy_rain,MEDIUM
2026-09-21T17:00:00,50.81,3.4,0.0,-9.11,0.0,55.14,0.0,19.6,heavy_rain,MEDIUM
2026-09-21T17:10:00,54.28,3.397,-0.0168,3.48,-0.0028,54.76,-0.003,19.7,heavy_rain,MEDIUM
2026-09-21T17:20:00,60.22,3.4,0.0168,5.94,0.0028,54.64,0.0,20.0,heavy_rain,MEDIUM
2026-09-21T17:30:00,56.88,3.4,0.0,-3.34,0.0,54.41,0.0,20.2,heavy_rain,MEDIUM
2026-09-21T17:40:00,59.56,3.4,0.0,2.68,0.0,54.57,0.0,19.3,heavy_rain,MEDIUM
2026-09-21T17:50:00,58.1,3.4,0.0,-1.45,0.0,54.65,0.0,19.5,heavy_rain,MEDIUM
2026-09-21T18:00:00,54.16,3.4,0.0,-3.95,0.0,54.74,0.0,19.7,heavy_rain,MEDIUM
2026-09-21T18:10:00,49.83,3.4,0.0,-4.33,0.0,54.39,0.0,19.2,heavy_rain,MEDIUM
2026-09-21T18:20:00,51.52,3.4,0.0,1.69,0.0,54.07,0.0,19.6,heavy_rain,MEDIUM
2026-09-21T18:30:00,49.46,3.4,0.0,-2.06,0.0,54.08,0.0,18.7,heavy_rain,MEDIUM
2026-09-21T18:40:00,57.52,3.4,0.0,8.06,0.0,54.47,0.0,20.3,heavy_rain,MEDIUM
2026-09-21T18:50:00,59.93,3.4,0.0,2.41,0.0,55.21,0.0,19.7,heavy_rain,MEDIUM
2026-09-21T19:00:00,56.54,3.4,0.0,-3.39,0.0,55.71,0.0,19.7,heavy_rain,MEDIUM
2026-09-21T19:10:00,58.28,3.4,0.0,1.74,0.0,56.01,0.0,19.9,heavy_rain,MEDIUM
2026-09-21T19:20:00,57.92,3.4,0.0,-0.36,0.0,56.06,0.0,19.8,heavy_rain,MEDIUM
2026-09-21T19:30:00,55.69,3.4,0.0,-2.23,0.0,56.0,0.0,19.0,heavy_rain,MEDIUM
2026-09-21T19:40:00,56.31,3.4,0.0,0.62,0.0,55.94,0.0,19.5,heavy_rain,MEDIUM
2026-09-21T19:50:00,51.84,3.4,0.0,-4.47,0.0,55.49,0.0,19.5,heavy_rain,MEDIUM
2026-09-21T20:00:00,59.75,3.4,0.0,7.91,0.0,55.99,0.003,19.2,heavy_rain,MEDIUM
2026-09-21T20:10:00,56.24,3.4,0.0,-3.51,0.0,56.1,0.0,19.8,heavy_rain,MEDIUM
2026-09-21T20:20:00,58.32,3.4,0.0,2.08,0.0,55.99,0.0,19.2,heavy_rain,MEDIUM
2026-09-21T20:30:00,52.73,3.4,0.0,-5.59,0.0,55.76,0.0,19.0,heavy_rain,MEDIUM
2026-09-21T20:40:00,49.03,3.4,0.0,-3.7,0.0,55.18,0.0,19.6,heavy_rain,MEDIUM
2026-09-21T20:50:00,56.95,3.4,0.0,7.92,0.0,55.11,0.0,19.1,heavy_rain,MEDIUM
2026-09-21T21:00:00,59.21,3.4,0.0,2.26,0.0,55.39,0.0,19.5,heavy_rain,MEDIUM
2026-09-21T21:10:00,62.22,3.4,0.0,3.01,0.0,56.08,0.0,19.8,heavy_rain,MEDIUM
2026-09-21T21:20:00,66.41,3.4,0.0,4.19,0.0,56.91,0.0,19.1,heavy_rain,MEDIUM
2026-09-21T21:30:00,64.01,3.4,0.0,-2.4,0.0,57.72,0.0,19.7,heavy_rain,MEDIUM
2026-09-21T21:40:00,63.43,3.4,0.0,-0.59,0.0,58.05,0.0,19.5,heavy_rain,MEDIUM
2026-09-21T21:50:00,60.25,3.4,0.0,-3.18,0.0,58.06,0.0,19.3,heavy_rain,MEDIUM
2026-09-21T22:00:00,67.63,3.4,0.0,7.38,0.0,58.68,0.0,19.5,heavy_rain,MEDIUM
2026-09-21T22:10:00,66.69,3.4,0.0,-0.94,0.0,59.15,0.0,19.5,heavy_rain,MEDIUM
2026-09-21T22:20:00,64.94,3.4,0.0,-1.76,0.0,59.54,0.0,19.1,heavy_rain,MEDIUM
2026-09-21T22:30:00,68.67,3.4,0.0,3.73,0.0,60.26,0.0,19.1,heavy_rain,MEDIUM
2026-09-21T22:40:00,71.38,3.4,0.0,2.71,0.0,61.09,0.0,20.0,heavy_rain,MEDIUM
2026-09-21T22:50:00,68.65,3.4,0.0,-2.73,0.0,62.03,0.0,19.8,heavy_rain,MEDIUM
2026-09-21T23:00:00,59.78,3.4,0.0,-8.87,0.0,62.03,0.0,19.1,heavy_rain,MEDIUM
2026-09-21T23:10:00,55.2,3.4,0.0,-4.57,0.0,61.97,0.0,19.5,heavy_rain,MEDIUM
2026-09-21T23:20:00,55.59,3.4,0.0,0.39,0.0,61.82,0.0,18.9,heavy_rain,MEDIUM
2026-09-21T23:30:00,58.86,3.4,0.0,3.26,0.0,62.16,0.0,19.8,heavy_rain,MEDIUM
2026-09-21T23:40:00,54.42,3.4,0.0,-4.44,0.0,62.46,0.0,19.1,heavy_rain,MEDIUM
2026-09-21T23:50:00,56.47,3.4,0.0,2.05,0.0,62.43,0.0,19.7,heavy_rain,MEDIUM
2026-09-22T00:00:00,52.23,3.4,0.0,-4.24,0.0,62.05,0.0,20.0,heavy_rain,MEDIUM
2026-09-22T00:10:00,56.41,3.4,0.0,4.19,0.0,61.72,0.0,19.5,heavy_rain,MEDIUM
2026-09-22T00:20:00,53.12,3.4,0.0,-3.3,0.0,60.99,0.0,18.7,heavy_rain,MEDIUM
2026-09-22T00:30:00,57.6,3.4,0.0,4.48,0.0,60.63,0.0,19.6,heavy_rain,MEDIUM
2026-09-22T00:40:00,54.4,3.4,0.0,-3.19,0.0,60.13,0.0,19.2,heavy_rain,MEDIUM
2026-09-22T00:50:00,61.68,3.4,0.0,7.28,0.0,60.21,0.0,18.8,heavy_rain,MEDIUM
2026-09-22T01:00:00,62.76,3.4,0.0,1.08,0.0,59.94,0.0,19.1,heavy_rain,MEDIUM
2026-09-22T01:10:00,59.94,3.4,0.0,-2.82,0.0,59.56,0.0,19.0,heavy_rain,MEDIUM
2026-09-22T01:20:00,56.84,3.4,0.0,-3.1,0.0,59.11,0.0,20.1,heavy_rain,MEDIUM
2026-09-22T01:30:00,59.41,3.4,0.0,2.57,0.0,58.6,0.0,19.3,heavy_rain,MEDIUM
2026-09-22T01:40:00,61.54,3.4,0.0,2.13,0.0,58.05,0.0,19.8,heavy_rain,MEDIUM
2026-09-22T01:50:00,64.81,3.4,0.0,3.28,0.0,57.84,0.0,19.2,heavy_rain,MEDIUM
2026-09-22T02:00:00,64.81,3.4,0.0,-0.0,0.0,58.12,0.0,19.5,heavy_rain,MEDIUM
2026-09-22T02:10:00,57.68,3.4,0.0,-7.13,0.0,58.25,0.0,19.3,heavy_rain,MEDIUM
2026-09-22T02:20:00,57.5,3.4,0.0,-0.18,0.0,58.36,0.0,18.9,heavy_rain,MEDIUM
2026-09-22T02:30:00,54.23,3.4,0.0,-3.27,0.0,58.1,0.0,19.8,heavy_rain,MEDIUM
2026-09-22T02:40:00,59.77,3.4,0.0,5.54,0.0,58.4,0.0,19.8,heavy_rain,MEDIUM
2026-09-22T02:50:00,63.17,3.4,0.0,3.4,0.0,58.77,0.0,18.7,heavy_rain,MEDIUM
2026-09-22T03:00:00,56.64,3.4,0.0,-6.53,0.0,59.02,0.0,20.1,heavy_rain,MEDIUM
2026-09-22T03:10:00,57.22,3.4,0.0,0.58,0.0,59.06,0.0,19.1,heavy_rain,MEDIUM
2026-09-22T03:20:00,49.62,3.4,0.0,-7.6,0.0,58.87,0.0,19.4,heavy_rain,MEDIUM
2026-09-22T03:30:00,56.67,3.4,0.0,7.05,0.0,58.82,0.0,19.7,heavy_rain,MEDIUM
2026-09-22T03:40:00,62.23,3.4,0.0,5.56,0.0,59.25,0.0,20.3,heavy_rain,MEDIUM
2026-09-22T03:50:00,60.64,3.4,0.0,-1.59,0.0,59.19,0.0,19.7,heavy_rain,MEDIUM
2026-09-22T04:00:00,59.43,3.4,0.0,-1.21,0.0,59.01,0.0,20.6,heavy_rain,MEDIUM
2026-09-22T04:10:00,61.54,3.4,0.0,2.11,0.0,59.1,0.0,19.1,heavy_rain,MEDIUM
2026-09-22T04:20:00,59.35,3.4,0.0,-2.19,0.0,59.24,0.0,20.2,heavy_rain,MEDIUM
2026-09-22T04:30:00,59.12,3.4,0.0,-0.23,0.0,59.22,0.0,18.9,heavy_rain,MEDIUM
2026-09-22T04:40:00,57.0,3.4,0.0,-2.13,0.0,58.97,0.0,19.4,heavy_rain,MEDIUM
2026-09-22T04:50:00,63.53,3.4,0.0,6.53,0.0,58.9,0.0,19.7,heavy_rain,MEDIUM
2026-09-22T05:00:00,71.22,3.4,0.0,7.69,0.0,59.25,0.0,19.3,heavy_rain,MEDIUM
2026-09-22T05:10:00,68.74,3.4,0.0,-2.48,0.0,59.87,0.0,19.3,heavy_rain,MEDIUM
2026-09-22T05:20:00,66.76,3.4,0.0,-1.97,0.0,60.38,0.0,19.2,heavy_rain,MEDIUM
2026-09-22T05:30:00,61.07,3.4,0.0,-5.7,0.0,60.76,0.0,18.9,heavy_rain,MEDIUM
2026-09-22T05:40:00,55.4,3.4,0.0,-5.67,0.0,60.52,0.0,19.5,heavy_rain,MEDIUM
2026-09-22T05:50:00,60.6,3.4,0.0,5.2,0.0,60.38,0.0,19.7,heavy_rain,MEDIUM
2026-09-22T06:00:00,56.96,3.4,0.0,-3.64,0.0,60.39,0.0,19.6,heavy_rain,MEDIUM
2026-09-22T06:10:00,59.15,3.4,0.0,2.18,0.0,60.5,0.0,19.1,heavy_rain,MEDIUM
2026-09-22T06:20:00,55.25,3.4,0.0,-3.9,0.0,60.81,0.0,19.6,heavy_rain,MEDIUM
2026-09-22T06:30:00,58.94,3.4,0.0,3.69,0.0,60.94,0.0,19.0,heavy_rain,MEDIUM
2026-09-22T06:40:00,50.09,3.343,-0.3444,-8.85,-0.0574,60.27,-0.057,21.1,recovery,MEDIUM
2026-09-22T06:50:00,43.02,3.331,-0.069,-7.07,-0.0115,59.29,-0.069,21.4,recovery,MEDIUM
2026-09-22T07:00:00,35.92,3.291,-0.2406,-7.1,-0.0401,57.98,-0.109,21.2,recovery,MEDIUM
2026-09-22T07:10:00,30.19,3.259,-0.1932,-5.73,-0.0322,56.24,-0.141,21.2,recovery,MEDIUM
2026-09-22T07:20:00,26.28,3.227,-0.192,-3.91,-0.032,54.4,-0.173,21.1,recovery,MEDIUM
2026-09-22T07:30:00,22.02,3.174,-0.3174,-4.26,-0.0529,52.34,-0.226,21.1,recovery,MEDIUM
2026-09-22T07:40:00,18.51,3.131,-0.2586,-3.5,-0.0431,50.2,-0.269,21.3,recovery,MEDIUM
2026-09-22T07:50:00,16.42,3.078,-0.3144,-2.09,-0.0524,47.59,-0.322,20.9,recovery,MEDIUM
2026-09-22T08:00:00,13.74,3.042,-0.2214,-2.68,-0.0369,44.39,-0.358,20.3,recovery,MEDIUM
2026-09-22T08:10:00,10.95,3.0,-0.2472,-2.79,-0.0412,41.18,-0.4,21.2,recovery,MEDIUM
2026-09-22T08:20:00,9.34,2.967,-0.1998,-1.6,-0.0333,37.99,-0.433,21.1,recovery,MEDIUM
2026-09-22T08:30:00,8.58,2.942,-0.1506,-0.76,-0.0251,35.08,-0.458,20.8,recovery,MEDIUM
2026-09-22T08:40:00,7.74,2.907,-0.2094,-0.85,-0.0349,32.43,-0.493,21.8,recovery,MEDIUM
2026-09-22T08:50:00,6.18,2.866,-0.2472,-1.56,-0.0412,29.4,-0.534,20.7,recovery,MEDIUM
2026-09-22T09:00:00,4.76,2.83,-0.2166,-1.41,-0.0361,26.5,-0.57,21.1,recovery,MEDIUM
2026-09-22T09:10:00,4.32,2.795,-0.2088,-0.44,-0.0348,23.46,-0.605,20.9,recovery,MEDIUM
2026-09-22T09:20:00,3.55,2.745,-0.2982,-0.77,-0.0497,20.59,-0.655,20.8,recovery,MEDIUM
2026-09-22T09:30:00,2.99,2.707,-0.228,-0.56,-0.038,17.48,-0.635,21.2,recovery,MEDIUM
2026-09-22T09:40:00,2.85,2.683,-0.1464,-0.14,-0.0244,14.85,-0.648,20.7,recovery,MEDIUM
2026-09-22T09:50:00,2.3,2.634,-0.2934,-0.54,-0.0489,12.59,-0.657,21.4,recovery,MEDIUM
2026-09-22T10:00:00,1.71,2.605,-0.1704,-0.6,-0.0284,10.69,-0.653,21.4,recovery,MEDIUM
2026-09-22T10:10:00,1.66,2.568,-0.2226,-0.05,-0.0371,9.11,-0.658,21.0,recovery,MEDIUM
2026-09-22T10:20:00,1.25,2.524,-0.2664,-0.41,-0.0444,7.71,-0.65,21.0,recovery,MEDIUM
2026-09-22T10:30:00,1.97,2.474,-0.3024,0.72,-0.0504,6.6,-0.657,21.1,recovery,MEDIUM
2026-09-22T10:40:00,2.03,2.431,-0.2568,0.06,-0.0428,5.69,-0.648,21.1,recovery,MEDIUM
2026-09-22T10:50:00,0.98,2.404,-0.1602,-1.06,-0.0267,4.83,-0.638,21.3,recovery,MEDIUM
2026-09-22T11:00:00,0.78,2.355,-0.2928,-0.2,-0.0488,4.11,-0.645,21.2,recovery,MEDIUM
2026-09-22T11:10:00,0.09,2.305,-0.3,-0.69,-0.05,3.5,-0.662,21.0,recovery,MEDIUM
2026-09-22T11:20:00,0.84,2.272,-0.2016,0.75,-0.0336,3.03,-0.67,20.8,recovery,MEDIUM
2026-09-22T11:30:00,0.0,2.232,-0.2376,-0.84,-0.0396,2.55,-0.675,21.1,recovery,MEDIUM
2026-09-22T11:40:00,0.0,2.21,-0.1314,0.0,-0.0219,2.13,-0.656,21.0,recovery,MEDIUM
2026-09-22T11:50:00,0.0,2.166,-0.2646,0.0,-0.0441,1.78,-0.664,21.1,recovery,MEDIUM
2026-09-22T12:00:00,0.19,2.124,-0.2508,0.19,-0.0418,1.53,-0.671,20.9,recovery,MEDIUM
2026-09-22T12:10:00,0.0,2.085,-0.2346,-0.19,-0.0391,1.29,-0.66,20.9,recovery,MEDIUM
2026-09-22T12:20:00,0.12,2.05,-0.2106,0.12,-0.0351,1.1,-0.657,21.4,recovery,MEDIUM
2026-09-22T12:30:00,0.0,1.997,-0.3174,-0.12,-0.0529,0.93,-0.686,20.8,recovery,LOW
2026-09-22T12:40:00,0.0,1.949,-0.2898,0.0,-0.0483,0.77,-0.685,21.4,recovery,LOW
2026-09-22T12:50:00,0.07,1.929,-0.1218,0.07,-0.0203,0.65,-0.677,21.0,recovery,LOW
2026-09-22T13:00:00,0.0,1.88,-0.2886,-0.07,-0.0481,0.55,-0.688,21.3,recovery,LOW
2026-09-22T13:10:00,0.0,1.846,-0.2064,0.0,-0.0344,0.46,-0.678,20.9,recovery,LOW
2026-09-22T13:20:00,0.0,1.82,-0.1566,0.0,-0.0261,0.39,-0.654,20.8,recovery,LOW
2026-09-22T13:30:00,0.0,1.779,-0.2448,0.0,-0.0408,0.28,-0.652,20.8,recovery,LOW
2026-09-22T13:40:00,1.11,1.75,-0.1764,1.11,-0.0294,0.23,-0.654,20.8,recovery,LOW
2026-09-22T13:50:00,0.7,1.69,-0.3612,-0.4,-0.0602,0.22,-0.666,21.0,recovery,LOW
2026-09-22T14:00:00,0.22,1.65,-0.2346,-0.48,-0.0391,0.19,-0.655,20.4,recovery,LOW
2026-09-22T14:10:00,0.18,1.627,-0.138,-0.05,-0.023,0.19,-0.644,21.0,recovery,LOW
2026-09-22T14:20:00,0.0,1.587,-0.2412,-0.18,-0.0402,0.14,-0.645,21.0,recovery,LOW
2026-09-22T14:30:00,1.1,1.544,-0.2598,1.1,-0.0433,0.21,-0.666,20.6,recovery,LOW
2026-09-22T14:40:00,0.94,1.506,-0.228,-0.15,-0.038,0.26,-0.66,21.2,recovery,LOW
2026-09-22T14:50:00,1.18,1.485,-0.1224,0.24,-0.0204,0.32,-0.639,20.8,recovery,LOW
2026-09-22T15:00:00,0.66,1.427,-0.351,-0.52,-0.0585,0.35,-0.658,21.2,recovery,LOW
2026-09-22T15:10:00,0.12,1.396,-0.1866,-0.54,-0.0311,0.36,-0.654,20.9,recovery,LOW
2026-09-22T15:20:00,0.96,1.341,-0.3258,0.85,-0.0543,0.4,-0.656,21.3,recovery,LOW
2026-09-22T15:30:00,1.27,1.307,-0.2082,0.31,-0.0347,0.47,-0.642,20.7,recovery,LOW
2026-09-22T15:40:00,1.34,1.268,-0.2322,0.08,-0.0387,0.55,-0.661,20.5,recovery,LOW
2026-09-22T15:50:00,1.92,1.224,-0.261,0.58,-0.0435,0.65,-0.656,21.4,recovery,LOW
2026-09-22T16:00:00,1.6,1.194,-0.1812,-0.32,-0.0302,0.74,-0.652,20.7,recovery,LOW
2026-09-22T16:10:00,1.47,1.156,-0.2316,-0.13,-0.0386,0.82,-0.664,20.9,recovery,LOW
2026-09-22T16:20:00,0.81,1.1,-0.3342,-0.65,-0.0557,0.87,-0.679,20.7,recovery,LOW
2026-09-22T16:30:00,1.04,1.1,0.0,0.23,0.0,0.92,-0.65,20.6,recovery,LOW
2026-09-22T16:40:00,0.17,1.1,0.0,-0.87,0.0,0.87,-0.59,20.7,recovery,LOW
2026-09-22T16:50:00,0.75,1.1,0.0,0.59,0.0,0.87,-0.55,21.1,recovery,LOW
2026-09-22T17:00:00,0.79,1.1,0.0,0.04,0.0,0.91,-0.527,20.8,recovery,LOW
2026-09-22T17:10:00,1.03,1.1,0.0,0.24,0.0,0.95,-0.487,21.2,recovery,LOW
2026-09-22T17:20:00,0.64,1.1,0.0,-0.39,0.0,0.99,-0.444,20.7,recovery,LOW
2026-09-22T17:30:00,0.93,1.1,0.0,0.29,0.0,0.98,-0.406,20.3,recovery,LOW
2026-09-22T17:40:00,0.0,1.1,0.0,-0.93,0.0,0.93,-0.385,21.4,recovery,LOW
2026-09-22T17:50:00,0.39,1.1,0.0,0.39,0.0,0.88,-0.327,21.0,recovery,LOW
2026-09-22T18:00:00,1.07,1.1,0.0,0.67,0.0,0.91,-0.296,21.6,recovery,LOW
2026-09-22T18:10:00,0.85,1.1,0.0,-0.22,0.0,0.95,-0.241,20.7,recovery,LOW
2026-09-22T18:20:00,0.73,1.1,0.0,-0.12,0.0,0.93,-0.207,21.0,recovery,LOW
2026-09-22T18:30:00,0.45,1.1,0.0,-0.29,0.0,0.89,-0.168,21.2,recovery,LOW
2026-09-22T18:40:00,0.32,1.1,0.0,-0.12,0.0,0.83,-0.124,20.9,recovery,LOW
2026-09-22T18:50:00,0.51,1.1,0.0,0.19,0.0,0.75,-0.094,20.6,recovery,LOW
2026-09-22T19:00:00,0.19,1.1,0.0,-0.32,0.0,0.67,-0.056,21.4,recovery,LOW
2026-09-22T19:10:00,0.0,1.1,0.0,-0.19,0.0,0.59,0.0,20.9,recovery,LOW
2026-09-22T19:20:00,0.0,1.1,0.0,0.0,0.0,0.55,0.0,21.0,recovery,LOW
2026-09-22T19:30:00,0.0,1.1,0.0,0.0,0.0,0.49,0.0,21.2,recovery,LOW
2026-09-22T19:40:00,0.0,1.1,0.0,0.0,0.0,0.48,0.0,21.1,recovery,LOW
2026-09-22T19:50:00,0.0,1.1,0.0,0.0,0.0,0.44,0.0,21.3,recovery,LOW
2026-09-22T20:00:00,0.0,1.1,0.0,0.0,0.0,0.39,0.0,21.4,recovery,LOW
2026-09-22T20:10:00,0.0,1.1,0.0,0.0,0.0,0.34,0.0,20.9,recovery,LOW
2026-09-22T20:20:00,0.09,1.1,0.0,0.09,0.0,0.31,0.0,20.8,recovery,LOW
2026-09-22T20:30:00,0.94,1.1,0.0,0.85,0.0,0.31,0.0,21.0,recovery,LOW
2026-09-22T20:40:00,0.68,1.1,0.0,-0.26,0.0,0.35,0.0,20.6,recovery,LOW
2026-09-22T20:50:00,0.79,1.1,0.0,0.11,0.0,0.37,0.0,21.5,recovery,LOW
2026-09-22T21:00:00,0.26,1.1,0.0,-0.53,0.0,0.32,0.0,20.7,recovery,LOW
2026-09-22T21:10:00,0.31,1.1,0.0,0.06,0.0,0.29,0.0,20.9,recovery,LOW
2026-09-22T21:20:00,0.0,1.1,0.0,-0.31,0.0,0.25,0.0,20.7,recovery,LOW
2026-09-22T21:30:00,0.0,1.1,0.0,0.0,0.0,0.23,0.0,20.7,recovery,LOW
2026-09-22T21:40:00,0.25,1.1,0.0,0.25,0.0,0.22,0.0,21.2,recovery,LOW
2026-09-22T21:50:00,0.0,1.1,0.0,-0.25,0.0,0.2,0.0,20.8,recovery,LOW
2026-09-22T22:00:00,0.48,1.1,0.0,0.48,0.0,0.21,0.0,20.8,recovery,LOW
2026-09-22T22:10:00,0.93,1.1,0.0,0.45,0.0,0.26,0.0,20.6,recovery,LOW
2026-09-22T22:20:00,0.0,1.1,0.0,-0.93,0.0,0.26,0.0,21.5,recovery,LOW
2026-09-22T22:30:00,0.0,1.1,0.0,0.0,0.0,0.26,0.0,20.7,recovery,LOW
2026-09-22T22:40:00,0.0,1.1,0.0,0.0,0.0,0.26,0.0,21.3,recovery,LOW
2026-09-22T22:50:00,42.55,2.5,8.4,42.55,1.4,2.63,1.4,16.9,flash_flood,MEDIUM
2026-09-22T23:00:00,67.37,2.578,0.465,24.83,0.0775,6.37,1.478,16.9,flash_flood,HIGH
2026-09-22T23:10:00,78.47,2.706,0.771,11.1,0.1285,10.73,1.606,16.5,flash_flood,HIGH
2026-09-22T23:20:00,108.83,2.884,1.0662,30.36,0.1777,16.77,1.784,18.2,flash_flood,HIGH
2026-09-22T23:30:00,108.6,3.037,0.918,-0.23,0.153,22.75,1.937,16.7,flash_flood,HIGH
2026-09-22T23:40:00,109.34,3.216,1.077,0.74,0.1795,28.79,2.116,16.8,flash_flood,HIGH
2026-09-22T23:50:00,123.58,3.381,0.9876,14.23,0.1646,35.61,2.281,16.9,flash_flood,HIGH
2026-09-23T00:00:00,111.83,3.528,0.8832,-11.74,0.1472,41.81,2.428,17.4,flash_flood,HIGH
2026-09-23T00:10:00,114.2,3.695,0.9996,2.36,0.1666,48.13,2.595,17.6,flash_flood,HIGH
2026-09-23T00:20:00,116.32,3.845,0.8994,2.12,0.1499,54.6,2.745,17.7,flash_flood,HIGH
2026-09-23T00:30:00,129.99,4.005,0.9642,13.67,0.1607,61.82,2.905,17.1,flash_flood,HIGH
2026-09-23T00:40:00,126.17,4.218,1.2762,-3.82,0.2127,68.81,3.118,16.6,flash_flood,HIGH
2026-09-23T00:50:00,120.05,4.409,1.1436,-6.12,0.1906,75.48,3.309,17.0,flash_flood,HIGH
2026-09-23T01:00:00,108.81,4.571,0.972,-11.24,0.162,81.5,3.471,18.2,flash_flood,HIGH
2026-09-23T01:10:00,112.0,4.765,1.1646,3.19,0.1941,87.67,3.665,17.4,flash_flood,HIGH
2026-09-23T01:20:00,112.26,4.971,1.2354,0.26,0.2059,93.91,3.871,17.4,flash_flood,HIGH
2026-09-23T01:30:00,113.27,5.116,0.873,1.0,0.1455,100.2,4.016,17.1,flash_flood,HIGH
2026-09-23T01:40:00,116.72,5.278,0.969,3.46,0.1615,106.69,2.778,17.0,flash_flood,HIGH
2026-09-23T01:50:00,116.41,5.442,0.9888,-0.32,0.1648,110.79,2.865,17.5,flash_flood,HIGH
2026-09-23T02:00:00,114.98,5.611,1.0086,-1.43,0.1681,113.43,2.905,16.1,flash_flood,HIGH
2026-09-23T02:10:00,113.4,5.78,1.0182,-1.58,0.1697,115.37,2.897,16.8,flash_flood,HIGH
2026-09-23T02:20:00,116.73,5.951,1.023,3.33,0.1705,115.81,2.914,16.7,flash_flood,HIGH
2026-09-23T02:30:00,112.94,6.074,0.7404,-3.79,0.1234,116.05,2.858,16.9,flash_flood,HIGH
2026-09-23T02:40:00,108.53,6.203,0.7746,-4.41,0.1291,116.01,2.822,17.0,flash_flood,HIGH
2026-09-23T02:50:00,105.75,6.36,0.9384,-2.77,0.1564,115.02,2.832,16.7,flash_flood,HIGH
2026-09-23T03:00:00,112.2,6.544,1.1076,6.44,0.1846,115.04,2.85,17.0,flash_flood,HIGH
2026-09-23T03:10:00,98.57,6.689,0.8706,-13.62,0.1451,114.17,2.845,16.1,flash_flood,HIGH
2026-09-23T03:20:00,101.56,6.797,0.6462,2.98,0.1077,113.35,2.792,18.1,flash_flood,HIGH
2026-09-23T03:30:00,90.02,6.8,0.0186,-11.54,0.0031,111.13,2.582,17.1,flash_flood,HIGH
2026-09-23T03:40:00,90.71,6.8,0.0,0.69,0.0,109.16,2.391,17.3,flash_flood,HIGH
2026-09-23T03:50:00,113.75,6.8,0.0,23.05,0.0,108.81,2.229,17.1,flash_flood,HIGH
2026-09-23T04:00:00,110.03,6.8,0.0,-3.72,0.0,108.88,2.035,16.6,flash_flood,HIGH
2026-09-23T04:10:00,105.13,6.8,0.0,-4.9,0.0,108.5,1.829,16.8,flash_flood,HIGH
2026-09-23T04:20:00,95.56,6.8,0.0,-9.57,0.0,107.57,1.684,16.9,flash_flood,HIGH
2026-09-23T04:30:00,120.39,6.8,0.0,24.83,0.0,107.97,1.522,17.8,flash_flood,HIGH
2026-09-23T04:40:00,119.32,6.8,0.0,-1.07,0.0,108.11,1.358,17.6,flash_flood,HIGH
2026-09-23T04:50:00,115.91,6.8,0.0,-3.41,0.0,108.08,1.189,17.1,flash_flood,HIGH
2026-09-23T05:00:00,132.92,6.8,0.0,17.01,0.0,109.08,1.02,16.6,flash_flood,HIGH
2026-09-23T05:10:00,131.43,6.8,0.0,-1.49,0.0,110.08,0.849,17.4,flash_flood,HIGH
2026-09-23T05:20:00,121.62,6.8,0.0,-9.81,0.0,110.35,0.726,16.7,flash_flood,HIGH
2026-09-23T05:30:00,111.93,6.8,0.0,-9.69,0.0,110.3,0.597,16.0,flash_flood,HIGH
2026-09-23T05:40:00,111.23,6.8,0.0,-0.7,0.0,110.45,0.44,17.3,flash_flood,HIGH
2026-09-23T05:50:00,107.41,6.8,0.0,-3.82,0.0,110.54,0.256,17.8,flash_flood,HIGH
2026-09-23T06:00:00,115.84,6.8,0.0,8.43,0.0,110.74,0.111,16.0,flash_flood,HIGH
2026-09-23T06:10:00,123.13,6.8,0.0,7.29,0.0,112.11,0.003,16.8,flash_flood,HIGH
2026-09-23T06:20:00,121.38,6.8,0.0,-1.75,0.0,113.21,0.0,16.9,flash_flood,HIGH
2026-09-23T06:30:00,125.09,6.8,0.0,3.71,0.0,115.16,0.0,16.9,flash_flood,HIGH
2026-09-23T06:40:00,129.28,6.8,0.0,4.19,0.0,117.3,0.0,17.3,flash_flood,HIGH
2026-09-23T06:50:00,133.31,6.8,0.0,4.03,0.0,118.39,0.0,17.0,flash_flood,HIGH
2026-09-23T07:00:00,108.82,6.8,0.0,-24.5,0.0,118.32,0.0,17.6,flash_flood,HIGH
2026-09-23T07:10:00,109.7,6.8,0.0,0.89,0.0,118.57,0.0,17.2,flash_flood,HIGH
2026-09-23T07:20:00,116.43,6.8,0.0,6.73,0.0,119.73,0.0,16.9,flash_flood,HIGH
2026-09-23T07:30:00,113.42,6.8,0.0,-3.01,0.0,119.34,0.0,16.8,flash_flood,HIGH
2026-09-23T07:40:00,128.49,6.8,0.0,15.07,0.0,119.85,0.0,16.5,flash_flood,HIGH
2026-09-23T07:50:00,108.78,6.8,0.0,-19.71,0.0,119.46,0.0,16.8,flash_flood,HIGH
2026-09-23T08:00:00,115.16,6.8,0.0,6.38,0.0,118.47,0.0,15.7,flash_flood,HIGH
2026-09-23T08:10:00,115.62,6.8,0.0,0.46,0.0,117.59,0.0,17.0,flash_flood,HIGH
2026-09-23T08:20:00,110.6,6.8,0.0,-5.01,0.0,116.98,0.0,17.7,flash_flood,HIGH
2026-09-23T08:30:00,121.77,6.8,0.0,11.17,0.0,117.53,0.0,16.4,flash_flood,HIGH
2026-09-23T08:40:00,129.08,6.8,0.0,7.31,0.0,118.52,0.0,17.2,flash_flood,HIGH
2026-09-23T08:50:00,106.11,6.8,0.0,-22.97,0.0,118.45,0.0,16.2,flash_flood,HIGH
2026-09-23T09:00:00,115.42,6.8,0.0,9.31,0.0,118.42,0.0,18.0,flash_flood,HIGH
2026-09-23T09:10:00,122.26,6.8,0.0,6.84,0.0,118.37,0.0,17.0,flash_flood,HIGH
2026-09-23T09:20:00,105.57,6.8,0.0,-16.69,0.0,117.5,0.0,16.9,flash_flood,HIGH
2026-09-23T09:30:00,117.38,6.8,0.0,11.81,0.0,117.07,0.0,17.4,flash_flood,HIGH
2026-09-23T09:40:00,110.13,6.8,0.0,-7.25,0.0,116.0,0.0,16.7,flash_flood,HIGH
2026-09-23T09:50:00,95.66,6.8,0.0,-14.47,0.0,113.91,0.0,17.0,flash_flood,HIGH
2026-09-23T10:00:00,102.37,6.8,0.0,6.71,0.0,113.55,0.0,17.1,flash_flood,HIGH
2026-09-23T10:10:00,118.47,6.8,0.0,16.1,0.0,114.04,0.0,16.7,flash_flood,HIGH
2026-09-23T10:20:00,109.42,6.8,0.0,-9.05,0.0,113.65,0.0,16.5,flash_flood,HIGH
2026-09-23T10:30:00,122.29,6.8,0.0,12.87,0.0,114.14,0.0,16.7,flash_flood,HIGH
2026-09-23T10:40:00,127.21,6.8,0.0,4.92,0.0,114.07,0.0,17.1,flash_flood,HIGH
2026-09-23T10:50:00,117.77,6.8,0.0,-9.43,0.0,114.57,0.0,16.9,flash_flood,HIGH
2026-09-23T11:00:00,132.82,6.8,0.0,15.05,0.0,115.55,0.0,17.3,flash_flood,HIGH
2026-09-23T11:10:00,139.0,6.8,0.0,6.18,0.0,116.85,0.0,17.2,flash_flood,HIGH
2026-09-23T11:20:00,137.9,6.8,0.0,-1.11,0.0,118.37,0.0,16.9,flash_flood,HIGH
2026-09-23T11:30:00,129.79,6.8,0.0,-8.11,0.0,118.81,0.0,17.0,flash_flood,HIGH
2026-09-23T11:40:00,112.52,6.8,0.0,-17.27,0.0,117.89,0.0,16.2,flash_flood,HIGH
2026-09-23T11:50:00,105.33,6.8,0.0,-7.19,0.0,117.85,0.0,16.0,flash_flood,HIGH
2026-09-23T12:00:00,107.29,6.8,0.0,1.96,0.0,117.4,0.0,17.2,flash_flood,HIGH
2026-09-23T12:10:00,106.68,6.8,0.0,-0.61,0.0,116.53,0.0,16.7,flash_flood,HIGH
2026-09-23T12:20:00,95.61,6.8,0.0,-11.06,0.0,115.98,0.0,16.8,flash_flood,HIGH
2026-09-23T12:30:00,98.36,6.8,0.0,2.74,0.0,114.92,0.0,17.2,flash_flood,HIGH
2026-09-23T12:40:00,102.69,6.8,0.0,4.33,0.0,114.51,0.0,18.4,flash_flood,HIGH
2026-09-23T12:50:00,116.15,6.8,0.0,13.46,0.0,115.65,0.0,17.4,flash_flood,HIGH
2026-09-23T13:00:00,120.6,6.8,0.0,4.45,0.0,116.66,0.0,16.8,flash_flood,HIGH
2026-09-23T13:10:00,124.33,6.8,0.0,3.72,0.0,116.99,0.0,17.0,flash_flood,HIGH
2026-09-23T13:20:00,127.76,6.8,0.0,3.44,0.0,118.01,0.0,16.2,flash_flood,HIGH
2026-09-23T13:30:00,111.58,6.8,0.0,-16.18,0.0,117.41,0.0,17.3,flash_flood,HIGH
2026-09-23T13:40:00,119.44,6.8,0.0,7.86,0.0,116.98,0.0,17.4,flash_flood,HIGH
2026-09-23T13:50:00,112.01,6.8,0.0,-7.43,0.0,116.66,0.0,17.1,flash_flood,HIGH
2026-09-23T14:00:00,104.33,6.8,0.0,-7.67,0.0,115.08,0.0,17.6,flash_flood,HIGH
2026-09-23T14:10:00,106.66,6.8,0.0,2.33,0.0,113.28,0.0,17.2,flash_flood,HIGH
2026-09-23T14:20:00,100.58,6.8,0.0,-6.09,0.0,111.21,0.0,16.6,flash_flood,HIGH
2026-09-23T14:30:00,107.92,6.8,0.0,7.35,0.0,109.99,0.0,17.5,flash_flood,HIGH
2026-09-23T14:40:00,123.13,6.8,0.0,15.21,0.0,110.58,0.0,16.4,flash_flood,HIGH
2026-09-23T14:50:00,133.7,6.8,0.0,10.57,0.0,112.16,0.0,16.8,flash_flood,HIGH
2026-09-23T15:00:00,123.52,6.8,0.0,-10.18,0.0,113.06,0.0,17.5,flash_flood,HIGH
2026-09-23T15:10:00,127.05,6.8,0.0,3.53,0.0,114.19,0.0,16.2,flash_flood,HIGH
2026-09-23T15:20:00,114.33,6.8,0.0,-12.72,0.0,115.23,0.0,17.8,flash_flood,HIGH
2026-09-23T15:30:00,122.23,6.8,0.0,7.9,0.0,116.56,0.0,17.2,flash_flood,HIGH
2026-09-23T15:40:00,113.15,6.8,0.0,-9.08,0.0,117.14,0.0,16.5,flash_flood,HIGH
2026-09-23T15:50:00,122.4,6.8,0.0,9.25,0.0,117.48,0.0,17.8,flash_flood,HIGH
2026-09-23T16:00:00,120.48,6.8,0.0,-1.92,0.0,117.48,0.0,16.3,flash_flood,HIGH
2026-09-23T16:10:00,124.39,6.8,0.0,3.9,0.0,117.48,0.0,17.4,flash_flood,HIGH
2026-09-23T16:20:00,115.81,6.8,0.0,-8.57,0.0,116.82,0.0,17.5,flash_flood,HIGH
2026-09-23T16:30:00,118.95,6.8,0.0,3.14,0.0,117.23,0.0,17.1,flash_flood,HIGH
2026-09-23T16:40:00,109.52,6.8,0.0,-9.43,0.0,116.68,0.0,16.9,flash_flood,HIGH
2026-09-23T16:50:00,121.21,6.8,0.0,11.69,0.0,117.19,0.0,17.1,flash_flood,HIGH
2026-09-23T17:00:00,122.38,6.8,0.0,1.17,0.0,118.19,0.0,16.6,flash_flood,HIGH
2026-09-23T17:10:00,113.37,6.8,0.0,-9.01,0.0,118.56,0.0,16.4,flash_flood,HIGH
2026-09-23T17:20:00,112.69,6.8,0.0,-0.68,0.0,119.24,0.0,17.3,flash_flood,HIGH
2026-09-23T17:30:00,109.87,6.8,0.0,-2.82,0.0,119.34,0.0,17.2,flash_flood,HIGH
2026-09-23T17:40:00,130.48,6.8,0.0,20.61,0.0,119.75,0.0,17.7,flash_flood,HIGH
2026-09-23T17:50:00,127.85,6.8,0.0,-2.64,0.0,119.43,0.0,17.0,flash_flood,HIGH
2026-09-23T18:00:00,119.14,6.8,0.0,-8.7,0.0,119.18,0.0,17.1,flash_flood,HIGH
2026-09-23T18:10:00,123.1,6.8,0.0,3.96,0.0,118.96,0.0,18.1,flash_flood,HIGH
2026-09-23T18:20:00,121.53,6.8,0.0,-1.57,0.0,119.36,0.0,16.4,flash_flood,HIGH
2026-09-23T18:30:00,123.46,6.8,0.0,1.92,0.0,119.43,0.0,16.7,flash_flood,HIGH
2026-09-23T18:40:00,125.03,6.8,0.0,1.57,0.0,120.09,0.0,17.0,flash_flood,HIGH
2026-09-23T18:50:00,104.53,6.8,0.0,-20.5,0.0,119.1,0.0,17.1,flash_flood,HIGH
2026-09-23T19:00:00,105.64,6.8,0.0,1.11,0.0,118.27,0.0,17.9,flash_flood,HIGH
2026-09-23T19:10:00,116.12,6.8,0.0,10.48,0.0,117.82,0.0,16.8,flash_flood,HIGH
2026-09-23T19:20:00,110.56,6.8,0.0,-5.57,0.0,117.52,0.0,16.7,flash_flood,HIGH
2026-09-23T19:30:00,123.56,6.8,0.0,13.0,0.0,117.78,0.0,17.2,flash_flood,HIGH
2026-09-23T19:40:00,108.61,6.8,0.0,-14.95,0.0,117.73,0.0,16.0,flash_flood,HIGH
2026-09-23T19:50:00,101.39,6.8,0.0,-7.23,0.0,116.63,0.0,17.8,flash_flood,HIGH
2026-09-23T20:00:00,108.21,6.8,0.0,6.82,0.0,115.84,0.0,17.5,flash_flood,HIGH
2026-09-23T20:10:00,113.62,6.8,0.0,5.41,0.0,115.85,0.0,16.8,flash_flood,HIGH
2026-09-23T20:20:00,126.1,6.8,0.0,12.48,0.0,116.6,0.0,16.9,flash_flood,HIGH
2026-09-23T20:30:00,126.95,6.8,0.0,0.85,0.0,117.55,0.0,16.2,flash_flood,HIGH
2026-09-23T20:40:00,128.7,6.8,0.0,1.75,0.0,117.45,0.0,17.6,flash_flood,HIGH
2026-09-23T20:50:00,126.44,6.8,0.0,-2.25,0.0,117.37,0.0,17.0,flash_flood,HIGH
2026-09-23T21:00:00,114.16,6.8,0.0,-12.28,0.0,117.09,0.0,17.5,flash_flood,HIGH
2026-09-23T21:10:00,106.15,6.8,0.0,-8.02,0.0,116.15,0.0,17.3,flash_flood,HIGH
2026-09-23T21:20:00,102.39,6.8,0.0,-3.76,0.0,115.09,0.0,17.6,flash_flood,HIGH
2026-09-23T21:30:00,103.88,6.8,0.0,1.49,0.0,114.0,0.0,17.9,flash_flood,HIGH
2026-09-23T21:40:00,122.85,6.8,0.0,18.97,0.0,113.88,0.0,17.4,flash_flood,HIGH
2026-09-23T21:50:00,114.41,6.8,0.0,-8.45,0.0,114.43,0.0,16.9,flash_flood,HIGH
2026-09-23T22:00:00,105.18,6.8,0.0,-9.22,0.0,114.4,0.0,17.5,flash_flood,HIGH
2026-09-23T22:10:00,119.48,6.8,0.0,14.29,0.0,114.59,0.0,17.2,flash_flood,HIGH
2026-09-23T22:20:00,114.99,6.8,0.0,-4.49,0.0,114.84,0.0,16.7,flash_flood,HIGH
2026-09-23T22:30:00,118.87,6.8,0.0,3.88,0.0,114.58,0.0,17.4,flash_flood,HIGH
2026-09-23T22:40:00,121.49,6.8,0.0,2.62,0.0,115.29,0.0,16.6,flash_flood,HIGH
2026-09-23T22:50:00,123.9,6.8,0.0,2.41,0.0,116.54,0.0,16.7,flash_flood,HIGH
2026-09-23T23:00:00,125.46,6.8,0.0,1.56,0.0,117.5,0.0,17.4,flash_flood,HIGH
2026-09-23T23:10:00,110.5,6.8,0.0,-14.96,0.0,117.33,0.0,16.7,flash_flood,HIGH
2026-09-23T23:20:00,103.75,6.8,0.0,-6.75,0.0,116.09,0.0,16.9,flash_flood,HIGH
2026-09-23T23:30:00,99.32,6.8,0.0,-4.43,0.0,114.55,0.0,15.9,flash_flood,HIGH
2026-09-23T23:40:00,104.23,6.8,0.0,4.91,0.0,113.19,0.0,16.8,flash_flood,HIGH
2026-09-23T23:50:00,92.62,6.8,0.0,-11.61,0.0,111.31,0.0,16.7,flash_flood,HIGH
2026-09-24T00:00:00,98.64,6.8,0.0,6.02,0.0,110.45,0.0,17.6,flash_flood,HIGH
2026-09-24T00:10:00,113.64,6.8,0.0,15.0,0.0,110.87,0.0,16.8,flash_flood,HIGH
2026-09-24T00:20:00,102.53,6.8,0.0,-11.12,0.0,110.88,0.0,17.7,flash_flood,HIGH
2026-09-24T00:30:00,107.07,6.8,0.0,4.54,0.0,111.05,0.0,16.3,flash_flood,HIGH
2026-09-24T00:40:00,98.78,6.8,0.0,-8.29,0.0,109.71,0.0,17.5,flash_flood,HIGH
2026-09-24T00:50:00,116.69,6.8,0.0,17.91,0.0,109.84,0.0,17.6,flash_flood,HIGH
2026-09-24T01:00:00,120.16,6.8,0.0,3.47,0.0,110.67,0.0,17.4,flash_flood,HIGH
2026-09-24T01:10:00,105.86,6.8,0.0,-14.3,0.0,109.92,0.0,17.5,flash_flood,HIGH
2026-09-24T01:20:00,113.21,6.8,0.0,7.35,0.0,109.82,0.0,17.1,flash_flood,HIGH
2026-09-24T01:30:00,99.9,6.8,0.0,-13.31,0.0,108.76,0.0,17.3,flash_flood,HIGH
2026-09-24T01:40:00,94.61,6.8,0.0,-5.29,0.0,107.27,0.0,17.0,flash_flood,HIGH
2026-09-24T01:50:00,106.03,6.8,0.0,11.42,0.0,106.28,0.0,16.7,flash_flood,HIGH
2026-09-24T02:00:00,101.21,6.8,0.0,-4.82,0.0,104.93,0.0,17.0,flash_flood,HIGH
2026-09-24T02:10:00,117.89,6.8,0.0,16.68,0.0,105.34,0.0,17.4,flash_flood,HIGH
2026-09-24T02:20:00,125.48,6.8,0.0,7.59,0.0,106.55,0.0,17.5,flash_flood,HIGH
2026-09-24T02:30:00,118.29,6.8,0.0,-7.19,0.0,107.6,0.0,16.2,flash_flood,HIGH
2026-09-24T02:40:00,117.24,6.8,0.0,-1.05,0.0,108.32,0.0,16.5,flash_flood,HIGH
2026-09-24T02:50:00,128.72,6.8,0.0,11.48,0.0,110.33,0.0,16.9,flash_flood,HIGH
2026-09-24T03:00:00,131.39,6.8,0.0,2.67,0.0,112.15,0.0,17.9,flash_flood,HIGH
2026-09-24T03:10:00,137.18,6.8,0.0,5.79,0.0,113.46,0.0,17.3,flash_flood,HIGH
2026-09-24T03:20:00,138.42,6.8,0.0,1.24,0.0,115.45,0.0,16.3,flash_flood,HIGH
2026-09-24T03:30:00,138.5,6.8,0.0,0.08,0.0,117.2,0.0,16.4,flash_flood,HIGH
2026-09-24T03:40:00,127.68,6.8,0.0,-10.81,0.0,118.8,0.0,17.4,flash_flood,HIGH
2026-09-24T03:50:00,124.85,6.8,0.0,-2.83,0.0,119.26,0.0,17.0,flash_flood,HIGH
2026-09-24T04:00:00,116.39,6.8,0.0,-8.47,0.0,119.05,0.0,17.2,flash_flood,HIGH
2026-09-24T04:10:00,107.13,6.8,0.0,-9.26,0.0,119.12,0.0,16.5,flash_flood,HIGH
2026-09-24T04:20:00,117.02,6.8,0.0,9.89,0.0,119.33,0.0,17.4,flash_flood,HIGH
2026-09-24T04:30:00,122.12,6.8,0.0,5.1,0.0,120.56,0.0,17.3,flash_flood,HIGH
2026-09-24T04:40:00,118.56,6.8,0.0,-3.57,0.0,121.89,0.0,16.6,flash_flood,HIGH
2026-09-24T04:50:00,122.89,6.8,0.0,4.34,0.0,122.83,0.0,17.3,flash_flood,HIGH
2026-09-24T05:00:00,125.82,6.8,0.0,2.92,0.0,124.2,0.0,17.1,flash_flood,HIGH
2026-09-24T05:10:00,117.93,6.8,0.0,-7.88,0.0,124.2,0.0,16.3,flash_flood,HIGH
2026-09-24T05:20:00,116.1,6.8,0.0,-1.84,0.0,123.68,0.0,16.9,flash_flood,HIGH
2026-09-24T05:30:00,138.13,6.8,0.0,22.03,0.0,124.78,0.0,17.5,flash_flood,HIGH
2026-09-24T05:40:00,130.5,6.8,0.0,-7.63,0.0,125.52,0.0,17.1,flash_flood,HIGH
2026-09-24T05:50:00,132.13,6.8,0.0,1.64,0.0,125.71,0.0,17.5,flash_flood,HIGH
2026-09-24T06:00:00,124.67,6.8,0.0,-7.46,0.0,125.33,0.0,17.0,flash_flood,HIGH
2026-09-24T06:10:00,123.08,6.8,0.0,-1.58,0.0,124.55,0.0,16.6,flash_flood,HIGH
2026-09-24T06:20:00,132.14,6.8,0.0,9.06,0.0,124.2,0.0,16.5,flash_flood,HIGH
2026-09-24T06:30:00,123.37,6.8,0.0,-8.77,0.0,123.36,0.0,17.1,flash_flood,HIGH
2026-09-24T06:40:00,108.45,6.8,0.0,-14.93,0.0,122.29,0.0,17.8,flash_flood,HIGH
2026-09-24T06:50:00,105.14,6.8,0.0,-3.31,0.0,121.2,0.0,16.1,flash_flood,HIGH
2026-09-24T07:00:00,96.93,6.8,0.0,-8.21,0.0,120.12,0.0,17.1,flash_flood,HIGH
2026-09-24T07:10:00,103.21,6.8,0.0,6.28,0.0,119.9,0.0,16.5,flash_flood,HIGH
2026-09-24T07:20:00,103.6,6.8,0.0,0.39,0.0,119.15,0.0,17.6,flash_flood,HIGH
2026-09-24T07:30:00,107.76,6.8,0.0,4.16,0.0,118.36,0.0,17.1,flash_flood,HIGH
2026-09-24T07:40:00,116.94,6.8,0.0,9.18,0.0,118.27,0.0,17.2,flash_flood,HIGH
2026-09-24T07:50:00,109.67,6.8,0.0,-7.27,0.0,117.53,0.0,17.2,flash_flood,HIGH
2026-09-24T08:00:00,105.05,6.8,0.0,-4.62,0.0,116.38,0.0,16.8,flash_flood,HIGH
2026-09-24T08:10:00,114.51,6.8,0.0,9.46,0.0,116.19,0.0,17.8,flash_flood,HIGH
2026-09-24T08:20:00,119.85,6.8,0.0,5.34,0.0,116.4,0.0,17.1,flash_flood,HIGH
2026-09-24T08:30:00,122.71,6.8,0.0,2.86,0.0,115.54,0.0,17.3,flash_flood,HIGH
2026-09-24T08:40:00,124.5,6.8,0.0,1.8,0.0,115.21,0.0,17.3,flash_flood,HIGH
2026-09-24T08:50:00,118.87,6.8,0.0,-5.64,0.0,114.47,0.0,16.7,flash_flood,HIGH
2026-09-24T09:00:00,115.69,6.8,0.0,-3.18,0.0,113.97,0.0,16.8,flash_flood,HIGH
2026-09-24T09:10:00,116.28,6.8,0.0,0.59,0.0,113.59,0.0,17.2,flash_flood,HIGH
2026-09-24T09:20:00,124.87,6.8,0.0,8.59,0.0,113.19,0.0,17.7,flash_flood,HIGH
2026-09-24T09:30:00,137.34,6.8,0.0,12.48,0.0,113.96,0.0,17.5,flash_flood,HIGH
2026-09-24T09:40:00,145.93,6.8,0.0,8.58,0.0,116.05,0.0,16.6,flash_flood,HIGH
2026-09-24T09:50:00,139.92,6.8,0.0,-6.01,0.0,117.98,0.0,17.1,flash_flood,HIGH
2026-09-24T10:00:00,130.03,6.8,0.0,-9.89,0.0,119.82,0.0,16.5,flash_flood,HIGH
2026-09-24T10:10:00,121.99,6.8,0.0,-8.04,0.0,120.86,0.0,17.7,flash_flood,HIGH
2026-09-24T10:20:00,125.58,6.8,0.0,3.59,0.0,122.08,0.0,16.6,flash_flood,HIGH
2026-09-24T10:30:00,132.27,6.8,0.0,6.7,0.0,123.44,0.0,16.9,flash_flood,HIGH
2026-09-24T10:40:00,111.55,6.8,0.0,-20.72,0.0,123.15,0.0,17.8,flash_flood,HIGH
2026-09-24T10:50:00,121.28,6.8,0.0,9.73,0.0,123.79,0.0,16.8,flash_flood,HIGH
2026-09-24T11:00:00,105.93,3.4,-20.4,-15.35,-3.4,123.84,-3.4,20.1,heavy_rain,MEDIUM
2026-09-24T11:10:00,86.55,3.4,0.0,-19.38,0.0,122.29,-3.4,19.4,heavy_rain,MEDIUM
2026-09-24T11:20:00,82.04,3.4,0.0,-4.52,0.0,120.19,-3.4,19.2,heavy_rain,MEDIUM
2026-09-24T11:30:00,70.37,3.4,0.0,-11.67,0.0,117.28,-3.4,19.1,heavy_rain,MEDIUM
2026-09-24T11:40:00,66.26,3.4,0.0,-4.11,0.0,114.04,-3.4,19.7,heavy_rain,MEDIUM
2026-09-24T11:50:00,63.79,3.4,0.0,-2.46,0.0,110.98,-3.4,19.1,heavy_rain,MEDIUM
2026-09-24T12:00:00,61.55,3.4,0.0,-2.24,0.0,107.97,-3.4,19.1,heavy_rain,MEDIUM
2026-09-24T12:10:00,60.05,3.4,0.0,-1.5,0.0,104.85,-3.4,19.8,heavy_rain,MEDIUM
2026-09-24T12:20:00,58.7,3.4,0.0,-1.35,0.0,101.17,-3.4,19.3,heavy_rain,MEDIUM
2026-09-24T12:30:00,59.86,3.4,0.0,1.16,0.0,96.87,-3.4,20.0,heavy_rain,MEDIUM
2026-09-24T12:40:00,57.96,3.4,0.0,-1.9,0.0,91.98,-3.4,19.1,heavy_rain,MEDIUM
2026-09-24T12:50:00,58.82,3.4,0.0,0.86,0.0,87.48,-3.4,20.1,heavy_rain,MEDIUM
2026-09-24T13:00:00,56.23,3.4,0.0,-2.59,0.0,83.38,-3.4,19.3,heavy_rain,MEDIUM
2026-09-24T13:10:00,54.17,3.4,0.0,-2.06,0.0,79.61,-3.4,20.0,heavy_rain,MEDIUM
2026-09-24T13:20:00,56.11,3.4,0.0,1.93,0.0,75.75,-3.4,19.0,heavy_rain,MEDIUM
2026-09-24T13:30:00,53.29,3.4,0.0,-2.81,0.0,71.36,-3.4,19.8,heavy_rain,MEDIUM
2026-09-24T13:40:00,51.18,3.4,0.0,-2.11,0.0,68.01,-3.4,19.8,heavy_rain,MEDIUM
2026-09-24T13:50:00,47.35,3.4,0.0,-3.83,0.0,63.9,0.0,18.8,heavy_rain,MEDIUM
2026-09-24T14:00:00,47.44,3.4,0.0,0.09,0.0,60.65,0.0,19.6,heavy_rain,MEDIUM
2026-09-24T14:10:00,51.89,3.399,-0.0078,4.45,-0.0013,58.72,-0.001,19.8,heavy_rain,MEDIUM
2026-09-24T14:20:00,45.55,3.4,0.0078,-6.34,0.0013,56.7,0.0,19.2,heavy_rain,MEDIUM
2026-09-24T14:30:00,51.8,3.4,0.0,6.26,0.0,55.67,0.0,19.0,heavy_rain,MEDIUM
2026-09-24T14:40:00,53.76,3.4,0.0,1.96,0.0,54.97,0.0,19.5,heavy_rain,MEDIUM
2026-09-24T14:50:00,51.32,3.4,0.0,-2.44,0.0,54.28,0.0,18.8,heavy_rain,MEDIUM
2026-09-24T15:00:00,55.17,3.4,0.0,3.85,0.0,53.93,0.0,19.5,heavy_rain,MEDIUM
2026-09-24T15:10:00,60.22,3.4,0.0,5.05,0.0,53.93,0.0,19.2,heavy_rain,MEDIUM
2026-09-24T15:20:00,64.01,3.4,0.0,3.79,0.0,54.23,0.0,19.8,heavy_rain,MEDIUM
2026-09-24T15:30:00,64.42,3.4,0.0,0.41,0.0,54.48,0.0,19.4,heavy_rain,MEDIUM
2026-09-24T15:40:00,59.43,3.4,0.0,-4.99,0.0,54.56,0.0,19.8,heavy_rain,MEDIUM
2026-09-24T15:50:00,58.68,3.4,0.0,-0.75,0.0,54.56,0.0,18.8,heavy_rain,MEDIUM
2026-09-24T16:00:00,61.66,3.4,0.0,2.98,0.0,54.86,0.0,19.8,heavy_rain,MEDIUM
2026-09-24T16:10:00,57.35,3.4,0.0,-4.31,0.0,55.04,0.0,18.8,heavy_rain,MEDIUM
2026-09-24T16:20:00,51.41,3.4,0.0,-5.94,0.0,54.77,0.0,19.3,heavy_rain,MEDIUM
2026-09-24T16:30:00,50.73,3.4,0.0,-0.67,0.0,54.63,0.0,19.5,heavy_rain,MEDIUM
2026-09-24T16:40:00,51.14,3.4,0.0,0.41,0.0,54.63,0.0,19.3,heavy_rain,MEDIUM
2026-09-24T16:50:00,50.85,3.4,0.0,-0.29,0.0,54.82,0.0,19.3,heavy_rain,MEDIUM
2026-09-24T17:00:00,52.14,3.4,0.0,1.29,0.0,55.09,0.001,19.9,heavy_rain,MEDIUM
2026-09-24T17:10:00,50.25,3.4,0.0,-1.89,0.0,54.99,0.0,19.7,heavy_rain,MEDIUM
2026-09-24T17:20:00,50.01,3.4,0.0,-0.24,0.0,55.24,0.0,19.1,heavy_rain,MEDIUM
2026-09-24T17:30:00,51.97,3.4,0.0,1.95,0.0,55.25,0.0,18.8,heavy_rain,MEDIUM
2026-09-24T17:40:00,58.68,3.4,0.0,6.71,0.0,55.52,0.0,18.8,heavy_rain,MEDIUM
2026-09-24T17:50:00,50.75,3.4,0.0,-7.92,0.0,55.49,0.0,19.1,heavy_rain,MEDIUM
2026-09-24T18:00:00,56.83,3.4,0.0,6.08,0.0,55.58,0.0,19.4,heavy_rain,MEDIUM
2026-09-24T18:10:00,57.26,3.4,0.0,0.43,0.0,55.42,0.0,19.1,heavy_rain,MEDIUM
2026-09-24T18:20:00,59.19,3.4,0.0,1.93,0.0,55.15,0.0,19.8,heavy_rain,MEDIUM
2026-09-24T18:30:00,55.82,3.4,0.0,-3.37,0.0,54.68,0.0,19.4,heavy_rain,MEDIUM
2026-09-24T18:40:00,50.88,3.4,0.0,-4.94,0.0,54.2,0.0,19.5,heavy_rain,MEDIUM
2026-09-24T18:50:00,56.53,3.4,0.0,5.65,0.0,54.08,0.0,19.6,heavy_rain,MEDIUM
2026-09-24T19:00:00,59.68,3.4,0.0,3.14,0.0,53.97,0.0,19.7,heavy_rain,MEDIUM
2026-09-24T19:10:00,62.36,3.4,0.0,2.68,0.0,54.25,0.0,19.1,heavy_rain,MEDIUM
2026-09-24T19:20:00,58.77,3.4,0.0,-3.59,0.0,54.66,0.0,19.3,heavy_rain,MEDIUM
2026-09-24T19:30:00,54.14,3.4,0.0,-4.62,0.0,54.85,0.0,19.5,heavy_rain,MEDIUM
2026-09-24T19:40:00,52.28,3.4,0.0,-1.87,0.0,54.91,0.0,19.8,heavy_rain,MEDIUM
2026-09-24T19:50:00,58.19,3.4,0.0,5.91,0.0,55.32,0.0,19.4,heavy_rain,MEDIUM
2026-09-24T20:00:00,55.34,3.4,0.0,-2.85,0.0,55.5,0.0,19.5,heavy_rain,MEDIUM
2026-09-24T20:10:00,54.3,3.4,0.0,-1.04,0.0,55.72,0.0,19.7,heavy_rain,MEDIUM
2026-09-24T20:20:00,52.57,3.4,0.0,-1.73,0.0,55.86,0.0,19.7,heavy_rain,MEDIUM
2026-09-24T20:30:00,54.17,3.4,0.0,1.59,0.0,55.99,0.0,19.2,heavy_rain,MEDIUM
2026-09-24T20:40:00,55.92,3.4,0.0,1.75,0.0,55.83,0.0,19.1,heavy_rain,MEDIUM
2026-09-24T20:50:00,52.9,3.4,0.0,-3.02,0.0,55.95,0.0,19.3,heavy_rain,MEDIUM
2026-09-24T21:00:00,55.73,3.4,0.0,2.83,0.0,55.89,0.0,19.7,heavy_rain,MEDIUM
2026-09-24T21:10:00,54.04,3.4,0.0,-1.69,0.0,55.71,0.0,20.1,heavy_rain,MEDIUM
2026-09-24T21:20:00,59.06,3.4,0.0,5.02,0.0,55.7,0.0,20.8,heavy_rain,MEDIUM
2026-09-24T21:30:00,57.16,3.4,0.0,-1.9,0.0,55.78,0.0,19.0,heavy_rain,MEDIUM
2026-09-24T21:40:00,54.59,3.4,0.0,-2.57,0.0,55.98,0.0,19.6,heavy_rain,MEDIUM
2026-09-24T21:50:00,55.72,3.4,0.0,1.13,0.0,55.94,0.0,19.8,heavy_rain,MEDIUM
2026-09-24T22:00:00,60.88,3.4,0.0,5.16,0.0,56.01,0.0,19.0,heavy_rain,MEDIUM
2026-09-24T22:10:00,62.48,3.4,0.0,1.59,0.0,56.01,0.0,19.7,heavy_rain,MEDIUM
2026-09-24T22:20:00,56.37,3.4,0.0,-6.11,0.0,55.88,0.0,19.7,heavy_rain,MEDIUM
2026-09-24T22:30:00,54.55,3.4,0.0,-1.81,0.0,55.9,0.0,20.2,heavy_rain,MEDIUM
2026-09-24T22:40:00,49.39,3.4,0.0,-5.16,0.0,55.74,0.0,19.6,heavy_rain,MEDIUM
2026-09-24T22:50:00,55.34,3.4,0.0,5.95,0.0,55.58,0.0,18.8,heavy_rain,MEDIUM
2026-09-24T23:00:00,48.44,3.4,0.0,-6.9,0.0,55.2,0.0,20.1,heavy_rain,MEDIUM
2026-09-24T23:10:00,44.06,3.4,0.0,-4.38,0.0,54.63,0.0,19.5,heavy_rain,MEDIUM
2026-09-24T23:20:00,49.04,3.4,0.0,4.97,0.0,54.44,0.0,19.1,heavy_rain,MEDIUM
2026-09-24T23:30:00,45.45,3.4,0.0,-3.59,0.0,53.95,0.0,20.2,heavy_rain,MEDIUM
2026-09-24T23:40:00,49.21,3.4,0.0,3.76,0.0,53.58,0.0,19.8,heavy_rain,MEDIUM
2026-09-24T23:50:00,51.4,3.4,0.0,2.19,0.0,53.5,0.0,19.1,heavy_rain,MEDIUM
2026-09-25T00:00:00,50.11,3.4,0.0,-1.28,0.0,53.18,0.0,19.7,heavy_rain,MEDIUM
2026-09-25T00:10:00,48.18,3.4,0.0,-1.93,0.0,52.86,0.0,19.9,heavy_rain,MEDIUM
2026-09-25T00:20:00,54.1,3.4,0.0,5.92,0.0,52.58,0.0,19.5,heavy_rain,MEDIUM
2026-09-25T00:30:00,52.54,3.4,0.0,-1.56,0.0,52.33,0.0,19.8,heavy_rain,MEDIUM
2026-09-25T00:40:00,48.94,3.4,0.0,-3.6,0.0,52.01,0.0,20.3,heavy_rain,MEDIUM
2026-09-25T00:50:00,50.44,3.4,0.0,1.5,0.0,51.72,0.0,19.8,heavy_rain,MEDIUM
2026-09-25T01:00:00,47.45,3.4,0.0,-2.98,0.0,50.97,0.0,20.0,heavy_rain,MEDIUM
2026-09-25T01:10:00,51.71,3.4,0.0,4.26,0.0,50.37,0.0,19.3,heavy_rain,MEDIUM
2026-09-25T01:20:00,57.48,3.4,0.0,5.77,0.0,50.44,0.0,19.5,heavy_rain,MEDIUM
2026-09-25T01:30:00,57.01,3.4,0.0,-0.47,0.0,50.57,0.0,20.0,heavy_rain,MEDIUM
2026-09-25T01:40:00,57.66,3.4,0.0,0.65,0.0,51.03,0.0,19.5,heavy_rain,MEDIUM
2026-09-25T01:50:00,58.99,3.4,0.0,1.34,0.0,51.23,0.0,19.4,heavy_rain,MEDIUM
2026-09-25T02:00:00,63.8,3.4,0.0,4.8,0.0,52.09,0.0,19.9,heavy_rain,MEDIUM
2026-09-25T02:10:00,64.23,3.4,0.0,0.43,0.0,53.21,0.0,19.4,heavy_rain,MEDIUM
2026-09-25T02:20:00,64.32,3.4,0.0,0.1,0.0,54.06,0.0,20.4,heavy_rain,MEDIUM
2026-09-25T02:30:00,54.7,3.4,0.0,-9.62,0.0,54.57,0.0,19.6,heavy_rain,MEDIUM
2026-09-25T02:40:00,59.49,3.4,0.0,4.78,0.0,55.14,0.0,18.8,heavy_rain,MEDIUM
2026-09-25T02:50:00,59.33,3.399,-0.0072,-0.16,-0.0012,55.58,-0.001,19.1,heavy_rain,MEDIUM
2026-09-25T03:00:00,56.93,3.4,0.0072,-2.4,0.0012,55.96,0.0,19.0,heavy_rain,MEDIUM
2026-09-25T03:10:00,54.33,3.4,0.0,-2.59,0.0,56.3,0.0,19.1,heavy_rain,MEDIUM
2026-09-25T03:20:00,58.1,3.4,0.0,3.77,0.0,56.52,0.0,19.4,heavy_rain,MEDIUM
2026-09-25T03:30:00,57.21,3.4,0.0,-0.9,0.0,56.78,0.0,19.3,heavy_rain,MEDIUM
2026-09-25T03:40:00,59.18,3.4,0.0,1.97,0.0,57.35,0.0,20.0,heavy_rain,MEDIUM
2026-09-25T03:50:00,52.56,3.4,0.0,-6.62,0.0,57.47,0.0,20.1,heavy_rain,MEDIUM
2026-09-25T04:00:00,56.6,3.4,0.0,4.04,0.0,57.98,0.0,19.5,heavy_rain,MEDIUM
2026-09-25T04:10:00,57.18,3.4,0.0,0.58,0.0,58.28,0.0,19.5,heavy_rain,MEDIUM
2026-09-25T04:20:00,62.13,3.4,0.0,4.95,0.0,58.54,0.0,20.3,heavy_rain,MEDIUM
2026-09-25T04:30:00,57.19,3.4,0.0,-4.95,0.0,58.55,0.0,20.0,heavy_rain,MEDIUM
2026-09-25T04:40:00,60.23,3.4,0.0,3.04,0.0,58.69,0.0,19.0,heavy_rain,MEDIUM
2026-09-25T04:50:00,62.34,3.4,0.0,2.11,0.0,58.88,0.0,19.7,heavy_rain,MEDIUM
2026-09-25T05:00:00,65.02,3.4,0.0,2.69,0.0,58.95,0.0,19.3,heavy_rain,MEDIUM
2026-09-25T05:10:00,55.72,3.4,0.0,-9.31,0.0,58.48,0.0,19.9,heavy_rain,MEDIUM
2026-09-25T05:20:00,61.05,3.4,0.0,5.33,0.0,58.29,0.0,19.9,heavy_rain,MEDIUM
2026-09-25T05:30:00,59.2,3.4,0.0,-1.85,0.0,58.54,0.0,19.9,heavy_rain,MEDIUM
2026-09-25T05:40:00,61.81,3.4,0.0,2.61,0.0,58.67,0.001,19.5,heavy_rain,MEDIUM
2026-09-25T05:50:00,60.47,3.4,0.0,-1.34,0.0,58.74,0.0,19.1,heavy_rain,MEDIUM
2026-09-25T06:00:00,53.5,3.4,0.0,-6.98,0.0,58.55,0.0,19.4,heavy_rain,MEDIUM
2026-09-25T06:10:00,50.15,3.4,0.0,-3.35,0.0,58.31,0.0,19.8,heavy_rain,MEDIUM
2026-09-25T06:20:00,51.53,3.4,0.0,1.38,0.0,57.95,0.0,20.4,heavy_rain,MEDIUM
2026-09-25T06:30:00,57.05,3.399,-0.0084,5.52,-0.0014,57.94,-0.001,19.4,heavy_rain,MEDIUM
2026-09-25T06:40:00,54.52,3.4,0.0084,-2.53,0.0014,57.68,0.0,18.9,heavy_rain,MEDIUM
2026-09-25T06:50:00,56.1,3.4,0.0,1.59,0.0,57.88,0.0,20.0,heavy_rain,MEDIUM
2026-09-25T07:00:00,61.94,3.4,0.0,5.83,0.0,58.17,0.0,19.6,heavy_rain,MEDIUM
2026-09-25T07:10:00,59.25,3.4,0.0,-2.69,0.0,58.29,0.0,19.6,heavy_rain,MEDIUM
2026-09-25T07:20:00,51.0,3.4,0.0,-8.25,0.0,57.67,0.0,19.9,heavy_rain,MEDIUM
2026-09-25T07:30:00,58.18,3.4,0.0,7.18,0.0,57.73,0.0,19.3,heavy_rain,MEDIUM
2026-09-25T07:40:00,61.27,3.4,0.0,3.09,0.0,57.78,0.0,19.1,heavy_rain,MEDIUM
2026-09-25T07:50:00,60.77,3.4,0.0,-0.5,0.0,57.7,0.0,19.9,heavy_rain,MEDIUM
2026-09-25T08:00:00,55.67,3.4,0.0,-5.1,0.0,57.18,0.0,19.4,heavy_rain,MEDIUM
2026-09-25T08:10:00,54.75,3.4,0.0,-0.92,0.0,57.12,0.0,19.5,heavy_rain,MEDIUM
2026-09-25T08:20:00,51.78,3.4,0.0,-2.98,0.0,56.61,0.0,19.4,heavy_rain,MEDIUM
2026-09-25T08:30:00,50.24,3.4,0.0,-1.54,0.0,56.11,0.0,19.2,heavy_rain,MEDIUM
2026-09-25T08:40:00,53.08,3.4,0.0,2.84,0.0,55.63,0.0,19.2,heavy_rain,MEDIUM
2026-09-25T08:50:00,53.02,3.4,0.0,-0.06,0.0,55.21,0.0,18.6,heavy_rain,MEDIUM
2026-09-25T09:00:00,58.39,3.4,0.0,5.37,0.0,55.48,0.0,20.0,heavy_rain,MEDIUM
2026-09-25T09:10:00,58.96,3.4,0.0,0.56,0.0,55.97,0.0,20.0,heavy_rain,MEDIUM
2026-09-25T09:20:00,53.95,3.4,0.0,-5.0,0.0,56.11,0.001,18.5,heavy_rain,MEDIUM
2026-09-25T09:30:00,51.11,3.4,0.0,-2.84,0.0,55.78,0.0,20.3,heavy_rain,MEDIUM
2026-09-25T09:40:00,53.45,3.4,0.0,2.34,0.0,55.72,0.0,19.5,heavy_rain,MEDIUM
2026-09-25T09:50:00,54.41,3.4,0.0,0.96,0.0,55.62,0.0,19.6,heavy_rain,MEDIUM
2026-09-25T10:00:00,55.19,3.4,0.0,0.77,0.0,55.25,0.0,19.7,heavy_rain,MEDIUM
2026-09-25T10:10:00,52.65,3.4,0.0,-2.53,0.0,54.88,0.0,18.9,heavy_rain,MEDIUM
2026-09-25T10:20:00,56.11,3.4,0.0,3.46,0.0,55.17,0.0,19.1,heavy_rain,MEDIUM
2026-09-25T10:30:00,59.6,3.4,0.0,3.49,0.0,55.25,0.0,19.2,heavy_rain,MEDIUM
2026-09-25T10:40:00,66.73,3.4,0.0,7.13,0.0,55.55,0.0,19.3,heavy_rain,MEDIUM
2026-09-25T10:50:00,63.06,3.4,0.0,-3.67,0.0,55.68,0.0,18.7,heavy_rain,MEDIUM
2026-09-25T11:00:00,60.55,3.4,0.0,-2.51,0.0,55.95,0.0,19.3,heavy_rain,MEDIUM
2026-09-25T11:10:00,54.83,3.4,0.0,-5.73,0.0,55.95,0.0,19.2,heavy_rain,MEDIUM
2026-09-25T11:20:00,57.49,3.4,0.0,2.66,0.0,56.27,0.0,19.4,heavy_rain,MEDIUM
2026-09-25T11:30:00,58.83,3.4,0.0,1.34,0.0,56.75,0.0,19.6,heavy_rain,MEDIUM
2026-09-25T11:40:00,54.17,3.4,0.0,-4.65,0.0,56.81,0.0,20.2,heavy_rain,MEDIUM
2026-09-25T11:50:00,52.68,3.4,0.0,-1.49,0.0,56.79,0.0,19.9,heavy_rain,MEDIUM
2026-09-25T12:00:00,52.9,3.4,0.0,0.22,0.0,56.48,0.0,19.8,heavy_rain,MEDIUM
2026-09-25T12:10:00,50.57,3.4,0.0,-2.33,0.0,56.02,0.0,19.9,heavy_rain,MEDIUM
2026-09-25T12:20:00,54.34,3.4,0.0,3.77,0.0,56.04,0.0,19.2,heavy_rain,MEDIUM
2026-09-25T12:30:00,49.07,3.4,0.0,-5.26,0.0,55.92,0.0,18.8,heavy_rain,MEDIUM
2026-09-25T12:40:00,47.15,3.4,0.0,-1.92,0.0,55.57,0.0,18.9,heavy_rain,MEDIUM
2026-09-25T12:50:00,53.23,3.4,0.0,6.08,0.0,55.51,0.0,19.6,heavy_rain,MEDIUM
2026-09-25T13:00:00,57.68,3.4,0.0,4.45,0.0,55.65,0.0,19.8,heavy_rain,MEDIUM
2026-09-25T13:10:00,55.57,3.4,0.0,-2.11,0.0,55.81,0.0,19.7,heavy_rain,MEDIUM
2026-09-25T13:20:00,52.67,3.4,0.0,-2.9,0.0,55.62,0.0,18.7,heavy_rain,MEDIUM
2026-09-25T13:30:00,56.39,3.4,0.0,3.72,0.0,55.44,0.0,18.7,heavy_rain,MEDIUM
2026-09-25T13:40:00,60.83,3.4,0.0,4.43,0.0,55.11,0.0,19.8,heavy_rain,MEDIUM
2026-09-25T13:50:00,50.17,3.3,-0.5982,-10.66,-0.0997,54.4,-0.1,25.0,normal,MEDIUM
2026-09-25T14:00:00,41.43,3.189,-0.6666,-8.74,-0.1111,53.33,-0.211,24.4,normal,MEDIUM
2026-09-25T14:10:00,35.7,3.095,-0.567,-5.73,-0.0945,52.27,-0.305,24.0,normal,MEDIUM
2026-09-25T14:20:00,29.33,2.995,-0.6012,-6.36,-0.1002,50.71,-0.405,24.5,normal,MEDIUM
2026-09-25T14:30:00,23.9,2.874,-0.7212,-5.43,-0.1202,48.77,-0.526,25.2,normal,MEDIUM
2026-09-25T14:40:00,20.08,2.77,-0.6252,-3.83,-0.1042,46.87,-0.63,25.0,normal,MEDIUM
2026-09-25T14:50:00,17.89,2.665,-0.6288,-2.19,-0.1048,44.94,-0.735,24.7,normal,MEDIUM
2026-09-25T15:00:00,14.28,2.55,-0.6894,-3.6,-0.1149,42.79,-0.85,25.3,normal,MEDIUM
2026-09-25T15:10:00,12.37,2.471,-0.4794,-1.91,-0.0799,40.67,-0.929,24.9,normal,MEDIUM
2026-09-25T15:20:00,12.06,2.352,-0.7098,-0.31,-0.1183,38.32,-1.048,25.2,normal,MEDIUM
2026-09-25T15:30:00,10.1,2.245,-0.645,-1.96,-0.1075,36.16,-1.155,24.9,normal,MEDIUM
2026-09-25T15:40:00,10.37,2.163,-0.4878,0.27,-0.0813,34.11,-1.237,24.6,normal,MEDIUM
2026-09-25T15:50:00,10.78,2.107,-0.3408,0.41,-0.0568,31.76,-1.293,25.6,normal,MEDIUM
2026-09-25T16:00:00,9.26,2.04,-0.399,-1.52,-0.0665,29.07,-1.36,25.1,normal,MEDIUM
2026-09-25T16:10:00,10.36,1.962,-0.4722,1.1,-0.0787,26.55,-1.438,24.7,normal,LOW
2026-09-25T16:20:00,10.81,1.921,-0.246,0.45,-0.041,24.23,-1.479,25.5,normal,LOW
2026-09-25T16:30:00,11.16,1.873,-0.2856,0.35,-0.0476,21.72,-1.527,25.5,normal,LOW
2026-09-25T16:40:00,9.15,1.857,-0.096,-2.01,-0.016,18.85,-1.443,25.2,normal,LOW
2026-09-25T16:50:00,7.41,1.807,-0.3012,-1.74,-0.0502,16.47,-1.382,25.4,normal,LOW
2026-09-25T17:00:00,7.32,1.742,-0.387,-0.1,-0.0645,14.58,-1.352,25.0,normal,LOW
2026-09-25T17:10:00,8.14,1.712,-0.18,0.82,-0.03,13.04,-1.282,24.8,normal,LOW
2026-09-25T17:20:00,9.15,1.675,-0.225,1.01,-0.0375,11.92,-1.199,25.6,normal,LOW
2026-09-25T17:30:00,9.2,1.68,0.033,0.05,0.0055,11.11,-1.09,24.7,normal,LOW
2026-09-25T17:40:00,8.51,1.613,-0.402,-0.68,-0.067,10.46,-1.052,25.4,normal,LOW
2026-09-25T17:50:00,8.34,1.584,-0.177,-0.17,-0.0295,9.93,-0.967,25.7,normal,LOW
2026-09-25T18:00:00,7.53,1.569,-0.087,-0.81,-0.0145,9.56,-0.901,25.8,normal,LOW
2026-09-25T18:10:00,5.49,1.585,0.0942,-2.04,0.0157,9.18,-0.767,26.0,normal,LOW
2026-09-25T18:20:00,5.64,1.534,-0.3042,0.14,-0.0507,8.82,-0.71,25.6,normal,LOW
2026-09-25T18:30:00,5.83,1.537,0.0186,0.2,0.0031,8.58,-0.626,25.1,normal,LOW
2026-09-25T18:40:00,5.38,1.462,-0.45,-0.46,-0.075,8.3,-0.644,25.5,normal,LOW
2026-09-25T18:50:00,5.07,1.469,0.039,-0.31,0.0065,7.99,-0.571,24.8,normal,LOW
2026-09-25T19:00:00,5.75,1.457,-0.069,0.68,-0.0115,7.79,-0.504,25.4,normal,LOW
2026-09-25T19:10:00,6.24,1.436,-0.1302,0.49,-0.0217,7.56,-0.485,26.0,normal,LOW
2026-09-25T19:20:00,4.9,1.391,-0.2712,-1.34,-0.0452,7.23,-0.482,25.7,normal,LOW
2026-09-25T19:30:00,5.15,1.38,-0.0606,0.25,-0.0101,6.9,-0.477,26.0,normal,LOW
2026-09-25T19:40:00,5.17,1.385,0.0258,0.03,0.0043,6.68,-0.422,25.0,normal,LOW
2026-09-25T19:50:00,5.67,1.355,-0.1782,0.5,-0.0297,6.58,-0.387,25.8,normal,LOW
2026-09-25T20:00:00,4.22,1.301,-0.3252,-1.46,-0.0542,6.41,-0.412,25.8,normal,LOW
2026-09-25T20:10:00,3.64,1.292,-0.0546,-0.57,-0.0091,6.16,-0.383,25.7,normal,LOW
2026-09-25T20:20:00,5.32,1.276,-0.0936,1.68,-0.0156,5.95,-0.404,25.7,normal,LOW
2026-09-25T20:30:00,5.35,1.291,0.0912,0.03,0.0152,5.73,-0.322,25.5,normal,LOW
2026-09-25T20:40:00,5.24,1.269,-0.135,-0.11,-0.0225,5.55,-0.315,25.9,normal,LOW
2026-09-25T20:50:00,5.89,1.248,-0.1272,0.64,-0.0212,5.42,-0.322,26.1,normal,LOW
2026-09-25T21:00:00,6.34,1.241,-0.0408,0.45,-0.0068,5.35,-0.344,25.8,normal,LOW
2026-09-25T21:10:00,5.14,1.267,0.1584,-1.2,0.0264,5.33,-0.267,25.4,normal,LOW
2026-09-25T21:20:00,4.35,1.261,-0.0384,-0.78,-0.0064,5.26,-0.277,25.7,normal,LOW
2026-09-25T21:30:00,5.3,1.26,-0.0072,0.95,-0.0012,5.23,-0.203,26.1,normal,LOW
2026-09-25T21:40:00,4.71,1.248,-0.0696,-0.59,-0.0116,5.19,-0.221,25.9,normal,LOW
2026-09-25T21:50:00,6.09,1.246,-0.0144,1.38,-0.0024,5.25,-0.212,25.9,normal,LOW
2026-09-25T22:00:00,6.2,1.282,0.2154,0.11,0.0359,5.27,-0.154,26.1,normal,LOW
2026-09-25T22:10:00,6.42,1.262,-0.1188,0.23,-0.0198,5.28,-0.129,26.0,normal,LOW
2026-09-25T22:20:00,6.25,1.25,-0.069,-0.17,-0.0115,5.36,-0.13,25.9,normal,LOW
2026-09-25T22:30:00,6.91,1.229,-0.1284,0.66,-0.0214,5.46,-0.156,25.6,normal,LOW
2026-09-25T22:40:00,6.98,1.253,0.1464,0.07,0.0244,5.56,-0.102,25.9,normal,LOW
2026-09-25T22:50:00,6.11,1.251,-0.015,-0.87,-0.0025,5.58,-0.05,25.9,normal,LOW
2026-09-25T23:00:00,5.76,1.288,0.2226,-0.35,0.0371,5.67,-0.004,25.9,normal,LOW
2026-09-25T23:10:00,5.01,1.316,0.1674,-0.75,0.0279,5.74,0.04,26.1,normal,LOW
2026-09-25T23:20:00,5.08,1.338,0.1356,0.08,0.0226,5.73,0.047,26.2,normal,LOW
2026-09-25T23:30:00,4.84,1.338,-0.0054,-0.25,-0.0009,5.7,0.069,25.6,normal,LOW
2026-09-25T23:40:00,7.28,1.33,-0.0468,2.44,-0.0078,5.81,0.082,25.7,normal,LOW
2026-09-25T23:50:00,8.49,1.335,0.0318,1.21,0.0053,5.96,0.094,25.8,normal,LOW
2026-09-26T00:00:00,8.06,1.335,-0.0006,-0.44,-0.0001,6.05,0.068,26.4,normal,LOW
2026-09-26T00:10:00,8.8,1.344,0.0564,0.74,0.0094,6.26,0.084,26.1,normal,LOW
2026-09-26T00:20:00,7.36,1.322,-0.1356,-1.43,-0.0226,6.42,0.062,26.2,normal,LOW
2026-09-26T00:30:00,5.48,1.294,-0.1686,-1.89,-0.0281,6.43,0.045,26.0,normal,LOW
2026-09-26T00:40:00,6.38,1.258,-0.2148,0.9,-0.0358,6.53,0.012,25.9,normal,LOW
2026-09-26T00:50:00,6.46,1.265,0.0402,0.08,0.0067,6.55,-0.017,25.8,normal,LOW
2026-09-26T01:00:00,6.11,1.249,-0.093,-0.35,-0.0155,6.54,-0.013,25.5,normal,LOW
2026-09-26T01:10:00,7.13,1.26,0.066,1.02,0.011,6.58,0.01,25.9,normal,LOW
2026-09-26T01:20:00,6.92,1.261,0.0054,-0.21,0.0009,6.62,0.032,26.2,normal,LOW
2026-09-26T01:30:00,7.62,1.295,0.2058,0.7,0.0343,6.66,0.042,25.9,normal,LOW
2026-09-26T01:40:00,5.97,1.335,0.2406,-1.65,0.0401,6.6,0.084,26.5,normal,LOW
2026-09-26T01:50:00,5.56,1.338,0.0156,-0.41,0.0026,6.57,0.05,25.9,normal,LOW
2026-09-26T02:00:00,5.52,1.327,-0.0672,-0.04,-0.0112,6.56,0.011,25.9,normal,LOW
2026-09-26T02:10:00,3.67,1.305,-0.1308,-1.85,-0.0218,6.48,-0.034,25.7,normal,LOW
2026-09-26T02:20:00,4.31,1.303,-0.0114,0.64,-0.0019,6.44,-0.035,26.0,normal,LOW
2026-09-26T02:30:00,3.95,1.284,-0.1152,-0.35,-0.0192,6.39,-0.046,25.6,normal,LOW
2026-09-26T02:40:00,2.92,1.261,-0.1362,-1.03,-0.0227,6.15,-0.074,26.6,normal,LOW
2026-09-26T02:50:00,2.72,1.258,-0.0198,-0.2,-0.0033,5.83,-0.077,26.0,normal,LOW
2026-09-26T03:00:00,1.88,1.261,0.021,-0.84,0.0035,5.49,-0.083,25.5,normal,LOW
2026-09-26T03:10:00,1.21,1.312,0.3066,-0.67,0.0511,5.06,-0.009,26.3,normal,LOW
2026-09-26T03:20:00,1.95,1.264,-0.2886,0.74,-0.0481,4.76,-0.029,26.3,normal,LOW
2026-09-26T03:30:00,2.41,1.277,0.0768,0.46,0.0128,4.59,0.019,26.0,normal,LOW
2026-09-26T03:40:00,1.7,1.253,-0.1428,-0.7,-0.0238,4.33,-0.011,25.7,normal,LOW
2026-09-26T03:50:00,2.24,1.247,-0.0402,0.54,-0.0067,4.1,-0.002,25.9,normal,LOW
2026-09-26T04:00:00,4.15,1.252,0.03,1.91,0.005,3.99,-0.008,25.9,normal,LOW
2026-09-26T04:10:00,5.58,1.253,0.0084,1.43,0.0014,3.9,-0.008,25.7,normal,LOW
2026-09-26T04:20:00,7.65,1.242,-0.0642,2.07,-0.0107,3.94,-0.053,25.6,normal,LOW
2026-09-26T04:30:00,7.78,1.28,0.2262,0.13,0.0377,3.95,-0.055,25.7,normal,LOW
2026-09-26T04:40:00,6.71,1.243,-0.2208,-1.07,-0.0368,3.99,-0.095,25.5,normal,LOW
2026-09-26T04:50:00,7.05,1.25,0.0402,0.35,0.0067,4.08,-0.077,25.9,normal,LOW
2026-09-26T05:00:00,5.79,1.256,0.0372,-1.26,0.0062,4.09,-0.049,26.1,normal,LOW
2026-09-26T05:10:00,5.09,1.27,0.0822,-0.7,0.0137,4.17,-0.033,25.7,normal,LOW
2026-09-26T05:20:00,6.13,1.304,0.2022,1.04,0.0337,4.27,0.02,25.7,normal,LOW
2026-09-26T05:30:00,6.5,1.335,0.1878,0.36,0.0313,4.41,0.074,25.4,normal,LOW
2026-09-26T05:40:00,7.21,1.313,-0.1338,0.71,-0.0223,4.65,0.055,25.7,normal,LOW
2026-09-26T05:50:00,6.95,1.314,0.0096,-0.26,0.0016,4.89,0.053,25.9,normal,LOW
2026-09-26T06:00:00,7.81,1.304,-0.0582,0.86,-0.0097,5.22,-0.008,25.3,normal,LOW
2026-09-26T06:10:00,8.43,1.323,0.1116,0.62,0.0186,5.62,0.059,25.4,normal,LOW
2026-09-26T06:20:00,6.78,1.34,0.1032,-1.65,0.0172,5.89,0.063,25.2,normal,LOW
2026-09-26T06:30:00,7.59,1.333,-0.0432,0.81,-0.0072,6.18,0.08,26.0,normal,LOW
2026-09-26T06:40:00,8.88,1.352,0.111,1.29,0.0185,6.57,0.105,25.3,normal,LOW
2026-09-26T06:50:00,7.9,1.33,-0.1302,-0.98,-0.0217,6.89,0.078,26.0,normal,LOW
2026-09-26T07:00:00,7.06,1.343,0.0816,-0.84,0.0136,7.05,0.09,25.8,normal,LOW
2026-09-26T07:10:00,5.9,1.325,-0.108,-1.16,-0.018,7.07,0.083,25.8,normal,LOW
2026-09-26T07:20:00,4.97,1.283,-0.2538,-0.93,-0.0423,6.92,0.003,25.9,normal,LOW
2026-09-26T07:30:00,3.89,1.263,-0.1206,-1.09,-0.0201,6.7,0.02,25.1,normal,LOW
2026-09-26T07:40:00,4.52,1.284,0.126,0.63,0.021,6.58,0.034,25.5,normal,LOW
2026-09-26T07:50:00,4.57,1.288,0.0234,0.05,0.0039,6.44,0.032,25.0,normal,LOW
2026-09-26T08:00:00,5.94,1.254,-0.2046,1.37,-0.0341,6.45,-0.016,25.3,normal,LOW
2026-09-26T08:10:00,6.41,1.251,-0.0168,0.47,-0.0028,6.53,-0.053,25.4,normal,LOW
2026-09-26T08:20:00,4.39,1.244,-0.042,-2.03,-0.007,6.43,-0.091,25.4,normal,LOW
2026-09-26T08:30:00,3.76,1.266,0.1284,-0.63,0.0214,6.28,-0.047,25.7,normal,LOW
2026-09-26T08:40:00,5.22,1.304,0.2334,1.47,0.0389,6.17,-0.01,25.4,normal,LOW
2026-09-26T08:50:00,5.42,1.28,-0.1476,0.2,-0.0246,6.08,-0.025,25.5,normal,LOW
2026-09-26T09:00:00,6.14,1.307,0.1662,0.72,0.0277,5.99,-0.016,24.9,normal,LOW
2026-09-26T09:10:00,5.84,1.279,-0.171,-0.3,-0.0285,5.84,-0.061,25.5,normal,LOW
2026-09-26T09:20:00,4.92,1.309,0.18,-0.93,0.03,5.74,-0.024,24.9,normal,LOW
2026-09-26T09:30:00,5.56,1.315,0.0336,0.64,0.0056,5.63,-0.037,25.1,normal,LOW
2026-09-26T09:40:00,6.27,1.288,-0.1572,0.71,-0.0262,5.48,-0.042,25.4,normal,LOW
2026-09-26T09:50:00,5.79,1.257,-0.1902,-0.49,-0.0317,5.36,-0.087,25.5,normal,LOW
2026-09-26T10:00:00,5.13,1.276,0.117,-0.66,0.0195,5.26,-0.049,25.0,normal,LOW
2026-09-26T10:10:00,5.05,1.251,-0.1482,-0.07,-0.0247,5.21,-0.032,25.0,normal,LOW
2026-09-26T10:20:00,6.81,1.266,0.0852,1.75,0.0142,5.31,0.003,25.3,normal,LOW
2026-09-26T10:30:00,6.13,1.234,-0.192,-0.68,-0.032,5.44,-0.05,25.4,normal,LOW
2026-09-26T10:40:00,5.06,1.252,0.1098,-1.06,0.0183,5.47,-0.036,25.6,normal,LOW
2026-09-26T10:50:00,7.07,1.274,0.1356,2.01,0.0226,5.61,0.021,25.0,normal,LOW
2026-09-26T11:00:00,6.36,1.303,0.1692,-0.71,0.0282,5.63,0.052,25.0,normal,LOW
2026-09-26T11:10:00,5.9,1.34,0.2232,-0.46,0.0372,5.6,0.096,24.5,normal,LOW
2026-09-26T11:20:00,5.59,1.338,-0.0114,-0.31,-0.0019,5.67,0.072,25.0,normal,LOW
2026-09-26T11:30:00,5.98,1.327,-0.0654,0.39,-0.0109,5.79,0.023,24.6,normal,LOW
2026-09-26T11:40:00,5.17,1.3,-0.1596,-0.81,-0.0266,5.79,0.021,24.9,normal,LOW
2026-09-26T11:50:00,4.06,1.307,0.039,-1.11,0.0065,5.71,-0.0,25.0,normal,LOW
2026-09-26T12:00:00,3.77,1.309,0.0102,-0.29,0.0017,5.58,0.03,25.5,normal,LOW
2026-09-26T12:10:00,3.67,1.281,-0.165,-0.1,-0.0275,5.46,-0.028,25.0,normal,LOW
2026-09-26T12:20:00,3.84,1.284,0.0156,0.17,0.0026,5.4,-0.031,24.3,normal,LOW
2026-09-26T12:30:00,4.66,1.267,-0.0978,0.82,-0.0163,5.35,-0.021,24.5,normal,LOW
2026-09-26T12:40:00,4.61,1.282,0.0876,-0.05,0.0146,5.26,0.025,24.0,normal,LOW
2026-09-26T12:50:00,5.01,1.275,-0.0408,0.41,-0.0068,5.21,-0.001,25.1,normal,LOW
2026-09-26T13:00:00,5.24,1.277,0.009,0.22,0.0015,5.22,0.025,24.6,normal,LOW
2026-09-26T13:10:00,6.83,1.286,0.0558,1.6,0.0093,5.32,0.02,24.8,normal,LOW
2026-09-26T13:20:00,7.15,1.279,-0.039,0.31,-0.0065,5.34,0.046,24.8,normal,LOW
2026-09-26T13:30:00,6.87,1.273,-0.0402,-0.28,-0.0067,5.38,0.021,24.9,normal,LOW
2026-09-26T13:40:00,5.77,1.267,-0.0354,-1.1,-0.0059,5.42,-0.008,24.6,normal,LOW
2026-09-26T13:50:00,5.18,1.265,-0.009,-0.59,-0.0015,5.31,-0.037,24.4,normal,LOW
2026-09-26T14:00:00,6.27,1.253,-0.0744,1.09,-0.0124,5.31,-0.087,24.5,normal,LOW
2026-09-26T14:10:00,5.25,1.225,-0.1656,-1.03,-0.0276,5.27,-0.113,24.1,normal,LOW
2026-09-26T14:20:00,4.62,1.223,-0.0126,-0.62,-0.0021,5.22,-0.104,23.7,normal,LOW
2026-09-26T14:30:00,4.34,1.232,0.0552,-0.29,0.0092,5.13,-0.068,24.2,normal,LOW
2026-09-26T14:40:00,5.03,1.245,0.0756,0.69,0.0126,5.12,-0.062,24.8,normal,LOW
2026-09-26T14:50:00,6.07,1.229,-0.093,1.05,-0.0155,5.23,-0.079,23.9,normal,LOW
2026-09-26T15:00:00,5.08,1.256,0.162,-1.0,0.027,5.3,-0.025,24.4,normal,LOW
2026-09-26T15:10:00,5.11,1.239,-0.1044,0.03,-0.0174,5.38,-0.045,24.0,normal,LOW
2026-09-26T15:20:00,5.74,1.225,-0.0822,0.64,-0.0137,5.49,-0.042,24.5,normal,LOW
2026-09-26T15:30:00,5.85,1.215,-0.0642,0.11,-0.0107,5.56,-0.067,24.2,normal,LOW
2026-09-26T15:40:00,5.38,1.23,0.0936,-0.47,0.0156,5.6,-0.045,24.3,normal,LOW
2026-09-26T15:50:00,4.94,1.244,0.0846,-0.44,0.0141,5.6,-0.032,24.7,normal,LOW
2026-09-26T16:00:00,6.64,1.248,0.0246,1.7,0.0041,5.67,-0.037,23.8,normal,LOW
2026-09-26T16:10:00,7.86,1.249,0.0018,1.23,0.0003,5.73,-0.031,24.3,normal,LOW
2026-09-26T16:20:00,6.18,1.235,-0.0816,-1.68,-0.0136,5.68,-0.038,23.8,normal,LOW
2026-09-26T16:30:00,4.47,1.237,0.0126,-1.71,0.0021,5.54,-0.03,23.7,normal,LOW
2026-09-26T16:40:00,4.6,1.238,0.003,0.13,0.0005,5.48,-0.028,23.5,normal,LOW
2026-09-26T16:50:00,4.92,1.232,-0.036,0.31,-0.006,5.46,-0.021,24.2,normal,LOW
2026-09-26T17:00:00,6.49,1.239,0.042,1.58,0.007,5.48,0.013,24.0,normal,LOW
2026-09-26T17:10:00,7.56,1.26,0.1266,1.06,0.0211,5.6,0.037,24.3,normal,LOW
2026-09-26T17:20:00,7.19,1.272,0.0702,-0.36,0.0117,5.75,0.039,24.3,normal,LOW
2026-09-26T17:30:00,6.48,1.3,0.1698,-0.71,0.0283,5.87,0.055,23.5,normal,LOW
2026-09-26T17:40:00,6.37,1.3,0.0018,-0.11,0.0003,5.94,0.071,24.1,normal,LOW
2026-09-26T17:50:00,5.83,1.315,0.09,-0.54,0.015,5.93,0.059,23.5,normal,LOW
2026-09-26T18:00:00,6.21,1.339,0.141,0.39,0.0235,5.99,0.1,23.6,normal,LOW
2026-09-26T18:10:00,5.74,1.336,-0.015,-0.47,-0.0025,6.03,0.111,23.5,normal,LOW
2026-09-26T18:20:00,3.76,1.334,-0.0156,-1.98,-0.0026,5.92,0.119,23.0,normal,LOW
2026-09-26T18:30:00,3.92,1.293,-0.24,0.16,-0.04,5.81,0.063,23.6,normal,LOW
2026-09-26T18:40:00,3.5,1.272,-0.1278,-0.42,-0.0213,5.7,0.028,23.4,normal,LOW
2026-09-26T18:50:00,3.33,1.259,-0.0786,-0.17,-0.0131,5.62,0.011,23.2,normal,LOW
2026-09-26T19:00:00,2.36,1.243,-0.0972,-0.98,-0.0162,5.38,-0.006,23.2,normal,LOW
2026-09-26T19:10:00,3.43,1.245,0.0102,1.08,0.0017,5.13,0.01,23.1,normal,LOW
2026-09-26T19:20:00,5.5,1.245,-0.0012,2.06,-0.0002,5.09,0.007,23.1,normal,LOW
2026-09-26T19:30:00,5.57,1.26,0.0918,0.07,0.0153,5.15,0.022,23.2,normal,LOW
2026-09-26T19:40:00,6.6,1.28,0.1194,1.03,0.0199,5.27,0.048,23.0,normal,LOW
2026-09-26T19:50:00,6.4,1.305,0.1536,-0.2,0.0256,5.35,0.067,22.9,normal,LOW
2026-09-26T20:00:00,5.76,1.304,-0.0108,-0.64,-0.0018,5.31,0.044,23.6,normal,LOW
2026-09-26T20:10:00,6.78,1.331,0.1626,1.02,0.0271,5.26,0.059,22.9,normal,LOW
2026-09-26T20:20:00,6.46,1.329,-0.009,-0.32,-0.0015,5.22,0.029,23.2,normal,LOW
2026-09-26T20:30:00,7.28,1.318,-0.0648,0.82,-0.0108,5.27,0.018,23.1,normal,LOW
2026-09-26T20:40:00,5.29,1.304,-0.0858,-1.99,-0.0143,5.21,-0.011,22.0,normal,LOW
2026-09-26T20:50:00,5.28,1.312,0.0462,-0.01,0.0077,5.18,-0.027,22.4,normal,LOW
2026-09-26T21:00:00,5.62,1.284,-0.1674,0.33,-0.0279,5.14,-0.052,23.0,normal,LOW
2026-09-26T21:10:00,6.36,1.29,0.0384,0.74,0.0064,5.18,-0.043,22.4,normal,LOW
2026-09-26T21:20:00,5.41,1.304,0.081,-0.95,0.0135,5.27,0.01,22.3,normal,LOW
2026-09-26T21:30:00,5.72,1.293,-0.0618,0.31,-0.0103,5.37,0.021,22.8,normal,LOW
2026-09-26T21:40:00,5.16,1.258,-0.2094,-0.56,-0.0349,5.46,-0.001,22.7,normal,LOW
2026-09-26T21:50:00,5.57,1.215,-0.2598,0.41,-0.0433,5.59,-0.028,22.4,normal,LOW
2026-09-26T22:00:00,6.72,1.197,-0.1074,1.14,-0.0179,5.83,-0.048,22.4,normal,LOW
2026-09-26T22:10:00,7.94,1.198,0.0048,1.22,0.0008,6.08,-0.047,22.8,normal,LOW
2026-09-26T22:20:00,8.44,1.214,0.099,0.5,0.0165,6.24,-0.045,22.3,normal,LOW
2026-09-26T22:30:00,7.28,1.263,0.2886,-1.16,0.0481,6.34,-0.017,22.6,normal,LOW
2026-09-26T22:40:00,6.53,1.22,-0.258,-0.75,-0.043,6.33,-0.086,22.6,normal,LOW
2026-09-26T22:50:00,5.36,1.209,-0.0654,-1.16,-0.0109,6.28,-0.095,22.7,normal,LOW
2026-09-26T23:00:00,5.3,1.21,0.0054,-0.06,0.0009,6.25,-0.121,22.2,normal,LOW
2026-09-26T23:10:00,5.45,1.205,-0.0252,0.15,-0.0042,6.18,-0.124,21.8,normal,LOW
2026-09-26T23:20:00,5.59,1.189,-0.1002,0.14,-0.0167,6.13,-0.13,22.0,normal,LOW
2026-09-26T23:30:00,5.57,1.199,0.06,-0.02,0.01,6.03,-0.105,22.2,normal,LOW
2026-09-26T23:40:00,6.13,1.206,0.0444,0.56,0.0074,6.08,-0.106,21.8,normal,LOW
2026-09-26T23:50:00,7.06,1.219,0.0756,0.93,0.0126,6.18,-0.065,22.0,normal,LOW
2026-09-27T00:00:00,7.19,1.232,0.0768,0.14,0.0128,6.27,-0.059,22.0,normal,LOW
2026-09-27T00:10:00,8.1,1.233,0.0084,0.9,0.0014,6.36,-0.071,22.0,normal,LOW
2026-09-27T00:20:00,8.66,1.25,0.1026,0.56,0.0171,6.54,-0.043,21.7,normal,LOW
2026-09-27T00:30:00,7.82,1.295,0.2724,-0.84,0.0454,6.66,0.037,21.6,normal,LOW
2026-09-27T00:40:00,6.99,1.328,0.195,-0.84,0.0325,6.76,0.113,21.9,normal,LOW
2026-09-27T00:50:00,5.47,1.302,-0.153,-1.52,-0.0255,6.75,0.105,22.2,normal,LOW
2026-09-27T01:00:00,4.72,1.322,0.12,-0.75,0.02,6.64,0.124,21.3,normal,LOW
2026-09-27T01:10:00,3.96,1.343,0.1212,-0.76,0.0202,6.42,0.128,21.8,normal,LOW
2026-09-27T01:20:00,4.47,1.347,0.024,0.51,0.004,6.2,0.084,21.5,normal,LOW
2026-09-27T01:30:00,4.67,1.328,-0.1128,0.2,-0.0188,6.06,0.108,21.9,normal,LOW
2026-09-27T01:40:00,3.94,1.328,-0.0006,-0.73,-0.0001,5.91,0.119,22.2,normal,LOW
2026-09-27T01:50:00,4.1,1.32,-0.0474,0.16,-0.0079,5.84,0.11,21.6,normal,LOW
2026-09-27T02:00:00,4.51,1.317,-0.0198,0.41,-0.0033,5.8,0.111,21.8,normal,LOW
2026-09-27T02:10:00,5.34,1.34,0.1386,0.83,0.0231,5.79,0.151,22.0,normal,LOW
2026-09-27T02:20:00,4.81,1.326,-0.084,-0.54,-0.014,5.75,0.127,21.3,normal,LOW
2026-09-27T02:30:00,4.15,1.326,0.0018,-0.66,0.0003,5.67,0.12,21.1,normal,LOW
2026-09-27T02:40:00,4.26,1.32,-0.0372,0.11,-0.0062,5.57,0.101,21.6,normal,LOW
2026-09-27T02:50:00,4.59,1.321,0.0084,0.34,0.0014,5.43,0.09,21.7,normal,LOW
2026-09-27T03:00:00,5.64,1.311,-0.0588,1.04,-0.0098,5.34,0.078,21.5,normal,LOW
2026-09-27T03:10:00,6.65,1.301,-0.0648,1.02,-0.0108,5.26,0.051,21.6,normal,LOW
2026-09-27T03:20:00,6.38,1.29,-0.063,-0.27,-0.0105,5.14,-0.005,22.2,normal,LOW
2026-09-27T03:30:00,6.97,1.295,0.0276,0.58,0.0046,5.09,-0.033,21.7,normal,LOW
2026-09-27T03:40:00,7.19,1.318,0.1392,0.23,0.0232,5.1,0.015,21.4,normal,LOW
2026-09-27T03:50:00,6.84,1.328,0.0612,-0.35,0.0102,5.18,0.006,21.8,normal,LOW
2026-09-27T04:00:00,5.93,1.341,0.0756,-0.9,0.0126,5.25,-0.002,21.8,normal,LOW
2026-09-27T04:10:00,4.83,1.355,0.0864,-1.11,0.0144,5.29,0.008,20.6,normal,LOW
2026-09-27T04:20:00,4.25,1.363,0.0462,-0.58,0.0077,5.28,0.035,20.7,normal,LOW
2026-09-27T04:30:00,3.71,1.345,-0.1074,-0.54,-0.0179,5.23,0.017,20.6,normal,LOW
2026-09-27T04:40:00,4.72,1.309,-0.2184,1.02,-0.0364,5.27,-0.011,21.2,normal,LOW
2026-09-27T04:50:00,4.02,1.296,-0.0738,-0.7,-0.0123,5.27,-0.02,20.8,normal,LOW
2026-09-27T05:00:00,3.34,1.306,0.0588,-0.68,0.0098,5.2,-0.034,21.0,normal,LOW
2026-09-27T05:10:00,4.11,1.288,-0.1092,0.77,-0.0182,5.13,-0.038,20.8,normal,LOW
2026-09-27T05:20:00,3.49,1.288,-0.0,-0.62,-0.0,5.06,-0.038,21.1,normal,LOW
2026-09-27T05:30:00,3.73,1.231,-0.339,0.24,-0.0565,5.04,-0.088,20.5,normal,LOW
2026-09-27T05:40:00,4.53,1.208,-0.141,0.8,-0.0235,5.05,-0.113,21.3,normal,LOW
2026-09-27T05:50:00,3.59,1.241,0.198,-0.94,0.033,5.0,-0.071,21.0,normal,LOW
2026-09-27T06:00:00,4.52,1.214,-0.1608,0.93,-0.0268,4.93,-0.087,21.0,normal,LOW
2026-09-27T06:10:00,4.45,1.216,0.0138,-0.07,0.0023,4.81,-0.074,21.2,normal,LOW
2026-09-27T06:20:00,5.46,1.196,-0.1218,1.01,-0.0203,4.76,-0.099,20.9,normal,LOW
2026-09-27T06:30:00,7.17,1.23,0.2016,1.7,0.0336,4.77,-0.088,20.5,normal,LOW
2026-09-27T06:40:00,7.49,1.295,0.393,0.32,0.0655,4.79,-0.033,20.3,normal,LOW
2026-09-27T06:50:00,6.71,1.293,-0.0126,-0.78,-0.0021,4.78,-0.048,20.7,normal,LOW
2026-09-27T07:00:00,6.92,1.325,0.1944,0.21,0.0324,4.84,-0.03,19.8,normal,LOW
2026-09-27T07:10:00,6.85,1.356,0.1848,-0.08,0.0308,4.95,-0.007,20.8,normal,LOW
2026-09-27T07:20:00,5.22,1.372,0.0966,-1.62,0.0161,5.0,0.027,20.6,normal,LOW
2026-09-27T07:30:00,7.03,1.319,-0.318,1.8,-0.053,5.19,0.011,20.1,normal,LOW
2026-09-27T07:40:00,6.1,1.33,0.0636,-0.92,0.0106,5.26,0.034,20.4,normal,LOW
2026-09-27T07:50:00,4.69,1.312,-0.1086,-1.41,-0.0181,5.3,0.006,20.6,normal,LOW
2026-09-27T08:00:00,4.7,1.303,-0.0552,0.01,-0.0092,5.38,0.015,20.6,normal,LOW
2026-09-27T08:10:00,4.84,1.286,-0.0984,0.14,-0.0164,5.42,-0.002,21.0,normal,LOW
2026-09-27T08:20:00,4.97,1.298,0.0708,0.14,0.0118,5.5,0.067,20.3,normal,LOW
2026-09-27T08:30:00,4.09,1.266,-0.192,-0.89,-0.032,5.52,0.058,20.3,normal,LOW
2026-09-27T08:40:00,5.57,1.27,0.0228,1.48,0.0038,5.58,0.029,20.4,normal,LOW
2026-09-27T08:50:00,5.75,1.246,-0.144,0.18,-0.024,5.7,0.032,20.5,normal,LOW
2026-09-27T09:00:00,4.55,1.219,-0.1614,-1.2,-0.0269,5.7,0.003,20.1,normal,LOW
2026-09-27T09:10:00,5.36,1.209,-0.0594,0.81,-0.0099,5.75,0.013,20.2,normal,LOW
2026-09-27T09:20:00,6.97,1.195,-0.084,1.62,-0.014,5.83,-0.034,21.1,normal,LOW
2026-09-27T09:30:00,8.03,1.21,0.0864,1.06,0.0144,5.88,-0.086,20.7,normal,LOW
2026-09-27T09:40:00,8.08,1.204,-0.0312,0.06,-0.0052,5.91,-0.089,20.4,normal,LOW
2026-09-27T09:50:00,6.0,1.192,-0.0756,-2.08,-0.0126,5.87,-0.134,20.6,normal,LOW
2026-09-27T10:00:00,6.64,1.238,0.2772,0.63,0.0462,5.86,-0.118,20.0,normal,LOW
2026-09-27T10:10:00,7.21,1.258,0.1224,0.58,0.0204,5.88,-0.114,20.2,normal,LOW
2026-09-27T10:20:00,6.46,1.264,0.0348,-0.75,0.0058,5.95,-0.055,20.6,normal,LOW
2026-09-27T10:30:00,5.82,1.27,0.036,-0.65,0.006,5.88,-0.06,20.7,normal,LOW
2026-09-27T10:40:00,7.51,1.287,0.1008,1.7,0.0168,5.96,-0.025,20.2,normal,LOW
2026-09-27T10:50:00,6.58,1.306,0.1158,-0.94,0.0193,6.06,0.004,20.4,normal,LOW
2026-09-27T11:00:00,6.31,1.328,0.1296,-0.27,0.0216,6.15,0.042,19.9,normal,LOW
2026-09-27T11:10:00,7.04,1.321,-0.039,0.73,-0.0065,6.28,0.023,20.5,normal,LOW
2026-09-27T11:20:00,5.38,1.384,0.3762,-1.66,0.0627,6.3,0.118,20.5,normal,LOW
2026-09-27T11:30:00,5.22,1.352,-0.1932,-0.16,-0.0322,6.36,0.082,19.9,normal,LOW
2026-09-27T11:40:00,3.7,1.329,-0.1344,-1.52,-0.0224,6.26,0.084,20.8,normal,LOW
2026-09-27T11:50:00,4.31,1.344,0.0876,0.61,0.0146,6.18,0.125,20.5,normal,LOW
2026-09-27T12:00:00,3.79,1.347,0.0168,-0.52,0.0028,6.13,0.138,19.8,normal,LOW
2026-09-27T12:10:00,4.78,1.36,0.0816,0.99,0.0136,6.1,0.165,20.3,normal,LOW
2026-09-27T12:20:00,4.0,1.344,-0.096,-0.78,-0.016,5.94,0.135,20.2,normal,LOW
2026-09-27T12:30:00,3.07,1.305,-0.2376,-0.93,-0.0396,5.66,0.101,20.0,normal,LOW
2026-09-27T12:40:00,2.64,1.285,-0.1206,-0.43,-0.0201,5.36,0.093,19.6,normal,LOW
2026-09-27T12:50:00,4.72,1.283,-0.0096,2.08,-0.0016,5.29,0.045,20.0,normal,LOW
2026-09-27T13:00:00,5.3,1.332,0.2922,0.58,0.0487,5.21,0.074,19.8,normal,LOW
2026-09-27T13:10:00,6.77,1.332,0.003,1.47,0.0005,5.19,0.068,19.8,normal,LOW
2026-09-27T13:20:00,5.76,1.353,0.123,-1.02,0.0205,5.15,0.083,19.8,normal,LOW
2026-09-27T13:30:00,4.98,1.372,0.117,-0.78,0.0195,5.1,0.085,19.9,normal,LOW
2026-09-27T13:40:00,5.09,1.359,-0.0798,0.11,-0.0133,4.97,0.053,19.8,normal,LOW
2026-09-27T13:50:00,5.64,1.369,0.0612,0.56,0.0102,4.92,0.041,19.7,normal,LOW
2026-09-27T14:00:00,7.66,1.335,-0.2076,2.02,-0.0346,4.99,0.013,19.6,normal,LOW
2026-09-27T14:10:00,7.3,1.328,-0.0408,-0.36,-0.0068,5.01,-0.056,20.1,normal,LOW
2026-09-27T14:20:00,8.74,1.316,-0.0732,1.44,-0.0122,5.19,-0.036,19.9,normal,LOW
2026-09-27T14:30:00,9.61,1.327,0.0684,0.88,0.0114,5.44,-0.002,20.4,normal,LOW
2026-09-27T14:40:00,10.52,1.371,0.2664,0.9,0.0444,5.82,0.027,20.2,normal,LOW
2026-09-27T14:50:00,9.56,1.378,0.0378,-0.95,0.0063,6.11,0.031,19.9,normal,LOW
2026-09-27T15:00:00,8.92,1.37,-0.0456,-0.65,-0.0076,6.39,0.01,20.2,normal,LOW
2026-09-27T15:10:00,8.99,1.382,0.0696,0.07,0.0116,6.63,0.037,20.2,normal,LOW
2026-09-27T15:20:00,7.8,1.402,0.1206,-1.19,0.0201,6.84,0.097,20.0,normal,LOW
2026-09-27T15:30:00,7.79,1.378,-0.1422,-0.01,-0.0237,7.1,0.093,20.0,normal,LOW
2026-09-27T15:40:00,7.27,1.345,-0.1998,-0.52,-0.0333,7.36,0.062,19.7,normal,LOW
2026-09-27T15:50:00,5.28,1.33,-0.0894,-1.99,-0.0149,7.39,-0.002,20.5,normal,LOW
2026-09-27T16:00:00,4.93,1.33,0.0012,-0.35,0.0002,7.37,-0.002,19.8,normal,LOW
2026-09-27T16:10:00,5.89,1.311,-0.1164,0.96,-0.0194,7.32,-0.042,19.5,normal,LOW
2026-09-27T16:20:00,3.59,1.297,-0.0804,-2.3,-0.0134,7.2,-0.075,20.2,normal,LOW
2026-09-27T16:30:00,4.08,1.315,0.1074,0.49,0.0179,7.15,-0.044,20.3,normal,LOW
2026-09-27T16:40:00,3.52,1.299,-0.1002,-0.55,-0.0167,7.06,-0.071,19.5,normal,LOW
2026-09-27T16:50:00,3.93,1.303,0.0276,0.41,0.0046,6.97,-0.031,19.8,normal,LOW
2026-09-27T17:00:00,5.82,1.316,0.0798,1.89,0.0133,6.86,-0.011,20.1,normal,LOW
2026-09-27T17:10:00,4.68,1.294,-0.138,-1.14,-0.023,6.72,-0.022,20.4,normal,LOW
2026-09-27T17:20:00,5.2,1.282,-0.0672,0.52,-0.0112,6.52,-0.045,20.0,normal,LOW
2026-09-27T17:30:00,4.51,1.284,0.009,-0.69,0.0015,6.24,-0.088,20.4,normal,LOW
2026-09-27T17:40:00,4.89,1.269,-0.0912,0.38,-0.0152,5.93,-0.109,20.1,normal,LOW
2026-09-27T17:50:00,5.74,1.303,0.2046,0.85,0.0341,5.71,-0.067,19.7,normal,LOW
2026-09-27T18:00:00,4.86,1.29,-0.075,-0.88,-0.0125,5.49,-0.092,19.8,normal,LOW
2026-09-27T18:10:00,6.34,1.291,0.0024,1.49,0.0004,5.34,-0.111,20.1,normal,LOW
2026-09-27T18:20:00,4.5,1.304,0.078,-1.84,0.013,5.16,-0.075,19.7,normal,LOW
2026-09-27T18:30:00,4.46,1.33,0.1608,-0.04,0.0268,4.97,-0.014,19.7,normal,LOW
2026-09-27T18:40:00,3.58,1.345,0.0906,-0.89,0.0151,4.77,0.016,19.8,normal,LOW
2026-09-27T18:50:00,3.85,1.363,0.1062,0.27,0.0177,4.69,0.033,20.7,normal,LOW
2026-09-27T19:00:00,5.23,1.374,0.0618,1.38,0.0103,4.7,0.063,19.5,normal,LOW
2026-09-27T19:10:00,5.46,1.359,-0.0846,0.23,-0.0141,4.68,0.062,20.4,normal,LOW
2026-09-27T19:20:00,5.04,1.358,-0.0066,-0.42,-0.0011,4.76,0.043,20.1,normal,LOW
2026-09-27T19:30:00,6.66,1.343,-0.0918,1.61,-0.0153,4.9,0.045,20.3,normal,LOW
2026-09-27T19:40:00,5.46,1.334,-0.0528,-1.2,-0.0088,5.01,0.031,20.7,normal,LOW
2026-09-27T19:50:00,5.43,1.356,0.1272,-0.04,0.0212,5.09,0.039,20.2,normal,LOW
2026-09-27T20:00:00,6.79,1.338,-0.1044,1.36,-0.0174,5.15,0.045,20.9,normal,LOW
2026-09-27T20:10:00,5.83,1.342,0.0222,-0.96,0.0037,5.21,0.06,20.5,normal,LOW
2026-09-27T20:20:00,7.39,1.358,0.0978,1.56,0.0163,5.33,0.074,20.5,normal,LOW
2026-09-27T20:30:00,6.07,1.365,0.0408,-1.32,0.0068,5.42,0.096,20.4,normal,LOW
2026-09-27T20:40:00,6.37,1.365,-0.0018,0.31,-0.0003,5.5,0.062,20.1,normal,LOW
2026-09-27T20:50:00,5.17,1.347,-0.1068,-1.21,-0.0178,5.47,0.057,20.5,normal,LOW
2026-09-27T21:00:00,3.37,1.306,-0.243,-1.79,-0.0405,5.39,0.016,20.9,normal,LOW
2026-09-27T21:10:00,2.47,1.317,0.0672,-0.9,0.0112,5.17,0.014,20.6,normal,LOW
2026-09-27T21:20:00,3.24,1.293,-0.1446,0.77,-0.0241,5.1,-0.037,20.4,normal,LOW
2026-09-27T21:30:00,3.75,1.304,0.066,0.51,0.011,5.06,-0.041,21.0,normal,LOW
2026-09-27T21:40:00,4.07,1.315,0.0624,0.32,0.0104,5.09,-0.048,20.7,normal,LOW
2026-09-27T21:50:00,3.39,1.272,-0.255,-0.68,-0.0425,5.07,-0.101,20.7,normal,LOW
2026-09-27T22:00:00,3.73,1.265,-0.0414,0.33,-0.0069,4.98,-0.094,20.5,normal,LOW
2026-09-27T22:10:00,4.02,1.276,0.0648,0.29,0.0108,4.9,-0.082,20.8,normal,LOW
2026-09-27T22:20:00,4.29,1.307,0.1818,0.27,0.0303,4.86,-0.037,20.8,normal,LOW
2026-09-27T22:30:00,4.41,1.298,-0.0516,0.12,-0.0086,4.74,-0.036,20.1,normal,LOW
2026-09-27T22:40:00,3.36,1.312,0.0834,-1.04,0.0139,4.62,-0.044,20.1,normal,LOW
2026-09-27T22:50:00,3.78,1.316,0.0252,0.42,0.0042,4.53,-0.022,20.5,normal,LOW
2026-09-27T23:00:00,5.04,1.293,-0.138,1.26,-0.023,4.43,-0.049,20.9,normal,LOW
2026-09-27T23:10:00,5.11,1.299,0.0354,0.07,0.0059,4.39,-0.059,20.9,normal,LOW
2026-09-27T23:20:00,4.93,1.288,-0.0636,-0.19,-0.0106,4.25,-0.076,21.2,normal,LOW
2026-09-27T23:30:00,5.83,1.269,-0.1194,0.9,-0.0199,4.24,-0.096,20.7,normal,LOW
2026-09-27T23:40:00,5.38,1.268,-0.0012,-0.45,-0.0002,4.19,-0.078,20.9,normal,LOW
2026-09-27T23:50:00,7.12,1.226,-0.2544,1.74,-0.0424,4.29,-0.08,21.2,normal,LOW
2026-09-28T00:00:00,6.78,1.249,0.1398,-0.34,0.0233,4.48,-0.068,21.1,normal,LOW
2026-09-28T00:10:00,5.62,1.227,-0.1356,-1.16,-0.0226,4.66,-0.067,20.7,normal,LOW
2026-09-28T00:20:00,5.62,1.227,0.0054,0.0,0.0009,4.79,-0.077,21.2,normal,LOW
2026-09-28T00:30:00,6.25,1.218,-0.054,0.62,-0.009,4.93,-0.096,21.5,normal,LOW
2026-09-28T00:40:00,5.25,1.254,0.2112,-1.0,0.0352,4.99,-0.019,20.7,normal,LOW
2026-09-28T00:50:00,6.13,1.285,0.1848,0.88,0.0308,5.15,0.019,20.8,normal,LOW
2026-09-28T01:00:00,6.49,1.28,-0.0294,0.36,-0.0049,5.3,0.003,21.1,normal,LOW
2026-09-28T01:10:00,7.52,1.286,0.0372,1.02,0.0062,5.5,-0.021,21.1,normal,LOW
2026-09-28T01:20:00,7.4,1.326,0.2388,-0.11,0.0398,5.67,0.028,21.3,normal,LOW
2026-09-28T01:30:00,8.83,1.328,0.015,1.43,0.0025,5.91,0.016,21.5,normal,LOW
2026-09-28T01:40:00,9.3,1.327,-0.0066,0.47,-0.0011,6.24,0.011,21.7,normal,LOW
2026-09-28T01:50:00,9.12,1.336,0.051,-0.18,0.0085,6.54,0.042,21.2,normal,LOW
2026-09-28T02:00:00,9.14,1.337,0.0072,0.02,0.0012,6.77,0.038,21.6,normal,LOW
2026-09-28T02:10:00,9.28,1.324,-0.0768,0.14,-0.0128,7.0,0.036,21.8,normal,LOW
2026-09-28T02:20:00,7.61,1.306,-0.1098,-1.67,-0.0183,7.15,0.037,20.9,normal,LOW
2026-09-28T02:30:00,8.55,1.308,0.0114,0.94,0.0019,7.3,0.039,21.7,normal,LOW
2026-09-28T02:40:00,7.83,1.309,0.0096,-0.72,0.0016,7.44,0.083,21.5,normal,LOW
2026-09-28T02:50:00,6.76,1.331,0.129,-1.07,0.0215,7.42,0.081,20.8,normal,LOW
2026-09-28T03:00:00,6.2,1.334,0.021,-0.56,0.0035,7.38,0.108,21.4,normal,LOW
2026-09-28T03:10:00,5.08,1.312,-0.135,-1.12,-0.0225,7.35,0.084,21.5,normal,LOW
2026-09-28T03:20:00,5.72,1.3,-0.0708,0.64,-0.0118,7.36,0.081,21.7,normal,LOW
2026-09-28T03:30:00,5.33,1.28,-0.1212,-0.39,-0.0202,7.31,0.026,21.5,normal,LOW
2026-09-28T03:40:00,4.72,1.267,-0.0792,-0.61,-0.0132,7.28,-0.018,21.3,normal,LOW
2026-09-28T03:50:00,4.89,1.277,0.06,0.17,0.01,7.21,-0.003,21.7,normal,LOW
2026-09-28T04:00:00,6.11,1.308,0.1884,1.22,0.0314,7.19,0.022,22.0,normal,LOW
2026-09-28T04:10:00,6.82,1.293,-0.087,0.71,-0.0145,7.15,-0.032,21.9,normal,LOW
2026-09-28T04:20:00,6.39,1.259,-0.2076,-0.43,-0.0346,7.09,-0.069,21.1,normal,LOW
2026-09-28T04:30:00,6.24,1.288,0.177,-0.15,0.0295,6.95,-0.039,21.4,normal,LOW
2026-09-28T04:40:00,6.59,1.311,0.1368,0.35,0.0228,6.8,-0.025,21.8,normal,LOW
2026-09-28T04:50:00,7.19,1.314,0.0156,0.61,0.0026,6.69,-0.023,21.7,normal,LOW
2026-09-28T05:00:00,6.59,1.287,-0.159,-0.6,-0.0265,6.55,-0.037,22.3,normal,LOW
2026-09-28T05:10:00,8.18,1.322,0.2094,1.59,0.0349,6.49,0.016,21.8,normal,LOW
2026-09-28T05:20:00,8.26,1.332,0.0624,0.08,0.0104,6.52,0.025,22.5,normal,LOW
2026-09-28T05:30:00,8.43,1.342,0.06,0.17,0.01,6.52,0.033,22.3,normal,LOW
2026-09-28T05:40:00,9.55,1.347,0.03,1.12,0.005,6.61,0.017,22.0,normal,LOW
2026-09-28T05:50:00,8.8,1.355,0.048,-0.76,0.008,6.73,0.021,22.6,normal,LOW
2026-09-28T06:00:00,8.28,1.363,0.0432,-0.52,0.0072,6.84,0.051,21.8,normal,LOW
2026-09-28T06:10:00,7.59,1.35,-0.0744,-0.69,-0.0124,6.98,0.05,22.0,normal,LOW
2026-09-28T06:20:00,7.77,1.342,-0.0492,0.17,-0.0082,7.1,0.062,22.0,normal,LOW
2026-09-28T06:30:00,6.34,1.349,0.0408,-1.43,0.0068,7.15,0.082,22.2,normal,LOW
2026-09-28T06:40:00,5.68,1.372,0.1374,-0.66,0.0229,7.21,0.095,22.1,normal,LOW
2026-09-28T06:50:00,5.39,1.357,-0.09,-0.29,-0.015,7.23,0.049,23.1,normal,LOW
2026-09-28T07:00:00,6.09,1.341,-0.0948,0.7,-0.0158,7.23,0.048,22.4,normal,LOW
2026-09-28T07:10:00,5.87,1.359,0.1074,-0.23,0.0179,7.18,0.1,22.4,normal,LOW
2026-09-28T07:20:00,6.6,1.381,0.1332,0.73,0.0222,7.19,0.093,22.1,normal,LOW
2026-09-28T07:30:00,5.76,1.371,-0.0606,-0.84,-0.0101,7.16,0.06,21.9,normal,LOW
2026-09-28T07:40:00,6.04,1.401,0.1782,0.28,0.0297,7.13,0.087,22.9,normal,LOW
2026-09-28T07:50:00,6.0,1.391,-0.06,-0.04,-0.01,7.07,0.103,22.4,normal,LOW
2026-09-28T08:00:00,6.4,1.394,0.0204,0.41,0.0034,7.06,0.072,22.5,normal,LOW
2026-09-28T08:10:00,7.17,1.377,-0.1026,0.77,-0.0171,7.0,0.044,22.7,normal,LOW
2026-09-28T08:20:00,6.66,1.375,-0.0108,-0.52,-0.0018,6.91,0.033,22.9,normal,LOW
2026-09-28T08:30:00,6.52,1.363,-0.0756,-0.14,-0.0126,6.81,0.015,23.0,normal,LOW
2026-09-28T08:40:00,6.16,1.329,-0.1986,-0.36,-0.0331,6.62,-0.026,22.9,normal,LOW
2026-09-28T08:50:00,5.81,1.312,-0.1062,-0.35,-0.0177,6.45,-0.051,22.7,normal,LOW
2026-09-28T09:00:00,4.37,1.267,-0.2676,-1.44,-0.0446,6.23,-0.083,22.4,normal,LOW
2026-09-28T09:10:00,5.41,1.275,0.0474,1.04,0.0079,6.11,-0.067,22.3,normal,LOW
2026-09-28T09:20:00,5.31,1.282,0.0408,-0.1,0.0068,5.98,-0.067,22.7,normal,LOW
2026-09-28T09:30:00,3.97,1.321,0.2334,-1.34,0.0389,5.84,-0.051,23.7,normal,LOW
2026-09-28T09:40:00,4.83,1.33,0.0534,0.86,0.0089,5.8,-0.027,23.1,normal,LOW
2026-09-28T09:50:00,4.55,1.309,-0.1236,-0.27,-0.0206,5.75,-0.032,23.6,normal,LOW
2026-09-28T10:00:00,4.81,1.289,-0.1224,0.26,-0.0204,5.68,-0.07,22.6,normal,LOW
2026-09-28T10:10:00,4.78,1.268,-0.123,-0.03,-0.0205,5.62,-0.113,23.3,normal,LOW
2026-09-28T10:20:00,6.17,1.243,-0.1524,1.39,-0.0254,5.59,-0.128,23.2,normal,LOW
2026-09-28T10:30:00,6.02,1.272,0.1752,-0.15,0.0292,5.61,-0.129,22.6,normal,LOW
2026-09-28T10:40:00,4.79,1.297,0.1506,-1.22,0.0251,5.54,-0.094,23.8,normal,LOW
2026-09-28T10:50:00,5.68,1.299,0.0114,0.89,0.0019,5.52,-0.095,23.4,normal,LOW
2026-09-28T11:00:00,5.23,1.289,-0.0564,-0.45,-0.0094,5.46,-0.087,23.7,normal,LOW
2026-09-28T11:10:00,6.62,1.271,-0.108,1.39,-0.018,5.43,-0.104,23.3,normal,LOW
2026-09-28T11:20:00,6.9,1.29,0.1104,0.28,0.0184,5.44,-0.073,23.6,normal,LOW
2026-09-28T11:30:00,6.28,1.304,0.0834,-0.62,0.0139,5.43,-0.026,23.5,normal,LOW
2026-09-28T11:40:00,5.7,1.313,0.057,-0.58,0.0095,5.4,0.001,23.5,normal,LOW
2026-09-28T11:50:00,5.2,1.326,0.0804,-0.5,0.0134,5.37,0.059,23.2,normal,LOW
2026-09-28T12:00:00,4.74,1.301,-0.1506,-0.46,-0.0251,5.39,0.026,23.9,normal,LOW
2026-09-28T12:10:00,5.48,1.319,0.108,0.74,0.018,5.39,0.038,24.0,normal,LOW
2026-09-28T12:20:00,6.22,1.349,0.1782,0.74,0.0297,5.44,0.028,23.9,normal,LOW
2026-09-28T12:30:00,6.84,1.367,0.1062,0.62,0.0177,5.6,0.037,24.0,normal,LOW
2026-09-28T12:40:00,5.98,1.373,0.036,-0.86,0.006,5.67,0.064,23.4,normal,LOW
2026-09-28T12:50:00,6.47,1.363,-0.0582,0.49,-0.0097,5.77,0.075,23.2,normal,LOW
2026-09-28T13:00:00,6.44,1.349,-0.084,-0.03,-0.014,5.86,0.081,23.5,normal,LOW
2026-09-28T13:10:00,6.99,1.367,0.1098,0.54,0.0183,5.99,0.125,23.9,normal,LOW
2026-09-28T13:20:00,7.48,1.298,-0.4158,0.49,-0.0693,6.06,0.026,24.6,normal,LOW
2026-09-28T13:30:00,8.94,1.318,0.1218,1.46,0.0203,6.22,0.022,23.6,normal,LOW
2026-09-28T13:40:00,8.15,1.313,-0.0318,-0.79,-0.0053,6.41,0.014,24.6,normal,LOW
2026-09-28T13:50:00,7.44,1.337,0.1422,-0.71,0.0237,6.51,0.047,23.7,normal,LOW
2026-09-28T14:00:00,7.44,1.377,0.24,-0.0,0.04,6.63,0.105,23.8,normal,LOW
2026-09-28T14:10:00,6.13,1.369,-0.045,-1.31,-0.0075,6.6,0.08,23.5,normal,LOW
2026-09-28T14:20:00,5.96,1.329,-0.2412,-0.18,-0.0402,6.55,0.025,24.0,normal,LOW
2026-09-28T14:30:00,4.95,1.3,-0.174,-1.0,-0.029,6.48,-0.013,24.5,normal,LOW
2026-09-28T14:40:00,4.95,1.321,0.1266,-0.01,0.0211,6.43,-0.005,24.5,normal,LOW
2026-09-28T14:50:00,5.54,1.335,0.0852,0.59,0.0142,6.45,0.034,24.3,normal,LOW
2026-09-28T15:00:00,3.79,1.34,0.0276,-1.76,0.0046,6.4,0.021,24.2,normal,LOW
2026-09-28T15:10:00,3.48,1.319,-0.1278,-0.3,-0.0213,6.29,-0.03,24.1,normal,LOW
2026-09-28T15:20:00,4.39,1.312,-0.0408,0.9,-0.0068,6.19,-0.055,24.5,normal,LOW
2026-09-28T15:30:00,3.96,1.311,-0.006,-0.42,-0.001,6.03,-0.062,24.4,normal,LOW
2026-09-28T15:40:00,4.7,1.331,0.123,0.73,0.0205,5.96,-0.032,24.7,normal,LOW
2026-09-28T15:50:00,6.38,1.341,0.0558,1.68,0.0093,5.95,-0.008,24.2,normal,LOW
2026-09-28T16:00:00,7.41,1.37,0.1752,1.03,0.0292,6.01,0.003,24.7,normal,LOW
2026-09-28T16:10:00,6.76,1.382,0.0738,-0.66,0.0123,5.99,0.084,24.6,normal,LOW
2026-09-28T16:20:00,7.66,1.359,-0.1398,0.91,-0.0233,6.0,0.041,24.7,normal,LOW
2026-09-28T16:30:00,9.39,1.324,-0.2094,1.73,-0.0349,6.03,0.011,24.8,normal,LOW
2026-09-28T16:40:00,7.6,1.32,-0.0234,-1.79,-0.0039,6.0,-0.017,24.9,normal,LOW
2026-09-28T16:50:00,7.55,1.321,0.0042,-0.05,0.0007,6.0,-0.056,24.4,normal,LOW
2026-09-28T17:00:00,6.72,1.333,0.075,-0.83,0.0125,5.96,-0.036,24.7,normal,LOW
2026-09-28T17:10:00,6.47,1.337,0.021,-0.25,0.0035,5.98,0.008,24.8,normal,LOW
2026-09-28T17:20:00,7.91,1.377,0.2418,1.44,0.0403,6.09,0.077,24.6,normal,LOW
2026-09-28T17:30:00,7.24,1.36,-0.1038,-0.67,-0.0173,6.22,0.039,24.8,normal,LOW
2026-09-28T17:40:00,6.98,1.356,-0.0234,-0.25,-0.0039,6.33,0.02,24.4,normal,LOW
2026-09-28T17:50:00,6.02,1.353,-0.0162,-0.97,-0.0027,6.36,0.013,24.2,normal,LOW
2026-09-28T18:00:00,5.77,1.325,-0.1686,-0.24,-0.0281,6.47,0.006,25.0,normal,LOW
2026-09-28T18:10:00,6.88,1.336,0.0642,1.1,0.0107,6.66,0.024,25.2,normal,LOW
2026-09-28T18:20:00,6.21,1.302,-0.201,-0.67,-0.0335,6.76,-0.009,24.7,normal,LOW
2026-09-28T18:30:00,5.69,1.278,-0.1482,-0.52,-0.0247,6.85,-0.054,24.9,normal,LOW
2026-09-28T18:40:00,5.29,1.277,-0.0048,-0.4,-0.0008,6.89,-0.064,25.0,normal,LOW
2026-09-28T18:50:00,4.23,1.258,-0.1146,-1.06,-0.0191,6.77,-0.112,25.4,normal,LOW
2026-09-28T19:00:00,6.27,1.246,-0.072,2.05,-0.012,6.7,-0.137,25.2,normal,LOW
2026-09-28T19:10:00,6.94,1.228,-0.1038,0.67,-0.0173,6.71,-0.131,24.8,normal,LOW
2026-09-28T19:20:00,6.25,1.26,0.1884,-0.7,0.0314,6.63,-0.064,24.9,normal,LOW
2026-09-28T19:30:00,6.57,1.265,0.0318,0.33,0.0053,6.48,-0.055,25.4,normal,LOW
2026-09-28T19:40:00,6.97,1.271,0.0372,0.4,0.0062,6.44,-0.05,25.3,normal,LOW
2026-09-28T19:50:00,6.31,1.278,0.0402,-0.66,0.0067,6.37,-0.055,25.2,normal,LOW
2026-09-28T20:00:00,6.66,1.288,0.063,0.35,0.0105,6.37,-0.048,25.0,normal,LOW
2026-09-28T20:10:00,5.68,1.33,0.2484,-0.98,0.0414,6.33,-0.047,25.2,normal,LOW
2026-09-28T20:20:00,4.83,1.321,-0.0552,-0.85,-0.0092,6.16,-0.039,24.9,normal,LOW
2026-09-28T20:30:00,6.65,1.33,0.0564,1.82,0.0094,6.12,-0.026,25.4,normal,LOW
2026-09-28T20:40:00,6.08,1.331,0.0078,-0.57,0.0013,6.07,-0.022,25.5,normal,LOW
2026-09-28T20:50:00,7.76,1.347,0.0954,1.68,0.0159,6.17,0.022,25.5,normal,LOW
2026-09-28T21:00:00,7.77,1.375,0.1644,0.01,0.0274,6.28,0.039,25.4,normal,LOW
2026-09-28T21:10:00,8.06,1.328,-0.2796,0.28,-0.0466,6.35,0.026,25.4,normal,LOW
2026-09-28T21:20:00,7.08,1.339,0.0648,-0.98,0.0108,6.39,0.061,25.4,normal,LOW
2026-09-28T21:30:00,7.09,1.342,0.0192,0.01,0.0032,6.47,0.065,25.3,normal,LOW
2026-09-28T21:40:00,7.76,1.326,-0.0948,0.68,-0.0158,6.61,0.068,25.7,normal,LOW
2026-09-28T21:50:00,8.44,1.341,0.087,0.68,0.0145,6.84,0.095,25.4,normal,LOW
2026-09-28T22:00:00,7.56,1.328,-0.0738,-0.88,-0.0123,6.92,0.1,25.5,normal,LOW
2026-09-28T22:10:00,5.53,1.35,0.1314,-2.03,0.0219,6.84,0.091,25.1,normal,LOW
2026-09-28T22:20:00,5.75,1.382,0.1884,0.22,0.0314,6.81,0.117,25.5,normal,LOW
2026-09-28T22:30:00,4.64,1.365,-0.102,-1.1,-0.017,6.7,0.094,25.3,normal,LOW
2026-09-28T22:40:00,4.72,1.333,-0.1914,0.08,-0.0319,6.58,0.055,25.4,normal,LOW
2026-09-28T22:50:00,5.22,1.313,-0.1224,0.5,-0.0204,6.52,0.024,25.7,normal,LOW
2026-09-28T23:00:00,5.47,1.275,-0.2238,0.25,-0.0373,6.45,-0.055,25.7,normal,LOW
2026-09-28T23:10:00,5.54,1.28,0.0294,0.07,0.0049,6.44,-0.04,25.7,normal,LOW
2026-09-28T23:20:00,5.34,1.295,0.0912,-0.2,0.0152,6.47,-0.035,25.6,normal,LOW
2026-09-28T23:30:00,5.51,1.296,0.0036,0.17,0.0006,6.41,-0.035,26.1,normal,LOW
2026-09-28T23:40:00,5.57,1.274,-0.129,0.07,-0.0215,6.38,-0.073,26.2,normal,LOW
2026-09-28T23:50:00,6.45,1.265,-0.0576,0.87,-0.0096,6.31,-0.11,25.7,normal,LOW
2026-09-29T00:00:00,5.2,1.252,-0.0798,-1.25,-0.0133,6.16,-0.077,25.9,normal,LOW
2026-09-29T00:10:00,3.98,1.265,0.081,-1.22,0.0135,5.94,-0.074,25.8,normal,LOW
2026-09-29T00:20:00,3.88,1.247,-0.111,-0.1,-0.0185,5.76,-0.095,25.9,normal,LOW
2026-09-29T00:30:00,4.69,1.203,-0.2616,0.81,-0.0436,5.62,-0.123,26.1,normal,LOW
2026-09-29T00:40:00,5.4,1.216,0.0804,0.71,0.0134,5.49,-0.124,25.6,normal,LOW
2026-09-29T00:50:00,5.08,1.202,-0.0888,-0.32,-0.0148,5.31,-0.127,25.5,normal,LOW
2026-09-29T01:00:00,6.47,1.214,0.0768,1.38,0.0128,5.25,-0.136,26.1,normal,LOW
2026-09-29T01:10:00,7.09,1.22,0.033,0.62,0.0055,5.33,-0.162,25.9,normal,LOW
2026-09-29T01:20:00,7.79,1.25,0.1824,0.71,0.0304,5.45,-0.114,25.9,normal,LOW
2026-09-29T01:30:00,7.93,1.261,0.0612,0.14,0.0102,5.63,-0.072,26.3,normal,LOW
2026-09-29T01:40:00,8.49,1.264,0.018,0.55,0.003,5.84,-0.049,26.1,normal,LOW
2026-09-29T01:50:00,8.6,1.297,0.2022,0.11,0.0337,6.03,0.022,26.3,normal,LOW
2026-09-29T02:00:00,7.76,1.341,0.264,-0.84,0.044,6.15,0.061,26.2,normal,LOW
2026-09-29T02:10:00,8.06,1.327,-0.0852,0.29,-0.0142,6.29,0.032,26.1,normal,LOW
2026-09-29T02:20:00,8.08,1.34,0.078,0.03,0.013,6.45,0.044,26.2,normal,LOW
2026-09-29T02:30:00,6.81,1.348,0.048,-1.27,0.008,6.52,0.074,25.4,normal,LOW
2026-09-29T02:40:00,7.35,1.362,0.0852,0.54,0.0142,6.62,0.097,26.4,normal,LOW
2026-09-29T02:50:00,7.85,1.372,0.06,0.5,0.01,6.69,0.121,25.9,normal,LOW
2026-09-29T03:00:00,7.77,1.393,0.126,-0.08,0.021,6.84,0.128,25.6,normal,LOW
2026-09-29T03:10:00,7.77,1.402,0.0528,0.0,0.0088,7.05,0.155,25.5,normal,LOW
2026-09-29T03:20:00,8.49,1.395,-0.0432,0.72,-0.0072,7.3,0.192,25.5,normal,LOW
2026-09-29T03:30:00,8.77,1.408,0.0804,0.28,0.0134,7.53,0.192,26.6,normal,LOW
2026-09-29T03:40:00,9.32,1.408,-0.0024,0.54,-0.0004,7.75,0.206,26.0,normal,LOW
2026-09-29T03:50:00,10.19,1.44,0.1938,0.87,0.0323,8.03,0.226,25.7,normal,LOW
2026-09-29T04:00:00,8.26,1.43,-0.0624,-1.93,-0.0104,8.13,0.21,26.3,normal,LOW
2026-09-29T04:10:00,22.27,1.8,2.2224,14.01,0.3704,8.98,0.55,19.7,heavy_rain,LOW
2026-09-29T04:20:00,27.63,1.809,0.0522,5.36,0.0087,10.08,0.548,18.9,heavy_rain,LOW
2026-09-29T04:30:00,43.57,1.816,0.042,15.94,0.007,12.06,0.552,19.9,heavy_rain,LOW
2026-09-29T04:40:00,51.8,1.832,0.0966,8.23,0.0161,14.46,0.535,19.5,heavy_rain,MEDIUM
2026-09-29T04:50:00,54.31,1.845,0.081,2.51,0.0135,17.0,0.504,18.4,heavy_rain,MEDIUM
2026-09-29T05:00:00,52.35,1.855,0.0576,-1.96,0.0096,19.48,0.528,18.7,heavy_rain,LOW
2026-09-29T05:10:00,58.27,1.874,0.117,5.92,0.0195,22.27,0.534,19.7,heavy_rain,MEDIUM
2026-09-29T05:20:00,64.35,1.901,0.1614,6.08,0.0269,25.4,0.553,19.6,heavy_rain,MEDIUM
2026-09-29T05:30:00,65.82,1.925,0.1392,1.47,0.0232,28.67,0.562,19.1,heavy_rain,MEDIUM
2026-09-29T05:40:00,58.24,1.953,0.1722,-7.58,0.0287,31.5,0.581,19.7,heavy_rain,MEDIUM
2026-09-29T05:50:00,53.51,1.972,0.1122,-4.72,0.0187,34.04,0.579,19.6,heavy_rain,MEDIUM
2026-09-29T06:00:00,50.62,2.012,0.2424,-2.9,0.0404,36.42,0.61,19.7,heavy_rain,MEDIUM
2026-09-29T06:10:00,59.09,2.019,0.039,8.48,0.0065,39.27,0.624,19.5,heavy_rain,MEDIUM
2026-09-29T06:20:00,60.73,2.04,0.1284,1.64,0.0214,42.17,0.632,19.4,heavy_rain,MEDIUM
2026-09-29T06:30:00,59.44,2.057,0.0984,-1.29,0.0164,44.99,0.649,20.0,heavy_rain,MEDIUM
2026-09-29T06:40:00,60.32,2.089,0.1962,0.88,0.0327,47.82,0.649,19.6,heavy_rain,MEDIUM
2026-09-29T06:50:00,63.37,2.107,0.1086,3.04,0.0181,50.77,0.678,20.2,heavy_rain,MEDIUM
2026-09-29T07:00:00,62.38,2.121,0.0792,-0.98,0.0132,53.78,0.321,18.9,heavy_rain,MEDIUM
2026-09-29T07:10:00,58.93,2.15,0.174,-3.45,0.029,55.82,0.341,18.7,heavy_rain,MEDIUM
2026-09-29T07:20:00,63.56,2.159,0.0564,4.63,0.0094,57.81,0.343,19.2,heavy_rain,MEDIUM
2026-09-29T07:30:00,58.43,2.187,0.168,-5.13,0.028,58.64,0.355,19.8,heavy_rain,MEDIUM
2026-09-29T07:40:00,60.2,2.221,0.2028,1.77,0.0338,59.11,0.375,18.8,heavy_rain,MEDIUM
2026-09-29T07:50:00,58.24,2.235,0.0852,-1.96,0.0142,59.32,0.38,19.3,heavy_rain,MEDIUM
2026-09-29T08:00:00,50.11,2.274,0.2322,-8.13,0.0387,59.2,0.399,19.1,heavy_rain,MEDIUM
2026-09-29T08:10:00,61.15,2.295,0.1296,11.04,0.0216,59.36,0.394,19.3,heavy_rain,MEDIUM
2026-09-29T08:20:00,58.01,2.323,0.1662,-3.14,0.0277,59.01,0.399,19.8,heavy_rain,MEDIUM
2026-09-29T08:30:00,56.56,2.363,0.2418,-1.44,0.0403,58.49,0.41,19.7,heavy_rain,MEDIUM
2026-09-29T08:40:00,53.45,2.419,0.3336,-3.11,0.0556,58.23,0.447,20.2,heavy_rain,MEDIUM
2026-09-29T08:50:00,48.44,2.427,0.0456,-5.01,0.0076,57.95,0.414,19.6,heavy_rain,MEDIUM
2026-09-29T09:00:00,53.7,2.449,0.1326,5.26,0.0221,58.12,0.43,20.0,heavy_rain,MEDIUM
2026-09-29T09:10:00,54.36,2.475,0.156,0.66,0.026,57.85,0.435,19.5,heavy_rain,MEDIUM
2026-09-29T09:20:00,58.36,2.5,0.1518,3.99,0.0253,57.72,0.443,19.7,heavy_rain,MEDIUM
2026-09-29T09:30:00,58.22,2.528,0.165,-0.14,0.0275,57.65,0.438,20.4,heavy_rain,MEDIUM
2026-09-29T09:40:00,53.86,2.553,0.1524,-4.36,0.0254,57.3,0.446,19.4,heavy_rain,MEDIUM
2026-09-29T09:50:00,59.41,2.575,0.1314,5.55,0.0219,57.08,0.454,19.6,heavy_rain,MEDIUM
2026-09-29T10:00:00,62.68,2.603,0.1674,3.27,0.0279,57.09,0.453,20.4,heavy_rain,MEDIUM
2026-09-29T10:10:00,69.97,2.613,0.0642,7.3,0.0107,57.71,0.454,19.6,heavy_rain,MEDIUM
2026-09-29T10:20:00,72.16,2.642,0.174,2.18,0.029,58.18,0.455,19.6,heavy_rain,MEDIUM
2026-09-29T10:30:00,67.7,2.683,0.2412,-4.45,0.0402,58.7,0.462,19.6,heavy_rain,MEDIUM
2026-09-29T10:40:00,66.28,2.71,0.1644,-1.42,0.0274,59.04,0.475,19.2,heavy_rain,MEDIUM
2026-09-29T10:50:00,59.76,2.734,0.1446,-6.51,0.0241,59.12,0.46,19.4,heavy_rain,MEDIUM
2026-09-29T11:00:00,57.45,2.768,0.2004,-2.31,0.0334,59.53,0.472,19.1,heavy_rain,MEDIUM
2026-09-29T11:10:00,60.72,2.824,0.3378,3.27,0.0563,59.51,0.501,19.5,heavy_rain,HIGH
2026-09-29T11:20:00,66.45,2.877,0.3174,5.73,0.0529,59.97,0.513,19.8,heavy_rain,MEDIUM
2026-09-29T11:30:00,61.03,2.905,0.1668,-5.42,0.0278,60.22,0.485,19.9,heavy_rain,MEDIUM
2026-09-29T11:40:00,55.14,2.942,0.2268,-5.89,0.0378,60.32,0.516,19.5,heavy_rain,MEDIUM
2026-09-29T11:50:00,56.94,2.966,0.1416,1.8,0.0236,60.79,0.517,19.6,heavy_rain,MEDIUM
2026-09-29T12:00:00,52.18,3.018,0.3126,-4.76,0.0521,60.7,0.543,19.7,heavy_rain,MEDIUM
2026-09-29T12:10:00,55.68,3.061,0.255,3.5,0.0425,60.78,0.56,19.7,heavy_rain,MEDIUM
2026-09-29T12:20:00,50.93,3.098,0.2268,-4.75,0.0378,60.36,0.571,19.0,heavy_rain,MEDIUM
2026-09-29T12:30:00,57.44,3.116,0.1044,6.51,0.0174,60.32,0.563,20.3,heavy_rain,MEDIUM
2026-09-29T12:40:00,55.27,3.131,0.0888,-2.18,0.0148,60.4,0.556,19.7,heavy_rain,MEDIUM
2026-09-29T12:50:00,59.92,3.146,0.0912,4.65,0.0152,60.43,0.543,19.0,heavy_rain,MEDIUM
2026-09-29T13:00:00,56.24,3.16,0.0852,-3.67,0.0142,60.07,0.547,19.2,heavy_rain,MEDIUM
2026-09-29T13:10:00,58.15,3.187,0.1638,1.91,0.0273,59.41,0.545,18.7,heavy_rain,MEDIUM
2026-09-29T13:20:00,64.26,3.207,0.1158,6.11,0.0193,58.97,0.524,19.5,heavy_rain,MEDIUM
2026-09-29T13:30:00,62.29,3.232,0.1494,-1.97,0.0249,58.67,0.522,19.7,heavy_rain,MEDIUM
2026-09-29T13:40:00,61.21,3.25,0.1128,-1.08,0.0188,58.39,0.516,19.0,heavy_rain,MEDIUM
2026-09-29T13:50:00,56.47,3.267,0.102,-4.74,0.017,58.21,0.5,19.2,heavy_rain,MEDIUM
2026-09-29T14:00:00,54.09,3.288,0.1242,-2.39,0.0207,58.02,0.464,19.6,heavy_rain,MEDIUM
2026-09-29T14:10:00,49.46,3.307,0.1146,-4.63,0.0191,57.4,0.43,19.6,heavy_rain,MEDIUM
2026-09-29T14:20:00,49.56,3.316,0.0498,0.1,0.0083,56.46,0.411,20.0,heavy_rain,MEDIUM
2026-09-29T14:30:00,57.93,3.333,0.1062,8.37,0.0177,56.29,0.391,19.2,heavy_rain,MEDIUM
2026-09-29T14:40:00,61.5,3.343,0.06,3.57,0.01,56.64,0.377,20.2,heavy_rain,MEDIUM
2026-09-29T14:50:00,62.13,3.379,0.2148,0.62,0.0358,56.93,0.361,19.6,heavy_rain,MEDIUM
2026-09-29T15:00:00,55.89,3.38,0.0054,-6.24,0.0009,57.13,0.319,20.0,heavy_rain,MEDIUM
2026-09-29T15:10:00,57.23,3.4,0.1206,1.34,0.0201,57.22,0.302,19.0,heavy_rain,HIGH
2026-09-29T15:20:00,53.87,3.4,0.0,-3.37,0.0,57.38,0.284,19.6,heavy_rain,MEDIUM
2026-09-29T15:30:00,53.66,3.4,0.0,-0.2,0.0,57.17,0.269,19.9,heavy_rain,MEDIUM
2026-09-29T15:40:00,54.16,3.4,0.0,0.5,0.0,57.11,0.254,19.4,heavy_rain,MEDIUM
2026-09-29T15:50:00,54.66,3.4,0.0,0.5,0.0,56.82,0.24,19.4,heavy_rain,MEDIUM
2026-09-29T16:00:00,53.23,3.4,0.0,-1.44,0.0,56.65,0.213,19.0,heavy_rain,MEDIUM
2026-09-29T16:10:00,52.92,3.4,0.0,-0.3,0.0,56.36,0.193,19.5,heavy_rain,MEDIUM
2026-09-29T16:20:00,52.01,3.4,0.0,-0.92,0.0,55.68,0.168,19.8,heavy_rain,MEDIUM
2026-09-29T16:30:00,51.45,3.4,0.0,-0.55,0.0,55.08,0.15,19.2,heavy_rain,MEDIUM
2026-09-29T16:40:00,55.91,3.4,0.0,4.46,0.0,54.79,0.133,19.2,heavy_rain,MEDIUM
2026-09-29T16:50:00,59.44,3.4,0.0,3.53,0.0,54.95,0.112,19.2,heavy_rain,MEDIUM
2026-09-29T17:00:00,61.56,3.4,0.0,2.12,0.0,55.37,0.093,20.1,heavy_rain,MEDIUM
2026-09-29T17:10:00,65.18,3.4,0.0,3.61,0.0,56.24,0.084,19.9,heavy_rain,MEDIUM
2026-09-29T17:20:00,61.53,3.4,0.0,-3.65,0.0,56.9,0.067,19.3,heavy_rain,MEDIUM
2026-09-29T17:30:00,63.36,3.4,0.0,1.83,0.0,57.21,0.057,19.3,heavy_rain,MEDIUM
2026-09-29T17:40:00,57.02,3.4,0.0,-6.34,0.0,56.96,0.021,19.3,heavy_rain,MEDIUM
2026-09-29T17:50:00,65.9,3.4,0.0,8.88,0.0,57.17,0.02,19.8,heavy_rain,MEDIUM
2026-09-29T18:00:00,69.33,3.4,0.0,3.43,0.0,57.91,0.0,19.8,heavy_rain,MEDIUM
2026-09-29T18:10:00,64.52,3.4,0.0,-4.81,0.0,58.32,0.0,19.1,heavy_rain,MEDIUM
2026-09-29T18:20:00,62.86,3.4,0.0,-1.66,0.0,58.82,0.0,19.6,heavy_rain,MEDIUM
2026-09-29T18:30:00,58.03,3.4,0.0,-4.83,0.0,59.06,0.0,20.2,heavy_rain,MEDIUM
2026-09-29T18:40:00,57.16,3.4,0.0,-0.87,0.0,59.23,0.0,19.4,heavy_rain,MEDIUM
2026-09-29T18:50:00,51.79,3.4,0.0,-5.37,0.0,59.07,0.0,18.9,heavy_rain,MEDIUM
2026-09-29T19:00:00,56.51,3.4,0.0,4.72,0.0,59.25,0.0,19.4,heavy_rain,MEDIUM
2026-09-29T19:10:00,50.75,3.4,0.0,-5.76,0.0,59.13,0.0,19.0,heavy_rain,MEDIUM
2026-09-29T19:20:00,56.02,3.4,0.0,5.27,0.0,59.35,0.0,20.2,heavy_rain,MEDIUM
2026-09-29T19:30:00,60.06,3.4,0.0,4.04,0.0,59.83,0.0,19.2,heavy_rain,MEDIUM
2026-09-29T19:40:00,55.62,3.4,0.0,-4.44,0.0,59.81,0.0,19.9,heavy_rain,MEDIUM
2026-09-29T19:50:00,54.99,3.4,0.0,-0.63,0.0,59.57,0.0,18.6,heavy_rain,MEDIUM
2026-09-29T20:00:00,51.07,3.4,0.0,-3.93,0.0,58.98,0.0,19.2,heavy_rain,MEDIUM
2026-09-29T20:10:00,56.33,3.4,0.0,5.26,0.0,58.49,0.0,19.4,heavy_rain,MEDIUM
2026-09-29T20:20:00,63.94,3.4,0.0,7.62,0.0,58.63,0.0,19.4,heavy_rain,MEDIUM
2026-09-29T20:30:00,65.02,3.4,0.0,1.07,0.0,58.72,0.0,19.8,heavy_rain,MEDIUM
2026-09-29T20:40:00,67.19,3.4,0.0,2.17,0.0,59.28,0.0,19.3,heavy_rain,MEDIUM
2026-09-29T20:50:00,63.82,3.4,0.0,-3.36,0.0,59.17,0.0,19.2,heavy_rain,MEDIUM
2026-09-29T21:00:00,60.51,3.4,0.0,-3.31,0.0,58.68,0.0,20.1,heavy_rain,MEDIUM
2026-09-29T21:10:00,59.58,3.4,0.0,-0.94,0.0,58.4,0.0,19.5,heavy_rain,MEDIUM
2026-09-29T21:20:00,55.44,3.4,0.0,-4.14,0.0,57.99,0.0,18.8,heavy_rain,MEDIUM
2026-09-29T21:30:00,53.98,3.4,0.0,-1.46,0.0,57.77,0.0,19.7,heavy_rain,MEDIUM
2026-09-29T21:40:00,54.05,3.4,0.0,0.07,0.0,57.59,0.0,19.6,heavy_rain,MEDIUM
2026-09-29T21:50:00,55.08,3.4,0.0,1.03,0.0,57.78,0.0,19.4,heavy_rain,MEDIUM
2026-09-29T22:00:00,45.96,3.4,0.0,-9.12,0.0,57.19,0.0,18.9,heavy_rain,MEDIUM
2026-09-29T22:10:00,47.51,3.4,0.0,1.54,0.0,57.01,0.0,19.3,heavy_rain,MEDIUM
2026-09-29T22:20:00,53.72,3.4,0.0,6.22,0.0,56.88,0.0,19.1,heavy_rain,MEDIUM
2026-09-29T22:30:00,50.42,3.4,0.0,-3.3,0.0,56.35,0.0,19.3,heavy_rain,MEDIUM
2026-09-29T22:40:00,56.16,3.4,0.0,5.74,0.0,56.38,0.0,19.9,heavy_rain,MEDIUM
2026-09-29T22:50:00,54.18,3.4,0.0,-1.98,0.0,56.33,0.0,19.6,heavy_rain,MEDIUM
2026-09-29T23:00:00,48.67,3.4,0.0,-5.51,0.0,56.2,0.0,20.3,heavy_rain,MEDIUM
2026-09-29T23:10:00,46.53,3.4,0.0,-2.14,0.0,55.65,0.0,20.2,heavy_rain,MEDIUM
2026-09-29T23:20:00,46.73,3.4,0.0,0.2,0.0,54.7,0.0,19.3,heavy_rain,MEDIUM
2026-09-29T23:30:00,51.64,3.4,0.0,4.91,0.0,53.95,0.0,20.2,heavy_rain,MEDIUM
2026-09-29T23:40:00,49.9,3.4,0.0,-1.74,0.0,52.99,0.0,19.3,heavy_rain,MEDIUM
2026-09-29T23:50:00,59.49,3.4,0.0,9.59,0.0,52.75,0.0,18.9,heavy_rain,MEDIUM
2026-09-30T00:00:00,60.35,3.4,0.0,0.86,0.0,52.74,0.0,19.1,heavy_rain,MEDIUM
2026-09-30T00:10:00,58.53,3.4,0.0,-1.82,0.0,52.69,0.0,19.5,heavy_rain,MEDIUM
2026-09-30T00:20:00,58.25,3.4,0.0,-0.29,0.0,52.84,0.0,19.3,heavy_rain,MEDIUM
2026-09-30T00:30:00,56.16,3.4,0.0,-2.09,0.0,52.96,0.0,18.8,heavy_rain,MEDIUM
2026-09-30T00:40:00,52.46,3.4,0.0,-3.69,0.0,52.88,0.0,19.5,heavy_rain,MEDIUM
2026-09-30T00:50:00,53.92,3.4,0.0,1.46,0.0,52.81,0.0,19.7,heavy_rain,MEDIUM
2026-09-30T01:00:00,55.25,3.4,0.0,1.33,0.0,53.33,0.0,19.5,heavy_rain,MEDIUM
2026-09-30T01:10:00,59.24,3.4,0.0,3.99,0.0,53.98,0.0,19.5,heavy_rain,MEDIUM
2026-09-30T01:20:00,59.52,3.4,0.0,0.27,0.0,54.3,0.0,19.8,heavy_rain,MEDIUM
2026-09-30T01:30:00,60.47,3.4,0.0,0.95,0.0,54.86,0.0,19.2,heavy_rain,MEDIUM
2026-09-30T01:40:00,57.57,3.4,0.0,-2.9,0.0,54.94,0.0,19.0,heavy_rain,MEDIUM
2026-09-30T01:50:00,55.69,3.4,0.0,-1.88,0.0,55.02,0.0,19.6,heavy_rain,MEDIUM
2026-09-30T02:00:00,53.61,3.4,0.0,-2.08,0.0,55.3,0.0,19.1,heavy_rain,MEDIUM
2026-09-30T02:10:00,53.85,3.4,0.0,0.24,0.0,55.7,0.0,19.3,heavy_rain,MEDIUM
2026-09-30T02:20:00,49.96,3.4,0.0,-3.89,0.0,55.88,0.0,19.0,heavy_rain,MEDIUM
2026-09-30T02:30:00,52.56,3.4,0.0,2.59,0.0,55.93,0.0,19.7,heavy_rain,MEDIUM
2026-09-30T02:40:00,51.85,3.4,0.0,-0.7,0.0,56.04,0.0,20.1,heavy_rain,MEDIUM
2026-09-30T02:50:00,57.86,3.4,0.0,6.01,0.0,55.95,0.0,19.2,heavy_rain,MEDIUM
2026-09-30T03:00:00,49.86,3.4,0.0,-8.01,0.0,55.37,0.0,19.3,heavy_rain,MEDIUM
2026-09-30T03:10:00,57.67,3.4,0.0,7.82,0.0,55.32,0.0,20.2,heavy_rain,MEDIUM
2026-09-30T03:20:00,57.99,3.4,0.0,0.31,0.0,55.31,0.0,19.7,heavy_rain,MEDIUM
2026-09-30T03:30:00,55.71,3.4,0.0,-2.28,0.0,55.28,0.0,19.4,heavy_rain,MEDIUM
2026-09-30T03:40:00,56.23,3.4,0.0,0.52,0.0,55.49,0.0,19.5,heavy_rain,MEDIUM
2026-09-30T03:50:00,60.46,3.4,0.0,4.23,0.0,55.85,0.0,19.6,heavy_rain,MEDIUM
2026-09-30T04:00:00,57.62,3.4,0.0,-2.83,0.0,55.98,0.0,19.4,heavy_rain,MEDIUM
2026-09-30T04:10:00,52.4,3.4,0.0,-5.22,0.0,55.6,0.0,19.7,heavy_rain,MEDIUM
2026-09-30T04:20:00,59.88,3.4,0.0,7.47,0.0,55.62,0.0,19.0,heavy_rain,MEDIUM
2026-09-30T04:30:00,60.98,3.4,0.0,1.1,0.0,55.65,0.0,19.0,heavy_rain,MEDIUM
2026-09-30T04:40:00,57.76,3.4,0.0,-3.22,0.0,55.66,0.0,20.0,heavy_rain,MEDIUM
2026-09-30T04:50:00,60.44,3.4,0.0,2.68,0.0,55.93,0.0,19.8,heavy_rain,MEDIUM
2026-09-30T05:00:00,63.97,3.4,0.0,3.53,0.0,56.5,0.0,19.6,heavy_rain,MEDIUM
2026-09-30T05:10:00,62.79,3.4,0.0,-1.17,0.0,57.0,0.0,19.8,heavy_rain,MEDIUM
2026-09-30T05:20:00,64.25,3.4,0.0,1.45,0.0,57.79,0.0,19.8,heavy_rain,MEDIUM
2026-09-30T05:30:00,63.02,3.4,0.0,-1.22,0.0,58.37,0.0,19.3,heavy_rain,MEDIUM
2026-09-30T05:40:00,63.8,3.4,0.0,0.78,0.0,59.04,0.0,19.9,heavy_rain,MEDIUM
2026-09-30T05:50:00,67.12,3.4,0.0,3.32,0.0,59.55,0.0,19.8,heavy_rain,MEDIUM
2026-09-30T06:00:00,62.16,3.4,0.0,-4.95,0.0,60.24,0.0,19.0,heavy_rain,MEDIUM
2026-09-30T06:10:00,65.3,3.4,0.0,3.14,0.0,60.66,0.0,19.5,heavy_rain,MEDIUM
2026-09-30T06:20:00,56.33,3.4,0.0,-8.97,0.0,60.57,0.0,18.9,heavy_rain,MEDIUM
2026-09-30T06:30:00,48.75,3.4,0.0,-7.58,0.0,60.18,0.0,19.6,heavy_rain,MEDIUM
2026-09-30T06:40:00,53.19,3.4,0.0,4.44,0.0,60.01,0.0,19.8,heavy_rain,MEDIUM
2026-09-30T06:50:00,62.63,3.4,0.0,9.44,0.0,60.13,0.0,19.8,heavy_rain,MEDIUM
2026-09-30T07:00:00,56.53,3.4,0.0,-6.1,0.0,60.07,0.0,19.5,heavy_rain,MEDIUM
2026-09-30T07:10:00,55.73,3.4,0.0,-0.79,0.0,60.26,0.0,20.0,heavy_rain,MEDIUM
2026-09-30T07:20:00,54.48,3.4,0.0,-1.25,0.0,59.96,0.0,19.5,heavy_rain,MEDIUM
2026-09-30T07:30:00,56.48,3.4,0.0,2.0,0.0,59.71,0.0,18.9,heavy_rain,MEDIUM
2026-09-30T07:40:00,53.69,3.4,0.0,-2.79,0.0,59.48,0.0,19.3,heavy_rain,MEDIUM
2026-09-30T07:50:00,57.28,3.4,0.0,3.59,0.0,59.31,0.0,20.2,heavy_rain,MEDIUM
2026-09-30T08:00:00,53.68,3.4,0.0,-3.6,0.0,58.74,0.0,19.7,heavy_rain,MEDIUM
2026-09-30T08:10:00,53.69,3.4,0.0,0.01,0.0,58.23,0.0,19.6,heavy_rain,MEDIUM
2026-09-30T08:20:00,56.49,3.4,0.0,2.8,0.0,57.8,0.0,19.4,heavy_rain,MEDIUM
2026-09-30T08:30:00,50.52,3.4,0.0,-5.97,0.0,57.1,0.0,18.8,heavy_rain,MEDIUM
2026-09-30T08:40:00,51.68,3.4,0.0,1.16,0.0,56.43,0.0,19.7,heavy_rain,MEDIUM
2026-09-30T08:50:00,53.68,3.4,0.0,2.0,0.0,55.68,0.0,19.8,heavy_rain,MEDIUM
2026-09-30T09:00:00,56.87,3.4,0.0,3.19,0.0,55.39,0.0,19.6,heavy_rain,MEDIUM
2026-09-30T09:10:00,56.78,3.4,0.0,-0.09,0.0,54.92,0.0,19.3,heavy_rain,MEDIUM
2026-09-30T09:20:00,58.56,3.4,0.0,1.77,0.0,55.04,0.0,19.1,heavy_rain,MEDIUM
2026-09-30T09:30:00,49.69,3.4,0.0,-8.87,0.0,55.09,0.0,19.0,heavy_rain,MEDIUM
2026-09-30T09:40:00,52.39,3.4,0.0,2.7,0.0,55.05,0.0,18.9,heavy_rain,MEDIUM
2026-09-30T09:50:00,49.52,3.4,0.0,-2.87,0.0,54.32,0.0,19.8,heavy_rain,MEDIUM
2026-09-30T10:00:00,47.47,3.4,0.0,-2.05,0.0,53.82,0.0,19.3,heavy_rain,MEDIUM
2026-09-30T10:10:00,48.33,3.4,0.0,0.86,0.0,53.41,0.0,19.6,heavy_rain,MEDIUM
2026-09-30T10:20:00,52.42,3.4,0.0,4.09,0.0,53.29,0.0,18.8,heavy_rain,MEDIUM
2026-09-30T10:30:00,54.05,3.4,0.0,1.63,0.0,53.16,0.0,19.7,heavy_rain,MEDIUM
2026-09-30T10:40:00,63.56,3.4,0.0,9.52,0.0,53.7,0.0,19.3,heavy_rain,MEDIUM
2026-09-30T10:50:00,65.7,3.4,0.0,2.13,0.0,54.17,0.0,19.5,heavy_rain,MEDIUM
2026-09-30T11:00:00,60.37,3.4,-0.0012,-5.33,-0.0002,54.54,-0.0,19.4,heavy_rain,MEDIUM
2026-09-30T11:10:00,61.68,3.4,0.0012,1.31,0.0002,54.99,0.0,20.2,heavy_rain,MEDIUM
2026-09-30T11:20:00,55.53,3.4,0.0,-6.15,0.0,54.93,0.0,19.6,heavy_rain,MEDIUM
2026-09-30T11:30:00,53.87,3.4,0.0,-1.67,0.0,55.12,0.0,19.6,heavy_rain,MEDIUM
2026-09-30T11:40:00,51.32,3.4,0.0,-2.55,0.0,55.1,0.0,19.7,heavy_rain,MEDIUM
2026-09-30T11:50:00,52.88,3.4,0.0,1.56,0.0,55.05,0.0,19.9,heavy_rain,MEDIUM
2026-09-30T12:00:00,48.79,3.4,0.0,-4.09,0.0,54.61,0.0,19.7,heavy_rain,MEDIUM
2026-09-30T12:10:00,48.05,3.4,0.0,-0.74,0.0,54.12,0.0,20.1,heavy_rain,MEDIUM
2026-09-30T12:20:00,47.06,3.4,0.0,-0.98,0.0,53.48,0.0,19.9,heavy_rain,MEDIUM
2026-09-30T12:30:00,52.05,3.4,0.0,4.98,0.0,53.61,0.0,19.6,heavy_rain,MEDIUM
2026-09-30T12:40:00,53.8,3.4,0.0,1.75,0.0,53.69,0.0,19.4,heavy_rain,MEDIUM
2026-09-30T12:50:00,57.02,3.4,0.0,3.22,0.0,54.11,0.0,19.6,heavy_rain,MEDIUM
2026-09-30T13:00:00,57.23,3.4,0.0,0.22,0.0,54.65,0.0,19.6,heavy_rain,MEDIUM
2026-09-30T13:10:00,57.84,3.4,0.0,0.61,0.0,55.18,0.0,20.2,heavy_rain,MEDIUM
2026-09-30T13:20:00,53.82,3.4,0.0,-4.02,0.0,55.26,0.0,19.4,heavy_rain,MEDIUM
2026-09-30T13:30:00,57.86,3.4,0.0,4.03,0.0,55.47,0.0,19.6,heavy_rain,MEDIUM
2026-09-30T13:40:00,60.08,3.4,0.0,2.22,0.0,55.27,0.0,19.8,heavy_rain,MEDIUM
2026-09-30T13:50:00,64.05,3.4,0.0,3.97,0.0,55.18,0.0,19.5,heavy_rain,MEDIUM
2026-09-30T14:00:00,64.94,3.4,0.0,0.89,0.0,55.44,0.0,19.7,heavy_rain,MEDIUM
2026-09-30T14:10:00,58.21,3.4,0.0,-6.73,0.0,55.24,0.0,19.1,heavy_rain,MEDIUM
2026-09-30T14:20:00,59.08,3.4,0.0,0.87,0.0,55.44,0.0,20.0,heavy_rain,MEDIUM
2026-09-30T14:30:00,59.16,3.4,0.0,0.08,0.0,55.74,0.0,19.9,heavy_rain,MEDIUM
2026-09-30T14:40:00,55.91,3.4,0.0,-3.24,0.0,55.99,0.0,18.9,heavy_rain,MEDIUM
2026-09-30T14:50:00,60.24,3.4,0.0,4.32,0.0,56.4,0.0,20.1,heavy_rain,MEDIUM
2026-09-30T15:00:00,52.93,3.4,0.0,-7.3,0.0,56.63,0.0,19.4,heavy_rain,MEDIUM
2026-09-30T15:10:00,54.82,3.4,0.0,1.89,0.0,57.01,0.0,19.5,heavy_rain,MEDIUM
2026-09-30T15:20:00,58.55,3.4,0.0,3.73,0.0,57.64,0.0,18.9,heavy_rain,MEDIUM
2026-09-30T15:30:00,61.93,3.4,0.0,3.37,0.0,58.19,0.0,19.1,heavy_rain,MEDIUM
2026-09-30T15:40:00,60.95,3.4,0.0,-0.98,0.0,58.59,0.0,19.5,heavy_rain,MEDIUM
2026-09-30T15:50:00,56.85,3.4,0.0,-4.1,0.0,58.58,0.0,19.1,heavy_rain,MEDIUM
2026-09-30T16:00:00,59.16,3.4,0.0,2.31,0.0,58.69,0.0,20.1,heavy_rain,MEDIUM
2026-09-30T16:10:00,57.22,3.4,0.0,-1.95,0.0,58.65,0.0,19.4,heavy_rain,MEDIUM
2026-09-30T16:20:00,60.36,3.4,0.0,3.14,0.0,59.02,0.0,19.6,heavy_rain,MEDIUM
2026-09-30T16:30:00,62.79,3.4,0.0,2.43,0.0,59.29,0.0,19.4,heavy_rain,MEDIUM
2026-09-30T16:40:00,59.95,3.4,0.0,-2.84,0.0,59.28,0.0,19.1,heavy_rain,MEDIUM
2026-09-30T16:50:00,115.87,1.496,-11.4216,55.92,-1.9036,62.16,-1.904,21.4,false_alarm,MEDIUM
2026-09-30T17:00:00,110.68,1.344,-0.9144,-5.19,-0.1524,64.7,-2.056,21.6,false_alarm,LOW
2026-09-30T17:10:00,87.45,1.109,-1.41,-23.24,-0.235,66.33,-2.291,22.1,false_alarm,LOW
2026-09-30T17:20:00,88.0,1.125,0.0936,0.56,0.0156,67.93,-2.275,21.4,false_alarm,LOW
2026-09-30T17:30:00,104.09,1.08,-0.2688,16.09,-0.0448,70.43,-2.32,22.2,false_alarm,LOW
2026-09-30T17:40:00,109.4,1.184,0.6258,5.31,0.1043,73.4,-2.216,21.9,false_alarm,LOW
2026-09-30T17:50:00,115.71,1.15,-0.204,6.31,-0.034,76.48,-2.25,21.1,false_alarm,LOW
2026-09-30T18:00:00,111.33,1.223,0.4368,-4.38,0.0728,79.73,-2.177,22.6,false_alarm,LOW
2026-09-30T18:10:00,93.71,1.365,0.8502,-17.62,0.1417,81.89,-2.035,22.1,false_alarm,LOW
2026-09-30T18:20:00,110.07,1.253,-0.6684,16.36,-0.1114,84.75,-2.147,22.8,false_alarm,LOW
2026-09-30T18:30:00,112.84,1.351,0.5868,2.77,0.0978,87.58,-2.049,22.1,false_alarm,LOW
2026-09-30T18:40:00,114.29,1.578,1.3638,1.45,0.2273,90.54,-1.822,21.9,false_alarm,MEDIUM
2026-09-30T18:50:00,104.92,1.405,-1.0374,-9.37,-0.1729,93.21,-1.995,21.9,false_alarm,MEDIUM
2026-09-30T19:00:00,87.0,1.143,-1.5774,-17.92,-0.2629,94.76,-2.257,22.2,false_alarm,LOW
2026-09-30T19:10:00,105.52,1.029,-0.6834,18.53,-0.1139,97.44,-2.371,22.6,false_alarm,LOW
2026-09-30T19:20:00,94.01,1.168,0.8382,-11.51,0.1397,99.31,-2.232,21.9,false_alarm,LOW
2026-09-30T19:30:00,87.71,1.323,0.9282,-6.3,0.1547,100.7,-2.077,21.3,false_alarm,LOW
2026-09-30T19:40:00,101.02,1.51,1.1202,13.3,0.1867,102.98,0.013,21.4,false_alarm,MEDIUM
2026-09-30T19:50:00,88.68,1.314,-1.1742,-12.34,-0.1957,101.47,-0.03,21.7,false_alarm,LOW
2026-09-30T20:00:00,93.99,1.276,-0.231,5.3,-0.0385,100.54,0.167,21.7,false_alarm,LOW
2026-09-30T20:10:00,102.3,1.523,1.4838,8.32,0.2473,101.37,0.398,22.1,false_alarm,MEDIUM
2026-09-30T20:20:00,94.85,1.491,-0.1908,-7.45,-0.0318,101.75,0.411,22.5,false_alarm,MEDIUM
2026-09-30T20:30:00,112.75,1.479,-0.0738,17.9,-0.0123,102.23,0.295,22.2,false_alarm,MEDIUM
2026-09-30T20:40:00,111.29,1.466,-0.0786,-1.46,-0.0131,102.33,0.316,22.5,false_alarm,MEDIUM
2026-09-30T20:50:00,102.73,1.488,0.135,-8.56,0.0225,101.61,0.265,22.0,false_alarm,MEDIUM
2026-09-30T21:00:00,86.1,1.011,-2.8602,-16.63,-0.4767,100.21,-0.353,22.4,false_alarm,LOW
2026-09-30T21:10:00,117.86,1.202,1.146,31.76,0.191,101.55,-0.051,21.7,false_alarm,LOW
2026-09-30T21:20:00,94.3,1.354,0.9108,-23.56,0.1518,100.68,0.003,20.9,false_alarm,LOW
2026-09-30T21:30:00,112.46,1.154,-1.1988,18.16,-0.1998,100.66,-0.424,22.4,false_alarm,LOW
2026-09-30T21:40:00,103.4,1.195,0.2454,-9.07,0.0409,100.05,-0.21,22.6,false_alarm,LOW
2026-09-30T21:50:00,115.55,1.242,0.2784,12.15,0.0464,100.64,0.099,22.7,false_alarm,LOW
2026-09-30T22:00:00,117.21,1.305,0.3786,1.66,0.0631,102.32,0.276,21.3,false_alarm,LOW
2026-09-30T22:10:00,110.29,1.274,-0.1842,-6.92,-0.0307,102.58,0.106,21.8,false_alarm,LOW
2026-09-30T22:20:00,89.77,1.013,-1.5678,-20.52,-0.2613,102.35,-0.31,21.8,false_alarm,LOW
2026-09-30T22:30:00,104.35,1.079,0.3954,14.58,0.0659,103.27,-0.431,20.5,false_alarm,LOW
2026-09-30T22:40:00,97.18,1.383,1.8252,-7.17,0.3042,103.06,0.069,21.9,false_alarm,LOW
2026-09-30T22:50:00,106.28,1.206,-1.0608,9.1,-0.1768,104.04,-0.07,22.6,false_alarm,LOW
2026-09-30T23:00:00,104.41,1.431,1.3506,-1.87,0.2251,104.62,-0.092,21.3,false_alarm,MEDIUM
2026-09-30T23:10:00,117.95,1.468,0.2196,13.54,0.0366,105.49,-0.023,22.5,false_alarm,MEDIUM
2026-09-30T23:20:00,100.75,1.467,-0.0072,-17.2,-0.0012,105.81,-0.012,21.6,false_alarm,MEDIUM
2026-09-30T23:30:00,116.03,1.15,-1.8996,15.28,-0.3166,106.0,-0.316,21.8,false_alarm,LOW
2026-09-30T23:40:00,86.8,1.411,1.5684,-29.23,0.2614,104.64,-0.077,21.2,false_alarm,MEDIUM
2026-09-30T23:50:00,111.24,1.207,-1.2252,24.44,-0.2042,105.11,0.196,23.2,false_alarm,LOW
2026-10-01T00:00:00,87.58,1.427,1.317,-23.66,0.2195,105.19,0.224,21.5,false_alarm,MEDIUM
2026-10-01T00:10:00,103.43,1.375,-0.3132,15.86,-0.0522,104.39,0.02,22.5,false_alarm,LOW
2026-10-01T00:20:00,88.34,1.47,0.57,-15.1,0.095,104.06,0.315,22.6,false_alarm,MEDIUM
2026-10-01T00:30:00,106.35,1.429,-0.2436,18.02,-0.0406,103.72,0.234,21.6,false_alarm,MEDIUM
2026-10-01T00:40:00,113.91,1.234,-1.1682,7.56,-0.1947,104.3,-0.007,21.6,false_alarm,LOW
2026-10-01T00:50:00,105.14,1.331,0.5802,-8.78,0.0967,103.72,0.026,21.6,false_alarm,LOW
2026-10-01T01:00:00,95.59,1.04,-1.7466,-9.55,-0.2911,102.52,-0.234,22.1,false_alarm,LOW
2026-10-01T01:10:00,101.81,1.541,3.0084,6.22,0.5014,102.05,0.528,22.7,false_alarm,MEDIUM
2026-10-01T01:20:00,95.05,1.514,-0.165,-6.75,-0.0275,102.34,0.435,21.7,false_alarm,MEDIUM
2026-10-01T01:30:00,99.68,1.213,-1.8036,4.63,-0.3006,102.08,-0.17,22.1,false_alarm,LOW
2026-10-01T01:40:00,96.81,1.035,-1.0698,-2.88,-0.1783,102.06,-0.171,23.0,false_alarm,LOW
2026-10-01T01:50:00,90.83,1.463,2.571,-5.97,0.4285,101.21,0.032,21.8,false_alarm,MEDIUM
2026-10-01T02:00:00,95.18,1.269,-1.1646,4.35,-0.1941,100.69,-0.198,22.0,false_alarm,LOW
2026-10-01T02:10:00,110.76,1.026,-1.4568,15.58,-0.2428,100.29,-0.44,21.7,false_alarm,LOW
2026-10-01T02:20:00,111.58,1.375,2.0928,0.83,0.3488,100.89,0.225,22.3,false_alarm,LOW
2026-10-01T02:30:00,96.89,1.434,0.354,-14.7,0.059,99.83,0.023,21.6,false_alarm,MEDIUM
2026-10-01T02:40:00,87.16,1.236,-1.1904,-9.72,-0.1984,99.85,0.029,21.6,false_alarm,LOW
2026-10-01T02:50:00,88.42,1.252,0.0954,1.26,0.0159,98.58,-0.175,22.4,false_alarm,LOW
2026-10-01T03:00:00,108.4,1.106,-0.873,19.98,-0.1455,99.74,-0.268,21.5,false_alarm,LOW
2026-10-01T03:10:00,97.99,1.548,2.6526,-10.41,0.4421,99.44,0.079,22.4,false_alarm,MEDIUM
2026-10-01T03:20:00,104.74,1.399,-0.8934,6.75,-0.1489,100.35,-0.03,22.4,false_alarm,LOW
2026-10-01T03:30:00,102.81,1.445,0.2712,-1.93,0.0452,100.15,0.21,22.7,false_alarm,MEDIUM
2026-10-01T03:40:00,87.36,1.246,-1.1898,-15.45,-0.1983,98.68,-0.085,22.7,false_alarm,LOW
2026-10-01T03:50:00,116.46,1.572,1.9548,29.1,0.3258,99.31,0.532,21.7,false_alarm,MEDIUM
2026-10-01T04:00:00,98.12,1.11,-2.775,-18.34,-0.4625,99.45,-0.432,22.2,false_alarm,LOW
2026-10-01T04:10:00,107.82,1.464,2.1264,9.71,0.3544,99.78,-0.05,20.8,false_alarm,MEDIUM
2026-10-01T04:20:00,104.35,1.358,-0.6354,-3.48,-0.1059,100.3,0.145,21.3,false_alarm,LOW
2026-10-01T04:30:00,93.9,1.242,-0.6942,-10.45,-0.1157,99.97,0.207,21.4,false_alarm,LOW
2026-10-01T04:40:00,119.96,1.17,-0.435,26.06,-0.0725,101.26,-0.294,22.3,false_alarm,LOW
2026-10-01T04:50:00,104.33,1.332,0.9762,-15.62,0.1627,102.01,0.063,21.2,false_alarm,LOW
2026-10-01T05:00:00,104.79,1.055,-1.6674,0.45,-0.2779,102.55,0.028,21.9,false_alarm,LOW
2026-10-01T05:10:00,98.54,1.135,0.4794,-6.24,0.0799,101.87,-0.241,21.6,false_alarm,LOW
2026-10-01T05:20:00,118.23,1.13,-0.03,19.69,-0.005,102.24,-0.305,22.3,false_alarm,LOW
2026-10-01T05:30:00,93.25,1.08,-0.2976,-24.98,-0.0496,102.03,-0.156,22.3,false_alarm,LOW
2026-10-01T05:40:00,87.04,1.015,-0.3888,-6.21,-0.0648,102.03,-0.237,22.8,false_alarm,LOW
2026-10-01T05:50:00,103.64,1.391,2.2542,16.6,0.3757,102.87,0.285,22.0,false_alarm,LOW
2026-10-01T06:00:00,108.68,1.44,0.2958,5.04,0.0493,102.89,-0.108,22.7,false_alarm,MEDIUM
2026-10-01T06:10:00,106.46,1.211,-1.3734,-2.22,-0.2289,103.36,-0.188,22.2,false_alarm,LOW
2026-10-01T06:20:00,111.9,1.114,-0.5844,5.45,-0.0974,103.76,-0.331,21.6,false_alarm,LOW
2026-10-01T06:30:00,102.32,1.238,0.747,-9.58,0.1245,103.73,-0.008,21.7,false_alarm,LOW
2026-10-01T06:40:00,93.32,1.251,0.078,-9.0,0.013,104.06,-0.321,21.6,false_alarm,LOW
2026-10-01T06:50:00,98.67,1.333,0.4866,5.35,0.0811,103.07,0.223,22.1,false_alarm,LOW
2026-10-01T07:00:00,85.76,1.154,-1.0686,-12.9,-0.1781,102.39,-0.309,21.6,false_alarm,LOW
2026-10-01T07:10:00,102.57,1.412,1.5462,16.81,0.2577,102.1,0.054,20.9,false_alarm,MEDIUM
2026-10-01T07:20:00,109.32,1.17,-1.4514,6.75,-0.2419,102.37,-0.072,22.3,false_alarm,LOW
2026-10-01T07:30:00,111.03,1.361,1.1466,1.71,0.1911,103.32,0.192,22.1,false_alarm,LOW
2026-10-01T07:40:00,116.28,1.092,-1.617,5.25,-0.2695,103.12,-0.241,22.4,false_alarm,LOW
2026-10-01T07:50:00,86.51,1.32,1.368,-29.78,0.228,102.13,0.265,22.5,false_alarm,LOW
2026-10-01T08:00:00,86.4,1.282,-0.225,-0.11,-0.0375,101.11,0.148,21.4,false_alarm,LOW
2026-10-01T08:10:00,93.3,1.03,-1.5174,6.91,-0.2529,100.82,-0.1,22.4,false_alarm,LOW
2026-10-01T08:20:00,104.29,1.014,-0.093,10.99,-0.0155,100.04,-0.066,21.5,false_alarm,LOW
2026-10-01T08:30:00,99.34,1.451,2.6232,-4.95,0.4372,100.38,0.436,21.8,false_alarm,MEDIUM
2026-10-01T08:40:00,107.6,1.092,-2.157,8.26,-0.3595,101.52,-0.299,21.3,false_alarm,LOW
2026-10-01T08:50:00,117.05,1.466,2.2464,9.45,0.3744,102.27,0.026,22.9,false_alarm,MEDIUM
2026-10-01T09:00:00,103.96,1.349,-0.7014,-13.09,-0.1169,102.01,0.138,21.2,false_alarm,LOW
2026-10-01T09:10:00,115.1,1.12,-1.3758,11.14,-0.2293,102.49,0.006,21.7,false_alarm,LOW
2026-10-01T09:20:00,101.07,1.382,1.5684,-14.03,0.2614,101.88,0.143,22.2,false_alarm,LOW
2026-10-01T09:30:00,85.44,1.065,-1.9002,-15.63,-0.3167,100.95,-0.187,21.9,false_alarm,LOW
2026-10-01T09:40:00,106.77,1.598,3.1962,21.33,0.5327,101.69,0.265,21.6,false_alarm,MEDIUM
2026-10-01T09:50:00,93.89,1.082,-3.096,-12.88,-0.516,101.43,-0.073,21.5,false_alarm,LOW
2026-10-01T10:00:00,85.86,1.338,1.5408,-8.03,0.2568,101.43,-0.074,21.9,false_alarm,LOW
2026-10-01T10:10:00,115.79,1.517,1.0686,29.93,0.1781,102.17,0.346,20.9,false_alarm,MEDIUM
2026-10-01T10:20:00,109.61,1.297,-1.317,-6.18,-0.2195,102.18,-0.064,21.9,false_alarm,LOW
2026-10-01T10:30:00,85.7,1.171,-0.7572,-23.9,-0.1262,100.78,0.079,22.0,false_alarm,LOW
2026-10-01T10:40:00,112.93,1.241,0.4236,27.22,0.0706,100.59,-0.079,22.5,false_alarm,LOW
2026-10-01T10:50:00,108.69,1.101,-0.84,-4.23,-0.14,101.82,-0.181,22.4,false_alarm,LOW
2026-10-01T11:00:00,88.15,1.11,0.0516,-20.54,0.0086,101.92,0.08,22.3,false_alarm,LOW
2026-10-01T11:10:00,101.2,1.382,1.635,13.05,0.2725,102.36,0.368,22.7,false_alarm,LOW
2026-10-01T11:20:00,110.0,1.303,-0.474,8.8,-0.079,102.68,-0.148,22.6,false_alarm,LOW
2026-10-01T11:30:00,105.12,1.005,-1.7904,-4.88,-0.2984,103.0,-0.087,22.0,false_alarm,LOW
2026-10-01T11:40:00,111.1,1.485,2.8818,5.98,0.4803,103.19,0.019,21.4,false_alarm,MEDIUM
2026-10-01T11:50:00,110.51,1.292,-1.161,-0.58,-0.1935,102.83,-0.057,21.8,false_alarm,LOW
2026-10-01T12:00:00,85.33,1.359,0.4014,-25.19,0.0669,101.79,0.239,21.1,false_alarm,LOW
2026-10-01T12:10:00,87.61,1.087,-1.629,2.28,-0.2715,100.27,-0.294,23.0,false_alarm,LOW
2026-10-01T12:20:00,112.59,1.041,-0.2784,24.98,-0.0464,100.91,-0.024,22.5,false_alarm,LOW
2026-10-01T12:30:00,85.1,1.46,2.5158,-27.49,0.4193,100.89,-0.137,22.3,false_alarm,MEDIUM
2026-10-01T12:40:00,91.47,1.351,-0.6528,6.37,-0.1088,100.04,0.27,21.8,false_alarm,LOW
2026-10-01T12:50:00,88.83,1.242,-0.6582,-2.64,-0.1097,99.76,-0.097,22.1,false_alarm,LOW
2026-10-01T13:00:00,109.14,1.136,-0.636,20.31,-0.106,101.05,-0.381,22.5,false_alarm,LOW
2026-10-01T13:10:00,117.3,1.374,1.431,8.16,0.2385,101.13,0.077,21.9,false_alarm,LOW
2026-10-01T13:20:00,95.44,1.25,-0.7452,-21.86,-0.1242,100.35,0.079,22.4,false_alarm,LOW
2026-10-01T13:30:00,99.34,1.143,-0.6408,3.9,-0.1068,101.1,-0.098,21.2,false_alarm,LOW
2026-10-01T13:40:00,116.59,1.278,0.8106,17.25,0.1351,101.31,0.177,22.8,false_alarm,LOW
2026-10-01T13:50:00,102.62,1.557,1.6722,-13.96,0.2787,100.97,0.447,23.8,false_alarm,MEDIUM
2026-10-01T14:00:00,97.71,1.426,-0.7842,-4.91,-0.1307,101.5,0.044,23.5,false_alarm,MEDIUM
2026-10-01T14:10:00,98.73,1.353,-0.4398,1.02,-0.0733,101.36,0.05,22.7,false_alarm,LOW
2026-10-01T14:20:00,113.95,1.248,-0.6288,15.22,-0.1048,101.58,0.243,20.7,false_alarm,LOW
2026-10-01T14:30:00,93.05,1.342,0.564,-20.89,0.094,100.91,-0.143,22.1,false_alarm,LOW
2026-10-01T14:40:00,95.79,1.578,1.4136,2.74,0.2356,100.06,0.286,22.2,false_alarm,MEDIUM
2026-10-01T14:50:00,97.0,1.59,0.0732,1.2,0.0122,99.31,0.231,22.1,false_alarm,MEDIUM
2026-10-01T15:00:00,110.92,1.408,-1.0932,13.92,-0.1822,100.73,0.321,21.8,false_alarm,MEDIUM
2026-10-01T15:10:00,112.22,1.283,-0.7476,1.3,-0.1246,102.1,0.242,21.9,false_alarm,LOW
2026-10-01T15:20:00,107.48,1.388,0.6276,-4.74,0.1046,101.81,-0.072,21.8,false_alarm,LOW
2026-10-01T15:30:00,91.83,1.152,-1.4154,-15.65,-0.2359,102.19,-0.2,22.9,false_alarm,LOW
2026-10-01T15:40:00,114.85,1.052,-0.5994,23.02,-0.0999,103.49,-0.19,21.9,false_alarm,LOW
2026-10-01T15:50:00,117.4,1.557,3.0282,2.55,0.5047,105.07,0.421,22.0,false_alarm,MEDIUM
2026-10-01T16:00:00,105.55,1.332,-1.3464,-11.85,-0.2244,104.87,-0.042,21.9,false_alarm,LOW
2026-10-01T16:10:00,106.55,1.302,-0.1812,1.0,-0.0302,104.28,0.052,21.7,false_alarm,LOW
2026-10-01T16:20:00,92.29,1.444,0.8526,-14.26,0.1421,104.1,0.301,21.9,false_alarm,MEDIUM
2026-10-01T16:30:00,93.44,1.498,0.3222,1.14,0.0537,103.78,0.22,21.2,false_alarm,MEDIUM
2026-10-01T16:40:00,115.4,1.129,-2.2158,21.96,-0.3693,103.71,-0.428,21.1,false_alarm,LOW
2026-10-01T16:50:00,91.64,1.591,2.7762,-23.76,0.4627,103.1,0.165,21.3,false_alarm,MEDIUM
2026-10-01T17:00:00,90.8,1.517,-0.4452,-0.83,-0.0742,102.72,0.164,22.1,false_alarm,MEDIUM
2026-10-01T17:10:00,105.99,1.069,-2.688,15.19,-0.448,103.12,-0.179,21.9,false_alarm,LOW
2026-10-01T17:20:00,119.63,1.169,0.6,13.63,0.1,103.43,-0.173,22.5,false_alarm,LOW
2026-10-01T17:30:00,103.51,1.104,-0.3912,-16.12,-0.0652,104.02,-0.474,21.4,false_alarm,LOW
2026-10-01T17:40:00,95.75,1.162,0.3486,-7.76,0.0581,104.01,-0.428,21.9,false_alarm,LOW
2026-10-01T17:50:00,94.91,1.582,2.52,-0.84,0.42,103.9,0.174,22.0,false_alarm,MEDIUM
2026-10-01T18:00:00,107.02,1.396,-1.1124,12.12,-0.1854,103.68,0.113,21.7,false_alarm,LOW
2026-10-01T18:10:00,111.41,1.457,0.3606,4.39,0.0601,103.64,0.069,22.1,false_alarm,MEDIUM
2026-10-01T18:20:00,108.02,1.287,-1.0182,-3.39,-0.1697,103.67,0.135,22.7,false_alarm,LOW
2026-10-01T18:30:00,94.67,1.188,-0.5928,-13.34,-0.0988,103.82,0.136,21.3,false_alarm,LOW
2026-10-01T18:40:00,103.66,1.149,-0.237,8.99,-0.0395,103.2,-0.408,21.4,false_alarm,LOW
2026-10-01T18:50:00,103.08,1.55,2.4072,-0.58,0.4012,102.41,0.218,21.3,false_alarm,MEDIUM
2026-10-01T19:00:00,97.14,1.526,-0.1416,-5.94,-0.0236,101.94,0.224,21.8,false_alarm,MEDIUM
2026-10-01T19:10:00,117.96,1.532,0.0354,20.82,0.0059,102.57,0.088,21.6,false_alarm,MEDIUM
2026-10-01T19:20:00,119.12,1.194,-2.0262,1.16,-0.3377,104.06,-0.304,21.2,false_alarm,LOW
2026-10-01T19:30:00,95.44,1.497,1.8186,-23.68,0.3031,104.18,0.369,24.4,normal,MEDIUM
2026-10-01T19:40:00,76.82,1.706,1.254,-18.63,0.209,102.03,0.115,25.1,normal,MEDIUM
2026-10-01T19:50:00,61.68,1.884,1.0632,-15.14,0.1772,100.37,0.367,24.6,normal,MEDIUM
2026-10-01T20:00:00,50.9,1.955,0.4278,-10.78,0.0713,98.15,0.886,24.4,normal,MEDIUM
2026-10-01T20:10:00,40.68,1.998,0.2604,-10.22,0.0434,94.52,0.829,24.8,normal,MEDIUM
2026-10-01T20:20:00,34.51,2.05,0.3096,-6.17,0.0516,89.79,0.946,24.9,normal,MEDIUM
2026-10-01T20:30:00,27.31,2.038,-0.0738,-7.2,-0.0123,85.56,0.876,24.8,normal,MEDIUM
2026-10-01T20:40:00,21.32,2.022,-0.093,-5.98,-0.0155,81.42,0.44,24.3,normal,MEDIUM
2026-10-01T20:50:00,18.27,1.991,-0.1866,-3.05,-0.0311,77.17,0.595,25.0,normal,MEDIUM
2026-10-01T21:00:00,16.43,1.985,-0.0372,-1.85,-0.0062,72.13,0.528,25.0,normal,MEDIUM
2026-10-01T21:10:00,14.31,1.96,-0.1488,-2.11,-0.0248,66.74,0.673,25.2,normal,MEDIUM
2026-10-01T21:20:00,13.73,1.907,-0.3162,-0.59,-0.0527,61.5,0.719,25.0,normal,MEDIUM
2026-10-01T21:30:00,12.48,1.847,-0.3636,-1.25,-0.0606,56.94,0.698,24.8,normal,MEDIUM
2026-10-01T21:40:00,11.18,1.79,-0.3408,-1.3,-0.0568,51.8,0.24,24.5,normal,MEDIUM
2026-10-01T21:50:00,11.06,1.811,0.126,-0.13,0.021,46.68,0.285,25.3,normal,MEDIUM
2026-10-01T22:00:00,9.35,1.775,-0.2136,-1.71,-0.0356,41.81,0.243,25.3,normal,LOW
2026-10-01T22:10:00,8.74,1.765,-0.0612,-0.61,-0.0102,35.74,0.571,24.8,normal,LOW
2026-10-01T22:20:00,8.1,1.688,-0.4638,-0.64,-0.0773,29.57,0.19,24.7,normal,LOW
2026-10-01T22:30:00,7.43,1.695,0.042,-0.67,0.007,24.68,-0.012,24.5,normal,LOW
2026-10-01T22:40:00,7.6,1.689,-0.036,0.17,-0.006,20.84,-0.195,25.0,normal,LOW
2026-10-01T22:50:00,6.97,1.644,-0.2688,-0.63,-0.0448,17.8,-0.311,24.9,normal,LOW
2026-10-01T23:00:00,6.46,1.607,-0.222,-0.51,-0.037,15.33,-0.391,25.4,normal,LOW
2026-10-01T23:10:00,7.44,1.579,-0.1674,0.99,-0.0279,13.48,-0.471,24.6,normal,LOW
2026-10-01T23:20:00,7.99,1.581,0.0096,0.55,0.0016,12.01,-0.457,25.4,normal,LOW
2026-10-01T23:30:00,7.36,1.544,-0.2178,-0.63,-0.0363,10.9,-0.478,25.4,normal,LOW
2026-10-01T23:40:00,8.28,1.528,-0.1008,0.92,-0.0168,10.18,-0.463,25.3,normal,LOW
2026-10-01T23:50:00,9.49,1.501,-0.1614,1.21,-0.0269,9.69,-0.484,25.4,normal,LOW
2026-10-02T00:00:00,9.56,1.517,0.0984,0.07,0.0164,9.31,-0.443,25.2,normal,LOW
2026-10-02T00:10:00,8.14,1.503,-0.087,-1.42,-0.0145,8.96,-0.405,26.0,normal,LOW
2026-10-02T00:20:00,7.23,1.478,-0.1452,-0.92,-0.0242,8.6,-0.368,24.9,normal,LOW
2026-10-02T00:30:00,7.66,1.462,-0.0966,0.43,-0.0161,8.34,-0.328,25.9,normal,LOW
2026-10-02T00:40:00,6.13,1.455,-0.0438,-1.53,-0.0073,8.05,-0.356,25.5,normal,LOW
2026-10-02T00:50:00,6.64,1.417,-0.2268,0.51,-0.0378,7.81,-0.358,25.6,normal,LOW
2026-10-02T01:00:00,5.78,1.381,-0.2142,-0.87,-0.0357,7.61,-0.384,25.8,normal,LOW
2026-10-02T01:10:00,7.3,1.426,0.2676,1.53,0.0446,7.53,-0.262,25.9,normal,LOW
2026-10-02T01:20:00,7.15,1.425,-0.0054,-0.15,-0.0009,7.48,-0.27,25.2,normal,LOW
2026-10-02T01:30:00,7.02,1.402,-0.1398,-0.13,-0.0233,7.46,-0.287,25.6,normal,LOW
2026-10-02T01:40:00,7.0,1.428,0.159,-0.02,0.0265,7.42,-0.216,25.6,normal,LOW
2026-10-02T01:50:00,6.11,1.415,-0.0786,-0.88,-0.0131,7.37,-0.192,25.6,normal,LOW
2026-10-02T02:00:00,5.31,1.426,0.0672,-0.8,0.0112,7.31,-0.153,25.7,normal,LOW
2026-10-02T02:10:00,4.92,1.421,-0.0336,-0.39,-0.0056,7.17,-0.16,25.3,normal,LOW
2026-10-02T02:20:00,5.67,1.421,0.0012,0.75,0.0002,7.04,-0.123,25.7,normal,LOW
2026-10-02T02:30:00,5.81,1.421,0.0006,0.14,0.0001,6.96,-0.106,25.6,normal,LOW
2026-10-02T02:40:00,5.19,1.397,-0.1422,-0.62,-0.0237,6.78,-0.103,26.1,normal,LOW
2026-10-02T02:50:00,4.84,1.391,-0.0414,-0.35,-0.0069,6.53,-0.127,25.4,normal,LOW
2026-10-02T03:00:00,4.68,1.441,0.3024,-0.17,0.0504,6.25,-0.062,25.5,normal,LOW
2026-10-02T03:10:00,4.2,1.403,-0.2268,-0.48,-0.0378,6.04,-0.075,25.6,normal,LOW
2026-10-02T03:20:00,4.66,1.397,-0.0354,0.47,-0.0059,5.89,-0.065,25.5,normal,LOW
2026-10-02T03:30:00,4.64,1.398,0.0018,-0.02,0.0003,5.73,-0.057,26.0,normal,LOW
2026-10-02T03:40:00,4.49,1.371,-0.159,-0.15,-0.0265,5.63,-0.046,25.3,normal,LOW
2026-10-02T03:50:00,4.36,1.36,-0.066,-0.13,-0.011,5.51,-0.021,25.8,normal,LOW
2026-10-02T04:00:00,3.97,1.339,-0.1236,-0.39,-0.0206,5.41,-0.087,25.7,normal,LOW
2026-10-02T04:10:00,4.91,1.336,-0.021,0.94,-0.0035,5.27,-0.089,26.4,normal,LOW
2026-10-02T04:20:00,5.55,1.376,0.2424,0.64,0.0404,5.18,-0.025,26.2,normal,LOW
2026-10-02T04:30:00,5.94,1.408,0.1896,0.39,0.0316,5.12,-0.02,25.8,normal,LOW
2026-10-02T04:40:00,8.14,1.395,-0.075,2.2,-0.0125,5.19,-0.02,25.5,normal,LOW
2026-10-02T04:50:00,5.91,1.376,-0.1146,-2.24,-0.0191,5.18,-0.05,26.3,normal,LOW
2026-10-02T05:00:00,5.03,1.386,0.0582,-0.88,0.0097,5.16,-0.035,25.8,normal,LOW
2026-10-02T05:10:00,5.57,1.356,-0.1812,0.54,-0.0302,5.2,-0.065,25.8,normal,LOW
2026-10-02T05:20:00,3.53,1.331,-0.1488,-2.04,-0.0248,5.08,-0.09,26.1,normal,LOW
2026-10-02T05:30:00,4.6,1.306,-0.1488,1.07,-0.0248,5.01,-0.091,26.3,normal,LOW
2026-10-02T05:40:00,5.8,1.323,0.102,1.2,0.017,5.05,-0.067,26.0,normal,LOW
2026-10-02T05:50:00,4.87,1.253,-0.4212,-0.93,-0.0702,5.05,-0.188,25.4,normal,LOW
2026-10-02T06:00:00,5.24,1.239,-0.0858,0.37,-0.0143,5.08,-0.164,26.0,normal,LOW
2026-10-02T06:10:00,6.32,1.262,0.1404,1.08,0.0234,5.2,-0.135,26.2,normal,LOW
2026-10-02T06:20:00,4.49,1.302,0.24,-1.83,0.04,5.19,-0.095,26.0,normal,LOW
2026-10-02T06:30:00,4.76,1.281,-0.126,0.27,-0.021,5.19,-0.09,25.8,normal,LOW
2026-10-02T06:40:00,4.64,1.326,0.2688,-0.12,0.0448,5.2,-0.034,26.5,normal,LOW
2026-10-02T06:50:00,5.2,1.369,0.2586,0.56,0.0431,5.25,0.029,26.1,normal,LOW
2026-10-02T07:00:00,7.06,1.37,0.0048,1.86,0.0008,5.42,0.034,26.2,normal,LOW
2026-10-02T07:10:00,7.53,1.387,0.102,0.47,0.017,5.57,0.01,26.2,normal,LOW
2026-10-02T07:20:00,8.57,1.392,0.0324,1.04,0.0054,5.73,-0.016,25.9,normal,LOW
2026-10-02T07:30:00,7.45,1.383,-0.0528,-1.12,-0.0088,5.82,-0.012,25.4,normal,LOW
2026-10-02T07:40:00,8.41,1.395,0.0708,0.96,0.0118,5.83,0.019,25.8,normal,LOW
2026-10-02T07:50:00,7.95,1.365,-0.1812,-0.46,-0.0302,5.95,-0.021,26.3,normal,LOW
2026-10-02T08:00:00,8.29,1.413,0.2886,0.34,0.0481,6.13,0.057,25.9,normal,LOW
2026-10-02T08:10:00,7.9,1.441,0.1692,-0.39,0.0282,6.26,0.11,26.0,normal,LOW
2026-10-02T08:20:00,8.98,1.423,-0.1074,1.09,-0.0179,6.56,0.117,26.2,normal,LOW
2026-10-02T08:30:00,7.36,1.412,-0.0702,-1.63,-0.0117,6.71,0.088,26.3,normal,LOW
2026-10-02T08:40:00,6.91,1.393,-0.1122,-0.44,-0.0187,6.77,0.14,25.7,normal,LOW
2026-10-02T08:50:00,5.95,1.369,-0.1404,-0.96,-0.0234,6.83,0.131,26.3,normal,LOW
2026-10-02T09:00:00,6.1,1.376,0.0366,0.15,0.0061,6.88,0.114,26.4,normal,LOW
2026-10-02T09:10:00,6.22,1.322,-0.3192,0.11,-0.0532,6.88,0.02,26.2,normal,LOW
2026-10-02T09:20:00,6.9,1.355,0.1974,0.69,0.0329,7.01,0.074,25.8,normal,LOW
2026-10-02T09:30:00,7.06,1.368,0.0738,0.15,0.0123,7.14,0.042,26.1,normal,LOW
2026-10-02T09:40:00,6.4,1.343,-0.147,-0.66,-0.0245,7.24,-0.026,25.4,normal,LOW
2026-10-02T09:50:00,6.72,1.314,-0.1722,0.32,-0.0287,7.32,-0.055,26.1,normal,LOW
2026-10-02T10:00:00,5.36,1.333,0.114,-1.36,0.019,7.23,-0.053,25.7,normal,LOW
2026-10-02T10:10:00,5.0,1.316,-0.102,-0.36,-0.017,7.09,-0.076,25.7,normal,LOW
2026-10-02T10:20:00,4.92,1.312,-0.0294,-0.08,-0.0049,6.88,-0.072,26.2,normal,LOW
2026-10-02T10:30:00,5.68,1.336,0.1452,0.76,0.0242,6.78,-0.059,25.9,normal,LOW
2026-10-02T10:40:00,6.77,1.358,0.1356,1.09,0.0226,6.69,-0.007,25.6,normal,LOW
2026-10-02T10:50:00,7.48,1.338,-0.1218,0.71,-0.0203,6.67,-0.075,25.9,normal,LOW
2026-10-02T11:00:00,6.75,1.353,0.087,-0.72,0.0145,6.58,-0.089,25.4,normal,LOW
2026-10-02T11:10:00,7.48,1.333,-0.1194,0.73,-0.0199,6.56,-0.091,25.7,normal,LOW
2026-10-02T11:20:00,7.77,1.297,-0.2118,0.28,-0.0353,6.49,-0.114,25.9,normal,LOW
2026-10-02T11:30:00,7.9,1.295,-0.0156,0.13,-0.0026,6.52,-0.098,25.9,normal,LOW
2026-10-02T11:40:00,7.6,1.31,0.0918,-0.3,0.0153,6.56,-0.059,25.9,normal,LOW
2026-10-02T11:50:00,6.49,1.339,0.171,-1.11,0.0285,6.59,-0.037,25.9,normal,LOW
2026-10-02T12:00:00,7.81,1.318,-0.123,1.33,-0.0205,6.68,-0.004,25.9,normal,LOW
2026-10-02T12:10:00,6.93,1.354,0.216,-0.89,0.036,6.72,-0.001,26.0,normal,LOW
2026-10-02T12:20:00,7.43,1.391,0.2244,0.5,0.0374,6.75,0.024,25.8,normal,LOW
2026-10-02T12:30:00,9.21,1.377,-0.0882,1.79,-0.0147,6.87,0.034,25.9,normal,LOW
2026-10-02T12:40:00,8.43,1.398,0.1266,-0.79,0.0211,6.98,0.083,25.3,normal,LOW
2026-10-02T12:50:00,6.79,1.363,-0.2082,-1.64,-0.0347,6.99,0.03,25.7,normal,LOW
2026-10-02T13:00:00,5.42,1.341,-0.1326,-1.37,-0.0221,6.99,0.025,25.9,normal,LOW
2026-10-02T13:10:00,4.33,1.31,-0.189,-1.09,-0.0315,6.95,-0.002,26.0,normal,LOW
2026-10-02T13:20:00,4.04,1.313,0.0228,-0.28,0.0038,6.91,-0.022,25.8,normal,LOW
2026-10-02T13:30:00,4.97,1.291,-0.1332,0.93,-0.0222,6.87,-0.067,25.7,normal,LOW
2026-10-02T13:40:00,4.61,1.248,-0.2586,-0.36,-0.0431,6.75,-0.09,26.3,normal,LOW
2026-10-02T13:50:00,5.07,1.287,0.2334,0.46,0.0389,6.61,-0.066,25.6,normal,LOW
2026-10-02T14:00:00,4.68,1.279,-0.0504,-0.38,-0.0084,6.5,-0.054,25.5,normal,LOW
2026-10-02T14:10:00,6.36,1.292,0.0822,1.68,0.0137,6.44,-0.005,25.3,normal,LOW
2026-10-02T14:20:00,5.31,1.301,0.0516,-1.05,0.0086,6.3,0.006,25.8,normal,LOW
2026-10-02T14:30:00,4.26,1.297,-0.021,-1.05,-0.0035,6.1,-0.013,26.0,normal,LOW
2026-10-02T14:40:00,4.34,1.299,0.0072,0.08,0.0012,5.92,-0.04,26.1,normal,LOW
2026-10-02T14:50:00,5.62,1.293,-0.0354,1.28,-0.0059,5.87,-0.025,25.2,normal,LOW
2026-10-02T15:00:00,6.56,1.284,-0.051,0.94,-0.0085,5.8,-0.07,25.5,normal,LOW
2026-10-02T15:10:00,6.84,1.28,-0.024,0.28,-0.004,5.79,-0.111,25.4,normal,LOW
2026-10-02T15:20:00,4.83,1.275,-0.0294,-2.01,-0.0049,5.65,-0.101,25.8,normal,LOW
2026-10-02T15:30:00,5.33,1.299,0.1404,0.5,0.0234,5.43,-0.099,25.3,normal,LOW
2026-10-02T15:40:00,5.99,1.321,0.1368,0.66,0.0228,5.3,-0.042,25.6,normal,LOW
2026-10-02T15:50:00,5.61,1.313,-0.0516,-0.38,-0.0086,5.23,-0.028,25.2,normal,LOW
2026-10-02T16:00:00,6.5,1.32,0.042,0.89,0.007,5.29,0.01,25.2,normal,LOW
2026-10-02T16:10:00,8.45,1.285,-0.2064,1.95,-0.0344,5.52,-0.028,25.4,normal,LOW
2026-10-02T16:20:00,9.14,1.293,0.045,0.68,0.0075,5.8,0.002,24.8,normal,LOW
2026-10-02T16:30:00,8.84,1.302,0.054,-0.3,0.009,6.02,0.054,25.3,normal,LOW
2026-10-02T16:40:00,8.37,1.262,-0.24,-0.47,-0.04,6.23,-0.025,25.6,normal,LOW
2026-10-02T16:50:00,7.97,1.301,0.2316,-0.4,0.0386,6.39,0.022,25.1,normal,LOW
2026-10-02T17:00:00,7.53,1.338,0.2226,-0.45,0.0371,6.55,0.045,25.0,normal,LOW
2026-10-02T17:10:00,7.76,1.366,0.1686,0.24,0.0281,6.62,0.065,24.6,normal,LOW
2026-10-02T17:20:00,8.43,1.398,0.1908,0.66,0.0318,6.8,0.1,25.0,normal,LOW
2026-10-02T17:30:00,7.18,1.385,-0.0762,-1.25,-0.0127,6.96,0.086,24.8,normal,LOW
2026-10-02T17:40:00,6.83,1.374,-0.0684,-0.35,-0.0114,7.1,0.081,24.9,normal,LOW
2026-10-02T17:50:00,7.51,1.364,-0.057,0.67,-0.0095,7.2,0.08,25.5,normal,LOW
2026-10-02T18:00:00,6.52,1.374,0.057,-0.99,0.0095,7.2,0.093,24.9,normal,LOW
2026-10-02T18:10:00,7.17,1.366,-0.0486,0.66,-0.0081,7.22,0.09,24.9,normal,LOW
2026-10-02T18:20:00,6.24,1.334,-0.1914,-0.93,-0.0319,7.3,0.035,24.7,normal,LOW
2026-10-02T18:30:00,4.9,1.294,-0.2352,-1.34,-0.0392,7.27,-0.027,24.5,normal,LOW
2026-10-02T18:40:00,5.12,1.317,0.135,0.22,0.0225,7.23,0.004,25.2,normal,LOW
2026-10-02T18:50:00,4.28,1.307,-0.0624,-0.84,-0.0104,7.15,-0.013,24.5,normal,LOW
2026-10-02T19:00:00,5.37,1.311,0.024,1.09,0.004,7.09,0.025,25.3,normal,LOW
2026-10-02T19:10:00,4.08,1.276,-0.2052,-1.29,-0.0342,6.85,-0.017,25.0,normal,LOW
2026-10-02T19:20:00,3.69,1.31,0.2034,-0.39,0.0339,6.54,0.008,24.6,normal,LOW
2026-10-02T19:30:00,4.82,1.322,0.0678,1.12,0.0113,6.32,0.06,24.3,normal,LOW
2026-10-02T19:40:00,4.26,1.293,-0.171,-0.56,-0.0285,6.09,-0.008,25.0,normal,LOW
2026-10-02T19:50:00,4.31,1.285,-0.0516,0.05,-0.0086,5.89,-0.053,24.8,normal,LOW
2026-10-02T20:00:00,4.41,1.283,-0.012,0.09,-0.002,5.72,-0.083,24.5,normal,LOW
2026-10-02T20:10:00,4.93,1.268,-0.0882,0.53,-0.0147,5.56,-0.13,25.0,normal,LOW
2026-10-02T20:20:00,5.02,1.264,-0.0246,0.09,-0.0041,5.37,-0.121,24.6,normal,LOW
2026-10-02T20:30:00,6.82,1.267,0.0186,1.8,0.0031,5.35,-0.107,24.5,normal,LOW
2026-10-02T20:40:00,6.41,1.214,-0.3192,-0.41,-0.0532,5.33,-0.151,24.1,normal,LOW
2026-10-02T20:50:00,7.03,1.201,-0.0774,0.62,-0.0129,5.3,-0.173,24.5,normal,LOW
2026-10-02T21:00:00,6.07,1.202,0.0078,-0.96,0.0013,5.27,-0.163,24.6,normal,LOW
2026-10-02T21:10:00,6.82,1.21,0.0474,0.75,0.0079,5.25,-0.124,24.7,normal,LOW
2026-10-02T21:20:00,7.03,1.239,0.1764,0.21,0.0294,5.3,-0.055,24.6,normal,LOW
2026-10-02T21:30:00,6.72,1.252,0.0762,-0.3,0.0127,5.4,-0.065,24.2,normal,LOW
2026-10-02T21:40:00,6.62,1.283,0.1824,-0.1,0.0304,5.48,-0.024,24.4,normal,LOW
2026-10-02T21:50:00,6.57,1.258,-0.1452,-0.05,-0.0242,5.61,-0.052,24.2,normal,LOW
2026-10-02T22:00:00,7.57,1.282,0.1428,1.0,0.0238,5.73,0.006,24.2,normal,LOW
2026-10-02T22:10:00,7.41,1.317,0.21,-0.15,0.035,5.92,0.007,24.1,normal,LOW
2026-10-02T22:20:00,8.1,1.345,0.1698,0.69,0.0283,6.16,0.024,24.1,normal,LOW
2026-10-02T22:30:00,8.79,1.318,-0.1656,0.69,-0.0276,6.38,0.025,24.1,normal,LOW
2026-10-02T22:40:00,8.36,1.337,0.1164,-0.43,0.0194,6.61,0.053,24.6,normal,LOW
2026-10-02T22:50:00,7.61,1.311,-0.1596,-0.75,-0.0266,6.79,0.028,23.9,normal,LOW
2026-10-02T23:00:00,6.71,1.32,0.0558,-0.9,0.0093,6.92,0.052,24.3,normal,LOW
2026-10-02T23:10:00,4.78,1.352,0.192,-1.93,0.032,6.91,0.088,24.2,normal,LOW
2026-10-02T23:20:00,4.22,1.322,-0.177,-0.56,-0.0295,6.87,0.056,23.7,normal,LOW
2026-10-02T23:30:00,4.88,1.283,-0.2388,0.66,-0.0398,6.76,0.069,24.0,normal,LOW
2026-10-02T23:40:00,6.24,1.291,0.051,1.37,0.0085,6.75,0.09,23.4,normal,LOW
2026-10-02T23:50:00,7.58,1.274,-0.1032,1.34,-0.0172,6.78,0.072,23.9,normal,LOW
2026-10-03T00:00:00,7.38,1.25,-0.141,-0.2,-0.0235,6.86,0.04,23.1,normal,LOW
2026-10-03T00:10:00,7.45,1.26,0.0564,0.07,0.0094,6.89,0.02,23.6,normal,LOW
2026-10-03T00:20:00,8.12,1.312,0.3162,0.67,0.0527,6.95,0.06,23.1,normal,LOW
2026-10-03T00:30:00,6.87,1.295,-0.1044,-1.25,-0.0174,6.96,0.012,23.7,normal,LOW
2026-10-03T00:40:00,6.28,1.312,0.1014,-0.59,0.0169,6.94,0.054,23.0,normal,LOW
2026-10-03T00:50:00,5.18,1.336,0.144,-1.09,0.024,6.86,0.054,23.4,normal,LOW
2026-10-03T01:00:00,4.2,1.332,-0.0234,-0.99,-0.0039,6.68,0.015,23.5,normal,LOW
2026-10-03T01:10:00,3.18,1.304,-0.1686,-1.02,-0.0281,6.44,-0.042,22.5,normal,LOW
2026-10-03T01:20:00,4.57,1.309,0.03,1.39,0.005,6.24,-0.009,23.9,normal,LOW
2026-10-03T01:30:00,4.91,1.326,0.1062,0.34,0.0177,6.03,-0.011,23.3,normal,LOW
2026-10-03T01:40:00,4.57,1.324,-0.0156,-0.34,-0.0026,5.82,0.013,23.2,normal,LOW
2026-10-03T01:50:00,5.35,1.304,-0.12,0.78,-0.02,5.69,-0.016,22.9,normal,LOW
2026-10-03T02:00:00,6.92,1.317,0.0798,1.57,0.0133,5.7,-0.035,23.0,normal,LOW
2026-10-03T02:10:00,8.31,1.348,0.183,1.39,0.0305,5.9,0.025,23.1,normal,LOW
2026-10-03T02:20:00,7.55,1.365,0.1044,-0.76,0.0174,6.09,0.083,23.2,normal,LOW
2026-10-03T02:30:00,7.78,1.363,-0.0132,0.23,-0.0022,6.25,0.072,23.9,normal,LOW
2026-10-03T02:40:00,7.32,1.309,-0.3216,-0.45,-0.0536,6.31,0.035,23.6,normal,LOW
2026-10-03T02:50:00,8.75,1.292,-0.1026,1.43,-0.0171,6.37,0.042,22.9,normal,LOW
2026-10-03T03:00:00,8.1,1.27,-0.132,-0.65,-0.022,6.41,0.01,23.3,normal,LOW
2026-10-03T03:10:00,7.01,1.251,-0.1152,-1.09,-0.0192,6.39,-0.061,23.1,normal,LOW
2026-10-03T03:20:00,7.12,1.258,0.045,0.11,0.0075,6.33,-0.037,22.9,normal,LOW
2026-10-03T03:30:00,6.41,1.278,0.1182,-0.71,0.0197,6.31,-0.034,22.7,normal,LOW
2026-10-03T03:40:00,6.85,1.272,-0.0372,0.43,-0.0062,6.34,-0.064,23.1,normal,LOW
2026-10-03T03:50:00,6.36,1.228,-0.2628,-0.48,-0.0438,6.4,-0.104,22.8,normal,LOW
2026-10-03T04:00:00,6.31,1.246,0.1074,-0.05,0.0179,6.52,-0.058,22.2,normal,LOW
2026-10-03T04:10:00,7.9,1.261,0.09,1.59,0.015,6.78,-0.048,22.7,normal,LOW
2026-10-03T04:20:00,9.39,1.279,0.1092,1.49,0.0182,7.05,-0.047,22.6,normal,LOW
2026-10-03T04:30:00,6.9,1.319,0.2388,-2.49,0.0398,7.16,-0.005,22.7,normal,LOW
2026-10-03T04:40:00,6.12,1.338,0.1146,-0.78,0.0191,7.25,0.034,22.7,normal,LOW
2026-10-03T04:50:00,5.39,1.341,0.0186,-0.73,0.0031,7.25,0.024,22.6,normal,LOW
2026-10-03T05:00:00,6.18,1.362,0.1224,0.8,0.0204,7.21,0.014,22.3,normal,LOW
2026-10-03T05:10:00,4.78,1.353,-0.0546,-1.41,-0.0091,7.01,-0.013,22.2,normal,LOW
2026-10-03T05:20:00,5.87,1.376,0.1428,1.09,0.0238,6.92,0.013,22.7,normal,LOW
2026-10-03T05:30:00,6.44,1.378,0.0072,0.57,0.0012,6.84,0.068,22.4,normal,LOW
2026-10-03T05:40:00,5.69,1.39,0.0762,-0.74,0.0127,6.75,0.098,22.9,normal,LOW
2026-10-03T05:50:00,5.43,1.388,-0.0156,-0.26,-0.0026,6.57,0.117,22.0,normal,LOW
2026-10-03T06:00:00,5.65,1.374,-0.0798,0.22,-0.0133,6.43,0.123,22.3,normal,LOW
2026-10-03T06:10:00,5.99,1.397,0.1338,0.35,0.0223,6.38,0.138,22.3,normal,LOW
2026-10-03T06:20:00,7.2,1.401,0.0252,1.21,0.0042,6.38,0.123,22.3,normal,LOW
2026-10-03T06:30:00,7.33,1.387,-0.0858,0.13,-0.0143,6.43,0.115,22.2,normal,LOW
2026-10-03T06:40:00,6.3,1.4,0.0792,-1.03,0.0132,6.4,0.172,22.5,normal,LOW
2026-10-03T06:50:00,7.56,1.373,-0.1626,1.26,-0.0271,6.47,0.127,21.7,normal,LOW
2026-10-03T07:00:00,8.87,1.373,0.0042,1.31,0.0007,6.61,0.112,22.0,normal,LOW
2026-10-03T07:10:00,9.32,1.368,-0.0336,0.46,-0.0056,6.69,0.089,21.4,normal,LOW
2026-10-03T07:20:00,8.26,1.334,-0.2052,-1.06,-0.0342,6.63,0.015,21.9,normal,LOW
2026-10-03T07:30:00,9.76,1.368,0.2064,1.5,0.0344,6.78,0.03,22.1,normal,LOW
2026-10-03T07:40:00,8.41,1.366,-0.0108,-1.35,-0.0018,6.91,0.025,21.6,normal,LOW
2026-10-03T07:50:00,8.58,1.346,-0.123,0.17,-0.0205,7.09,-0.016,21.5,normal,LOW
2026-10-03T08:00:00,7.93,1.359,0.0816,-0.65,0.0136,7.19,0.007,21.9,normal,LOW
2026-10-03T08:10:00,8.14,1.364,0.0258,0.21,0.0043,7.37,-0.013,22.3,normal,LOW
2026-10-03T08:20:00,6.77,1.365,0.006,-1.36,0.001,7.42,-0.013,21.8,normal,LOW
2026-10-03T08:30:00,5.52,1.372,0.0468,-1.25,0.0078,7.37,-0.018,22.1,normal,LOW
2026-10-03T08:40:00,5.84,1.332,-0.2412,0.32,-0.0402,7.38,-0.055,21.5,normal,LOW
2026-10-03T08:50:00,6.84,1.354,0.1326,1.0,0.0221,7.46,-0.02,22.0,normal,LOW
2026-10-03T09:00:00,7.33,1.319,-0.2142,0.49,-0.0357,7.55,-0.078,21.7,normal,LOW
2026-10-03T09:10:00,5.99,1.319,0.0036,-1.35,0.0006,7.55,-0.082,21.3,normal,LOW
2026-10-03T09:20:00,5.09,1.308,-0.0684,-0.9,-0.0114,7.44,-0.079,21.3,normal,LOW
2026-10-03T09:30:00,4.65,1.291,-0.1008,-0.43,-0.0168,7.29,-0.109,21.7,normal,LOW
2026-10-03T09:40:00,3.3,1.283,-0.0486,-1.36,-0.0081,7.12,-0.09,21.3,normal,LOW
2026-10-03T09:50:00,3.44,1.258,-0.147,0.14,-0.0245,6.89,-0.115,21.0,normal,LOW
2026-10-03T10:00:00,4.33,1.239,-0.1158,0.89,-0.0193,6.64,-0.129,21.0,normal,LOW
2026-10-03T10:10:00,2.81,1.192,-0.2826,-1.52,-0.0471,6.28,-0.142,20.6,normal,LOW
2026-10-03T10:20:00,5.35,1.173,-0.1134,2.54,-0.0189,6.12,-0.195,21.2,normal,LOW
2026-10-03T10:30:00,4.71,1.194,0.1272,-0.64,0.0212,5.84,-0.172,20.8,normal,LOW
2026-10-03T10:40:00,4.33,1.241,0.282,-0.39,0.047,5.61,-0.104,21.3,normal,LOW
2026-10-03T10:50:00,4.07,1.223,-0.1086,-0.26,-0.0181,5.36,-0.136,21.2,normal,LOW
2026-10-03T11:00:00,3.87,1.22,-0.0162,-0.2,-0.0027,5.13,-0.143,20.9,normal,LOW
2026-10-03T11:10:00,6.02,1.228,0.042,2.15,0.007,5.01,-0.137,21.0,normal,LOW
2026-10-03T11:20:00,5.21,1.246,0.1098,-0.81,0.0183,4.93,-0.127,21.2,normal,LOW
2026-10-03T11:30:00,7.26,1.26,0.0876,2.05,0.0146,5.02,-0.072,20.7,normal,LOW
2026-10-03T11:40:00,6.85,1.254,-0.0378,-0.41,-0.0063,5.08,-0.1,21.4,normal,LOW
2026-10-03T11:50:00,6.45,1.272,0.1104,-0.4,0.0184,5.06,-0.046,20.7,normal,LOW
2026-10-03T12:00:00,5.89,1.298,0.1542,-0.56,0.0257,4.98,-0.021,20.8,normal,LOW
2026-10-03T12:10:00,6.88,1.289,-0.0564,1.0,-0.0094,5.03,-0.019,20.8,normal,LOW
2026-10-03T12:20:00,5.84,1.311,0.1332,-1.05,0.0222,5.07,0.02,21.4,normal,LOW
2026-10-03T12:30:00,6.67,1.351,0.2382,0.83,0.0397,5.18,0.068,20.8,normal,LOW
2026-10-03T12:40:00,7.86,1.339,-0.0678,1.19,-0.0113,5.44,0.081,21.0,normal,LOW
2026-10-03T12:50:00,7.55,1.347,0.0492,-0.31,0.0082,5.66,0.108,20.6,normal,LOW
2026-10-03T13:00:00,6.62,1.328,-0.1146,-0.93,-0.0191,5.79,0.136,20.5,normal,LOW
2026-10-03T13:10:00,5.95,1.34,0.0678,-0.66,0.0113,5.97,0.167,21.2,normal,LOW
2026-10-03T13:20:00,7.76,1.315,-0.1506,1.81,-0.0251,6.1,0.12,20.5,normal,LOW
2026-10-03T13:30:00,8.55,1.344,0.1746,0.79,0.0291,6.31,0.102,20.5,normal,LOW
2026-10-03T13:40:00,6.91,1.326,-0.1086,-1.64,-0.0181,6.46,0.102,20.3,normal,LOW
2026-10-03T13:50:00,7.04,1.333,0.0426,0.14,0.0071,6.62,0.112,20.7,normal,LOW
2026-10-03T14:00:00,6.0,1.327,-0.036,-1.05,-0.006,6.74,0.099,20.4,normal,LOW
2026-10-03T14:10:00,6.41,1.287,-0.2388,0.42,-0.0398,6.76,0.041,20.5,normal,LOW
2026-10-03T14:20:00,5.33,1.261,-0.1578,-1.08,-0.0263,6.77,0.0,19.8,normal,LOW
2026-10-03T14:30:00,4.36,1.251,-0.0588,-0.97,-0.0098,6.61,-0.003,20.4,normal,LOW
2026-10-03T14:40:00,3.3,1.223,-0.165,-1.07,-0.0275,6.41,-0.049,20.3,normal,LOW
2026-10-03T14:50:00,4.56,1.242,0.111,1.26,0.0185,6.31,-0.056,20.7,normal,LOW
2026-10-03T15:00:00,4.89,1.25,0.048,0.33,0.008,6.25,-0.039,20.5,normal,LOW
2026-10-03T15:10:00,6.09,1.254,0.024,1.2,0.004,6.21,-0.057,20.5,normal,LOW
2026-10-03T15:20:00,5.69,1.237,-0.1026,-0.4,-0.0171,6.2,-0.114,20.2,normal,LOW
2026-10-03T15:30:00,6.79,1.213,-0.144,1.1,-0.024,6.2,-0.127,20.2,normal,LOW
2026-10-03T15:40:00,6.75,1.231,0.1092,-0.04,0.0182,6.14,-0.117,20.5,normal,LOW
2026-10-03T15:50:00,6.05,1.264,0.2004,-0.7,0.0334,6.06,-0.064,20.2,normal,LOW
2026-10-03T16:00:00,6.53,1.271,0.042,0.49,0.007,6.05,-0.068,20.4,normal,LOW
2026-10-03T16:10:00,6.23,1.248,-0.1374,-0.31,-0.0229,6.07,-0.066,20.5,normal,LOW
2026-10-03T16:20:00,6.9,1.247,-0.0054,0.67,-0.0009,6.02,-0.096,20.5,normal,LOW
2026-10-03T16:30:00,7.88,1.266,0.1128,0.98,0.0188,5.98,-0.059,19.4,normal,LOW
2026-10-03T16:40:00,7.74,1.296,0.1812,-0.14,0.0302,6.03,-0.036,19.7,normal,LOW
2026-10-03T16:50:00,7.0,1.339,0.2556,-0.74,0.0426,6.03,0.012,19.7,normal,LOW
2026-10-03T17:00:00,6.54,1.34,0.0072,-0.46,0.0012,6.06,0.053,20.0,normal,LOW
2026-10-03T17:10:00,6.0,1.344,0.0222,-0.54,0.0037,6.03,0.083,19.6,normal,LOW
2026-10-03T17:20:00,7.23,1.353,0.0552,1.23,0.0092,6.14,0.102,20.7,normal,LOW
2026-10-03T17:30:00,7.81,1.338,-0.093,0.58,-0.0155,6.33,0.114,20.0,normal,LOW
2026-10-03T17:40:00,9.08,1.335,-0.0132,1.26,-0.0022,6.65,0.094,19.9,normal,LOW
2026-10-03T17:50:00,7.79,1.35,0.0876,-1.29,0.0146,6.83,0.1,20.1,normal,LOW
2026-10-03T18:00:00,7.7,1.373,0.1362,-0.1,0.0227,6.99,0.119,20.1,normal,LOW
2026-10-03T18:10:00,6.73,1.378,0.0342,-0.96,0.0057,7.02,0.142,20.5,normal,LOW
2026-10-03T18:20:00,6.79,1.356,-0.135,0.05,-0.0225,7.08,0.143,19.5,normal,LOW
2026-10-03T18:30:00,7.01,1.334,-0.132,0.23,-0.022,7.1,0.103,20.2,normal,LOW
2026-10-03T18:40:00,7.79,1.345,0.0648,0.78,0.0108,7.16,0.08,19.8,normal,LOW
2026-10-03T18:50:00,8.16,1.368,0.1422,0.36,0.0237,7.27,0.097,19.9,normal,LOW
2026-10-03T19:00:00,6.44,1.364,-0.027,-1.71,-0.0045,7.27,0.115,20.3,normal,LOW
2026-10-03T19:10:00,8.5,1.327,-0.219,2.05,-0.0365,7.39,0.08,20.3,normal,LOW
2026-10-03T19:20:00,7.65,1.319,-0.0486,-0.84,-0.0081,7.44,0.053,20.0,normal,LOW
2026-10-03T19:30:00,7.89,1.291,-0.171,0.23,-0.0285,7.44,-0.006,20.5,normal,LOW
2026-10-03T19:40:00,10.02,1.297,0.0354,2.13,0.0059,7.56,-0.042,20.1,normal,LOW
2026-10-03T19:50:00,8.06,1.282,-0.0882,-1.95,-0.0147,7.62,-0.058,19.9,normal,LOW
2026-10-03T20:00:00,8.24,1.256,-0.1524,0.17,-0.0254,7.72,-0.087,20.1,normal,LOW
2026-10-03T20:10:00,7.59,1.273,0.099,-0.65,0.0165,7.8,-0.08,20.1,normal,LOW
2026-10-03T20:20:00,7.37,1.298,0.15,-0.22,0.025,7.81,-0.04,20.3,normal,LOW
2026-10-03T20:30:00,7.91,1.29,-0.0462,0.54,-0.0077,7.82,-0.045,20.2,normal,LOW
2026-10-03T20:40:00,7.17,1.27,-0.12,-0.73,-0.02,7.71,-0.08,20.1,normal,LOW
2026-10-03T20:50:00,7.34,1.292,0.132,0.17,0.022,7.69,-0.08,20.1,normal,LOW
2026-10-03T21:00:00,7.67,1.348,0.3318,0.33,0.0553,7.69,-0.031,19.7,normal,LOW
2026-10-03T21:10:00,8.28,1.329,-0.1104,0.61,-0.0184,7.77,-0.027,20.2,normal,LOW
2026-10-03T21:20:00,7.6,1.343,0.0804,-0.68,0.0134,7.82,0.009,19.9,normal,LOW
2026-10-03T21:30:00,7.68,1.358,0.093,0.08,0.0155,7.85,0.013,20.1,normal,LOW
2026-10-03T21:40:00,6.76,1.376,0.1092,-0.92,0.0182,7.8,0.008,20.1,normal,LOW
2026-10-03T21:50:00,7.0,1.358,-0.1122,0.24,-0.0187,7.73,-0.006,20.0,normal,LOW
2026-10-03T22:00:00,5.75,1.368,0.0648,-1.25,0.0108,7.69,0.041,19.8,normal,LOW
2026-10-03T22:10:00,6.45,1.371,0.0144,0.7,0.0024,7.58,0.052,20.2,normal,LOW
2026-10-03T22:20:00,6.29,1.341,-0.1776,-0.16,-0.0296,7.5,0.05,19.9,normal,LOW
2026-10-03T22:30:00,7.36,1.36,0.1134,1.07,0.0189,7.48,0.063,19.5,normal,LOW
2026-10-03T22:40:00,7.82,1.36,-0.0018,0.46,-0.0003,7.35,0.078,19.9,normal,LOW
2026-10-03T22:50:00,9.08,1.391,0.186,1.26,0.031,7.41,0.134,20.0,normal,LOW
2026-10-03T23:00:00,8.7,1.388,-0.0168,-0.38,-0.0028,7.44,0.115,19.9,normal,LOW
2026-10-03T23:10:00,6.67,1.381,-0.042,-2.03,-0.007,7.38,0.083,20.6,normal,LOW
2026-10-03T23:20:00,4.65,1.377,-0.0264,-2.02,-0.0044,7.23,0.086,19.9,normal,LOW
2026-10-03T23:30:00,4.38,1.325,-0.312,-0.27,-0.052,7.04,0.054,19.9,normal,LOW
2026-10-03T23:40:00,4.41,1.309,-0.0924,0.03,-0.0154,6.88,0.017,19.4,normal,LOW
2026-10-03T23:50:00,3.7,1.279,-0.18,-0.7,-0.03,6.68,-0.068,20.3,normal,LOW
2026-10-04T00:00:00,2.9,1.306,0.1626,-0.8,0.0271,6.42,-0.023,20.2,normal,LOW
2026-10-04T00:10:00,4.15,1.277,-0.174,1.25,-0.029,6.19,-0.065,20.1,normal,LOW
2026-10-04T00:20:00,3.23,1.268,-0.0558,-0.93,-0.0093,5.94,-0.09,20.3,normal,LOW
2026-10-04T00:30:00,5.11,1.248,-0.117,1.89,-0.0195,5.8,-0.128,19.7,normal,LOW
2026-10-04T00:40:00,7.08,1.23,-0.1104,1.97,-0.0184,5.82,-0.127,20.0,normal,LOW
2026-10-04T00:50:00,7.31,1.236,0.0342,0.22,0.0057,5.84,-0.133,20.5,normal,LOW
2026-10-04T01:00:00,6.29,1.272,0.2154,-1.01,0.0359,5.87,-0.099,20.5,normal,LOW
2026-10-04T01:10:00,5.88,1.258,-0.0846,-0.41,-0.0141,5.84,-0.084,19.9,normal,LOW
2026-10-04T01:20:00,5.59,1.25,-0.0474,-0.3,-0.0079,5.8,-0.11,20.2,normal,LOW
2026-10-04T01:30:00,5.92,1.29,0.2394,0.33,0.0399,5.72,-0.07,20.3,normal,LOW
2026-10-04T01:40:00,7.06,1.299,0.0582,1.14,0.0097,5.67,-0.091,20.0,normal,LOW
2026-10-04T01:50:00,7.73,1.283,-0.099,0.68,-0.0165,5.6,-0.105,20.5,normal,LOW
2026-10-04T02:00:00,7.47,1.276,-0.0408,-0.26,-0.0068,5.53,-0.105,20.2,normal,LOW
2026-10-04T02:10:00,7.96,1.261,-0.0888,0.49,-0.0148,5.6,-0.115,20.6,normal,LOW
2026-10-04T02:20:00,25.22,1.8,3.2328,17.27,0.5388,6.74,0.475,19.3,heavy_rain,LOW
2026-10-04T02:30:00,35.44,1.822,0.1302,10.21,0.0217,8.47,0.513,19.1,heavy_rain,LOW
2026-10-04T02:40:00,45.49,1.835,0.0804,10.05,0.0134,10.75,0.556,19.9,heavy_rain,MEDIUM
2026-10-04T02:50:00,54.63,1.842,0.042,9.15,0.007,13.58,0.536,19.8,heavy_rain,LOW
2026-10-04T03:00:00,57.45,1.848,0.0366,2.81,0.0061,16.61,0.571,19.8,heavy_rain,LOW
2026-10-04T03:10:00,57.99,1.856,0.0462,0.54,0.0077,19.6,0.588,19.9,heavy_rain,LOW
2026-10-04T03:20:00,54.3,1.883,0.1626,-3.69,0.0271,22.44,0.635,19.7,heavy_rain,MEDIUM
2026-10-04T03:30:00,55.73,1.897,0.0858,1.43,0.0143,25.25,0.667,19.2,heavy_rain,MEDIUM
2026-10-04T03:40:00,54.06,1.919,0.132,-1.68,0.022,27.86,0.684,19.9,heavy_rain,MEDIUM
2026-10-04T03:50:00,53.1,1.945,0.1512,-0.95,0.0252,30.41,0.673,19.2,heavy_rain,MEDIUM
2026-10-04T04:00:00,54.23,1.966,0.1272,1.13,0.0212,33.07,0.708,19.5,heavy_rain,MEDIUM
2026-10-04T04:10:00,55.04,2.004,0.2286,0.81,0.0381,35.8,0.754,19.7,heavy_rain,MEDIUM
2026-10-04T04:20:00,56.27,2.043,0.2328,1.23,0.0388,38.62,0.753,19.5,heavy_rain,MEDIUM
2026-10-04T04:30:00,53.67,2.067,0.147,-2.6,0.0245,41.27,0.768,19.3,heavy_rain,MEDIUM
2026-10-04T04:40:00,55.06,2.109,0.252,1.39,0.042,43.94,0.826,20.0,heavy_rain,MEDIUM
2026-10-04T04:50:00,49.68,2.126,0.1032,-5.38,0.0172,46.27,0.85,19.8,heavy_rain,MEDIUM
2026-10-04T05:00:00,56.46,2.165,0.2334,6.77,0.0389,48.99,0.904,19.7,heavy_rain,MEDIUM
2026-10-04T05:10:00,63.74,2.197,0.189,7.28,0.0315,52.09,0.397,20.0,heavy_rain,MEDIUM
2026-10-04T05:20:00,67.44,2.209,0.0714,3.7,0.0119,54.43,0.387,19.7,heavy_rain,MEDIUM
2026-10-04T05:30:00,68.4,2.236,0.162,0.96,0.027,56.26,0.401,19.7,heavy_rain,MEDIUM
2026-10-04T05:40:00,68.23,2.258,0.1332,-0.17,0.0222,57.53,0.416,19.8,heavy_rain,MEDIUM
2026-10-04T05:50:00,59.16,2.3,0.2526,-9.07,0.0421,57.78,0.452,19.5,heavy_rain,MEDIUM
2026-10-04T06:00:00,55.25,2.361,0.3636,-3.91,0.0606,57.66,0.505,19.5,heavy_rain,HIGH
2026-10-04T06:10:00,47.21,2.393,0.1944,-8.04,0.0324,57.06,0.51,19.6,heavy_rain,MEDIUM
2026-10-04T06:20:00,44.68,2.425,0.1938,-2.53,0.0323,56.52,0.528,20.2,heavy_rain,MEDIUM
2026-10-04T06:30:00,53.19,2.453,0.165,8.51,0.0275,56.38,0.533,19.7,heavy_rain,MEDIUM
2026-10-04T06:40:00,49.23,2.474,0.1266,-3.95,0.0211,56.11,0.529,19.8,heavy_rain,MEDIUM
2026-10-04T06:50:00,49.82,2.495,0.129,0.58,0.0215,55.93,0.53,19.0,heavy_rain,MEDIUM
2026-10-04T07:00:00,53.65,2.519,0.1392,3.83,0.0232,55.9,0.515,19.7,heavy_rain,MEDIUM
2026-10-04T07:10:00,51.38,2.54,0.1266,-2.27,0.0211,55.7,0.497,19.1,heavy_rain,MEDIUM
2026-10-04T07:20:00,52.18,2.549,0.0546,0.81,0.0091,55.47,0.482,19.8,heavy_rain,MEDIUM
2026-10-04T07:30:00,56.04,2.577,0.1698,3.86,0.0283,55.6,0.468,19.4,heavy_rain,MEDIUM
2026-10-04T07:40:00,60.73,2.593,0.0972,4.69,0.0162,55.92,0.467,19.3,heavy_rain,MEDIUM
2026-10-04T07:50:00,58.55,2.601,0.0468,-2.18,0.0078,56.41,0.436,19.5,heavy_rain,MEDIUM
2026-10-04T08:00:00,54.98,2.609,0.0492,-3.57,0.0082,56.33,0.413,19.6,heavy_rain,MEDIUM
2026-10-04T08:10:00,58.66,2.63,0.126,3.67,0.021,56.04,0.422,19.1,heavy_rain,MEDIUM
2026-10-04T08:20:00,59.12,2.651,0.1242,0.47,0.0207,55.58,0.415,19.9,heavy_rain,MEDIUM
2026-10-04T08:30:00,58.99,2.668,0.1026,-0.13,0.0171,55.06,0.41,19.4,heavy_rain,MEDIUM
2026-10-04T08:40:00,60.65,2.695,0.162,1.66,0.027,54.64,0.395,19.4,heavy_rain,MEDIUM
2026-10-04T08:50:00,60.67,2.718,0.1368,0.01,0.0228,54.72,0.357,20.0,heavy_rain,MEDIUM
2026-10-04T09:00:00,63.11,2.735,0.0996,2.45,0.0166,55.16,0.342,20.1,heavy_rain,MEDIUM
2026-10-04T09:10:00,61.06,2.768,0.2004,-2.05,0.0334,55.93,0.343,19.1,heavy_rain,MEDIUM
2026-10-04T09:20:00,58.02,2.797,0.1764,-3.04,0.0294,56.67,0.345,19.6,heavy_rain,MEDIUM
2026-10-04T09:30:00,62.04,2.822,0.1458,4.02,0.0243,57.16,0.348,18.6,heavy_rain,MEDIUM
2026-10-04T09:40:00,50.72,2.832,0.0618,-11.32,0.0103,57.24,0.337,19.7,heavy_rain,MEDIUM
2026-10-04T09:50:00,45.68,2.865,0.1962,-5.04,0.0327,57.01,0.346,19.4,heavy_rain,MEDIUM
2026-10-04T10:00:00,47.9,2.892,0.165,2.22,0.0275,56.69,0.352,19.9,heavy_rain,MEDIUM
2026-10-04T10:10:00,56.4,2.924,0.1938,8.51,0.0323,56.97,0.376,19.7,heavy_rain,MEDIUM
2026-10-04T10:20:00,53.16,2.958,0.204,-3.24,0.034,57.03,0.381,19.7,heavy_rain,MEDIUM
2026-10-04T10:30:00,59.77,2.988,0.1782,6.61,0.0297,57.23,0.395,19.1,heavy_rain,MEDIUM
2026-10-04T10:40:00,58.77,2.992,0.0246,-1.01,0.0041,57.13,0.391,18.9,heavy_rain,MEDIUM
2026-10-04T10:50:00,60.31,3.015,0.1338,1.54,0.0223,57.22,0.405,19.9,heavy_rain,MEDIUM
2026-10-04T11:00:00,61.16,3.04,0.1518,0.85,0.0253,57.57,0.409,19.6,heavy_rain,MEDIUM
2026-10-04T11:10:00,58.99,3.066,0.1578,-2.17,0.0263,57.58,0.415,19.4,heavy_rain,MEDIUM
2026-10-04T11:20:00,52.1,3.08,0.0834,-6.89,0.0139,57.19,0.412,19.9,heavy_rain,MEDIUM
2026-10-04T11:30:00,53.26,3.111,0.1842,1.16,0.0307,56.88,0.415,20.0,heavy_rain,MEDIUM
2026-10-04T11:40:00,50.22,3.131,0.123,-3.04,0.0205,56.3,0.413,18.9,heavy_rain,MEDIUM
2026-10-04T11:50:00,50.36,3.162,0.1854,0.14,0.0309,55.72,0.427,19.7,heavy_rain,MEDIUM
2026-10-04T12:00:00,51.04,3.189,0.162,0.68,0.027,55.05,0.421,20.6,heavy_rain,MEDIUM
2026-10-04T12:10:00,47.47,3.21,0.1236,-3.57,0.0206,54.3,0.412,19.7,heavy_rain,MEDIUM
2026-10-04T12:20:00,47.3,3.234,0.1446,-0.17,0.0241,53.7,0.412,19.3,heavy_rain,MEDIUM
2026-10-04T12:30:00,55.15,3.257,0.1356,7.84,0.0226,53.32,0.425,19.6,heavy_rain,MEDIUM
2026-10-04T12:40:00,60.67,3.289,0.1974,5.52,0.0329,53.87,0.425,18.9,heavy_rain,MEDIUM
2026-10-04T12:50:00,63.71,3.324,0.207,3.04,0.0345,54.87,0.432,19.8,heavy_rain,MEDIUM
2026-10-04T13:00:00,55.05,3.336,0.0744,-8.66,0.0124,55.27,0.412,19.8,heavy_rain,MEDIUM
2026-10-04T13:10:00,55.59,3.363,0.1572,0.54,0.0262,55.23,0.404,19.6,heavy_rain,MEDIUM
2026-10-04T13:20:00,54.42,3.367,0.024,-1.16,0.004,55.3,0.378,19.3,heavy_rain,MEDIUM
2026-10-04T13:30:00,57.05,3.389,0.135,2.62,0.0225,55.15,0.397,19.7,heavy_rain,MEDIUM
2026-10-04T13:40:00,59.38,3.4,0.0654,2.33,0.0109,55.18,0.385,19.6,heavy_rain,MEDIUM
2026-10-04T13:50:00,53.01,3.4,0.0,-6.37,0.0,54.77,0.36,19.6,heavy_rain,MEDIUM
2026-10-04T14:00:00,48.27,3.4,0.0,-4.75,0.0,54.06,0.334,19.7,heavy_rain,MEDIUM
2026-10-04T14:10:00,50.17,3.4,0.0,1.9,0.0,53.57,0.32,19.0,heavy_rain,MEDIUM
2026-10-04T14:20:00,47.41,3.4,0.0,-2.76,0.0,53.31,0.289,20.3,heavy_rain,MEDIUM
2026-10-04T14:30:00,50.8,3.4,0.0,3.4,0.0,53.17,0.269,19.5,heavy_rain,MEDIUM
2026-10-04T14:40:00,55.78,3.4,0.0,4.97,0.0,53.48,0.238,19.7,heavy_rain,MEDIUM
2026-10-04T14:50:00,53.46,3.4,0.0,-2.32,0.0,53.65,0.211,19.6,heavy_rain,MEDIUM
2026-10-04T15:00:00,58.83,3.4,0.0,5.38,0.0,54.08,0.19,19.9,heavy_rain,MEDIUM
2026-10-04T15:10:00,60.63,3.4,0.0,1.8,0.0,54.82,0.166,19.6,heavy_rain,MEDIUM
2026-10-04T15:20:00,66.2,3.4,0.0,5.57,0.0,55.87,0.143,19.6,heavy_rain,MEDIUM
2026-10-04T15:30:00,63.34,3.4,0.0,-2.86,0.0,56.32,0.111,19.8,heavy_rain,MEDIUM
2026-10-04T15:40:00,66.03,3.4,0.0,2.69,0.0,56.62,0.076,18.9,heavy_rain,MEDIUM
2026-10-04T15:50:00,63.08,3.4,0.0,-2.94,0.0,56.58,0.064,19.1,heavy_rain,MEDIUM
2026-10-04T16:00:00,60.13,3.4,0.0,-2.96,0.0,56.87,0.037,19.5,heavy_rain,MEDIUM
2026-10-04T16:10:00,61.23,3.4,0.0,1.1,0.0,57.18,0.033,19.6,heavy_rain,MEDIUM
2026-10-04T16:20:00,60.99,3.4,0.0,-0.25,0.0,57.54,0.011,19.3,heavy_rain,MEDIUM
2026-10-04T16:30:00,62.77,3.4,0.0,1.79,0.0,57.86,0.0,19.4,heavy_rain,MEDIUM
2026-10-04T16:40:00,62.82,3.4,0.0,0.05,0.0,58.05,0.0,19.1,heavy_rain,MEDIUM
2026-10-04T16:50:00,58.53,3.4,0.0,-4.29,0.0,58.36,0.0,19.5,heavy_rain,MEDIUM
2026-10-04T17:00:00,60.38,3.4,0.0,1.84,0.0,59.03,0.0,19.1,heavy_rain,MEDIUM
2026-10-04T17:10:00,60.65,3.4,0.0,0.27,0.0,59.61,0.0,19.6,heavy_rain,MEDIUM
2026-10-04T17:20:00,65.43,3.4,0.0,4.79,0.0,60.62,0.0,20.4,heavy_rain,MEDIUM
2026-10-04T17:30:00,65.25,3.4,0.0,-0.19,0.0,61.42,0.0,19.5,heavy_rain,MEDIUM
2026-10-04T17:40:00,57.81,3.4,0.0,-7.43,0.0,61.53,0.0,18.7,heavy_rain,MEDIUM
2026-10-04T17:50:00,54.64,3.4,0.0,-3.17,0.0,61.6,0.0,19.9,heavy_rain,MEDIUM
2026-10-04T18:00:00,54.37,3.4,0.0,-0.28,0.0,61.35,0.0,19.7,heavy_rain,MEDIUM
2026-10-04T18:10:00,52.9,3.4,0.0,-1.47,0.0,60.92,0.0,18.5,heavy_rain,MEDIUM
2026-10-04T18:20:00,51.07,3.4,0.0,-1.83,0.0,60.08,0.0,19.9,heavy_rain,MEDIUM
2026-10-04T18:30:00,56.84,3.4,0.0,5.77,0.0,59.72,0.0,18.9,heavy_rain,MEDIUM
2026-10-04T18:40:00,57.62,3.4,0.0,0.78,0.0,59.25,0.0,19.6,heavy_rain,MEDIUM
2026-10-04T18:50:00,53.2,3.4,0.0,-4.42,0.0,58.7,0.0,20.3,heavy_rain,MEDIUM
2026-10-04T19:00:00,53.18,3.4,0.0,-0.01,0.0,58.32,0.0,19.0,heavy_rain,MEDIUM
2026-10-04T19:10:00,55.35,3.4,0.0,2.17,0.0,57.99,0.0,19.1,heavy_rain,MEDIUM
2026-10-04T19:20:00,50.21,3.4,0.0,-5.14,0.0,57.39,0.0,18.8,heavy_rain,MEDIUM
2026-10-04T19:30:00,48.91,3.4,0.0,-1.31,0.0,56.62,0.0,19.7,heavy_rain,MEDIUM
2026-10-04T19:40:00,51.96,3.4,0.0,3.06,0.0,56.02,0.0,19.1,heavy_rain,MEDIUM
2026-10-04T19:50:00,59.37,3.4,0.0,7.4,0.0,56.06,0.0,19.9,heavy_rain,MEDIUM
2026-10-04T20:00:00,56.14,3.4,0.0,-3.22,0.0,55.83,0.0,19.6,heavy_rain,MEDIUM
2026-10-04T20:10:00,54.65,3.4,-0.0006,-1.5,-0.0001,55.49,-0.0,19.5,heavy_rain,MEDIUM
2026-10-04T20:20:00,52.06,3.4,0.0006,-2.59,0.0001,54.75,0.0,20.6,heavy_rain,MEDIUM
2026-10-04T20:30:00,57.42,3.4,0.0,5.36,0.0,54.32,0.0,19.6,heavy_rain,MEDIUM
2026-10-04T20:40:00,55.73,3.4,0.0,-1.69,0.0,54.2,0.0,19.4,heavy_rain,MEDIUM
2026-10-04T20:50:00,56.52,3.4,0.0,0.79,0.0,54.31,0.0,19.8,heavy_rain,MEDIUM
2026-10-04T21:00:00,55.61,3.4,0.0,-0.92,0.0,54.38,0.0,19.6,heavy_rain,MEDIUM
2026-10-04T21:10:00,58.23,3.4,0.0,2.62,0.0,54.67,0.0,19.6,heavy_rain,MEDIUM
2026-10-04T21:20:00,53.22,3.4,0.0,-5.02,0.0,54.79,0.0,20.3,heavy_rain,MEDIUM
2026-10-04T21:30:00,61.37,3.4,0.0,8.16,0.0,55.04,0.0,19.3,heavy_rain,MEDIUM
2026-10-04T21:40:00,62.37,3.4,0.0,1.0,0.0,55.31,0.0,19.5,heavy_rain,MEDIUM
2026-10-04T21:50:00,63.47,3.4,0.0,1.1,0.0,55.88,0.0,20.4,heavy_rain,MEDIUM
2026-10-04T22:00:00,62.49,3.4,0.0,-0.98,0.0,56.39,0.0,19.7,heavy_rain,MEDIUM
2026-10-04T22:10:00,60.54,3.4,0.0,-1.95,0.0,56.68,0.0,19.5,heavy_rain,MEDIUM
2026-10-04T22:20:00,57.74,3.4,0.0,-2.8,0.0,57.1,0.0,20.3,heavy_rain,MEDIUM
2026-10-04T22:30:00,57.05,3.4,0.0,-0.7,0.0,57.55,0.0,18.4,heavy_rain,MEDIUM
2026-10-04T22:40:00,55.05,3.4,0.0,-2.0,0.0,57.72,0.0,18.7,heavy_rain,MEDIUM
2026-10-04T22:50:00,50.86,3.4,0.0,-4.19,0.0,57.25,0.0,20.1,heavy_rain,MEDIUM
2026-10-04T23:00:00,49.04,3.4,0.0,-1.82,0.0,56.86,0.0,19.1,heavy_rain,MEDIUM
2026-10-04T23:10:00,50.15,3.4,0.0,1.11,0.0,56.61,0.0,19.8,heavy_rain,MEDIUM
2026-10-04T23:20:00,57.89,3.4,0.0,7.74,0.0,56.93,0.0,19.1,heavy_rain,MEDIUM
2026-10-04T23:30:00,57.55,3.4,0.0,-0.33,0.0,56.94,0.0,19.1,heavy_rain,MEDIUM
2026-10-04T23:40:00,62.17,3.4,0.0,4.62,0.0,57.3,0.0,20.0,heavy_rain,MEDIUM
2026-10-04T23:50:00,61.11,3.4,0.0,-1.06,0.0,57.55,0.0,19.6,heavy_rain,MEDIUM
2026-10-05T00:00:00,55.13,3.4,0.0,-5.98,0.0,57.52,0.0,18.7,heavy_rain,MEDIUM
2026-10-05T00:10:00,62.48,3.4,0.0,7.35,0.0,57.76,0.0,19.3,heavy_rain,MEDIUM
2026-10-05T00:20:00,65.14,3.4,0.0,2.66,0.0,58.42,0.0,20.4,heavy_rain,MEDIUM
2026-10-05T00:30:00,56.21,3.4,0.0,-8.93,0.0,58.14,0.0,18.4,heavy_rain,MEDIUM
2026-10-05T00:40:00,54.49,3.4,0.0,-1.72,0.0,57.7,0.0,19.7,heavy_rain,MEDIUM
2026-10-05T00:50:00,58.06,3.4,0.0,3.56,0.0,57.4,0.0,19.7,heavy_rain,MEDIUM
2026-10-05T01:00:00,56.2,3.4,0.0,-1.86,0.0,57.05,0.0,19.8,heavy_rain,MEDIUM
2026-10-05T01:10:00,52.65,3.4,0.0,-3.54,0.0,56.61,0.0,18.5,heavy_rain,MEDIUM
2026-10-05T01:20:00,54.58,3.4,0.0,1.92,0.0,56.43,0.0,19.5,heavy_rain,MEDIUM
2026-10-05T01:30:00,55.79,3.4,0.0,1.22,0.0,56.36,0.0,19.9,heavy_rain,MEDIUM
2026-10-05T01:40:00,56.05,3.4,0.0,0.26,0.0,56.42,0.0,19.1,heavy_rain,MEDIUM
2026-10-05T01:50:00,57.39,3.4,0.0,1.34,0.0,56.78,0.0,19.5,heavy_rain,MEDIUM
2026-10-05T02:00:00,55.8,3.4,0.0,-1.59,0.0,57.16,0.0,20.2,heavy_rain,MEDIUM
2026-10-05T02:10:00,51.31,3.4,0.0,-4.49,0.0,57.22,0.0,19.6,heavy_rain,MEDIUM
2026-10-05T02:20:00,51.9,3.4,0.0,0.59,0.0,56.89,0.0,19.9,heavy_rain,MEDIUM
2026-10-05T02:30:00,55.94,3.4,0.0,4.04,0.0,56.8,0.0,20.1,heavy_rain,MEDIUM
2026-10-05T02:40:00,57.55,3.4,0.0,1.61,0.0,56.54,0.0,19.5,heavy_rain,MEDIUM
2026-10-05T02:50:00,55.24,3.4,0.0,-2.31,0.0,56.22,0.0,19.4,heavy_rain,MEDIUM
2026-10-05T03:00:00,57.92,3.4,0.0,2.67,0.0,56.37,0.0,19.4,heavy_rain,MEDIUM
2026-10-05T03:10:00,55.35,3.4,0.0,-2.57,0.0,55.98,0.0,19.6,heavy_rain,MEDIUM
2026-10-05T03:20:00,49.74,3.4,0.0,-5.61,0.0,55.12,0.0,19.0,heavy_rain,MEDIUM
2026-10-05T03:30:00,57.81,3.4,0.0,8.06,0.0,55.21,0.0,19.7,heavy_rain,MEDIUM
2026-10-05T03:40:00,58.15,3.4,0.0,0.35,0.0,55.41,0.0,19.1,heavy_rain,MEDIUM
2026-10-05T03:50:00,52.93,3.4,0.0,-5.22,0.0,55.13,0.0,19.5,heavy_rain,MEDIUM
2026-10-05T04:00:00,58.13,3.4,0.0,5.19,0.0,55.24,0.0,19.7,heavy_rain,MEDIUM
2026-10-05T04:10:00,60.01,3.4,0.0,1.88,0.0,55.64,0.0,19.4,heavy_rain,MEDIUM
2026-10-05T04:20:00,60.02,3.4,0.0,0.01,0.0,55.95,0.0,18.4,heavy_rain,MEDIUM
2026-10-05T04:30:00,58.6,3.4,0.0,-1.42,0.0,56.1,0.0,19.4,heavy_rain,MEDIUM
2026-10-05T04:40:00,53.0,3.4,0.0,-5.59,0.0,55.93,0.0,18.9,heavy_rain,MEDIUM
2026-10-05T04:50:00,59.26,3.4,0.0,6.25,0.0,56.04,0.0,19.6,heavy_rain,MEDIUM
2026-10-05T05:00:00,63.32,3.4,0.0,4.06,0.0,56.45,0.0,19.1,heavy_rain,MEDIUM
2026-10-05T05:10:00,61.93,3.4,0.0,-1.39,0.0,57.04,0.0,19.2,heavy_rain,MEDIUM
2026-10-05T05:20:00,56.62,3.4,0.0,-5.31,0.0,57.31,0.0,19.2,heavy_rain,MEDIUM
2026-10-05T05:30:00,53.48,3.4,0.0,-3.14,0.0,57.17,0.0,19.7,heavy_rain,MEDIUM
2026-10-05T05:40:00,57.48,3.4,0.0,4.0,0.0,57.17,0.0,19.8,heavy_rain,MEDIUM
2026-10-05T05:50:00,56.57,3.4,0.0,-0.91,0.0,57.24,0.0,19.1,heavy_rain,MEDIUM
2026-10-05T06:00:00,52.0,3.4,0.0,-4.57,0.0,56.91,0.0,19.6,heavy_rain,MEDIUM
2026-10-05T06:10:00,50.95,3.4,0.0,-1.04,0.0,56.67,0.0,19.9,heavy_rain,MEDIUM
2026-10-05T06:20:00,55.97,3.4,0.0,5.02,0.0,57.01,0.0,19.4,heavy_rain,MEDIUM
2026-10-05T06:30:00,55.9,3.4,0.0,-0.07,0.0,56.91,0.0,19.6,heavy_rain,MEDIUM
2026-10-05T06:40:00,52.2,3.4,0.0,-3.7,0.0,56.58,0.0,19.3,heavy_rain,MEDIUM
2026-10-05T06:50:00,55.76,3.4,0.0,3.56,0.0,56.73,0.0,19.6,heavy_rain,MEDIUM
2026-10-05T07:00:00,55.5,3.4,0.0,-0.27,0.0,56.59,0.0,19.7,heavy_rain,MEDIUM
2026-10-05T07:10:00,52.38,3.4,0.0,-3.11,0.0,56.16,0.0,18.8,heavy_rain,MEDIUM
2026-10-05T07:20:00,55.73,3.4,0.0,3.34,0.0,55.93,0.0,19.9,heavy_rain,MEDIUM
2026-10-05T07:30:00,51.94,3.4,0.0,-3.79,0.0,55.56,0.0,20.1,heavy_rain,MEDIUM
2026-10-05T07:40:00,52.29,3.4,0.0,0.35,0.0,55.52,0.0,19.9,heavy_rain,MEDIUM
2026-10-05T07:50:00,58.27,3.4,0.0,5.98,0.0,55.46,0.0,18.5,heavy_rain,MEDIUM
2026-10-05T08:00:00,52.13,3.389,-0.069,-6.14,-0.0115,54.84,-0.011,19.8,heavy_rain,MEDIUM
2026-10-05T08:10:00,50.86,3.394,0.03,-1.27,0.005,54.22,-0.006,19.3,heavy_rain,MEDIUM
2026-10-05T08:20:00,57.98,3.4,0.039,7.12,0.0065,54.3,0.0,19.9,heavy_rain,MEDIUM
2026-10-05T08:30:00,51.79,3.4,0.0,-6.19,0.0,54.21,0.0,20.2,heavy_rain,MEDIUM
2026-10-05T08:40:00,53.49,3.4,0.0,1.7,0.0,53.98,0.0,19.6,heavy_rain,MEDIUM
2026-10-05T08:50:00,52.59,3.4,0.0,-0.9,0.0,53.76,0.0,19.7,heavy_rain,MEDIUM
2026-10-05T09:00:00,48.15,3.4,0.0,-4.44,0.0,53.55,0.0,18.9,heavy_rain,MEDIUM
2026-10-05T09:10:00,52.18,3.4,0.0,4.04,0.0,53.62,0.0,19.9,heavy_rain,MEDIUM
2026-10-05T09:20:00,54.32,3.4,0.0,2.13,0.0,53.52,0.0,19.2,heavy_rain,MEDIUM
2026-10-05T09:30:00,56.71,3.4,0.0,2.4,0.0,53.57,0.0,20.1,heavy_rain,MEDIUM
2026-10-05T09:40:00,63.48,3.4,0.0,6.77,0.0,54.2,0.0,18.8,heavy_rain,MEDIUM
2026-10-05T09:50:00,65.81,3.4,0.0,2.33,0.0,54.75,0.0,19.3,heavy_rain,MEDIUM
2026-10-05T10:00:00,66.66,3.4,0.0,0.86,0.0,55.37,0.0,19.5,heavy_rain,MEDIUM
2026-10-05T10:10:00,65.79,3.4,0.0,-0.87,0.0,56.12,0.0,19.4,heavy_rain,MEDIUM
2026-10-05T10:20:00,65.6,3.4,0.0,-0.19,0.0,56.67,0.0,19.8,heavy_rain,MEDIUM
2026-10-05T10:30:00,63.79,3.4,0.0,-1.81,0.0,57.33,0.0,19.8,heavy_rain,MEDIUM
2026-10-05T10:40:00,57.47,3.4,0.0,-6.32,0.0,57.61,0.0,19.6,heavy_rain,MEDIUM
2026-10-05T10:50:00,60.32,3.4,0.0,2.85,0.0,57.73,0.011,19.1,heavy_rain,MEDIUM
2026-10-05T11:00:00,63.21,3.4,0.0,2.89,0.0,58.34,0.006,19.4,heavy_rain,MEDIUM
2026-10-05T11:10:00,68.39,3.4,0.0,5.18,0.0,59.32,0.0,19.5,heavy_rain,MEDIUM
2026-10-05T11:20:00,68.57,3.4,0.0,0.18,0.0,59.91,0.0,19.7,heavy_rain,MEDIUM
2026-10-05T11:30:00,66.5,3.4,0.0,-2.07,0.0,60.72,0.0,19.5,heavy_rain,MEDIUM
2026-10-05T11:40:00,66.69,3.4,0.0,0.18,0.0,61.46,0.0,19.3,heavy_rain,MEDIUM
2026-10-05T11:50:00,72.33,3.4,0.0,5.65,0.0,62.55,0.0,19.4,heavy_rain,MEDIUM
2026-10-05T12:00:00,70.62,3.4,0.0,-1.71,0.0,63.8,0.0,19.5,heavy_rain,MEDIUM
2026-10-05T12:10:00,59.03,3.4,0.0,-11.59,0.0,64.18,0.0,19.2,heavy_rain,MEDIUM
2026-10-05T12:20:00,59.12,3.4,0.0,0.09,0.0,64.45,0.0,19.4,heavy_rain,MEDIUM
2026-10-05T12:30:00,60.33,3.4,0.0,1.22,0.0,64.65,0.0,19.9,heavy_rain,MEDIUM
2026-10-05T12:40:00,64.74,3.4,0.0,4.41,0.0,64.72,0.0,19.8,heavy_rain,MEDIUM
2026-10-05T12:50:00,61.57,3.4,0.0,-3.17,0.0,64.49,0.0,19.5,heavy_rain,MEDIUM
2026-10-05T13:00:00,59.65,3.4,0.0,-1.92,0.0,64.1,0.0,20.0,heavy_rain,MEDIUM
2026-10-05T13:10:00,53.04,3.397,-0.0174,-6.61,-0.0029,63.39,-0.003,20.0,heavy_rain,MEDIUM
2026-10-05T13:20:00,53.39,3.4,0.0174,0.35,0.0029,62.71,0.0,19.5,heavy_rain,MEDIUM
2026-10-05T13:30:00,55.66,3.4,0.0,2.26,0.0,62.26,0.0,19.4,heavy_rain,MEDIUM
2026-10-05T13:40:00,63.22,3.4,0.0,7.57,0.0,62.58,0.0,19.0,heavy_rain,MEDIUM
2026-10-05T13:50:00,68.49,3.4,0.0,5.27,0.0,63.03,0.0,19.5,heavy_rain,MEDIUM
2026-10-05T14:00:00,66.91,3.4,0.0,-1.58,0.0,63.24,0.0,19.3,heavy_rain,MEDIUM
2026-10-05T14:10:00,65.92,3.4,0.0,-1.0,0.0,63.1,0.0,19.1,heavy_rain,MEDIUM
2026-10-05T14:20:00,61.94,3.4,0.0,-3.98,0.0,62.73,0.0,19.5,heavy_rain,MEDIUM
2026-10-05T14:30:00,55.05,3.4,0.0,-6.89,0.0,62.09,0.0,19.0,heavy_rain,MEDIUM
2026-10-05T14:40:00,54.2,3.4,0.0,-0.85,0.0,61.4,0.0,19.5,heavy_rain,MEDIUM
2026-10-05T14:50:00,51.23,3.4,0.0,-2.97,0.0,60.23,0.0,19.7,heavy_rain,MEDIUM
2026-10-05T15:00:00,56.55,3.4,0.0,5.32,0.0,59.45,0.0,18.9,heavy_rain,MEDIUM
2026-10-05T15:10:00,56.98,3.4,0.0,0.43,0.0,59.33,0.0,20.6,heavy_rain,MEDIUM
2026-10-05T15:20:00,56.4,3.4,0.0,-0.58,0.0,59.18,0.0,19.6,heavy_rain,MEDIUM
2026-10-05T15:30:00,55.1,3.4,0.0,-1.31,0.0,58.89,0.0,19.0,heavy_rain,MEDIUM
2026-10-05T15:40:00,54.25,3.4,0.0,-0.84,0.0,58.31,0.0,19.7,heavy_rain,MEDIUM
2026-10-05T15:50:00,54.3,3.4,0.0,0.04,0.0,57.9,0.0,19.3,heavy_rain,MEDIUM
2026-10-05T16:00:00,52.22,3.4,0.0,-2.07,0.0,57.49,0.003,19.9,heavy_rain,MEDIUM
2026-10-05T16:10:00,53.18,3.4,0.0,0.96,0.0,57.5,0.0,19.8,heavy_rain,MEDIUM
2026-10-05T16:20:00,54.21,3.4,0.0,1.02,0.0,57.54,0.0,19.2,heavy_rain,MEDIUM
2026-10-05T16:30:00,55.89,3.4,0.0,1.69,0.0,57.56,0.0,19.4,heavy_rain,MEDIUM
2026-10-05T16:40:00,53.47,3.4,0.0,-2.42,0.0,57.02,0.0,19.9,heavy_rain,MEDIUM
2026-10-05T16:50:00,56.77,3.4,0.0,3.3,0.0,56.36,0.0,18.6,heavy_rain,MEDIUM
2026-10-05T17:00:00,60.12,3.4,0.0,3.35,0.0,55.99,0.0,19.3,heavy_rain,MEDIUM
2026-10-05T17:10:00,51.5,3.354,-0.2772,-8.62,-0.0462,55.19,-0.046,20.7,recovery,MEDIUM
2026-10-05T17:20:00,44.2,3.311,-0.2568,-7.3,-0.0428,54.2,-0.089,21.2,recovery,MEDIUM
2026-10-05T17:30:00,38.78,3.267,-0.2664,-5.42,-0.0444,53.3,-0.133,21.1,recovery,MEDIUM
2026-10-05T17:40:00,32.35,3.221,-0.2748,-6.43,-0.0458,52.08,-0.179,21.1,recovery,MEDIUM
2026-10-05T17:50:00,28.22,3.165,-0.3324,-4.14,-0.0554,50.81,-0.235,21.1,recovery,MEDIUM
2026-10-05T18:00:00,23.41,3.122,-0.2574,-4.8,-0.0429,48.97,-0.278,20.8,recovery,MEDIUM
2026-10-05T18:10:00,19.52,3.084,-0.2292,-3.89,-0.0382,46.88,-0.316,20.7,recovery,MEDIUM
2026-10-05T18:20:00,14.97,3.04,-0.2664,-4.55,-0.0444,44.58,-0.36,20.8,recovery,MEDIUM
2026-10-05T18:30:00,12.5,2.992,-0.2886,-2.47,-0.0481,42.22,-0.408,21.1,recovery,MEDIUM
2026-10-05T18:40:00,10.91,2.939,-0.318,-1.59,-0.053,39.81,-0.461,21.4,recovery,MEDIUM
2026-10-05T18:50:00,9.6,2.894,-0.2682,-1.31,-0.0447,37.32,-0.506,21.0,recovery,MEDIUM
2026-10-05T19:00:00,8.63,2.849,-0.2676,-0.97,-0.0446,34.9,-0.551,21.2,recovery,MEDIUM
2026-10-05T19:10:00,7.48,2.818,-0.1902,-1.15,-0.0317,32.36,-0.582,21.2,recovery,MEDIUM
2026-10-05T19:20:00,6.05,2.779,-0.2316,-1.43,-0.0386,29.69,-0.621,21.2,recovery,MEDIUM
2026-10-05T19:30:00,5.51,2.745,-0.201,-0.54,-0.0335,26.89,-0.655,20.9,recovery,MEDIUM
2026-10-05T19:40:00,5.41,2.709,-0.2196,-0.1,-0.0366,24.22,-0.691,21.5,recovery,MEDIUM
2026-10-05T19:50:00,4.01,2.666,-0.258,-1.4,-0.043,21.29,-0.734,20.9,recovery,MEDIUM
2026-10-05T20:00:00,3.82,2.618,-0.2868,-0.19,-0.0478,18.16,-0.736,20.8,recovery,MEDIUM
2026-10-05T20:10:00,3.73,2.576,-0.249,-0.1,-0.0415,15.51,-0.734,21.2,recovery,MEDIUM
2026-10-05T20:20:00,2.75,2.543,-0.198,-0.97,-0.033,13.2,-0.723,21.3,recovery,MEDIUM
2026-10-05T20:30:00,2.98,2.493,-0.3,0.22,-0.05,11.21,-0.727,20.6,recovery,MEDIUM
2026-10-05T20:40:00,2.48,2.466,-0.1674,-0.49,-0.0279,9.55,-0.7,20.7,recovery,MEDIUM
2026-10-05T20:50:00,1.57,2.421,-0.27,-0.91,-0.045,8.07,-0.702,21.1,recovery,MEDIUM
2026-10-05T21:00:00,1.39,2.372,-0.2934,-0.18,-0.0489,6.85,-0.712,20.8,recovery,MEDIUM
2026-10-05T21:10:00,1.14,2.324,-0.285,-0.26,-0.0475,5.83,-0.716,20.7,recovery,MEDIUM
2026-10-05T21:20:00,1.23,2.278,-0.2748,0.09,-0.0458,5.07,-0.713,20.9,recovery,MEDIUM
2026-10-05T21:30:00,0.87,2.241,-0.2226,-0.36,-0.0371,4.42,-0.697,21.0,recovery,MEDIUM
2026-10-05T21:40:00,0.46,2.2,-0.2484,-0.41,-0.0414,3.84,-0.694,20.9,recovery,MEDIUM
2026-10-05T21:50:00,1.12,2.16,-0.2412,0.66,-0.0402,3.37,-0.69,20.8,recovery,MEDIUM
2026-10-05T22:00:00,0.16,2.129,-0.183,-0.96,-0.0305,2.9,-0.688,21.0,recovery,MEDIUM
2026-10-05T22:10:00,0.29,2.097,-0.1932,0.14,-0.0322,2.5,-0.682,20.8,recovery,MEDIUM
2026-10-05T22:20:00,0.0,2.058,-0.2364,-0.29,-0.0394,2.16,-0.688,21.7,recovery,MEDIUM
2026-10-05T22:30:00,0.0,2.012,-0.2712,0.0,-0.0452,1.86,-0.696,21.3,recovery,MEDIUM
2026-10-05T22:40:00,0.3,1.967,-0.27,0.3,-0.045,1.57,-0.698,20.5,recovery,LOW
2026-10-05T22:50:00,0.12,1.946,-0.1308,-0.18,-0.0218,1.36,-0.672,20.9,recovery,LOW
2026-10-05T23:00:00,0.51,1.895,-0.306,0.39,-0.051,1.17,-0.682,21.3,recovery,LOW
2026-10-05T23:10:00,0.88,1.855,-0.2382,0.37,-0.0397,1.01,-0.689,21.4,recovery,LOW
2026-10-05T23:20:00,0.69,1.835,-0.1212,-0.19,-0.0202,0.9,-0.659,21.0,recovery,LOW
2026-10-05T23:30:00,0.42,1.798,-0.2202,-0.27,-0.0367,0.76,-0.668,20.6,recovery,LOW
2026-10-05T23:40:00,0.48,1.75,-0.2892,0.06,-0.0482,0.65,-0.671,21.3,recovery,LOW
2026-10-05T23:50:00,0.85,1.702,-0.2856,0.37,-0.0476,0.61,-0.67,20.9,recovery,LOW
2026-10-06T00:00:00,1.21,1.682,-0.123,0.36,-0.0205,0.6,-0.643,21.0,recovery,LOW
2026-10-06T00:10:00,1.44,1.649,-0.195,0.23,-0.0325,0.61,-0.629,21.2,recovery,LOW
2026-10-06T00:20:00,0.08,1.6,-0.2946,-1.37,-0.0491,0.55,-0.641,21.4,recovery,LOW
2026-10-06T00:30:00,0.0,1.558,-0.2526,-0.08,-0.0421,0.5,-0.642,21.6,recovery,LOW
2026-10-06T00:40:00,0.0,1.519,-0.2316,0.0,-0.0386,0.47,-0.64,21.1,recovery,LOW
2026-10-06T00:50:00,0.58,1.485,-0.2034,0.58,-0.0339,0.44,-0.644,20.8,recovery,LOW
2026-10-06T01:00:00,0.5,1.443,-0.2538,-0.08,-0.0423,0.46,-0.654,21.3,recovery,LOW
2026-10-06T01:10:00,0.4,1.405,-0.2268,-0.1,-0.0378,0.47,-0.652,20.9,recovery,LOW
2026-10-06T01:20:00,1.35,1.357,-0.2898,0.94,-0.0483,0.54,-0.655,21.6,recovery,LOW
2026-10-06T01:30:00,1.05,1.326,-0.1854,-0.29,-0.0309,0.6,-0.641,21.0,recovery,LOW
2026-10-06T01:40:00,0.3,1.281,-0.2694,-0.75,-0.0449,0.6,-0.664,21.3,recovery,LOW
2026-10-06T01:50:00,0.0,1.216,-0.3954,-0.3,-0.0659,0.6,-0.679,20.5,recovery,LOW
2026-10-06T02:00:00,0.0,1.166,-0.2988,0.0,-0.0498,0.57,-0.689,21.0,recovery,LOW
2026-10-06T02:10:00,0.3,1.132,-0.2022,0.29,-0.0337,0.54,-0.703,21.1,recovery,LOW
2026-10-06T02:20:00,1.27,1.108,-0.1452,0.97,-0.0242,0.57,-0.69,20.7,recovery,LOW
2026-10-06T02:30:00,1.39,1.1,-0.0474,0.12,-0.0079,0.62,-0.65,20.7,recovery,LOW
2026-10-06T02:40:00,0.91,1.1,0.0,-0.48,0.0,0.65,-0.602,20.8,recovery,LOW
2026-10-06T02:50:00,1.09,1.1,0.0,0.19,0.0,0.66,-0.582,21.7,recovery,LOW
2026-10-06T03:00:00,1.32,1.1,0.0,0.23,0.0,0.67,-0.549,21.6,recovery,LOW
2026-10-06T03:10:00,1.9,1.1,0.0,0.58,0.0,0.69,-0.5,21.0,recovery,LOW
2026-10-06T03:20:00,1.96,1.1,0.0,0.06,0.0,0.8,-0.458,21.1,recovery,LOW
2026-10-06T03:30:00,1.89,1.1,0.0,-0.08,0.0,0.9,-0.419,21.3,recovery,LOW
2026-10-06T03:40:00,1.44,1.1,0.0,-0.45,0.0,0.98,-0.385,20.9,recovery,LOW
2026-10-06T03:50:00,1.7,1.1,0.0,0.26,0.0,1.04,-0.343,21.3,recovery,LOW
2026-10-06T04:00:00,0.54,1.1,0.0,-1.16,0.0,1.05,-0.305,21.1,recovery,LOW
2026-10-06T04:10:00,0.0,1.1,0.0,-0.54,0.0,1.02,-0.257,21.3,recovery,LOW
2026-10-06T04:20:00,0.23,1.1,0.0,0.23,0.0,0.96,-0.226,20.9,recovery,LOW
2026-10-06T04:30:00,0.64,1.1,0.0,0.41,0.0,0.94,-0.181,20.7,recovery,LOW
2026-10-06T04:40:00,0.76,1.1,0.0,0.11,0.0,0.96,-0.116,21.2,recovery,LOW
2026-10-06T04:50:00,0.46,1.1,0.0,-0.3,0.0,0.99,-0.066,20.9,recovery,LOW
2026-10-06T05:00:00,0.17,1.1,0.0,-0.29,0.0,1.0,-0.032,21.0,recovery,LOW
2026-10-06T05:10:00,0.0,1.1,0.0,-0.17,0.0,0.98,-0.008,20.9,recovery,LOW
2026-10-06T05:20:00,0.66,1.1,0.0,0.66,0.0,0.95,0.0,21.0,recovery,LOW
2026-10-06T05:30:00,0.62,1.1,0.0,-0.04,0.0,0.9,0.0,21.1,recovery,LOW
2026-10-06T05:40:00,0.0,1.1,0.0,-0.62,0.0,0.85,0.0,21.4,recovery,LOW
2026-10-06T05:50:00,0.3,1.1,0.0,0.3,0.0,0.81,0.0,21.3,recovery,LOW
2026-10-06T06:00:00,1.41,1.1,0.0,1.12,0.0,0.82,0.0,20.8,recovery,LOW
2026-10-06T06:10:00,1.24,1.1,0.0,-0.17,0.0,0.78,0.0,21.3,recovery,LOW
2026-10-06T06:20:00,1.21,1.1,0.0,-0.03,0.0,0.74,0.0,21.2,recovery,LOW
2026-10-06T06:30:00,0.78,1.1,0.0,-0.43,0.0,0.67,0.0,21.0,recovery,LOW
2026-10-06T06:40:00,1.57,1.1,0.0,0.79,0.0,0.68,0.0,21.2,recovery,LOW
2026-10-06T06:50:00,0.98,1.1,0.0,-0.59,0.0,0.64,0.0,20.7,recovery,LOW
2026-10-06T07:00:00,0.39,1.1,0.0,-0.59,0.0,0.63,0.0,21.0,recovery,LOW
2026-10-06T07:10:00,0.74,1.1,0.0,0.35,0.0,0.67,0.0,21.1,recovery,LOW
2026-10-06T07:20:00,1.14,1.1,0.0,0.4,0.0,0.72,0.0,21.1,recovery,LOW
2026-10-06T07:30:00,0.87,1.1,0.0,-0.27,0.0,0.74,0.0,20.3,recovery,LOW
2026-10-06T07:40:00,0.37,1.1,0.0,-0.5,0.0,0.72,0.0,21.1,recovery,LOW
2026-10-06T07:50:00,0.44,1.1,0.0,0.07,0.0,0.71,0.0,21.2,recovery,LOW
2026-10-06T08:00:00,0.93,1.1,0.0,0.49,0.0,0.76,0.0,20.6,recovery,LOW
